playerId,playerName,team,position,season,role,GP,Mins,G,A,S,GI,SOT,KP,Tackles,FC,FS,OFF,YC,RC,AerialsWonPercentage,Pass%,GoalsConceded,GAA,Corners,GoalsFreeKick,HitWoodwork,PenaltyAttempts,PenaltiesSuccessful,YellowRedCards,Xg,Xgefficiency,TacklesWonPercentage,DuelsWonPercentage,AerialDuelsWonPercentage,CrossCompletePercentage,TotalDistanceCovered,AverageDistanceCovered,TotalDistanceCoveredWalking,AverageDistanceCoveredWalking,TotalDistanceCoveredJogging,AverageDistanceCoveredJogging,TotalDistanceCoveredLowIntensityRunning,AverageDistanceCoveredLowIntensityRunning,TotalDistanceCoveredSprinting,AverageDistanceCoveredSprinting,TotalDistanceCoveredHighIntensityRunning,AverageDistanceCoveredHighIntensityRunning,Sprints,DuelsWon,SavesMade-Parried,UnsuccessfulLongPasses,GoalAssists,PenaltyGoalsConceded,YellowCards,PenaltiesConceded,TotalLossesOfPossession,GoalsConcededOutsideBox,GoalKicks,TotalUnsuccessfulPasses(ExclCrosses&Corners),GkUnsuccessfulDistribution,TotalPasses,AerialDuelsWon,TotalFoulsWon,Drops,Recoveries,GamesPlayed,TotalTackles,Starts,TotalSuccessfulPasses(ExclCrosses&Corners),SuccessfulShortPasses,Catches,TotalFoulsConceded,AerialDuels,GkSuccessfulDistribution,PenaltiesFaced,Appearances,FoulAttemptedTackle,SuccessfulLaunches,Touches,SuccessfulPassesOppositionHalf,SuccessfulLongPasses,UnsuccessfulPassesOppositionHalf,CrossesNotClaimed,SavesMadeFromOutsideBox,SavesMade-Caught,UnsuccessfulPassesOwnHalf,LeftsidePasses,GoalsConcededInsideBox,ForwardPasses,DuelsLost,SavesMadeFromInsideBox,Putthrough/blockedDistribution,Duels,GroundDuels,KeyPasses(attemptAssists),UnsuccessfulShortPasses,SuccessfulOpenPlayPasses,UnsuccessfulLaunches,Index,TacklesWon,SavesMade,TotalClearances,OpenPlayPasses,SuccessfulPassesOwnHalf,Assists(intentional),CleanSheets,RightsidePasses,GroundDuelsWon,TimePlayed,Punches,GoalkeeperSmother,GroundDuelsLost,WinningGoal,PenaltiesSaved,Putthrough/blockedDistributionWon,SavesFromPenalty,CornersWon,SubstituteOff,SubstituteOn,HandballsConceded,TotalRedCards,SuccessfulDribbles,AerialDuelsLost,StraightRedCards,TimesTackled,UnsuccessfulLay-offs,TotalTouchesInOppositionBox,TotalShots,ShotsOffTarget(incWoodwork),TacklesLost,ShotsOnTarget(IncGoals),Interceptions,OwnGoalScored,ThrowInsToOwnPlayer,SuccessfulCrosses&Corners,SuccessfulCrossesOpenPlay,BlockedShots,GoalsFromInsideBox,UnsuccessfulCornersIntoBox,SuccessfulCornersIntoBox,ThrowInsToOppositionPlayer,CornersTaken(inclShortCorners),Goals,SuccessfulLay-offs,PenaltiesTaken,Blocks,RightFootGoals,Offsides,BackwardPasses,SecondGoalAssists,UnsuccessfulCrosses&Corners,UnsuccessfulCrossesOpenPlay,ThroughBalls,Overruns,UnsuccessfulDribbles,HomeGoals,AwayGoals,LeftFootGoals,LastPlayerTackle,HeadedGoals,OtherGoals,AttemptsFromSetPieces,ClearancesOffTheLine,RedCards-2ndYellow,PenaltyGoals,FoulWonPenalty,GoalsFromOutsideBox,PenaltiesOffTarget,SetPiecesGoals
cpl::Football_Player::23c92ceb8bee415a886f16e93c507c65,M. Carducci,Cavalry,Goalkeeper,2024,goalkeeper,29,2610,0,1,0,1,0,1,1,1,4,0,1,0,0,75.0,27,0.93,0,0,0,0,0,0,0,0,100.0,93.33,100.0,0.0,0,0,0,0,0,0,0,0,0,0,0,0,0,14.0,11.0,207.0,1.0,3.0,1.0,1.0,216.0,5.0,234.0,210.0,68.0,825.0,12.0,4.0,1.0,224.0,29.0,1.0,29.0,615.0,506.0,19.0,1.0,12.0,281.0,3.0,29.0,1.0,25.0,1052.0,59.0,109.0,168.0,1.0,33.0,1.0,42.0,211.0,22.0,438.0,1.0,28.0,1.0,15.0,3.0,2.0,3.0,421.0,89.0,10.0,1.0,61.0,18.0,517.0,556.0,1.0,9.0,176.0,2.0,2610.0,12.0,3.0,1.0,0.0,,,,,,,,,,,,,,,,,,,,,,,,,,,,,,,,,,,,,,,,,,,,,,,,,,,,,,,,
cpl::Football_Player::d3eccdc138364416ab9dd2b141d41e76,J. Holliday,Cavalry,Goalkeeper,2024,goalkeeper,0,0,0,0,0,0,0,0,0,0,0,0,0,0,0,,0,,0,0,0,0,0,0,0,0,0.0,0.0,0.0,0.0,0,0,0,0,0,0,0,0,0,0,0,0,0,,,,,,,,,,,,,,,,,,,,,,,,,,,,,,,,,,,,,,,,,,,,,,,,,,,,,,,,,,,,,,,,,,,,,,,,,,,,,,,,,,,,,,,,,,,,,,,,,,,,,,,,,,,,,,,,,,,,,,,,,
cpl::Football_Player::3c3ac97f7b7447d6927f896cea388d2e,Y. Fillion,Wanderers,Goalkeeper,2024,goalkeeper,24,2160,0,0,0,0,0,0,0,1,3,0,9,0,0,73.0,36,1.5,0,0,0,0,0,0,0,0,0.0,71.43,100.0,0.0,0,0,0,0,0,0,0,0,0,0,0,0,0,5.0,16.0,146.0,,2.0,9.0,,155.0,5.0,157.0,150.0,29.0,549.0,3.0,3.0,1.0,140.0,24.0,,24.0,399.0,298.0,12.0,1.0,3.0,207.0,3.0,24.0,1.0,29.0,729.0,65.0,101.0,120.0,,16.0,2.0,30.0,121.0,31.0,322.0,2.0,40.0,2.0,7.0,4.0,,4.0,243.0,96.0,10.0,,57.0,20.0,326.0,334.0,,4.0,106.0,2.0,2160.0,8.0,2.0,2.0,0.0,1.0,1.0,1.0,1.0,,,,,,,,,,,,,,,,,,,,,,,,,,,,,,,,,,,,,,,,,,,,,,,,,,,,
cpl::Football_Player::a86a1a3737bc4895b1340dc348ae5b09,S. Melvin,Pacific,Goalkeeper,2024,goalkeeper,7,609,0,0,0,0,0,0,0,0,0,0,0,0,0,73.0,10,1.48,0,0,0,0,0,0,0,0,0.0,66.67,100.0,0.0,0,0,0,0,0,0,0,0,0,0,0,0,0,2.0,5.0,42.0,,,,,43.0,2.0,52.0,43.0,10.0,155.0,2.0,,1.0,53.0,7.0,,6.0,112.0,85.0,3.0,,2.0,75.0,,7.0,,7.0,226.0,20.0,27.0,37.0,,7.0,,6.0,38.0,8.0,91.0,1.0,12.0,1.0,3.0,1.0,,1.0,59.0,25.0,10.0,,24.0,8.0,82.0,92.0,,2.0,26.0,,609.0,3.0,,1.0,0.0,,,,,1.0,1.0,,,,,,,,,,,,,,,,,,,,,,,,,,,,,,,,,,,,,,,,,,,,,,,,,,
cpl::Football_Player::d7a3107cbc0c426399a5c65c18e39d14,N. Giantsopoulos,Vancouver,Goalkeeper,2024,goalkeeper,0,0,0,0,0,0,0,0,0,0,0,0,1,0,0,,0,,0,0,0,0,0,0,0,0,0.0,0.0,0.0,0.0,0,0,0,0,0,0,0,0,0,0,0,0,0,,,,,,1.0,,,,,,,,,,,,,,,,,,,,,,,,,,,,,,,,,,,,,,,,,,,,,,,,,,,,,,,,,,,0.0,,,,,,,,,,,,,,,,,,,,,,,,,,,,,,,,,,,,,,,,,,,,,,,,,,,,,,,,
cpl::Football_Player::ed004eacaca144bda4943965af890853,E. Gazdov,Pacific,Goalkeeper,2024,goalkeeper,21,1729,0,0,0,0,0,0,0,1,3,0,3,1,0,64.0,18,0.94,0,0,0,0,0,0,0,0,0.0,85.71,88.89,0.0,0,0,0,0,0,0,0,0,0,0,0,0,0,12.0,17.0,163.0,,1.0,3.0,,169.0,3.0,155.0,166.0,52.0,457.0,8.0,3.0,3.0,118.0,21.0,,20.0,291.0,204.0,14.0,1.0,9.0,170.0,2.0,21.0,,30.0,631.0,52.0,87.0,137.0,,23.0,,29.0,98.0,15.0,287.0,2.0,24.0,,14.0,5.0,2.0,3.0,160.0,80.0,10.0,,48.0,29.0,222.0,239.0,,7.0,72.0,4.0,1729.0,12.0,3.0,1.0,0.0,,,,1.0,,1.0,1.0,1.0,1.0,1.0,1.0,,,,,,,,,,,,,,,,,,,,,,,,,,,,,,,,,,,,,,,,,,,,,
cpl::Football_Player::ed6b655ed6bb4c7baedb0fe8fc42495d,C. Irving,Vancouver,Goalkeeper,2024,goalkeeper,28,2520,0,0,0,0,0,0,0,0,2,0,1,0,0,63.0,43,1.54,0,0,0,0,0,0,0,0,0.0,69.23,87.5,0.0,0,0,0,0,0,0,0,0,0,0,0,0,0,9.0,24.0,332.0,,4.0,1.0,,338.0,2.0,230.0,335.0,116.0,903.0,7.0,2.0,2.0,248.0,28.0,,28.0,568.0,370.0,18.0,,8.0,247.0,6.0,28.0,,40.0,1178.0,103.0,198.0,289.0,,34.0,1.0,46.0,184.0,41.0,541.0,4.0,59.0,1.0,13.0,5.0,,3.0,407.0,128.0,10.0,,95.0,20.0,529.0,465.0,,5.0,178.0,2.0,2520.0,5.0,1.0,3.0,0.0,2.0,,2.0,1.0,,,,,,1.0,,1.0,,,,,,,,,,,,,,,,,,,,,,,,,,,,,,,,,,,,,,,,,,,,
cpl::Football_Player::3023352676954b56b16a0f7ca64bd877,D. Zadravec,Pacific,Goalkeeper,2024,goalkeeper,3,270,0,0,0,0,0,0,0,0,0,0,0,0,0,80.0,6,2.0,0,0,0,0,0,0,0,0,0.0,100.0,100.0,0.0,0,0,0,0,0,0,0,0,0,0,0,0,0,1.0,2.0,11.0,,,,,12.0,1.0,23.0,11.0,6.0,54.0,1.0,,,18.0,3.0,,3.0,43.0,35.0,3.0,,1.0,31.0,,3.0,,1.0,80.0,4.0,8.0,6.0,,3.0,,5.0,15.0,5.0,28.0,,3.0,,1.0,,,,23.0,4.0,10.0,,6.0,2.0,27.0,39.0,,,11.0,,270.0,,,,0.0,,,,,,,,,,,,,1.0,,,,,,,,,,,,,,,,,,,,,,,,,,,,,,,,,,,,,,,,,,,
cpl::Football_Player::d65b644d608b40dbb79ba6a0fb08d7f1,A. Rushenas,Wanderers,Goalkeeper,2024,goalkeeper,4,360,0,0,0,0,0,0,0,0,1,0,0,0,0,79.0,7,1.75,0,0,0,0,0,0,0,0,0.0,100.0,0.0,0.0,0,0,0,0,0,0,0,0,0,0,0,0,0,1.0,6.0,18.0,,1.0,,,20.0,1.0,28.0,19.0,,89.0,,1.0,1.0,31.0,4.0,,4.0,70.0,63.0,2.0,,,51.0,1.0,4.0,,5.0,138.0,4.0,7.0,10.0,,5.0,,9.0,19.0,6.0,43.0,,10.0,,1.0,1.0,,1.0,36.0,15.0,10.0,,15.0,6.0,54.0,66.0,,,27.0,1.0,360.0,1.0,,,0.0,,,,,,,,,,,,,,,,,,,,,,,,,,,,,,,,,,,,,,,,,,,,,,,,,,,,,,,,
cpl::Football_Player::bf9d7c043957457e9e346f393e66152f,T. Vincensini,Inter Toronto,Goalkeeper,2024,goalkeeper,30,2730,0,0,1,0,0,0,2,1,3,0,4,0,0,76.0,38,1.25,0,0,0,0,0,0,0,0,100.0,77.78,100.0,0.0,0,0,0,0,0,0,0,0,0,0,0,0,0,14.0,20.0,241.0,,3.0,4.0,1.0,254.0,5.0,242.0,247.0,62.0,1022.0,9.0,3.0,3.0,273.0,30.0,2.0,30.0,775.0,578.0,24.0,1.0,9.0,340.0,4.0,30.0,1.0,48.0,1348.0,82.0,197.0,166.0,,26.0,4.0,81.0,268.0,33.0,494.0,4.0,52.0,1.0,18.0,9.0,,6.0,536.0,136.0,10.0,2.0,79.0,39.0,668.0,693.0,,7.0,260.0,5.0,2730.0,21.0,3.0,4.0,0.0,1.0,,1.0,,,,,,1.0,,,,,1.0,1.0,1.0,,,,,,,,,,,,,,,,,,,,,,,,,,,,,,,,,,,,,,,,
cpl::Football_Player::0a71cc5786ac4cb6a42caa6d849c2129,C. Kalongo,Forge,Goalkeeper,2024,goalkeeper,14,1260,0,0,0,0,0,0,0,0,5,0,1,0,0,77.0,18,1.29,0,0,0,0,0,0,0,0,0.0,83.33,83.33,0.0,0,0,0,0,0,0,0,0,0,0,0,0,0,10.0,8.0,58.0,,1.0,1.0,,66.0,3.0,102.0,64.0,16.0,277.0,5.0,5.0,1.0,124.0,14.0,1.0,14.0,213.0,175.0,11.0,,6.0,174.0,2.0,14.0,,3.0,432.0,12.0,38.0,45.0,,14.0,2.0,19.0,55.0,15.0,145.0,2.0,25.0,,12.0,6.0,,6.0,104.0,29.0,10.0,,39.0,6.0,126.0,201.0,,3.0,77.0,5.0,1260.0,4.0,1.0,1.0,0.0,1.0,,1.0,,,,,,,1.0,,1.0,,,,,1.0,,,,,,,,,,,,,,,,,,,,,,,,,,,,,,,,,,,,,,,
cpl::Football_Player::655a241e039a4965b7f38990c3f8d981,E. Himaras,Inter Toronto,Goalkeeper,2024,goalkeeper,0,0,0,0,0,0,0,0,0,0,0,0,0,0,0,,0,,0,0,0,0,0,0,0,0,0.0,0.0,0.0,0.0,0,0,0,0,0,0,0,0,0,0,0,0,0,,,,,,,,,,,,,,,,,,,,,,,,,,,,,,,,,,,,,,,,,,,,,,,,,,,,,,,,,,,,,,,,,,,,,,,,,,,,,,,,,,,,,,,,,,,,,,,,,,,,,,,,,,,,,,,,,,,,,,,,,
cpl::Football_Player::364352c812a14e868234e4883c9bd4e0,N. Ingham,Atlético,Goalkeeper,2024,goalkeeper,22,2010,0,0,1,0,1,0,0,0,1,0,2,0,0,75.0,24,1.07,0,0,0,0,0,0,0,0,0.0,100.0,100.0,0.0,0,0,0,0,0,0,0,0,0,0,0,0,0,8.0,11.0,163.0,,1.0,2.0,,168.0,2.0,166.0,164.0,43.0,635.0,8.0,1.0,4.0,165.0,22.0,,22.0,471.0,368.0,12.0,,8.0,233.0,1.0,22.0,,28.0,844.0,56.0,103.0,129.0,,25.0,1.0,35.0,146.0,22.0,347.0,,32.0,,8.0,,,1.0,312.0,72.0,10.0,,57.0,15.0,394.0,415.0,,7.0,142.0,,2010.0,4.0,2.0,,0.0,,,,,,,,,,,,,,1.0,1.0,,,1.0,1.0,,,,,,,,,,,,,,,,,,,,,,,,,,,,,,,,,,,,,
cpl::Football_Player::72e65d5165df41d198c80f48acb6e327,D. Murasiranwa,Valour,Goalkeeper,2024,goalkeeper,3,234,0,0,0,0,0,0,0,0,1,0,1,0,0,60.0,4,1.54,0,0,0,0,0,0,0,0,0.0,75.0,100.0,0.0,0,0,0,0,0,0,0,0,0,0,0,0,0,3.0,1.0,21.0,,1.0,1.0,,22.0,,18.0,21.0,6.0,52.0,2.0,1.0,1.0,20.0,3.0,,2.0,31.0,24.0,3.0,,2.0,29.0,1.0,3.0,,4.0,81.0,4.0,7.0,14.0,,,,7.0,9.0,4.0,28.0,1.0,2.0,,4.0,2.0,,,14.0,13.0,10.0,,2.0,2.0,26.0,27.0,,,15.0,1.0,234.0,1.0,3.0,1.0,0.0,,,,,,1.0,,,,,,,,,,,,,,,,,,,,,,,,,,,,,,,,,,,,,,,,,,,,,,,,,,
cpl::Football_Player::95c5a896975b488cb559f52bde46d3d4,R. Yesli,Atlético,Goalkeeper,2024,goalkeeper,8,720,0,0,0,0,0,0,0,0,0,0,2,0,0,76.0,10,1.25,0,0,0,0,0,0,0,0,0.0,100.0,100.0,0.0,0,0,0,0,0,0,0,0,0,0,0,0,0,1.0,4.0,61.0,,,2.0,,62.0,3.0,30.0,62.0,6.0,252.0,1.0,,,59.0,8.0,,8.0,190.0,160.0,5.0,,1.0,55.0,,8.0,,7.0,318.0,14.0,30.0,52.0,,8.0,1.0,10.0,83.0,7.0,115.0,,11.0,,1.0,,2.0,1.0,158.0,38.0,10.0,,19.0,9.0,196.0,176.0,,2.0,54.0,,720.0,3.0,2.0,,0.0,,,,,,,,,,,,,,,,,,,,,,,,,,,,,,,,,,,,,,,,,,,,,,,,,,,,,,,,
cpl::Football_Player::d4b7a9bbb2bb49f89ab93024813fb926,J. Viscosi,Valour,Goalkeeper,2024,goalkeeper,26,2286,0,0,0,0,0,0,0,5,2,0,4,0,0,57.0,38,1.5,0,0,0,0,0,0,0,0,0.0,65.22,87.5,0.0,0,0,0,0,0,0,0,0,0,0,0,0,0,15.0,15.0,278.0,,6.0,4.0,2.0,286.0,3.0,244.0,285.0,100.0,659.0,14.0,2.0,6.0,198.0,26.0,,26.0,374.0,253.0,21.0,5.0,16.0,255.0,8.0,26.0,3.0,42.0,920.0,58.0,121.0,227.0,1.0,28.0,2.0,58.0,122.0,35.0,418.0,8.0,52.0,1.0,23.0,7.0,,7.0,202.0,130.0,10.0,,82.0,34.0,309.0,316.0,,4.0,119.0,1.0,2286.0,23.0,1.0,6.0,0.0,1.0,,1.0,,1.0,,,,,2.0,,,,,,,,,,1.0,,,,,,,,,,,,,,,,,,,,,,,,,,,,,,,,,,,,
cpl::Football_Player::0b10dc469e84486cbf18d636e3bc635e,J. Koleilat,Forge,Goalkeeper,2024,goalkeeper,17,1530,0,0,0,0,0,0,0,0,3,0,1,0,0,81.0,16,0.94,0,0,0,0,0,0,0,0,0.0,75.0,87.5,0.0,0,0,0,0,0,0,0,0,0,0,0,0,0,9.0,17.0,67.0,,2.0,1.0,,69.0,1.0,157.0,69.0,24.0,356.0,7.0,3.0,3.0,128.0,17.0,,17.0,287.0,240.0,14.0,,8.0,218.0,3.0,17.0,,2.0,528.0,19.0,47.0,50.0,,22.0,,19.0,73.0,15.0,176.0,3.0,28.0,1.0,12.0,4.0,,2.0,121.0,28.0,10.0,,51.0,14.0,153.0,268.0,,8.0,107.0,2.0,1530.0,9.0,1.0,2.0,0.0,1.0,,1.0,,,,,,,1.0,,,,,,,,,,,1.0,,,,,,,,,,,,,,,,,,,,,,,,,,,,,,,,,,,
cpl::Football_Player::3fe556ac24fd4748b30189a2bc007f20,D. Bontis,Forge,Goalkeeper,2024,goalkeeper,0,0,0,0,0,0,0,0,0,0,0,0,0,0,0,,0,,0,0,0,0,0,0,0,0,0.0,0.0,0.0,0.0,0,0,0,0,0,0,0,0,0,0,0,0,0,,,,,,,,,,,,,,,,,,,,,,,,,,,,,,,,,,,,,,,,,,,,,,,,,,,,,,,,,,,,,,,,,,,,,,,,,,,,,,,,,,,,,,,,,,,,,,,,,,,,,,,,,,,,,,,,,,,,,,,,,
cpl::Football_Player::9c2fb41ece0d4ac7902f5799c23556f4,M. Williams,Inter Toronto,Goalkeeper,2024,goalkeeper,0,0,0,0,0,0,0,0,0,0,0,0,1,0,0,,0,,0,0,0,0,0,0,0,0,0.0,0.0,0.0,0.0,0,0,0,0,0,0,0,0,0,0,0,0,0,,,,,,1.0,,,,,,,,,,,,,,,,,,,,,,,,,,,,,,,,,,,,,,,,,,,,,,,,,,,,,,,,,,,0.0,,,,,,,,,,,,,,,,,,,,,,,,,,,,,,,,,,,,,,,,,,,,,,,,,,,,,,,,
cpl::Football_Player::b87bebebfb4f4ce4970c7181c964bcbd,J. Barrett,Cavalry,Goalkeeper,2024,goalkeeper,1,90,0,0,0,0,0,0,0,0,0,0,0,0,0,82.0,1,1.0,0,0,0,0,0,0,0,0,0.0,0.0,0.0,0.0,0,0,0,0,0,0,0,0,0,0,0,0,0,,,4.0,,,,,5.0,,9.0,5.0,2.0,27.0,,,,5.0,1.0,,1.0,22.0,20.0,,,,12.0,,1.0,,1.0,36.0,2.0,2.0,4.0,,2.0,,1.0,8.0,1.0,13.0,,2.0,1.0,,,,1.0,14.0,2.0,10.0,,4.0,,17.0,20.0,,,6.0,,90.0,,,,0.0,,,,,,,,,,,,,,,,,,,,,,,,,,,,,,,,,,,,,,,,,,,,,,,,,,,,,,,,
cpl::Football_Player::6683777529674cdfbc6c779a7a12ea4b,M. Barrett,Cavalry,Goalkeeper,2024,goalkeeper,0,0,0,0,0,0,0,0,0,0,0,0,0,0,0,,0,,0,0,0,0,0,0,0,0,0.0,0.0,0.0,0.0,0,0,0,0,0,0,0,0,0,0,0,0,0,,,,,,,,,,,,,,,,,,,,,,,,,,,,,,,,,,,,,,,,,,,,,,,,,,,,,,,,,,,,,,,,,,,,,,,,,,,,,,,,,,,,,,,,,,,,,,,,,,,,,,,,,,,,,,,,,,,,,,,,,
cpl::Football_Player::b4b2c4b1ad704a3b9f0b7b2d7034ef26,D. Clarke,Wanderers,Goalkeeper,2024,goalkeeper,0,0,0,0,0,0,0,0,0,0,0,0,0,0,0,,0,,0,0,0,0,0,0,0,0,0.0,0.0,0.0,0.0,0,0,0,0,0,0,0,0,0,0,0,0,0,,,,,,,,,,,,,,,,,,,,,,,,,,,,,,,,,,,,,,,,,,,,,,,,,,,,,,,,,,,,,,,,,,,,,,,,,,,,,,,,,,,,,,,,,,,,,,,,,,,,,,,,,,,,,,,,,,,,,,,,,
cpl::Football_Player::463c4ce6772b4733b8afb783965dc34e,J. Michel,Wanderers,Goalkeeper,2024,goalkeeper,0,0,0,0,0,0,0,0,0,0,0,0,0,0,0,,0,,0,0,0,0,0,0,0,0,0.0,0.0,0.0,0.0,0,0,0,0,0,0,0,0,0,0,0,0,0,,,,,,,,,,,,,,,,,,,,,,,,,,,,,,,,,,,,,,,,,,,,,,,,,,,,,,,,,,,,,,,,,,,,,,,,,,,,,,,,,,,,,,,,,,,,,,,,,,,,,,,,,,,,,,,,,,,,,,,,,
cpl::Football_Player::25873ca3630f4b3098e2a7f20d7a708a,E. Marmolejo,Forge,Goalkeeper,2024,goalkeeper,0,0,0,0,0,0,0,0,0,0,0,0,0,0,0,,0,,0,0,0,0,0,0,0,0,0.0,0.0,0.0,0.0,0,0,0,0,0,0,0,0,0,0,0,0,0,,,,,,,,,,,,,,,,,,,,,,,,,,,,,,,,,,,,,,,,,,,,,,,,,,,,,,,,,,,,,,,,,,,,,,,,,,,,,,,,,,,,,,,,,,,,,,,,,,,,,,,,,,,,,,,,,,,,,,,,,
cpl::Football_Player::672848c6077343e895541a2ece161e9f,S. Artemenko,Valour,Goalkeeper,2024,goalkeeper,0,0,0,0,0,0,0,0,0,0,0,0,0,0,0,,0,,0,0,0,0,0,0,0,0,0.0,0.0,0.0,0.0,0,0,0,0,0,0,0,0,0,0,0,0,0,,,,,,,,,,,,,,,,,,,,,,,,,,,,,,,,,,,,,,,,,,,,,,,,,,,,,,,,,,,,,,,,,,,,,,,,,,,,,,,,,,,,,,,,,,,,,,,,,,,,,,,,,,,,,,,,,,,,,,,,,
cpl::Football_Player::91baa8fa2dc04652bbd363531ab1acdc,C. Weir,Pacific,Goalkeeper,2024,goalkeeper,0,0,0,0,0,0,0,0,0,0,0,0,0,0,0,,0,,0,0,0,0,0,0,0,0,0.0,0.0,0.0,0.0,0,0,0,0,0,0,0,0,0,0,0,0,0,,,,,,,,,,,,,,,,,,,,,,,,,,,,,,,,,,,,,,,,,,,,,,,,,,,,,,,,,,,,,,,,,,,,,,,,,,,,,,,,,,,,,,,,,,,,,,,,,,,,,,,,,,,,,,,,,,,,,,,,,
cpl::Football_Player::48817506e71f47ba8a686d2d0d5e7973,A. Normandeau,Atlético,Goalkeeper,2024,goalkeeper,0,0,0,0,0,0,0,0,0,0,0,0,0,0,0,,0,,0,0,0,0,0,0,0,0,0.0,0.0,0.0,0.0,0,0,0,0,0,0,0,0,0,0,0,0,0,,,,,,,,,,,,,,,,,,,,,,,,,,,,,,,,,,,,,,,,,,,,,,,,,,,,,,,,,,,,,,,,,,,,,,,,,,,,,,,,,,,,,,,,,,,,,,,,,,,,,,,,,,,,,,,,,,,,,,,,,
cpl::Football_Player::f93dee067b364c69b3a231cfb723817f,B. Maan,Valour,Goalkeeper,2024,goalkeeper,0,0,0,0,0,0,0,0,0,0,0,0,0,0,0,,0,,0,0,0,0,0,0,0,0,0.0,0.0,0.0,0.0,0,0,0,0,0,0,0,0,0,0,0,0,0,,,,,,,,,,,,,,,,,,,,,,,,,,,,,,,,,,,,,,,,,,,,,,,,,,,,,,,,,,,,,,,,,,,,,,,,,,,,,,,,,,,,,,,,,,,,,,,,,,,,,,,,,,,,,,,,,,,,,,,,,
cpl::Football_Player::41f23e52e26541bca62d8378fafc1953,F. Aird,Cavalry,Defender,2024,defender,28,2178,3,4,12,7,9,4,23,28,7,2,4,0,0,83.0,24,0.99,73,0,1,1,0,0,0,0,62.16,47.18,41.67,18.82,0,0,0,0,0,0,0,0,0,0,0,0,0,67.0,,84.0,4.0,2.0,4.0,,400.0,5.0,,223.0,,1290.0,10.0,7.0,,91.0,28.0,37.0,24.0,1067.0,983.0,,28.0,24.0,,,28.0,14.0,11.0,1920.0,711.0,84.0,299.0,,,,51.0,505.0,19.0,472.0,75.0,,45.0,142.0,118.0,60.0,139.0,1012.0,46.0,10.0,23.0,,36.0,1225.0,423.0,3.0,5.0,58.0,57.0,2178.0,,,61.0,2.0,,14.0,,23.0,11.0,4.0,1.0,,14.0,14.0,,18.0,,27.0,12.0,3.0,14.0,9.0,18.0,,203.0,67.0,35.0,6.0,3.0,33.0,24.0,11.0,73.0,3.0,1.0,1.0,5.0,3.0,2.0,255.0,1.0,127.0,76.0,3.0,2.0,13.0,1.0,2.0,,,,,,,,,,,,
cpl::Football_Player::2765417c9ab14808ae40c91c05077259,M. Harms,Cavalry,Defender,2024,defender,5,271,0,0,1,0,1,0,3,1,2,0,0,0,0,85.0,1,0.33,0,0,0,0,0,0,0,0,42.86,50.0,66.67,0.0,0,0,0,0,0,0,0,0,0,0,0,0,0,13.0,,5.0,,1.0,,,46.0,,,20.0,,132.0,2.0,2.0,,11.0,5.0,7.0,3.0,112.0,111.0,,1.0,3.0,,,5.0,1.0,,217.0,54.0,1.0,17.0,,,,9.0,44.0,1.0,48.0,13.0,,4.0,26.0,23.0,,15.0,110.0,4.0,10.0,3.0,,7.0,130.0,58.0,,1.0,13.0,11.0,271.0,,,12.0,0.0,,,,2.0,2.0,2.0,,,2.0,1.0,,7.0,,4.0,1.0,,4.0,1.0,1.0,,31.0,,,,,,,5.0,,,,,,,,27.0,,6.0,6.0,,2.0,5.0,,,,,,,,,,,,,,
cpl::Football_Player::2dd1997d40764eb08c0b5287219a3269,B. Kamdem,Cavalry,Defender,2024,defender,21,1739,1,3,10,4,1,3,22,18,22,1,6,0,0,81.0,22,1.14,0,0,1,0,0,0,0,0,64.71,57.14,56.41,25.0,0,0,0,0,0,0,0,0,0,0,0,0,0,84.0,,76.0,3.0,2.0,6.0,1.0,252.0,4.0,,156.0,,782.0,22.0,22.0,,57.0,21.0,34.0,19.0,626.0,596.0,,18.0,39.0,,,21.0,10.0,7.0,1197.0,276.0,30.0,135.0,,,,45.0,42.0,18.0,312.0,63.0,,30.0,147.0,108.0,10.0,80.0,602.0,42.0,10.0,22.0,,44.0,757.0,358.0,1.0,4.0,264.0,62.0,1739.0,,,46.0,0.0,,12.0,,4.0,4.0,2.0,1.0,,8.0,17.0,,22.0,,20.0,10.0,9.0,12.0,1.0,11.0,,119.0,8.0,8.0,2.0,1.0,,,35.0,,1.0,,,11.0,,1.0,164.0,,24.0,24.0,,1.0,13.0,1.0,0.0,1.0,,,,,,,,,,,
cpl::Football_Player::aaacbf86bfeb43ef894d906fd5aa7bdb,J. Alphonse,Wanderers,Defender,2024,defender,17,796,0,0,3,0,0,0,13,9,7,0,4,0,0,90.0,15,1.7,0,0,0,0,0,0,0,0,72.22,59.74,58.33,0.0,0,0,0,0,0,0,0,0,0,0,0,0,0,46.0,,19.0,,1.0,4.0,1.0,52.0,3.0,2.0,41.0,,403.0,14.0,7.0,,36.0,17.0,18.0,7.0,362.0,341.0,,9.0,24.0,2.0,,17.0,6.0,4.0,531.0,98.0,21.0,19.0,,,,22.0,117.0,12.0,151.0,31.0,,13.0,77.0,53.0,,22.0,347.0,12.0,10.0,13.0,,37.0,386.0,264.0,,1.0,114.0,32.0,796.0,,,21.0,0.0,,10.0,,,1.0,10.0,,,7.0,10.0,,4.0,,3.0,3.0,3.0,5.0,,9.0,,5.0,,,,,,,,,,,,5.0,,,21.0,,,,,,2.0,,,,1.0,,,,,,,,,,
cpl::Football_Player::9e824d03d70a46fe9d571a6ea8b26a28,N. Mekidèche,Wanderers,Defender,2024,defender,7,630,2,0,8,2,5,0,7,7,7,2,2,0,0,87.0,8,1.14,0,0,0,0,0,0,0,0,70.0,64.15,57.14,0.0,0,0,0,0,0,0,0,0,0,0,0,0,0,34.0,,24.0,,1.0,2.0,1.0,50.0,1.0,2.0,44.0,,327.0,16.0,7.0,,29.0,7.0,10.0,7.0,283.0,272.0,,7.0,28.0,2.0,,7.0,3.0,3.0,418.0,68.0,11.0,21.0,,,,23.0,99.0,7.0,103.0,19.0,,4.0,53.0,25.0,,20.0,270.0,18.0,10.0,7.0,,31.0,312.0,215.0,,1.0,96.0,18.0,630.0,,,7.0,0.0,,2.0,,1.0,,,,,1.0,12.0,,1.0,,13.0,8.0,3.0,3.0,5.0,8.0,,6.0,,,3.0,2.0,,,,,2.0,,,1.0,,2.0,29.0,,,,,,,1.0,1.0,,,2.0,,,,,,,,,
cpl::Football_Player::24a77d6eb2fd4d2d875f2d3fbab2679b,R. Ferrazzo,Wanderers,Defender,2024,defender,20,817,2,1,11,3,6,1,19,18,20,3,1,0,0,77.0,14,1.54,0,0,0,0,0,0,0,0,70.37,50.0,50.0,29.17,0,0,0,0,0,0,0,0,0,0,0,0,0,62.0,,23.0,1.0,1.0,1.0,,137.0,1.0,,80.0,,344.0,12.0,20.0,,48.0,20.0,27.0,8.0,264.0,254.0,,18.0,24.0,,,20.0,6.0,1.0,554.0,156.0,10.0,75.0,,,,22.0,126.0,13.0,114.0,62.0,,19.0,124.0,100.0,7.0,57.0,263.0,11.0,10.0,19.0,,9.0,343.0,115.0,1.0,1.0,24.0,50.0,817.0,,,50.0,0.0,,7.0,,8.0,6.0,12.0,,,4.0,12.0,,17.0,1.0,21.0,11.0,5.0,8.0,6.0,10.0,,39.0,7.0,7.0,2.0,2.0,,,8.0,,2.0,2.0,,1.0,1.0,3.0,80.0,,17.0,17.0,2.0,2.0,11.0,1.0,1.0,1.0,,,,,,,,,,,
cpl::Football_Player::6aa006d1cfcb4e3c92a2de560fa893f6,C. Montgomery,Cavalry,Defender,2024,defender,23,1306,1,0,8,1,3,0,10,10,7,1,1,0,0,84.0,16,1.1,0,0,0,0,0,0,0,0,66.67,71.43,78.79,0.0,0,0,0,0,0,0,0,0,0,0,0,0,0,75.0,,72.0,,2.0,1.0,,164.0,5.0,,151.0,,931.0,52.0,7.0,,55.0,23.0,15.0,14.0,780.0,708.0,,10.0,66.0,,,23.0,1.0,13.0,1092.0,227.0,72.0,102.0,,,,51.0,245.0,11.0,365.0,30.0,,11.0,105.0,39.0,4.0,79.0,754.0,40.0,10.0,10.0,,63.0,904.0,553.0,,2.0,259.0,23.0,1306.0,,,16.0,1.0,,5.0,,2.0,3.0,9.0,,,1.0,14.0,,,,21.0,8.0,5.0,5.0,3.0,13.0,,8.0,,,1.0,1.0,,,7.0,,1.0,,,8.0,,1.0,62.0,,2.0,2.0,,,,1.0,0.0,,,,1.0,,,,,,,,
cpl::Football_Player::a22a6c20e107412398d843c4ab034577,R. Romeo,Vancouver,Defender,2024,defender,23,2025,2,0,9,2,4,0,11,19,5,2,5,0,0,85.0,36,1.6,0,0,0,0,0,0,0,0,68.75,50.74,58.02,0.0,0,0,0,0,0,0,0,0,0,0,0,0,0,69.0,,90.0,,3.0,5.0,,200.0,1.0,,182.0,,1187.0,47.0,5.0,,86.0,23.0,16.0,22.0,1005.0,870.0,,19.0,81.0,,,23.0,5.0,20.0,1410.0,327.0,135.0,119.0,,,,63.0,440.0,35.0,492.0,67.0,,10.0,136.0,55.0,5.0,92.0,969.0,45.0,10.0,11.0,,96.0,1149.0,678.0,,4.0,202.0,22.0,2025.0,,,33.0,1.0,,8.0,,1.0,,1.0,,,1.0,34.0,,4.0,1.0,24.0,9.0,5.0,5.0,4.0,17.0,,2.0,,,2.0,2.0,,,,,2.0,,,16.0,1.0,2.0,53.0,,,,,,1.0,1.0,1.0,1.0,,,,,,,,,,,
cpl::Football_Player::04974dd93657419b8440025eca4e2ef0,T. Field,Cavalry,Defender,2024,defender,21,1613,0,0,4,0,1,0,41,18,3,0,3,0,0,87.0,14,0.78,12,0,0,0,0,0,0,0,71.93,57.97,42.86,18.52,0,0,0,0,0,0,0,0,0,0,0,0,0,80.0,,68.0,,3.0,3.0,,188.0,2.0,,140.0,,1069.0,15.0,3.0,,70.0,21.0,57.0,19.0,929.0,859.0,,18.0,35.0,,,21.0,8.0,15.0,1399.0,415.0,70.0,108.0,,,,51.0,131.0,12.0,452.0,58.0,,28.0,138.0,103.0,11.0,72.0,898.0,41.0,10.0,41.0,,42.0,1035.0,522.0,,6.0,386.0,65.0,1613.0,,,38.0,0.0,,10.0,,5.0,5.0,2.0,,,5.0,20.0,,11.0,,8.0,4.0,3.0,16.0,1.0,28.0,1.0,98.0,8.0,5.0,,,4.0,3.0,7.0,12.0,,2.0,,5.0,,,100.0,,19.0,15.0,,,4.0,,,,,,,1.0,,,,,,,
cpl::Football_Player::c314ef65be194ced895c50a72967def8,D. Klomp,Cavalry,Defender,2024,defender,29,2610,6,1,31,7,11,1,21,30,11,0,7,0,0,87.0,28,0.97,0,0,1,0,0,0,0,0,48.84,59.39,66.67,22.22,0,0,0,0,0,0,0,0,0,0,0,0,0,155.0,,104.0,1.0,3.0,7.0,1.0,268.0,5.0,2.0,227.0,,1694.0,92.0,11.0,,114.0,29.0,43.0,29.0,1467.0,1374.0,,30.0,138.0,2.0,,29.0,14.0,10.0,2045.0,519.0,93.0,169.0,,,,65.0,493.0,23.0,625.0,106.0,,23.0,261.0,123.0,9.0,123.0,1431.0,54.0,10.0,21.0,,99.0,1653.0,950.0,,8.0,467.0,63.0,2610.0,,,60.0,2.0,,12.0,,7.0,,,,,9.0,46.0,,16.0,,65.0,31.0,20.0,22.0,11.0,27.0,,8.0,2.0,2.0,6.0,6.0,,,2.0,,6.0,3.0,,25.0,1.0,,109.0,,7.0,7.0,,2.0,5.0,5.0,1.0,1.0,,4.0,,,,,,,,,
cpl::Football_Player::c985b08f36864c8a982efe437d5a2fe6,D. Mavakala,Wanderers,Defender,2024,defender,0,0,0,0,0,0,0,0,0,0,0,0,0,0,0,,0,,0,0,0,0,0,0,0,0,0.0,0.0,0.0,0.0,0,0,0,0,0,0,0,0,0,0,0,0,0,,,,,,,,,,,,,,,,,,,,,,,,,,,,,,,,,,,,,,,,,,,,,,,,,,,,,,,,,,,,,,,,,,,,,,,,,,,,,,,,,,,,,,,,,,,,,,,,,,,,,,,,,,,,,,,,,,,,,,,,,
cpl::Football_Player::4da84a61c12443e48f9c5d0dd8f2f3ae,K. Dada-Luke,Pacific,Defender,2024,defender,27,2201,0,1,1,1,1,1,49,16,48,1,2,0,0,80.0,34,1.39,0,0,0,0,0,0,0,0,70.0,59.52,47.37,23.46,0,0,0,0,0,0,0,0,0,0,0,0,0,175.0,,47.0,1.0,1.0,2.0,,397.0,6.0,1.0,153.0,,739.0,27.0,48.0,,101.0,27.0,70.0,24.0,586.0,552.0,,16.0,57.0,1.0,,27.0,9.0,13.0,1482.0,349.0,34.0,149.0,,,,66.0,273.0,28.0,289.0,119.0,,41.0,294.0,237.0,24.0,106.0,568.0,34.0,10.0,49.0,,50.0,720.0,256.0,1.0,5.0,32.0,148.0,2201.0,,,89.0,0.0,,19.0,,17.0,3.0,3.0,,,31.0,30.0,,61.0,,27.0,1.0,,21.0,1.0,52.0,,160.0,19.0,19.0,2.0,,,,61.0,,,,,5.0,,1.0,145.0,,62.0,62.0,2.0,11.0,35.0,,,,,,,,1.0,,,,,,
cpl::Football_Player::360a1cff07aa439cb939b0d0d222b08c,J. Dunn,Wanderers,Defender,2024,defender,10,835,0,0,4,0,1,0,8,5,0,0,1,0,0,87.0,15,1.62,0,0,0,0,0,0,0,0,80.0,70.83,74.07,0.0,0,0,0,0,0,0,0,0,0,0,0,0,0,34.0,,24.0,,1.0,1.0,1.0,69.0,2.0,3.0,59.0,,434.0,20.0,,,38.0,10.0,10.0,10.0,375.0,356.0,,5.0,27.0,3.0,,10.0,4.0,4.0,513.0,73.0,19.0,34.0,,,,26.0,164.0,13.0,153.0,14.0,,4.0,48.0,21.0,3.0,35.0,367.0,17.0,10.0,8.0,,27.0,424.0,302.0,,1.0,107.0,14.0,835.0,,,7.0,0.0,,,,1.0,1.0,,,,4.0,7.0,,2.0,,16.0,4.0,3.0,2.0,1.0,8.0,,2.0,,,,,,,,,,,,2.0,,,10.0,,1.0,1.0,,,,,,,,,,,,,,,,,
cpl::Football_Player::d46e06f14e0d47e58d6f5f00e1eabfa9,T. Meilleur-Giguère,Pacific,Defender,2024,defender,28,2432,3,0,10,3,4,0,13,12,10,1,3,0,0,85.0,34,1.26,0,0,0,0,0,0,0,0,50.0,67.66,71.96,0.0,0,0,0,0,0,0,0,0,0,0,0,0,0,113.0,,103.0,,1.0,3.0,1.0,220.0,6.0,10.0,205.0,,1345.0,77.0,10.0,,86.0,28.0,26.0,27.0,1140.0,1053.0,,12.0,107.0,10.0,,28.0,6.0,23.0,1651.0,283.0,87.0,133.0,,,,72.0,455.0,28.0,551.0,54.0,,13.0,167.0,60.0,3.0,102.0,1097.0,56.0,10.0,13.0,,142.0,1300.0,857.0,,9.0,283.0,36.0,2432.0,,,24.0,0.0,,6.0,,5.0,,1.0,1.0,,1.0,30.0,,3.0,,27.0,10.0,6.0,13.0,4.0,36.0,,9.0,,,3.0,3.0,,,,,3.0,,,17.0,1.0,1.0,56.0,,,,,,2.0,2.0,1.0,,,2.0,,,1.0,,,,,,
cpl::Football_Player::d1f55ff48211437dbc695c82aa0f9d15,C. Loughrey,Wanderers,Defender,2024,defender,17,1247,1,0,8,1,3,0,12,11,7,0,1,1,0,86.0,21,1.52,0,0,1,0,0,0,0,0,63.16,58.33,59.46,50.0,0,0,0,0,0,0,0,0,0,0,0,0,0,49.0,,51.0,,2.0,1.0,,108.0,2.0,14.0,94.0,,656.0,22.0,7.0,,46.0,17.0,19.0,14.0,562.0,519.0,,11.0,37.0,14.0,,17.0,10.0,6.0,812.0,175.0,43.0,63.0,,,,32.0,135.0,19.0,241.0,35.0,,8.0,84.0,47.0,3.0,43.0,526.0,30.0,10.0,12.0,,51.0,620.0,388.0,,3.0,254.0,27.0,1247.0,,,20.0,0.0,,4.0,,2.0,4.0,3.0,,1.0,1.0,15.0,,3.0,,16.0,8.0,5.0,7.0,3.0,5.0,1.0,5.0,1.0,1.0,3.0,1.0,,,,,1.0,,,18.0,,,26.0,,1.0,1.0,2.0,1.0,,1.0,0.0,1.0,,,,,1.0,1.0,,,,,
cpl::Football_Player::fb189b88380942cc9861e75621409177,J. Cameron,Vancouver,Defender,2024,defender,17,1146,0,0,4,0,0,0,32,29,18,1,4,1,0,78.0,15,1.18,0,0,0,0,0,0,0,0,64.0,56.67,47.37,15.38,0,0,0,0,0,0,0,0,0,0,0,0,0,102.0,,20.0,,,4.0,,195.0,1.0,,103.0,,450.0,18.0,18.0,,57.0,17.0,50.0,13.0,347.0,332.0,,29.0,38.0,,,17.0,12.0,4.0,792.0,167.0,15.0,88.0,,,,37.0,64.0,14.0,145.0,78.0,,27.0,180.0,142.0,5.0,83.0,347.0,10.0,10.0,32.0,,18.0,450.0,184.0,,3.0,126.0,84.0,1146.0,,,58.0,0.0,,10.0,,5.0,3.0,4.0,,1.0,16.0,20.0,,16.0,,24.0,4.0,4.0,18.0,,15.0,,87.0,4.0,4.0,,,,,35.0,,,,,4.0,,1.0,115.0,,22.0,22.0,1.0,1.0,7.0,,,,,,,,,1.0,,,,,
cpl::Football_Player::dbd8bd41aa5a42158cc6c3a4c952bfdf,Z. Fernandez,Wanderers,Defender,2024,defender,25,1941,2,1,13,3,7,1,39,29,56,3,7,1,0,85.0,34,1.58,0,0,0,0,0,0,0,0,60.94,65.15,51.22,24.0,0,0,0,0,0,0,0,0,0,0,0,0,0,157.0,,23.0,1.0,3.0,7.0,,237.0,4.0,,151.0,,950.0,21.0,56.0,,79.0,25.0,64.0,22.0,799.0,783.0,,29.0,41.0,,,25.0,14.0,6.0,1458.0,448.0,16.0,124.0,,,,46.0,274.0,30.0,385.0,84.0,,42.0,241.0,200.0,16.0,128.0,770.0,9.0,10.0,39.0,,29.0,920.0,357.0,1.0,1.0,145.0,136.0,1941.0,,,64.0,1.0,,19.0,,10.0,7.0,3.0,1.0,1.0,16.0,20.0,1.0,21.0,,55.0,13.0,6.0,25.0,7.0,34.0,,140.0,6.0,6.0,2.0,2.0,,,14.0,,2.0,1.0,,7.0,1.0,3.0,146.0,,19.0,19.0,,4.0,13.0,1.0,1.0,,,1.0,,,,,,,,,
cpl::Football_Player::3ebb1a23b8bf4400bf5519f616825cad,K. Sow,Wanderers,Defender,2024,defender,1,28,0,0,0,0,0,0,0,0,0,0,0,0,0,95.0,0,0.0,0,0,0,0,0,0,0,0,0.0,0.0,0.0,0.0,0,0,0,0,0,0,0,0,0,0,0,0,0,,,1.0,,,,,1.0,,,1.0,,20.0,,,,,1.0,,1.0,19.0,18.0,,,,,,1.0,,,21.0,7.0,1.0,1.0,,,,,2.0,,6.0,,,,,,1.0,,17.0,,10.0,,,1.0,18.0,12.0,,,8.0,,28.0,,,,0.0,,,,,1.0,,,,,,,,,,,,,,,,,,,,,,,,,,,,,,,4.0,,,,,,,,,,,,,,,,,,,,
cpl::Football_Player::91a17f348e28482898c8dbc5480ad503,P. Amedume,Pacific,Defender,2024,defender,11,587,0,0,0,0,0,0,7,3,6,1,0,0,0,89.0,7,1.07,0,0,0,0,0,0,0,0,63.64,64.1,53.33,0.0,0,0,0,0,0,0,0,0,0,0,0,0,0,25.0,,14.0,,1.0,,,43.0,2.0,2.0,37.0,,319.0,8.0,6.0,,20.0,11.0,11.0,7.0,282.0,275.0,,3.0,15.0,2.0,,11.0,2.0,1.0,392.0,50.0,7.0,14.0,,,,23.0,108.0,5.0,103.0,14.0,,8.0,39.0,24.0,,23.0,272.0,8.0,10.0,7.0,,22.0,308.0,232.0,,1.0,84.0,17.0,587.0,,,7.0,0.0,,4.0,,,3.0,4.0,,,,7.0,,1.0,,,,,4.0,,4.0,,2.0,,,,,,,,,,,,6.0,,1.0,24.0,,,,,,,,,,,,,,,,,,,,
cpl::Football_Player::62be7b2bf33146d18671152252f95575,K. Ceceri,Pacific,Defender,2024,defender,11,800,0,0,2,0,0,0,7,7,3,2,1,1,0,75.0,14,1.58,0,0,0,0,0,0,0,0,70.0,65.0,71.88,0.0,0,0,0,0,0,0,0,0,0,0,0,0,0,39.0,,52.0,,,1.0,,109.0,3.0,1.0,96.0,,380.0,23.0,3.0,,34.0,11.0,10.0,9.0,284.0,255.0,,7.0,32.0,1.0,,11.0,6.0,6.0,483.0,98.0,29.0,67.0,,,,30.0,53.0,11.0,182.0,21.0,,13.0,60.0,28.0,1.0,44.0,278.0,22.0,10.0,7.0,,31.0,372.0,186.0,,1.0,131.0,16.0,800.0,,,12.0,0.0,,5.0,,1.0,2.0,2.0,,1.0,3.0,9.0,,,,7.0,2.0,2.0,3.0,,12.0,1.0,5.0,,,1.0,,,,5.0,,,,,5.0,,2.0,14.0,,1.0,1.0,,,,,,,,,,,,1.0,,,,,
cpl::Football_Player::2bffc15ee6604487b728ad495bae8317,J. Royer,Wanderers,Defender,2024,defender,1,14,0,0,0,0,0,0,1,1,1,0,0,0,0,63.0,1,6.43,0,0,0,0,0,0,0,0,100.0,50.0,0.0,0.0,0,0,0,0,0,0,0,0,0,0,0,0,0,2.0,,2.0,,,,,3.0,,,3.0,,8.0,,1.0,,,1.0,1.0,,5.0,4.0,,1.0,,,,1.0,1.0,,13.0,2.0,1.0,,,,,3.0,,1.0,4.0,2.0,,1.0,4.0,4.0,,1.0,5.0,2.0,10.0,1.0,,,8.0,3.0,,,2.0,2.0,14.0,,,2.0,0.0,,,,,,1.0,,,,,,,,,,,,,,,1.0,,,,,,,,,,,,,,,2.0,,,,,,,,,,,,,,,,,,,,
cpl::Football_Player::c3b03cc1de7848cdaaca16450017b36d,D. Nimick,Wanderers,Defender,2024,defender,24,2003,8,3,24,11,13,3,21,32,23,0,5,2,0,84.0,34,1.53,0,0,1,8,7,0,0,0,60.0,62.9,72.46,62.5,0,0,0,0,0,0,0,0,0,0,0,0,0,117.0,,101.0,3.0,2.0,5.0,1.0,237.0,6.0,,205.0,,1260.0,50.0,23.0,,88.0,24.0,35.0,23.0,1055.0,928.0,,32.0,69.0,,,24.0,8.0,15.0,1567.0,450.0,127.0,144.0,,,,64.0,469.0,28.0,575.0,69.0,,25.0,186.0,117.0,10.0,104.0,985.0,43.0,10.0,21.0,,80.0,1183.0,610.0,2.0,1.0,147.0,67.0,2003.0,,,50.0,2.0,,11.0,,5.0,1.0,1.0,1.0,2.0,10.0,19.0,,16.0,,46.0,24.0,11.0,14.0,13.0,17.0,3.0,24.0,5.0,5.0,2.0,8.0,,,2.0,,8.0,2.0,8.0,12.0,7.0,,69.0,,3.0,3.0,,,3.0,5.0,3.0,,,1.0,,,1.0,2.0,7.0,,,,
cpl::Football_Player::8acd7b030e09457dacf4d02078701836,Allan Enyou,Vancouver,Defender,2024,defender,23,1916,0,0,4,0,1,0,27,14,7,0,4,0,0,83.0,30,1.41,0,0,0,0,0,0,0,0,69.23,57.45,63.04,28.57,0,0,0,0,0,0,0,0,0,0,0,0,0,81.0,,110.0,,2.0,4.0,1.0,229.0,2.0,1.0,184.0,,1054.0,29.0,7.0,,104.0,23.0,39.0,22.0,870.0,812.0,,14.0,46.0,1.0,,23.0,9.0,11.0,1312.0,227.0,58.0,113.0,,,,76.0,226.0,28.0,377.0,60.0,,22.0,141.0,95.0,,74.0,844.0,69.0,10.0,27.0,,66.0,1027.0,645.0,,3.0,362.0,52.0,1916.0,,,43.0,0.0,,13.0,,1.0,2.0,1.0,,,7.0,17.0,,15.0,,5.0,4.0,3.0,12.0,1.0,19.0,,20.0,2.0,2.0,2.0,,,,10.0,,,,,9.0,,,89.0,,5.0,5.0,1.0,,8.0,,,,,,,,,,,,,,
cpl::Football_Player::f3ffebc2701c4e608f9f5055198c5ec9,D. Norman,Vancouver,Defender,2024,defender,17,1102,1,0,3,1,3,0,12,12,7,1,3,0,0,87.0,19,1.55,0,0,0,0,0,0,0,0,66.67,58.23,60.0,50.0,0,0,0,0,0,0,0,0,0,0,0,0,0,46.0,,41.0,,2.0,3.0,1.0,97.0,,,85.0,,614.0,21.0,7.0,,34.0,17.0,18.0,14.0,529.0,473.0,,12.0,35.0,,,17.0,4.0,11.0,758.0,143.0,56.0,61.0,,,,25.0,130.0,19.0,230.0,33.0,,8.0,79.0,44.0,5.0,44.0,512.0,23.0,10.0,12.0,,56.0,596.0,387.0,,3.0,228.0,25.0,1102.0,,,19.0,0.0,,3.0,,,6.0,3.0,1.0,,,14.0,,3.0,,13.0,3.0,,6.0,3.0,9.0,,1.0,1.0,1.0,3.0,1.0,,,,,1.0,,,9.0,,1.0,26.0,,1.0,1.0,1.0,,,1.0,0.0,1.0,,,,,,,,,,,
cpl::Football_Player::3f2d3c2444df4c23b5e35783047ed538,A. White,Vancouver,Defender,2024,defender,1,90,0,0,0,0,0,0,1,0,0,0,0,0,0,92.0,1,1.0,0,0,0,0,0,0,0,0,100.0,37.5,28.57,0.0,0,0,0,0,0,0,0,0,0,0,0,0,0,3.0,,1.0,,,,,4.0,,,3.0,,37.0,2.0,,,,1.0,1.0,1.0,34.0,33.0,,,7.0,,,1.0,,,48.0,3.0,1.0,2.0,,,,1.0,10.0,1.0,7.0,5.0,,,8.0,1.0,,2.0,34.0,,10.0,1.0,,5.0,37.0,31.0,,,18.0,1.0,90.0,,,,0.0,,,,,,,,,,5.0,,,,,,,,,1.0,,,,,,,,,,,,,,2.0,,,2.0,,,,,,,,,,,,,,1.0,,,,,,
cpl::Football_Player::23b3c07e1e8244ce8862a16e72956393,D. Parra,Forge,Defender,2024,defender,25,2124,2,2,19,4,6,2,28,40,35,0,7,1,0,87.0,28,1.19,12,0,0,0,0,0,0,0,57.14,52.0,63.27,16.07,0,0,0,0,0,0,0,0,0,0,0,0,0,156.0,,34.0,2.0,2.0,7.0,1.0,332.0,4.0,,169.0,,1287.0,31.0,35.0,,99.0,25.0,49.0,24.0,1118.0,1049.0,,40.0,49.0,,,25.0,22.0,4.0,1916.0,610.0,69.0,163.0,,,,51.0,128.0,24.0,418.0,144.0,,43.0,300.0,251.0,26.0,135.0,1079.0,9.0,10.0,28.0,,40.0,1246.0,521.0,2.0,7.0,534.0,125.0,2124.0,,,126.0,0.0,,20.0,,18.0,3.0,1.0,,1.0,41.0,18.0,,58.0,,42.0,19.0,13.0,21.0,6.0,31.0,,149.0,13.0,9.0,14.0,2.0,5.0,2.0,11.0,12.0,2.0,1.0,,4.0,,,207.0,,45.0,38.0,1.0,4.0,38.0,2.0,0.0,2.0,,,,1.0,,1.0,,1.0,,,
cpl::Football_Player::9dfa32fd254946aa9189e26a8888a192,E. Bah,Vancouver,Defender,2024,defender,14,698,2,0,7,2,4,0,13,16,19,2,2,1,0,76.0,13,1.68,0,0,1,0,0,0,0,0,72.22,42.86,35.29,18.18,0,0,0,0,0,0,0,0,0,0,0,0,0,48.0,,11.0,,1.0,2.0,,120.0,1.0,,59.0,,243.0,6.0,19.0,,41.0,14.0,18.0,7.0,184.0,172.0,,16.0,17.0,,,14.0,7.0,,424.0,95.0,12.0,52.0,,,,16.0,57.0,12.0,66.0,64.0,,19.0,112.0,95.0,3.0,48.0,180.0,7.0,10.0,13.0,,10.0,239.0,91.0,,,68.0,42.0,698.0,,,53.0,1.0,,9.0,,5.0,4.0,7.0,,1.0,5.0,11.0,,27.0,,12.0,7.0,3.0,5.0,4.0,4.0,,32.0,2.0,2.0,1.0,2.0,,,7.0,,2.0,2.0,,1.0,,2.0,52.0,,9.0,9.0,,1.0,15.0,1.0,1.0,1.0,,1.0,,,,1.0,,,,,
cpl::Football_Player::8c250cb48a3648f2bfe78681f613b119,G. Facchineri,Valour,Defender,2024,defender,26,1865,1,0,6,1,2,0,24,44,16,0,7,0,0,82.0,28,1.35,0,0,0,0,0,0,0,0,52.17,53.4,53.97,0.0,0,0,0,0,0,0,0,0,0,0,0,0,0,102.0,,128.0,,3.0,7.0,1.0,234.0,2.0,3.0,203.0,,1077.0,34.0,16.0,,92.0,26.0,46.0,21.0,874.0,801.0,,44.0,63.0,3.0,,26.0,15.0,8.0,1373.0,226.0,73.0,135.0,,,,71.0,223.0,26.0,441.0,89.0,,19.0,191.0,128.0,2.0,75.0,835.0,58.0,10.0,24.0,,92.0,1017.0,648.0,,3.0,348.0,68.0,1865.0,,,60.0,0.0,,15.0,,1.0,3.0,5.0,,,6.0,29.0,,11.0,,13.0,6.0,4.0,22.0,2.0,26.0,,10.0,,,1.0,1.0,,,5.0,,1.0,,,18.0,,,65.0,,3.0,3.0,,,2.0,0.0,1.0,,,1.0,,,,,,,,,
cpl::Football_Player::b48a3c5692c34ed3915577a233b54697,N. Abatneh,Inter Toronto,Defender,2024,defender,22,1671,1,0,5,1,1,0,14,16,19,0,4,0,0,91.0,24,1.29,0,0,0,0,0,0,0,0,51.85,53.91,46.0,0.0,0,0,0,0,0,0,0,0,0,0,0,0,0,69.0,,59.0,,2.0,4.0,,139.0,3.0,1.0,114.0,,1147.0,23.0,19.0,,63.0,22.0,27.0,20.0,1033.0,977.0,,16.0,50.0,1.0,,22.0,9.0,1.0,1363.0,212.0,56.0,71.0,,,,43.0,509.0,21.0,344.0,59.0,,17.0,128.0,78.0,1.0,55.0,989.0,27.0,10.0,14.0,,40.0,1100.0,821.0,,2.0,200.0,46.0,1671.0,,,32.0,0.0,,10.0,,2.0,6.0,2.0,,,1.0,27.0,,9.0,,9.0,5.0,4.0,13.0,1.0,23.0,,28.0,,,,1.0,,,13.0,,1.0,,,9.0,,,94.0,,,,,,2.0,1.0,0.0,,,,1.0,,,,,,,,
cpl::Football_Player::7205a0ef2aab4cf98da19157fb879f8a,E. Lajeunesse,Pacific,Defender,2024,defender,14,1198,0,0,2,0,0,0,20,13,17,0,2,0,0,79.0,15,1.13,0,0,0,0,0,0,0,0,64.52,61.02,62.86,0.0,0,0,0,0,0,0,0,0,0,0,0,0,0,72.0,,58.0,,1.0,2.0,,217.0,2.0,2.0,157.0,,725.0,22.0,17.0,,54.0,14.0,31.0,13.0,568.0,543.0,,13.0,35.0,2.0,,14.0,9.0,6.0,1026.0,226.0,25.0,107.0,,,,57.0,38.0,13.0,380.0,46.0,,36.0,118.0,83.0,5.0,99.0,541.0,37.0,10.0,20.0,,28.0,695.0,342.0,,5.0,239.0,50.0,1198.0,,,33.0,0.0,,20.0,,2.0,,1.0,1.0,,4.0,13.0,,13.0,,5.0,2.0,2.0,11.0,,21.0,,72.0,,,,,,,28.0,,,,,3.0,,,68.0,,7.0,7.0,,,5.0,,,,,,,,,,,,,,
cpl::Football_Player::6981001867ad42d9b6d9bfc216cfab71,D. Samuel,Forge,Defender,2024,defender,21,742,0,0,1,0,0,0,17,10,19,0,2,0,0,85.0,10,1.21,0,0,1,0,0,0,0,0,60.71,62.26,45.45,0.0,0,0,0,0,0,0,0,0,0,0,0,0,0,66.0,,23.0,,1.0,2.0,1.0,101.0,1.0,,69.0,,449.0,10.0,19.0,,44.0,21.0,28.0,7.0,380.0,374.0,,10.0,22.0,,,21.0,5.0,,647.0,175.0,6.0,39.0,,,,33.0,138.0,9.0,194.0,40.0,,18.0,106.0,84.0,1.0,46.0,366.0,17.0,10.0,17.0,,23.0,435.0,205.0,,2.0,84.0,56.0,742.0,,,28.0,0.0,,6.0,,1.0,2.0,14.0,,,9.0,12.0,,13.0,,2.0,1.0,1.0,11.0,,7.0,,45.0,,,,,,,8.0,,,,,7.0,,,33.0,,3.0,3.0,,,3.0,,,,2.0,,,,,,,,,,
cpl::Football_Player::443ef0f7c9294dd4a32e868c6e332abe,Jesús del Amo,Atlético,Defender,2024,defender,7,587,0,0,0,0,0,0,2,5,2,0,2,0,0,90.0,5,0.77,3,0,0,0,0,0,0,0,33.33,52.0,55.56,0.0,0,0,0,0,0,0,0,0,0,0,0,0,0,13.0,,23.0,,,2.0,,46.0,,,39.0,,387.0,5.0,2.0,,25.0,7.0,6.0,6.0,348.0,323.0,,5.0,9.0,,,7.0,3.0,7.0,434.0,93.0,25.0,27.0,,,,15.0,49.0,5.0,142.0,12.0,,2.0,25.0,16.0,1.0,16.0,341.0,15.0,10.0,2.0,,17.0,380.0,255.0,,2.0,163.0,8.0,587.0,,,8.0,0.0,,2.0,,2.0,,1.0,,,1.0,4.0,,1.0,,3.0,,,4.0,,4.0,,3.0,,,,,3.0,,,3.0,,,,,,,33.0,,3.0,,,,,,,,,,,,,,,,,,
cpl::Football_Player::b6597676a5e34edf998b3ef92a3c14d0,M. Campagna,Vancouver,Defender,2024,defender,11,382,0,1,3,1,0,1,5,10,3,0,2,0,0,83.0,12,2.83,0,0,0,0,0,0,0,0,55.56,53.49,58.82,0.0,0,0,0,0,0,0,0,0,0,0,0,0,0,23.0,,16.0,1.0,2.0,2.0,1.0,49.0,,,38.0,,217.0,10.0,3.0,,15.0,11.0,9.0,2.0,179.0,167.0,,10.0,17.0,,,11.0,3.0,2.0,290.0,72.0,12.0,30.0,,,,13.0,82.0,12.0,97.0,20.0,,7.0,43.0,26.0,2.0,22.0,177.0,10.0,10.0,5.0,,17.0,215.0,107.0,,,17.0,13.0,382.0,,,13.0,0.0,,1.0,,2.0,1.0,9.0,1.0,,1.0,7.0,,1.0,,8.0,3.0,3.0,4.0,,6.0,,10.0,,,,,,,3.0,,,,,3.0,,,21.0,,5.0,5.0,,,1.0,,,,,,,,,,,,,,
cpl::Football_Player::edf6ef9ee973485dbbf8b5123cf83a94,K. Chung,Vancouver,Defender,2024,defender,19,1370,0,2,5,2,2,2,21,10,15,1,2,0,0,82.0,20,1.31,0,0,0,0,0,0,0,0,77.78,58.33,44.74,19.35,0,0,0,0,0,0,0,0,0,0,0,0,0,77.0,,42.0,2.0,2.0,2.0,,189.0,2.0,,108.0,,586.0,17.0,15.0,,61.0,19.0,27.0,17.0,478.0,452.0,,10.0,38.0,,,19.0,7.0,4.0,950.0,225.0,26.0,82.0,,,,51.0,233.0,18.0,179.0,55.0,,27.0,132.0,94.0,9.0,66.0,472.0,26.0,10.0,21.0,,35.0,580.0,259.0,2.0,2.0,29.0,60.0,1370.0,,,34.0,0.0,,10.0,,7.0,8.0,2.0,,,19.0,21.0,,20.0,,7.0,5.0,3.0,6.0,2.0,21.0,,118.0,6.0,6.0,2.0,,,,23.0,,,1.0,,1.0,,1.0,145.0,,25.0,25.0,,,17.0,,,,,,,,,,,,,,
cpl::Football_Player::ce073937285b4114bca2f2a3b658f3da,L. Singh,Atlético,Defender,2024,defender,19,1482,0,0,5,0,2,0,8,9,4,0,5,0,0,89.0,20,1.21,0,0,0,0,0,0,0,0,50.0,56.34,53.57,0.0,0,0,0,0,0,0,0,0,0,0,0,0,0,40.0,,74.0,,,5.0,,134.0,4.0,7.0,120.0,,1073.0,15.0,4.0,,45.0,19.0,16.0,16.0,953.0,857.0,,9.0,28.0,7.0,,19.0,5.0,10.0,1198.0,265.0,96.0,77.0,,,,44.0,249.0,16.0,284.0,31.0,,10.0,71.0,43.0,3.0,46.0,927.0,26.0,10.0,8.0,,45.0,1044.0,688.0,,4.0,478.0,25.0,1482.0,,,18.0,0.0,,4.0,,2.0,3.0,3.0,,,5.0,13.0,,4.0,,6.0,5.0,3.0,8.0,2.0,6.0,1.0,2.0,,,4.0,,,,1.0,,,,,6.0,,,62.0,,1.0,1.0,,1.0,3.0,,,,,,,1.0,,,,,,,
cpl::Football_Player::20d3548360484da9961196997ffa91d6,T. Mourdoukoutas,Valour,Defender,2024,defender,25,2070,0,0,3,0,1,0,25,20,8,1,3,0,0,84.0,29,1.26,0,0,0,0,0,0,0,0,71.43,59.72,57.97,0.0,0,0,0,0,0,0,0,0,0,0,0,0,0,86.0,,115.0,,6.0,3.0,1.0,224.0,1.0,,205.0,,1272.0,40.0,8.0,,79.0,25.0,35.0,23.0,1067.0,969.0,,20.0,69.0,,,25.0,16.0,25.0,1563.0,223.0,98.0,134.0,,,,72.0,433.0,28.0,438.0,58.0,,13.0,144.0,75.0,2.0,90.0,1030.0,61.0,10.0,25.0,,143.0,1224.0,844.0,,4.0,337.0,46.0,2070.0,,,29.0,0.0,,9.0,,3.0,1.0,2.0,,,4.0,29.0,,2.0,,20.0,3.0,2.0,10.0,1.0,27.0,,1.0,,,3.0,,,,,,,,,15.0,,1.0,64.0,1.0,1.0,1.0,1.0,,1.0,,,,1.0,,,,,,,,,,
cpl::Football_Player::88981199ee1c47cbb911a6b22266e324,M. Tissot,Atlético,Defender,2024,defender,12,296,0,1,2,1,1,1,7,3,5,0,0,0,0,79.0,2,0.61,1,0,1,0,0,0,0,0,70.0,64.52,57.14,20.0,0,0,0,0,0,0,0,0,0,0,0,0,0,20.0,,14.0,1.0,,,,56.0,,,26.0,,119.0,4.0,5.0,,13.0,12.0,10.0,2.0,93.0,83.0,,3.0,7.0,,,12.0,2.0,1.0,214.0,48.0,10.0,23.0,,,,11.0,6.0,2.0,46.0,11.0,,3.0,31.0,24.0,,12.0,90.0,12.0,10.0,7.0,,10.0,116.0,47.0,1.0,1.0,37.0,16.0,296.0,,,8.0,0.0,,3.0,,2.0,,10.0,,,1.0,3.0,,5.0,,3.0,2.0,1.0,3.0,1.0,2.0,,23.0,2.0,2.0,,,1.0,,10.0,1.0,,,,1.0,,,30.0,,8.0,2.0,,,2.0,,,,,,,,,,,,,,
cpl::Football_Player::a90bb203b7f24093abfdfd43e8c6ff40,M. Duncan,Forge,Defender,2024,defender,30,1960,0,0,1,0,0,0,30,19,23,1,2,0,0,86.0,27,1.24,0,0,0,0,0,0,0,0,61.22,57.95,65.85,18.52,0,0,0,0,0,0,0,0,0,0,0,0,0,113.0,,54.0,,2.0,2.0,1.0,274.0,3.0,,162.0,,1098.0,27.0,23.0,,80.0,30.0,49.0,21.0,936.0,899.0,,19.0,41.0,,,30.0,11.0,3.0,1605.0,527.0,37.0,138.0,,,,46.0,387.0,24.0,437.0,82.0,,41.0,195.0,154.0,13.0,108.0,918.0,23.0,10.0,30.0,,45.0,1080.0,414.0,,5.0,72.0,86.0,1960.0,,,68.0,0.0,,19.0,,10.0,11.0,9.0,,,14.0,14.0,,33.0,,15.0,1.0,1.0,19.0,,29.0,,156.0,5.0,5.0,1.0,,,,27.0,,,1.0,,3.0,,1.0,202.0,,22.0,22.0,,,18.0,,,,,,,,,,,,,,
cpl::Football_Player::e879ca3a6c7e4bb9ba29edd41f2b202e,Z. Roy,Atlético,Defender,2024,defender,8,158,0,0,2,0,1,0,1,1,5,0,1,0,0,86.0,1,0.57,0,0,0,0,0,0,0,0,33.33,52.94,0.0,0.0,0,0,0,0,0,0,0,0,0,0,0,0,0,9.0,,2.0,,,1.0,,20.0,,,6.0,,41.0,,5.0,,7.0,8.0,3.0,2.0,35.0,34.0,,1.0,1.0,,,8.0,,,85.0,18.0,1.0,7.0,,,,2.0,13.0,1.0,8.0,8.0,,4.0,17.0,16.0,,4.0,35.0,2.0,10.0,1.0,,1.0,41.0,17.0,,,2.0,9.0,158.0,,,7.0,0.0,,2.0,,1.0,2.0,6.0,,,1.0,1.0,,6.0,,4.0,2.0,1.0,2.0,1.0,3.0,,3.0,,,,,,,2.0,,,,,,,,18.0,,3.0,3.0,,1.0,1.0,,,,,,,,,,,,,,
cpl::Football_Player::58c03096b6c940afacb752b030a52ad2,M. Owolabi-Belewu,Forge,Defender,2024,defender,25,1685,2,0,3,2,2,0,48,29,27,1,11,0,0,85.0,21,1.12,0,0,0,0,0,0,0,0,65.75,66.06,53.85,20.0,0,0,0,0,0,0,0,0,0,0,0,0,0,144.0,,50.0,,2.0,11.0,1.0,184.0,2.0,,147.0,,931.0,28.0,27.0,,89.0,25.0,73.0,19.0,784.0,738.0,,29.0,52.0,,,25.0,19.0,1.0,1272.0,292.0,46.0,92.0,,,,59.0,162.0,19.0,408.0,74.0,,23.0,218.0,166.0,5.0,97.0,759.0,23.0,10.0,48.0,,53.0,905.0,493.0,,4.0,311.0,116.0,1685.0,,,50.0,1.0,,9.0,,5.0,4.0,6.0,,,16.0,24.0,,13.0,,8.0,3.0,1.0,25.0,2.0,28.0,,46.0,1.0,1.0,2.0,2.0,,,8.0,,2.0,,,9.0,,1.0,50.0,,4.0,4.0,2.0,,6.0,2.0,0.0,,2.0,2.0,,,,,,,,,
cpl::Football_Player::46e85b6f18f042fe837554290482828b,A. Đidić,Atlético,Defender,2024,defender,29,2640,4,0,25,4,15,0,18,13,8,1,5,0,0,86.0,32,1.09,0,0,2,0,0,0,0,0,64.29,71.43,74.24,50.0,0,0,0,0,0,0,0,0,0,0,0,0,0,135.0,,124.0,,1.0,5.0,,274.0,5.0,12.0,258.0,,1740.0,98.0,8.0,,76.0,29.0,28.0,29.0,1482.0,1326.0,,13.0,132.0,12.0,,29.0,4.0,18.0,2058.0,392.0,156.0,186.0,,,,73.0,751.0,27.0,589.0,54.0,,12.0,189.0,57.0,9.0,134.0,1436.0,61.0,10.0,18.0,,140.0,1690.0,1091.0,,9.0,277.0,37.0,2640.0,,,20.0,0.0,,7.0,,3.0,,,,,2.0,34.0,,2.0,,43.0,25.0,10.0,10.0,15.0,37.0,,1.0,1.0,1.0,4.0,4.0,,,,,4.0,2.0,,20.0,1.0,1.0,123.0,,1.0,1.0,,,,4.0,0.0,,1.0,3.0,,2.0,,,,,,,
cpl::Football_Player::7b0f6d51a0774b0691b240a3a96bc0ee,M. de Brienne,Atlético,Defender,2024,defender,28,2385,0,1,20,1,5,1,38,33,22,2,10,0,0,76.0,29,1.09,8,0,1,0,0,0,0,0,63.33,55.77,72.73,19.23,0,0,0,0,0,0,0,0,0,0,0,0,0,145.0,,87.0,1.0,1.0,10.0,,441.0,5.0,,238.0,,991.0,40.0,22.0,,120.0,28.0,60.0,27.0,753.0,708.0,,33.0,55.0,,,28.0,18.0,9.0,1702.0,376.0,45.0,212.0,,,,66.0,41.0,24.0,344.0,115.0,,66.0,260.0,205.0,24.0,151.0,739.0,49.0,10.0,38.0,,60.0,975.0,389.0,1.0,4.0,388.0,105.0,2385.0,,,100.0,0.0,,43.0,,18.0,11.0,1.0,3.0,,23.0,15.0,,47.0,1.0,44.0,20.0,15.0,22.0,5.0,45.0,,145.0,12.0,10.0,7.0,,6.0,2.0,73.0,8.0,,1.0,,6.0,,2.0,218.0,,40.0,33.0,1.0,1.0,32.0,,,,,,,,,,,,,,
cpl::Football_Player::3369d66b5c1c44c38f4b479aed83a7e7,Roberto Alarcón,Valour,Defender,2024,defender,23,1810,0,1,5,1,1,1,29,29,29,1,6,1,0,88.0,30,1.49,28,0,1,0,0,0,0,0,69.05,55.17,45.16,14.93,0,0,0,0,0,0,0,0,0,0,0,0,0,96.0,,46.0,1.0,4.0,6.0,,207.0,2.0,,105.0,,846.0,14.0,29.0,,72.0,23.0,42.0,21.0,741.0,666.0,,29.0,31.0,,,23.0,14.0,3.0,1333.0,280.0,75.0,99.0,,,,50.0,420.0,28.0,223.0,78.0,,24.0,174.0,143.0,18.0,59.0,706.0,22.0,10.0,29.0,,48.0,806.0,491.0,1.0,3.0,47.0,82.0,1810.0,,,61.0,0.0,,6.0,,3.0,7.0,2.0,,1.0,11.0,17.0,1.0,20.0,,5.0,5.0,4.0,13.0,1.0,14.0,,144.0,30.0,10.0,4.0,,14.0,13.0,16.0,28.0,,,,19.0,,1.0,156.0,,44.0,23.0,,2.0,14.0,,,,,,,3.0,2.0,,,,,,
cpl::Football_Player::31591c7a0e35481b998578ee63a10adc,L. Torres,Atlético,Defender,2024,defender,16,475,1,0,2,1,1,0,14,10,5,0,1,1,0,92.0,6,1.14,0,0,0,0,0,0,0,0,82.35,57.63,85.71,0.0,0,0,0,0,0,0,0,0,0,0,0,0,0,34.0,,5.0,,,1.0,,42.0,1.0,,23.0,,281.0,6.0,5.0,,31.0,16.0,17.0,6.0,258.0,248.0,,10.0,7.0,,,16.0,8.0,1.0,354.0,99.0,10.0,15.0,,,,8.0,111.0,5.0,58.0,25.0,,7.0,59.0,52.0,5.0,18.0,255.0,5.0,10.0,14.0,,5.0,278.0,159.0,,,64.0,28.0,475.0,,,24.0,1.0,,3.0,,,4.0,10.0,,1.0,6.0,1.0,1.0,8.0,,3.0,2.0,1.0,3.0,1.0,3.0,,,,,1.0,1.0,,,,,1.0,3.0,,3.0,,,48.0,,,,,1.0,4.0,1.0,0.0,,,1.0,,,,,,,,,
cpl::Football_Player::fc76edbb94da42899c7c12d79da56e2e,O. León,Inter Toronto,Defender,2024,defender,20,1526,2,0,8,2,2,0,18,20,23,0,6,1,0,81.0,16,0.94,0,0,0,0,0,0,0,0,66.67,61.97,53.45,0.0,0,0,0,0,0,0,0,0,0,0,0,0,0,88.0,,124.0,,1.0,6.0,,214.0,4.0,1.0,197.0,1.0,1009.0,31.0,23.0,,58.0,20.0,27.0,17.0,812.0,718.0,,20.0,58.0,,,20.0,8.0,18.0,1236.0,308.0,94.0,135.0,,,,63.0,176.0,12.0,430.0,54.0,,17.0,142.0,84.0,4.0,73.0,775.0,66.0,10.0,18.0,,70.0,965.0,504.0,,5.0,327.0,57.0,1526.0,,,27.0,1.0,,7.0,,2.0,2.0,3.0,,1.0,7.0,27.0,,2.0,,13.0,8.0,6.0,9.0,2.0,12.0,,13.0,,,2.0,2.0,,,5.0,,2.0,,,12.0,,,76.0,,1.0,1.0,,,1.0,2.0,0.0,1.0,,1.0,,,,1.0,,,,,
cpl::Football_Player::9fa7232743934bf2a022c4fe6a62c1b6,J. Haynes,Valour,Defender,2024,defender,9,70,0,0,2,0,1,0,3,4,1,0,1,0,0,74.0,2,2.57,0,0,0,0,0,0,0,0,75.0,44.44,50.0,16.67,0,0,0,0,0,0,0,0,0,0,0,0,0,8.0,,3.0,,,1.0,,21.0,1.0,,12.0,,46.0,2.0,1.0,,9.0,9.0,4.0,,34.0,32.0,,4.0,4.0,,,9.0,2.0,,83.0,17.0,2.0,12.0,,,,5.0,2.0,1.0,19.0,10.0,,7.0,18.0,14.0,1.0,9.0,33.0,1.0,10.0,3.0,,2.0,45.0,18.0,,,17.0,6.0,70.0,,,8.0,0.0,,3.0,,2.0,,9.0,,,1.0,2.0,,2.0,,4.0,2.0,1.0,1.0,1.0,1.0,,10.0,1.0,1.0,,,,,,,,,,,,,8.0,,5.0,5.0,,,1.0,,,,,,,,,,,,,,
cpl::Football_Player::daa25be58b5a4bf1a1a9adfd1aa8bd18,F. Sturing,Inter Toronto,Defender,2024,defender,19,1593,0,0,3,0,1,0,22,28,11,1,2,0,0,89.0,21,1.19,0,0,0,0,0,0,0,0,70.97,54.61,62.5,50.0,0,0,0,0,0,0,0,0,0,0,0,0,0,83.0,,57.0,,2.0,2.0,,132.0,4.0,1.0,116.0,,1029.0,40.0,11.0,,81.0,19.0,31.0,18.0,913.0,842.0,,28.0,64.0,1.0,,19.0,16.0,7.0,1196.0,233.0,71.0,62.0,,,,55.0,309.0,17.0,340.0,69.0,,14.0,152.0,88.0,2.0,59.0,875.0,25.0,10.0,22.0,,53.0,991.0,681.0,,4.0,326.0,43.0,1593.0,,,45.0,0.0,,9.0,,,3.0,1.0,,,2.0,24.0,,10.0,,12.0,3.0,2.0,9.0,1.0,15.0,,1.0,1.0,1.0,3.0,,,,,,,,,10.0,,1.0,54.0,,1.0,1.0,,,2.0,,,,1.0,,,,,,,,,,
cpl::Football_Player::bc0960bcc0aa44d6a2f7dc8d20680752,Dani Morer,Atlético,Defender,2024,defender,27,1316,0,6,2,6,1,6,19,34,9,2,5,0,0,86.0,16,1.09,16,0,0,0,0,0,0,0,79.17,39.38,62.5,25.76,0,0,0,0,0,0,0,0,0,0,0,0,0,63.0,,27.0,6.0,,5.0,,199.0,2.0,,76.0,,507.0,5.0,9.0,,49.0,27.0,24.0,14.0,431.0,400.0,,34.0,8.0,,,27.0,16.0,1.0,843.0,270.0,31.0,108.0,,,,15.0,177.0,14.0,130.0,97.0,,17.0,160.0,152.0,20.0,49.0,417.0,11.0,10.0,19.0,,13.0,490.0,181.0,5.0,,44.0,58.0,1316.0,,,94.0,0.0,,6.0,,7.0,14.0,13.0,,,25.0,3.0,,43.0,,17.0,2.0,1.0,5.0,1.0,2.0,,78.0,20.0,17.0,3.0,,11.0,2.0,8.0,16.0,,2.0,,1.0,,2.0,156.0,,47.0,33.0,,3.0,32.0,,,,,,,,,,,,,,
cpl::Football_Player::a742bcbb546f417d9003cfe9bf5e3676,N. Higgins,Inter Toronto,Defender,2024,defender,18,1085,1,1,1,2,1,1,14,13,2,1,4,0,0,88.0,15,1.24,0,0,0,0,0,0,0,0,77.78,50.0,47.5,0.0,0,0,0,0,0,0,0,0,0,0,0,0,0,41.0,,34.0,1.0,1.0,4.0,,81.0,2.0,,73.0,,571.0,19.0,2.0,,28.0,18.0,18.0,13.0,498.0,481.0,,13.0,40.0,,,18.0,8.0,8.0,693.0,110.0,17.0,40.0,,,,33.0,205.0,13.0,180.0,41.0,,10.0,82.0,42.0,,39.0,491.0,22.0,10.0,14.0,,48.0,564.0,388.0,1.0,3.0,141.0,22.0,1085.0,,,20.0,1.0,,5.0,,,5.0,5.0,,,2.0,21.0,,,,4.0,1.0,,4.0,1.0,15.0,,2.0,,,,1.0,,,,,1.0,,,5.0,,1.0,45.0,,,,,1.0,,0.0,1.0,,,1.0,,,,,,,,,
cpl::Football_Player::1189f25d808e414eb258930a8b41dcc9,C. Chantzopoulos,Valour,Defender,2024,defender,16,1019,0,0,3,0,0,0,13,11,5,1,0,0,0,85.0,24,2.12,0,0,0,0,0,0,0,0,61.9,64.38,70.37,0.0,0,0,0,0,0,0,0,0,0,0,0,0,0,47.0,,43.0,,5.0,,2.0,80.0,2.0,,76.0,,485.0,19.0,5.0,,28.0,16.0,21.0,12.0,409.0,382.0,,11.0,27.0,,,16.0,3.0,10.0,619.0,114.0,27.0,50.0,,,,26.0,129.0,22.0,191.0,26.0,,10.0,73.0,46.0,3.0,33.0,395.0,34.0,10.0,13.0,,46.0,463.0,295.0,,,135.0,28.0,1019.0,,,18.0,0.0,,7.0,,1.0,5.0,4.0,1.0,,2.0,8.0,,2.0,,6.0,3.0,3.0,8.0,,20.0,,2.0,,,1.0,,,,,,,,,10.0,,1.0,30.0,,,,,,1.0,,,,,,,,,,,,,,
cpl::Football_Player::373e4451a3104cb29bd3a4c2e716692a,J. Córdova,Inter Toronto,Defender,2024,defender,22,1856,3,3,19,6,6,3,25,22,33,1,8,0,0,84.0,23,1.12,18,0,2,0,0,0,0,0,65.79,49.52,45.45,12.73,0,0,0,0,0,0,0,0,0,0,0,0,0,104.0,,46.0,3.0,2.0,8.0,,281.0,4.0,,149.0,,908.0,15.0,33.0,,104.0,22.0,38.0,21.0,759.0,702.0,,22.0,33.0,,,22.0,11.0,3.0,1336.0,441.0,57.0,157.0,,,,38.0,271.0,19.0,240.0,106.0,,48.0,210.0,177.0,12.0,103.0,730.0,17.0,10.0,25.0,,25.0,877.0,327.0,3.0,3.0,135.0,89.0,1856.0,,,88.0,2.0,,16.0,,13.0,10.0,1.0,2.0,,18.0,18.0,,52.0,2.0,25.0,19.0,13.0,13.0,6.0,27.0,,56.0,9.0,7.0,8.0,1.0,4.0,2.0,3.0,18.0,3.0,14.0,,2.0,3.0,1.0,262.0,1.0,46.0,39.0,3.0,2.0,24.0,3.0,0.0,,,,,1.0,,,,,2.0,,
cpl::Football_Player::bf1559f63d3642679c430ff1f41355a7,G. Mukumbilwa,Pacific,Defender,2024,defender,11,657,0,1,0,1,0,1,12,3,10,0,2,0,0,80.0,5,0.68,0,0,0,0,0,0,0,0,80.0,53.97,31.25,16.0,0,0,0,0,0,0,0,0,0,0,0,0,0,34.0,,28.0,1.0,,2.0,1.0,131.0,1.0,,67.0,,334.0,5.0,10.0,,24.0,11.0,15.0,7.0,267.0,250.0,,3.0,16.0,,,11.0,1.0,4.0,541.0,112.0,17.0,67.0,,,,21.0,52.0,4.0,133.0,29.0,,13.0,63.0,47.0,2.0,39.0,262.0,16.0,10.0,12.0,,44.0,326.0,159.0,,3.0,72.0,29.0,657.0,,,18.0,0.0,,5.0,,2.0,2.0,4.0,1.0,,4.0,11.0,,14.0,,3.0,,,3.0,,13.0,,36.0,4.0,4.0,1.0,,,,19.0,,,1.0,,1.0,,,77.0,,21.0,21.0,,,6.0,,,,,,,,,,,,,,
cpl::Football_Player::c182423a01294fc4a488163b7c07b7f4,G. Metusala,Forge,Defender,2024,defender,23,1862,0,0,0,0,0,0,19,14,6,0,4,0,0,91.0,23,1.11,0,0,0,0,0,0,0,0,73.08,63.81,67.44,0.0,0,0,0,0,0,0,0,0,0,0,0,0,0,67.0,,57.0,,2.0,4.0,,140.0,2.0,,119.0,,1228.0,29.0,6.0,,98.0,23.0,26.0,20.0,1109.0,1029.0,,14.0,43.0,,,23.0,4.0,8.0,1421.0,388.0,80.0,82.0,,,,38.0,330.0,21.0,434.0,38.0,,13.0,105.0,62.0,4.0,62.0,1087.0,20.0,10.0,19.0,,57.0,1205.0,721.0,,6.0,406.0,38.0,1862.0,,,24.0,0.0,,9.0,,,4.0,3.0,1.0,,6.0,14.0,,5.0,,3.0,,,7.0,,19.0,,10.0,,,1.0,,,,2.0,,,,,7.0,,,58.0,,1.0,1.0,1.0,,2.0,,,,,,,,,,,,,,
cpl::Football_Player::242992e119ea4cf3b76878a2029dddac,P. Gee,Vancouver,Defender,2024,defender,24,1927,1,4,5,5,1,4,17,28,19,1,4,0,0,77.0,36,1.68,0,0,0,0,0,0,0,0,56.67,45.41,57.69,18.27,0,0,0,0,0,0,0,0,0,0,0,0,0,99.0,,80.0,4.0,4.0,4.0,1.0,436.0,1.0,,220.0,,932.0,30.0,19.0,,92.0,24.0,30.0,23.0,712.0,666.0,,28.0,52.0,,,24.0,13.0,12.0,1481.0,328.0,46.0,241.0,,,,64.0,158.0,35.0,343.0,119.0,,48.0,218.0,166.0,16.0,140.0,702.0,39.0,10.0,17.0,,45.0,920.0,403.0,4.0,3.0,265.0,69.0,1927.0,,,97.0,1.0,,13.0,,20.0,8.0,1.0,1.0,,20.0,22.0,,50.0,,13.0,5.0,4.0,13.0,1.0,23.0,,116.0,19.0,19.0,3.0,,,,41.0,,1.0,3.0,,1.0,1.0,1.0,166.0,,85.0,85.0,,4.0,28.0,1.0,0.0,,,,,,,,,,1.0,,
cpl::Football_Player::f5f9dbfb4ae043d7bf4f7094d31693c3,J. Quintana,Pacific,Defender,2024,defender,17,1199,0,0,4,0,0,0,32,25,21,4,6,1,0,78.0,13,0.98,0,0,0,0,0,0,0,0,65.31,67.9,65.22,0.0,0,0,0,0,0,0,0,0,0,0,0,0,0,110.0,,65.0,,,6.0,,153.0,1.0,,124.0,,557.0,30.0,21.0,,49.0,17.0,49.0,14.0,433.0,397.0,,25.0,46.0,,,17.0,12.0,13.0,806.0,118.0,36.0,78.0,,,,47.0,197.0,12.0,253.0,52.0,,18.0,162.0,116.0,3.0,59.0,415.0,51.0,10.0,32.0,,62.0,535.0,315.0,,2.0,73.0,80.0,1199.0,,,36.0,0.0,,7.0,,,2.0,3.0,,1.0,10.0,16.0,,8.0,,11.0,4.0,4.0,17.0,,14.0,,13.0,,,1.0,,,,4.0,,,,,10.0,,4.0,34.0,,1.0,1.0,,,3.0,,,,,,,,,1.0,,,,,
cpl::Football_Player::2643a053f0b04373b2b6da28c55fe66e,T. Antonoglou,Valour,Defender,2024,defender,27,2419,1,7,10,8,7,7,51,25,30,1,5,0,0,83.0,40,1.49,50,0,1,0,0,0,0,0,70.83,56.8,45.45,12.17,0,0,0,0,0,0,0,0,0,0,0,0,0,142.0,,67.0,7.0,7.0,5.0,,366.0,2.0,1.0,173.0,,965.0,10.0,30.0,,137.0,27.0,72.0,27.0,792.0,709.0,,25.0,22.0,1.0,,27.0,14.0,11.0,1713.0,386.0,83.0,197.0,,,,62.0,41.0,38.0,342.0,108.0,,54.0,250.0,228.0,24.0,106.0,768.0,33.0,10.0,51.0,,48.0,935.0,439.0,6.0,4.0,389.0,132.0,2419.0,,,96.0,1.0,,29.0,,16.0,4.0,,1.0,,30.0,12.0,,46.0,,30.0,10.0,3.0,21.0,7.0,60.0,1.0,162.0,33.0,14.0,6.0,1.0,27.0,15.0,24.0,50.0,1.0,,,6.0,1.0,1.0,193.0,,86.0,42.0,2.0,3.0,24.0,0.0,1.0,,1.0,,,2.0,1.0,,,,,,
cpl::Football_Player::cad9192d6a9541128a76febb4a58387f,E. Kobza,Cavalry,Defender,2024,defender,20,1043,0,0,5,0,2,0,9,11,11,0,1,0,0,87.0,9,0.78,0,0,0,0,0,0,0,0,64.29,57.5,51.52,0.0,0,0,0,0,0,0,0,0,0,0,0,0,0,46.0,,66.0,,,1.0,,128.0,,,113.0,,810.0,17.0,11.0,,54.0,20.0,14.0,11.0,697.0,635.0,,11.0,33.0,,,20.0,2.0,11.0,951.0,252.0,62.0,85.0,,,,28.0,312.0,9.0,346.0,34.0,,7.0,80.0,47.0,1.0,47.0,682.0,33.0,10.0,9.0,,32.0,792.0,445.0,,4.0,109.0,29.0,1043.0,,,18.0,0.0,,4.0,,1.0,,9.0,,,4.0,16.0,,5.0,,6.0,5.0,3.0,5.0,2.0,10.0,,18.0,,,,,,,4.0,,,1.0,,4.0,,,43.0,,,,,,2.0,,,,,,,,1.0,,,,,,
cpl::Football_Player::130bf1bad34e405d8bf525d7dab36e0f,T. Walker,Atlético,Defender,2024,defender,18,1352,0,0,3,0,2,0,21,20,16,0,1,0,0,85.0,16,1.07,0,0,0,0,0,0,0,0,75.0,58.59,57.89,0.0,0,0,0,0,0,0,0,0,0,0,0,0,0,75.0,,63.0,,1.0,1.0,,145.0,1.0,5.0,119.0,,765.0,22.0,16.0,,58.0,18.0,28.0,16.0,646.0,584.0,,20.0,38.0,5.0,,18.0,8.0,6.0,961.0,174.0,62.0,80.0,,,,41.0,296.0,15.0,271.0,53.0,,17.0,128.0,90.0,1.0,56.0,624.0,31.0,10.0,21.0,,45.0,740.0,472.0,,3.0,148.0,53.0,1352.0,,,37.0,0.0,,9.0,,1.0,6.0,2.0,,,10.0,16.0,,6.0,,9.0,3.0,1.0,7.0,2.0,14.0,,10.0,,,,,,,5.0,,,,,12.0,,,50.0,,2.0,2.0,,,3.0,,,,1.0,,,,,,,,,,
cpl::Football_Player::98cef9b296074f4cbb6253e20e5d86a5,C. Rogozinski,Cavalry,Defender,2024,defender,0,0,0,0,0,0,0,0,0,0,0,0,0,0,0,,0,,0,0,0,0,0,0,0,0,0.0,0.0,0.0,0.0,0,0,0,0,0,0,0,0,0,0,0,0,0,,,,,,,,,,,,,,,,,,,,,,,,,,,,,,,,,,,,,,,,,,,,,,,,,,,,,,,,,,,,,,,,,,,,,,,,,,,,,,,,,,,,,,,,,,,,,,,,,,,,,,,,,,,,,,,,,,,,,,,,,
cpl::Football_Player::bb4f3ceb0dea445ba52fbc803fac84dd,Y. Gavas,Wanderers,Defender,2024,defender,0,0,0,0,0,0,0,0,0,0,0,0,0,0,0,,0,,0,0,0,0,0,0,0,0,0.0,0.0,0.0,0.0,0,0,0,0,0,0,0,0,0,0,0,0,0,,,,,,,,,,,,,,,,,,,,,,,,,,,,,,,,,,,,,,,,,,,,,,,,,,,,,,,,,,,,,,,,,,,,,,,,,,,,,,,,,,,,,,,,,,,,,,,,,,,,,,,,,,,,,,,,,,,,,,,,,
cpl::Football_Player::fd9ddb9946a84feeb1b5e9a8dd531160,A. Samaké,Valour,Defender,2024,defender,3,270,0,0,3,0,1,0,1,3,1,0,0,0,0,86.0,8,2.67,0,0,0,0,0,0,0,0,25.0,52.38,40.0,0.0,0,0,0,0,0,0,0,0,0,0,0,0,0,11.0,,10.0,,,,,23.0,2.0,,17.0,,117.0,2.0,1.0,,7.0,3.0,4.0,3.0,100.0,86.0,,3.0,5.0,,,3.0,2.0,,155.0,44.0,14.0,13.0,,,,5.0,27.0,6.0,68.0,10.0,,4.0,21.0,16.0,,7.0,97.0,4.0,10.0,1.0,,9.0,113.0,56.0,,,14.0,9.0,270.0,,,7.0,0.0,,2.0,,1.0,,,,,4.0,3.0,,2.0,,3.0,3.0,2.0,3.0,1.0,3.0,,1.0,,,,,,,,,,,,1.0,,,8.0,,1.0,1.0,,,,,,,,,,,1.0,,,,,,
cpl::Football_Player::a5cbbda67e8146238f0b2a599afb2392,G. Carvalho,Atlético,Defender,2024,defender,0,0,0,0,0,0,0,0,0,0,0,0,0,0,0,,0,,0,0,0,0,0,0,0,0,0.0,0.0,0.0,0.0,0,0,0,0,0,0,0,0,0,0,0,0,0,,,,,,,,,,,,,,,,,,,,,,,,,,,,,,,,,,,,,,,,,,,,,,,,,,,,,,,,,,,,,,,,,,,,,,,,,,,,,,,,,,,,,,,,,,,,,,,,,,,,,,,,,,,,,,,,,,,,,,,,,
cpl::Football_Player::9a6571b3737143b79989244b08fbd50d,S. Camargo,Cavalry,Midfielder,2024,midfielder,26,1740,3,4,24,7,15,4,7,15,22,6,1,0,0,85.0,15,0.78,1,0,0,0,0,0,0,0,63.64,39.86,60.87,22.73,0,0,0,0,0,0,0,0,0,0,0,0,0,59.0,,17.0,4.0,2.0,1.0,,236.0,3.0,,108.0,,710.0,14.0,22.0,,124.0,26.0,11.0,21.0,602.0,585.0,,15.0,23.0,,,26.0,8.0,2.0,1008.0,409.0,17.0,105.0,,,,20.0,115.0,12.0,163.0,89.0,,32.0,148.0,125.0,23.0,91.0,571.0,3.0,10.0,7.0,,3.0,679.0,198.0,2.0,2.0,170.0,45.0,1740.0,,,80.0,1.0,,16.0,,13.0,16.0,5.0,1.0,,12.0,9.0,,55.0,1.0,109.0,24.0,9.0,4.0,15.0,15.0,,5.0,5.0,5.0,7.0,2.0,,,,1.0,3.0,22.0,,3.0,2.0,6.0,262.0,,17.0,17.0,1.0,5.0,23.0,1.0,2.0,,,1.0,,,,,,3.0,1.0,,
cpl::Football_Player::83cede75122b41d0aad420f4fb5daf2e,J. Daley,Cavalry,Midfielder,2024,midfielder,17,622,0,0,2,0,0,0,18,15,17,1,4,0,0,84.0,8,1.16,1,0,1,0,0,0,0,0,75.0,53.66,33.33,30.0,0,0,0,0,0,0,0,0,0,0,0,0,0,44.0,,18.0,,1.0,4.0,,90.0,2.0,,53.0,,320.0,4.0,17.0,,41.0,17.0,24.0,7.0,267.0,260.0,,15.0,12.0,,,17.0,10.0,2.0,451.0,159.0,7.0,49.0,,,,11.0,64.0,6.0,106.0,38.0,,14.0,82.0,70.0,6.0,35.0,249.0,14.0,10.0,18.0,,2.0,301.0,111.0,,,69.0,40.0,622.0,,,30.0,0.0,,6.0,,3.0,7.0,10.0,,,1.0,8.0,,7.0,,11.0,2.0,2.0,6.0,,6.0,,14.0,3.0,3.0,4.0,,,,3.0,1.0,,1.0,,2.0,,1.0,81.0,,7.0,7.0,,1.0,2.0,,,,,,,,,,,,,,
cpl::Football_Player::0f32aad5bf304f70bb295ab41b41b4d9,M. Henry,Cavalry,Midfielder,2024,midfielder,9,419,2,0,10,2,7,0,2,10,11,1,1,0,0,85.0,4,0.86,0,0,2,0,0,0,0,0,20.0,43.28,28.57,14.29,0,0,0,0,0,0,0,0,0,0,0,0,0,29.0,,1.0,,1.0,1.0,,60.0,,,23.0,,144.0,2.0,11.0,,12.0,9.0,10.0,5.0,121.0,113.0,,10.0,7.0,,,9.0,8.0,1.0,246.0,83.0,8.0,28.0,,,,1.0,33.0,4.0,39.0,38.0,,7.0,67.0,60.0,8.0,22.0,115.0,,10.0,2.0,,4.0,137.0,39.0,,,39.0,27.0,419.0,,,33.0,1.0,,4.0,,3.0,5.0,4.0,,,6.0,5.0,,17.0,,13.0,10.0,3.0,8.0,7.0,2.0,,2.0,1.0,1.0,4.0,2.0,,,,,2.0,5.0,,,1.0,1.0,33.0,,6.0,6.0,,1.0,6.0,0.0,2.0,1.0,,,,,,,,,,,
cpl::Football_Player::edcfdeb0583a4f25b44f57a7e66b2d6d,L. Callegari,Wanderers,Midfielder,2024,midfielder,25,2091,0,3,7,3,3,3,54,45,27,1,4,1,0,91.0,35,1.51,32,0,0,0,0,0,0,0,77.14,53.04,58.82,8.7,0,0,0,0,0,0,0,0,0,0,0,0,0,131.0,,46.0,3.0,2.0,4.0,,250.0,4.0,,160.0,,1679.0,20.0,27.0,,192.0,25.0,70.0,24.0,1519.0,1408.0,,45.0,34.0,,,25.0,29.0,2.0,2046.0,747.0,111.0,149.0,,,,45.0,450.0,31.0,441.0,116.0,,38.0,247.0,213.0,32.0,114.0,1465.0,7.0,10.0,54.0,,20.0,1621.0,787.0,3.0,4.0,458.0,111.0,2091.0,,,102.0,0.0,,26.0,,8.0,2.0,1.0,,1.0,14.0,14.0,1.0,26.0,,8.0,7.0,4.0,16.0,3.0,47.0,,10.0,15.0,4.0,4.0,,13.0,8.0,1.0,32.0,,30.0,,3.0,,1.0,330.0,1.0,34.0,10.0,8.0,2.0,11.0,,,,,,,1.0,,,,,,,
cpl::Football_Player::64ff8ebb61c74060b52ab17341495a05,M. Ferrin,Wanderers,Midfielder,2024,midfielder,27,2126,6,2,48,8,27,2,22,26,79,3,0,0,0,83.0,32,1.35,3,0,1,1,1,0,0,0,64.71,57.0,55.17,4.76,0,0,0,0,0,0,0,0,0,0,0,0,0,175.0,,16.0,2.0,2.0,,,253.0,5.0,,110.0,,628.0,32.0,79.0,,78.0,27.0,34.0,24.0,518.0,513.0,,26.0,58.0,,,27.0,13.0,,1106.0,398.0,5.0,109.0,,,,20.0,47.0,27.0,173.0,132.0,,33.0,307.0,249.0,19.0,94.0,509.0,7.0,10.0,22.0,,20.0,619.0,122.0,2.0,2.0,239.0,143.0,2126.0,,,106.0,0.0,,18.0,,17.0,13.0,3.0,,,31.0,26.0,,72.0,4.0,97.0,48.0,21.0,12.0,27.0,14.0,,11.0,2.0,1.0,16.0,6.0,2.0,1.0,2.0,3.0,6.0,10.0,1.0,3.0,4.0,3.0,169.0,1.0,19.0,16.0,3.0,8.0,32.0,5.0,1.0,1.0,,1.0,,7.0,,,1.0,3.0,,,
cpl::Football_Player::665cea6eccc741f8aef577d5196aa0be,J. McGlinchey,Cavalry,Midfielder,2024,midfielder,0,0,0,0,0,0,0,0,0,0,0,0,0,0,0,,0,,0,0,0,0,0,0,0,0,0.0,0.0,0.0,0.0,0,0,0,0,0,0,0,0,0,0,0,0,0,,,,,,,,,,,,,,,,,,,,,,,,,,,,,,,,,,,,,,,,,,,,,,,,,,,,,,,,,,,,,,,,,,,,,,,,,,,,,,,,,,,,,,,,,,,,,,,,,,,,,,,,,,,,,,,,,,,,,,,,,
cpl::Football_Player::29146de022e149ceb100b57434a926f9,S. Rea,Wanderers,Midfielder,2024,midfielder,14,734,1,0,12,1,5,0,6,10,9,2,3,0,0,82.0,13,1.59,6,0,0,0,0,0,0,0,60.0,41.11,0.0,27.27,0,0,0,0,0,0,0,0,0,0,0,0,0,37.0,,7.0,,,3.0,,130.0,2.0,,56.0,,299.0,,9.0,,24.0,14.0,10.0,9.0,243.0,235.0,,10.0,2.0,,,14.0,5.0,,483.0,155.0,8.0,64.0,,,,6.0,74.0,11.0,89.0,53.0,,14.0,90.0,88.0,9.0,49.0,233.0,,10.0,6.0,,,288.0,97.0,,,52.0,37.0,734.0,,,51.0,0.0,,6.0,,7.0,9.0,5.0,,,18.0,2.0,,36.0,,24.0,12.0,7.0,4.0,5.0,6.0,,5.0,9.0,6.0,16.0,1.0,2.0,2.0,,6.0,1.0,11.0,,,,2.0,84.0,,14.0,12.0,,1.0,20.0,1.0,0.0,1.0,,,,1.0,,,,,,,
cpl::Football_Player::6f78048ef6fe4d51aa66aa87e5fbf0c5,A. Daniels,Wanderers,Midfielder,2024,midfielder,26,1257,0,1,9,1,6,1,16,10,15,0,1,0,0,84.0,26,1.86,6,0,0,0,0,0,0,0,69.57,44.78,46.67,19.23,0,0,0,0,0,0,0,0,0,0,0,0,0,60.0,,20.0,1.0,2.0,1.0,,192.0,4.0,,94.0,,562.0,7.0,15.0,,57.0,26.0,23.0,14.0,468.0,437.0,,10.0,15.0,,,26.0,6.0,1.0,801.0,276.0,31.0,92.0,,,,21.0,136.0,22.0,160.0,74.0,,23.0,134.0,119.0,19.0,74.0,445.0,6.0,10.0,16.0,,9.0,535.0,201.0,1.0,1.0,131.0,53.0,1257.0,,,66.0,0.0,,9.0,,6.0,10.0,12.0,,,16.0,8.0,,46.0,1.0,20.0,9.0,3.0,7.0,6.0,4.0,,17.0,9.0,5.0,7.0,,3.0,2.0,,6.0,,10.0,,3.0,,,135.0,,19.0,14.0,2.0,4.0,22.0,,,,,,,1.0,,,,,,,
cpl::Football_Player::423863e33e8f4745b70e6092f11a184d,B. Fisk,Vancouver,Midfielder,2024,midfielder,21,630,0,0,6,0,2,0,3,10,11,0,0,0,0,76.0,16,2.29,19,0,0,0,0,0,0,0,30.0,40.3,28.57,12.77,0,0,0,0,0,0,0,0,0,0,0,0,0,27.0,,18.0,,2.0,,,131.0,,,68.0,,276.0,4.0,11.0,,45.0,21.0,10.0,6.0,208.0,198.0,,10.0,14.0,,,21.0,2.0,,403.0,141.0,10.0,92.0,,,,13.0,79.0,16.0,82.0,40.0,,12.0,67.0,53.0,11.0,50.0,199.0,5.0,10.0,3.0,,3.0,265.0,80.0,,,53.0,23.0,630.0,,,30.0,0.0,,3.0,,6.0,6.0,15.0,1.0,,2.0,10.0,,11.0,1.0,19.0,6.0,4.0,7.0,2.0,2.0,,3.0,13.0,6.0,3.0,,11.0,4.0,,19.0,,4.0,,1.0,,,62.0,,37.0,21.0,,,4.0,,,,,,,,,,,,,,
cpl::Football_Player::6aa0420a7a3448a49b34c863c5b11ce4,N. Myroniuk,Cavalry,Midfielder,2024,midfielder,11,364,0,1,3,1,1,1,6,7,5,0,1,0,0,70.0,2,0.49,1,0,0,0,0,0,0,0,50.0,41.54,33.33,0.0,0,0,0,0,0,0,0,0,0,0,0,0,0,27.0,,3.0,1.0,,1.0,,73.0,,,32.0,,104.0,5.0,5.0,,18.0,11.0,12.0,4.0,72.0,71.0,,7.0,15.0,,,11.0,1.0,1.0,212.0,49.0,1.0,35.0,,,,4.0,11.0,2.0,25.0,38.0,,22.0,65.0,50.0,3.0,29.0,70.0,2.0,10.0,6.0,,4.0,102.0,23.0,1.0,,25.0,22.0,364.0,,,28.0,0.0,,13.0,,6.0,4.0,7.0,,,5.0,10.0,,15.0,,12.0,3.0,2.0,6.0,1.0,4.0,,2.0,,,2.0,,,,1.0,1.0,,3.0,,,,,43.0,,7.0,7.0,,,5.0,,,,,,,,,,,,,,
cpl::Football_Player::ad84db4f538d40f0b2ef200c7a5ed403,Renan Garcia,Vancouver,Midfielder,2024,midfielder,27,2247,0,0,21,0,9,0,35,47,10,0,6,0,0,85.0,39,1.56,0,0,0,0,0,0,0,0,53.85,47.13,51.76,25.0,0,0,0,0,0,0,0,0,0,0,0,0,0,123.0,,37.0,,4.0,6.0,,217.0,2.0,,170.0,,1095.0,44.0,10.0,,142.0,27.0,65.0,26.0,925.0,855.0,,47.0,85.0,,,27.0,32.0,6.0,1458.0,430.0,70.0,97.0,,,,79.0,333.0,37.0,361.0,138.0,,54.0,261.0,176.0,14.0,133.0,890.0,24.0,10.0,35.0,,59.0,1059.0,497.0,,4.0,269.0,79.0,2247.0,,,97.0,0.0,,29.0,,4.0,8.0,1.0,2.0,,5.0,41.0,,18.0,,21.0,21.0,12.0,30.0,9.0,32.0,,,2.0,2.0,9.0,,,,1.0,,,6.0,,14.0,,,132.0,,6.0,6.0,,,6.0,,,,,,,6.0,,,,,,,
cpl::Football_Player::6b46d359901b4fcdbbc99c0d60edd8fe,Vitor Dias,Wanderers,Midfielder,2024,midfielder,18,490,1,1,7,2,2,1,6,8,22,2,0,0,0,79.0,9,1.65,3,0,0,0,0,0,0,0,54.55,51.89,54.55,33.33,0,0,0,0,0,0,0,0,0,0,0,0,0,55.0,,6.0,1.0,,,,100.0,3.0,,48.0,,220.0,6.0,22.0,,35.0,18.0,11.0,4.0,172.0,163.0,,8.0,11.0,,,18.0,4.0,1.0,364.0,130.0,9.0,38.0,,,,12.0,59.0,6.0,72.0,51.0,,13.0,106.0,95.0,7.0,42.0,163.0,1.0,10.0,6.0,,1.0,211.0,43.0,1.0,,41.0,49.0,490.0,,,46.0,0.0,,4.0,,5.0,4.0,14.0,,,16.0,5.0,,30.0,,32.0,7.0,5.0,5.0,2.0,4.0,,4.0,1.0,1.0,2.0,1.0,1.0,,1.0,3.0,1.0,5.0,,2.0,,2.0,48.0,,2.0,1.0,2.0,,12.0,1.0,0.0,1.0,,,,,,,,1.0,,,
cpl::Football_Player::ea993e84d28d42ad8bdef8cff90110c3,J. Gagnon-Laparé,Wanderers,Midfielder,2024,midfielder,23,1264,0,2,10,2,4,2,18,27,28,0,10,1,0,85.0,23,1.64,10,0,1,0,0,0,0,0,58.06,50.32,70.0,14.29,0,0,0,0,0,0,0,0,0,0,0,0,0,78.0,,20.0,2.0,2.0,10.0,,162.0,3.0,,99.0,,656.0,14.0,28.0,,66.0,23.0,31.0,16.0,557.0,516.0,,27.0,20.0,,,23.0,10.0,,882.0,286.0,41.0,86.0,,,,30.0,112.0,20.0,179.0,77.0,,21.0,155.0,135.0,11.0,79.0,524.0,3.0,10.0,18.0,,13.0,618.0,275.0,1.0,,194.0,64.0,1264.0,,,71.0,0.0,,11.0,,7.0,14.0,7.0,2.0,1.0,5.0,6.0,1.0,28.0,1.0,26.0,10.0,6.0,13.0,4.0,14.0,,6.0,4.0,3.0,5.0,,7.0,1.0,,10.0,,12.0,,2.0,,,171.0,,17.0,6.0,3.0,2.0,3.0,,,,,,,,1.0,,,,,,
cpl::Football_Player::88ac022bf06149f1be2ce2ab7f3c087c,Z. Verhoven,Vancouver,Midfielder,2024,midfielder,4,96,0,0,1,0,0,0,3,9,3,0,2,0,0,78.0,2,1.88,0,0,0,0,0,0,0,0,60.0,33.33,0.0,0.0,0,0,0,0,0,0,0,0,0,0,0,0,0,12.0,,,,1.0,2.0,1.0,24.0,,,10.0,,44.0,,3.0,,3.0,4.0,5.0,,34.0,32.0,,9.0,1.0,,,4.0,8.0,,91.0,23.0,2.0,9.0,,,,3.0,10.0,2.0,14.0,24.0,,2.0,36.0,35.0,3.0,10.0,34.0,,10.0,3.0,,2.0,44.0,11.0,,,10.0,12.0,96.0,,,23.0,0.0,,1.0,,2.0,,4.0,,,4.0,1.0,,10.0,,8.0,1.0,1.0,2.0,,1.0,,6.0,,,1.0,,,,,,,1.0,,,,,10.0,,2.0,2.0,,,5.0,,,,,,,,,,,,,,
cpl::Football_Player::b78b9cf10b374d23824749c6e410990c,E. Adekugbe,Inter Toronto,Midfielder,2024,midfielder,29,2171,1,2,6,3,2,2,31,32,39,1,9,0,0,90.0,31,1.29,2,0,1,0,0,0,0,0,59.62,62.23,57.14,16.67,0,0,0,0,0,0,0,0,0,0,0,0,0,117.0,,52.0,2.0,2.0,9.0,1.0,201.0,5.0,,161.0,,1572.0,20.0,39.0,,121.0,29.0,52.0,23.0,1411.0,1299.0,,32.0,35.0,,,29.0,16.0,9.0,1831.0,603.0,112.0,111.0,,,,55.0,472.0,26.0,452.0,71.0,,17.0,188.0,153.0,7.0,109.0,1364.0,24.0,10.0,31.0,,34.0,1522.0,809.0,1.0,6.0,461.0,97.0,2171.0,,,56.0,0.0,,11.0,,4.0,4.0,6.0,,,7.0,15.0,,9.0,,14.0,6.0,4.0,21.0,2.0,21.0,,3.0,1.0,1.0,2.0,1.0,,,,2.0,1.0,7.0,,11.0,,1.0,187.0,,5.0,4.0,,,2.0,1.0,0.0,,,1.0,,,3.0,,,,,,
cpl::Football_Player::d80c8273244649a0841591e849fc3590,D. Gutiérrez,Cavalry,Midfielder,2024,midfielder,29,2148,0,0,16,0,2,0,53,22,23,1,6,0,0,90.0,23,0.96,12,0,1,0,0,0,0,0,68.83,55.07,43.75,20.83,0,0,0,0,0,0,0,0,0,0,0,0,0,125.0,,32.0,,3.0,6.0,,223.0,3.0,,141.0,,1292.0,7.0,23.0,,155.0,29.0,77.0,24.0,1151.0,1065.0,,22.0,16.0,,,29.0,15.0,5.0,1659.0,622.0,86.0,108.0,,,,49.0,322.0,20.0,324.0,102.0,,40.0,227.0,211.0,31.0,109.0,1106.0,16.0,10.0,53.0,,22.0,1247.0,538.0,,5.0,371.0,118.0,2148.0,,,93.0,0.0,,21.0,,2.0,10.0,5.0,,,18.0,9.0,,39.0,1.0,27.0,16.0,14.0,24.0,2.0,23.0,,11.0,9.0,5.0,9.0,,5.0,3.0,,12.0,,22.0,,3.0,,1.0,275.0,,16.0,9.0,1.0,2.0,15.0,,,,,,,2.0,1.0,,,,,,
cpl::Football_Player::045e23648de340b18402e45860ddb268,G. McDonnell,Vancouver,Midfielder,2024,midfielder,17,407,0,2,4,2,2,2,9,5,11,0,1,0,0,79.0,12,2.65,1,0,0,0,0,0,0,0,60.0,44.44,23.53,14.29,0,0,0,0,0,0,0,0,0,0,0,0,0,36.0,,4.0,2.0,1.0,1.0,,69.0,1.0,,22.0,,102.0,4.0,11.0,,20.0,17.0,15.0,3.0,80.0,78.0,,5.0,17.0,,,17.0,3.0,1.0,223.0,61.0,2.0,24.0,,,,4.0,21.0,11.0,32.0,45.0,,15.0,81.0,64.0,2.0,18.0,79.0,2.0,10.0,9.0,,5.0,101.0,20.0,2.0,,24.0,32.0,407.0,,,32.0,0.0,,7.0,,7.0,3.0,14.0,,,6.0,13.0,,21.0,,21.0,4.0,2.0,6.0,2.0,2.0,,3.0,1.0,1.0,3.0,,,,1.0,1.0,,,,,,,25.0,,6.0,6.0,,3.0,16.0,,,,,,,,,,,,,,
cpl::Football_Player::d3d6fda71a9e4981abbb1d3785bc0dee,C. Trafford,Cavalry,Midfielder,2024,midfielder,22,892,1,0,8,1,4,0,25,30,33,0,3,0,0,88.0,9,0.91,0,0,0,0,0,0,0,0,75.76,60.51,72.22,0.0,0,0,0,0,0,0,0,0,0,0,0,0,0,95.0,,16.0,,,3.0,,111.0,2.0,,79.0,,614.0,26.0,33.0,,72.0,22.0,33.0,11.0,535.0,511.0,,30.0,36.0,,,22.0,15.0,1.0,798.0,236.0,24.0,56.0,,,,25.0,154.0,7.0,195.0,62.0,,22.0,157.0,121.0,6.0,63.0,514.0,7.0,10.0,25.0,,18.0,592.0,299.0,,,149.0,69.0,892.0,,,52.0,1.0,,15.0,,1.0,9.0,11.0,4.0,,3.0,10.0,,17.0,,12.0,8.0,4.0,8.0,4.0,16.0,,,,,1.0,1.0,,,,,1.0,6.0,,4.0,,,116.0,,2.0,2.0,,1.0,7.0,1.0,0.0,1.0,,,,,,,,,,,
cpl::Football_Player::f52a8b692a56475c9c08c17236a42e86,S. Shome,Cavalry,Midfielder,2024,midfielder,30,2504,0,1,11,1,3,1,32,35,20,0,4,0,0,86.0,26,0.93,0,0,0,0,0,0,0,0,61.54,54.63,62.5,16.67,0,0,0,0,0,0,0,0,0,0,0,0,0,124.0,,31.0,1.0,3.0,4.0,,236.0,4.0,,153.0,,1028.0,30.0,20.0,,104.0,30.0,52.0,29.0,875.0,839.0,,35.0,48.0,,,30.0,21.0,7.0,1414.0,507.0,36.0,118.0,,,,45.0,246.0,22.0,355.0,103.0,,46.0,227.0,179.0,26.0,122.0,855.0,12.0,10.0,32.0,,28.0,1008.0,370.0,,6.0,266.0,94.0,2504.0,,,85.0,0.0,,28.0,,7.0,10.0,1.0,2.0,,22.0,18.0,,30.0,2.0,36.0,11.0,8.0,20.0,3.0,37.0,,32.0,2.0,2.0,6.0,,,,5.0,,,6.0,,3.0,,,161.0,,10.0,10.0,1.0,1.0,10.0,,,,,,,,,,,,,,
cpl::Football_Player::6dd3b00ab7fe46b8bd3bac07dda809e8,O. Rommens,Vancouver,Midfielder,2024,midfielder,14,1043,0,0,8,0,2,0,13,17,21,0,3,0,0,88.0,13,1.12,15,0,0,0,0,0,0,0,61.9,58.16,60.0,11.11,0,0,0,0,0,0,0,0,0,0,0,0,0,57.0,,18.0,,,3.0,,111.0,1.0,,65.0,,527.0,9.0,21.0,,52.0,14.0,21.0,13.0,462.0,422.0,,17.0,15.0,,,14.0,6.0,2.0,695.0,238.0,40.0,73.0,,,,14.0,159.0,12.0,136.0,41.0,,20.0,98.0,83.0,14.0,47.0,447.0,8.0,10.0,13.0,,9.0,510.0,230.0,,1.0,138.0,48.0,1043.0,,,35.0,0.0,,13.0,,5.0,7.0,1.0,1.0,,7.0,6.0,,13.0,,13.0,8.0,6.0,8.0,2.0,7.0,,2.0,6.0,3.0,3.0,,11.0,2.0,,15.0,,6.0,,2.0,,,94.0,,22.0,8.0,,,5.0,,,,,,,1.0,,,,,,,
cpl::Football_Player::b631f78036324d79a97a6c1cfe650d2a,P. Lamothe,Pacific,Midfielder,2024,midfielder,22,1070,0,0,5,0,0,0,28,33,8,2,2,1,0,90.0,10,0.84,1,0,0,0,0,0,0,0,66.67,46.43,42.86,14.29,0,0,0,0,0,0,0,0,0,0,0,0,0,65.0,,11.0,,,2.0,,102.0,,,53.0,,499.0,6.0,8.0,,62.0,22.0,42.0,12.0,446.0,426.0,,33.0,14.0,,,22.0,20.0,1.0,687.0,238.0,20.0,40.0,,,,19.0,170.0,10.0,130.0,75.0,,19.0,140.0,126.0,7.0,42.0,440.0,8.0,10.0,28.0,,9.0,493.0,209.0,,1.0,101.0,59.0,1070.0,,,67.0,0.0,,11.0,,2.0,9.0,10.0,1.0,1.0,10.0,8.0,,23.0,1.0,9.0,5.0,5.0,14.0,,10.0,,1.0,1.0,1.0,1.0,,,,,1.0,,6.0,,1.0,,2.0,98.0,,6.0,6.0,2.0,2.0,8.0,,,,,,,,,1.0,,,,,
cpl::Football_Player::9d723c58b62545c7b3ff13a3e7d81b87,Diogo Ressurreição,Valour,Midfielder,2024,midfielder,27,2009,3,2,28,5,13,2,13,28,26,0,3,0,0,77.0,29,1.3,3,0,0,0,0,0,0,0,54.17,41.97,25.0,20.0,0,0,0,0,0,0,0,0,0,0,0,0,0,81.0,,52.0,2.0,7.0,3.0,,298.0,2.0,,168.0,,714.0,4.0,26.0,,117.0,27.0,24.0,22.0,546.0,497.0,,28.0,16.0,,,27.0,17.0,2.0,1050.0,355.0,49.0,153.0,,,,47.0,130.0,27.0,245.0,112.0,,54.0,193.0,177.0,18.0,116.0,534.0,14.0,10.0,13.0,,3.0,702.0,199.0,1.0,1.0,195.0,77.0,2009.0,,,100.0,2.0,,20.0,,8.0,8.0,5.0,,,28.0,12.0,,51.0,3.0,21.0,28.0,15.0,11.0,13.0,14.0,,8.0,8.0,8.0,9.0,1.0,2.0,,,3.0,3.0,15.0,,3.0,2.0,,144.0,,32.0,29.0,5.0,7.0,19.0,2.0,1.0,1.0,,,,1.0,,,,,2.0,,
cpl::Football_Player::3c3cd8920062442f93c9e257f9d44111,N. Jensen,Forge,Midfielder,2024,midfielder,28,1480,6,0,32,6,19,0,10,23,20,2,1,0,0,82.0,15,0.91,20,0,0,0,0,0,0,0,58.82,34.84,9.09,14.29,0,0,0,0,0,0,0,0,0,0,0,0,0,54.0,,35.0,,1.0,1.0,,246.0,2.0,,127.0,,704.0,1.0,20.0,,71.0,28.0,17.0,16.0,577.0,506.0,,23.0,11.0,,,28.0,6.0,6.0,1014.0,381.0,71.0,141.0,,,,22.0,175.0,13.0,221.0,101.0,,24.0,155.0,144.0,24.0,92.0,558.0,7.0,10.0,10.0,,18.0,679.0,202.0,,2.0,159.0,53.0,1480.0,,,91.0,4.0,,12.0,,9.0,12.0,12.0,,,17.0,10.0,,51.0,,48.0,32.0,13.0,7.0,19.0,12.0,,10.0,6.0,6.0,9.0,3.0,11.0,,,20.0,6.0,7.0,,3.0,3.0,2.0,149.0,,36.0,22.0,3.0,1.0,25.0,4.0,2.0,3.0,,,,,,,,,3.0,,
cpl::Football_Player::edcf64e77c8c4771af573d1d441cc470,C. Toussaint,Pacific,Midfielder,2024,midfielder,19,1221,0,0,12,0,6,0,38,17,17,0,5,0,0,82.0,14,1.03,0,0,1,0,0,0,0,0,71.7,57.67,44.44,25.0,0,0,0,0,0,0,0,0,0,0,0,0,0,94.0,,24.0,,1.0,5.0,,177.0,4.0,,126.0,,685.0,12.0,17.0,,80.0,19.0,53.0,13.0,559.0,535.0,,17.0,27.0,,,19.0,9.0,1.0,935.0,303.0,24.0,100.0,,,,35.0,139.0,10.0,250.0,69.0,,27.0,163.0,136.0,14.0,102.0,538.0,12.0,10.0,38.0,,24.0,664.0,259.0,,4.0,183.0,82.0,1221.0,,,54.0,0.0,,13.0,,1.0,5.0,6.0,3.0,,13.0,15.0,,21.0,,13.0,12.0,6.0,15.0,6.0,16.0,,14.0,3.0,3.0,2.0,,,,1.0,,,15.0,,4.0,,,113.0,,9.0,9.0,,2.0,12.0,,,,,,,,,,,,,,
cpl::Football_Player::c0ae1ca6360b41c6ad94f45a8b50a872,T. Crawford,Vancouver,Midfielder,2024,midfielder,8,151,0,0,0,0,0,0,5,1,2,0,0,0,0,80.0,3,1.79,0,0,0,0,0,0,0,0,71.43,61.11,100.0,18.18,0,0,0,0,0,0,0,0,0,0,0,0,0,11.0,,6.0,,,,,39.0,,,21.0,,105.0,2.0,2.0,,3.0,8.0,7.0,1.0,84.0,82.0,,1.0,2.0,,,8.0,,1.0,158.0,37.0,2.0,21.0,,,,9.0,,3.0,34.0,7.0,,3.0,18.0,16.0,2.0,15.0,82.0,3.0,10.0,5.0,,4.0,103.0,49.0,,,52.0,9.0,151.0,,,7.0,0.0,,1.0,,1.0,2.0,7.0,1.0,,,,,3.0,,,,,2.0,,,,14.0,2.0,2.0,,,,,1.0,,,,,1.0,,,19.0,,9.0,9.0,,,3.0,,,,,,,,,,,,,,
cpl::Football_Player::913d577963044f029317574fd338c2ae,M. Domínguez,Pacific,Midfielder,2024,midfielder,10,741,0,0,4,0,0,0,23,18,13,2,7,0,0,82.0,12,1.46,0,0,0,0,0,0,0,0,63.89,62.38,75.0,50.0,0,0,0,0,0,0,0,0,0,0,0,0,0,63.0,,28.0,,,7.0,,89.0,2.0,,65.0,,349.0,9.0,13.0,,66.0,10.0,36.0,9.0,284.0,249.0,,18.0,12.0,,,10.0,9.0,6.0,486.0,141.0,35.0,49.0,,,,17.0,91.0,10.0,106.0,38.0,,14.0,101.0,89.0,7.0,37.0,266.0,8.0,10.0,23.0,,16.0,329.0,144.0,,,112.0,54.0,741.0,,,35.0,0.0,,10.0,,1.0,6.0,1.0,1.0,,5.0,3.0,,10.0,,3.0,4.0,4.0,13.0,,15.0,,1.0,1.0,1.0,,,,,,,,1.0,,2.0,,2.0,40.0,,1.0,1.0,1.0,2.0,2.0,,,,,,,,,,,,,,
cpl::Football_Player::8672b437fd894bf59745276b8d578193,S. Márquez,Inter Toronto,Midfielder,2024,midfielder,12,591,0,1,2,1,0,1,4,5,6,1,2,0,0,85.0,11,1.68,0,0,0,0,0,0,0,0,33.33,52.08,50.0,0.0,0,0,0,0,0,0,0,0,0,0,0,0,0,25.0,,17.0,1.0,1.0,2.0,,74.0,,,54.0,,344.0,2.0,6.0,,37.0,12.0,12.0,5.0,290.0,270.0,,5.0,4.0,,,12.0,2.0,,423.0,143.0,20.0,42.0,,,,15.0,88.0,11.0,78.0,23.0,,6.0,48.0,44.0,3.0,37.0,285.0,9.0,10.0,4.0,,3.0,339.0,147.0,1.0,1.0,104.0,23.0,591.0,,,21.0,0.0,,5.0,,1.0,1.0,7.0,1.0,,5.0,2.0,,12.0,,8.0,2.0,2.0,8.0,,13.0,,,,,3.0,,,,,,,2.0,,,,1.0,74.0,,3.0,3.0,,,3.0,,,,,,,,,,,,,,
cpl::Football_Player::82ff8e880ba54f74a34fe1f8165f3b46,Matthew Baldisimo,Inter Toronto,Midfielder,2024,midfielder,14,766,0,0,1,0,0,0,11,14,2,0,3,0,0,88.0,11,1.29,1,0,0,0,0,0,0,0,50.0,50.79,63.64,0.0,0,0,0,0,0,0,0,0,0,0,0,0,0,32.0,,19.0,,1.0,3.0,,71.0,,,52.0,,415.0,7.0,2.0,,23.0,14.0,22.0,9.0,363.0,333.0,,14.0,11.0,,,14.0,8.0,1.0,509.0,131.0,30.0,34.0,,,,24.0,135.0,11.0,111.0,31.0,,14.0,63.0,52.0,1.0,33.0,350.0,6.0,10.0,11.0,,18.0,402.0,233.0,,1.0,102.0,25.0,766.0,,,27.0,0.0,,2.0,,2.0,4.0,5.0,1.0,,2.0,4.0,,5.0,1.0,2.0,1.0,1.0,11.0,,8.0,,1.0,1.0,,,,,1.0,,1.0,,4.0,,4.0,,,67.0,,6.0,6.0,,,2.0,,,,,,,,,,,,,,
cpl::Football_Player::3aa93b6a47f24dd59a4d50f71ae926d5,M. Cantave,Vancouver,Midfielder,2024,midfielder,25,1443,1,3,23,4,6,3,21,38,43,4,5,0,0,76.0,20,1.25,9,0,0,0,0,0,0,0,67.74,50.19,45.45,27.78,0,0,0,0,0,0,0,0,0,0,0,0,0,135.0,,15.0,3.0,3.0,5.0,,221.0,,,85.0,,341.0,20.0,43.0,,60.0,25.0,31.0,16.0,256.0,244.0,,38.0,44.0,,,25.0,23.0,,697.0,159.0,12.0,88.0,,,,22.0,72.0,20.0,91.0,134.0,,25.0,269.0,225.0,8.0,70.0,253.0,6.0,10.0,21.0,,9.0,338.0,108.0,3.0,,81.0,115.0,1443.0,,,110.0,0.0,,13.0,,10.0,16.0,9.0,1.0,,42.0,24.0,,65.0,1.0,51.0,23.0,17.0,10.0,6.0,5.0,,2.0,11.0,10.0,5.0,1.0,7.0,1.0,,9.0,1.0,7.0,,3.0,,4.0,97.0,,25.0,17.0,2.0,5.0,40.0,0.0,1.0,,,1.0,,1.0,,,,,,,
cpl::Football_Player::f96ba1d3c2ae48a9b93c5022d4b5a8a8,J. Lopez,Inter Toronto,Midfielder,2024,midfielder,1,1,0,0,0,0,0,0,0,0,0,0,0,0,0,50.0,0,0.0,0,0,0,0,0,0,0,0,0.0,100.0,0.0,0.0,0,0,0,0,0,0,0,0,0,0,0,0,0,1.0,,,,,,,1.0,,,1.0,,2.0,,,,1.0,1.0,1.0,,1.0,1.0,,,,,,1.0,,,4.0,1.0,,1.0,,,,,2.0,,,,,,1.0,1.0,,1.0,1.0,,10.0,,,,2.0,,,,,1.0,1.0,,,,0.0,,,,,,1.0,,,,,,,,,,,1.0,,,,,,,,,,,,,,,,,,,,,,,,,,,,,,,,,,,,,,,
cpl::Football_Player::03b82a7bcff7496e991befe586fcc2c9,S. Young,Pacific,Midfielder,2024,midfielder,29,2248,2,0,22,2,7,0,40,22,17,0,5,0,0,84.0,29,1.16,0,0,0,2,1,0,0,0,63.49,54.78,57.41,0.0,0,0,0,0,0,0,0,0,0,0,0,0,0,126.0,,56.0,,1.0,5.0,,275.0,5.0,,210.0,,1306.0,31.0,17.0,,143.0,29.0,63.0,26.0,1096.0,1006.0,,22.0,54.0,,,29.0,10.0,10.0,1690.0,498.0,90.0,142.0,,,,71.0,401.0,24.0,429.0,104.0,,58.0,230.0,176.0,10.0,154.0,1066.0,30.0,10.0,40.0,,52.0,1274.0,598.0,,6.0,360.0,95.0,2248.0,,,81.0,0.0,,37.0,,1.0,8.0,3.0,,,16.0,23.0,,36.0,2.0,30.0,22.0,15.0,23.0,7.0,37.0,,2.0,,,6.0,2.0,,,,,2.0,12.0,2.0,20.0,2.0,,116.0,,3.0,3.0,1.0,2.0,12.0,1.0,1.0,,,,,1.0,,,1.0,,,,
cpl::Football_Player::25edf8435cd445dfbfb5185b259ca0cf,V. Fry,Vancouver,Midfielder,2024,midfielder,23,1728,2,2,11,4,4,2,36,43,20,1,9,1,0,81.0,23,1.2,49,0,0,0,0,0,0,0,53.73,51.14,47.06,8.33,0,0,0,0,0,0,0,0,0,0,0,0,0,112.0,,45.0,2.0,3.0,9.0,1.0,272.0,1.0,,151.0,,783.0,16.0,20.0,,97.0,23.0,67.0,22.0,632.0,574.0,,43.0,34.0,,,23.0,32.0,2.0,1160.0,356.0,58.0,188.0,,,,37.0,198.0,22.0,254.0,107.0,,46.0,219.0,185.0,23.0,106.0,607.0,17.0,10.0,36.0,,23.0,752.0,305.0,1.0,2.0,208.0,96.0,1728.0,,,89.0,2.0,,28.0,,13.0,10.0,1.0,3.0,1.0,9.0,18.0,1.0,15.0,2.0,16.0,11.0,7.0,31.0,4.0,22.0,,3.0,29.0,8.0,4.0,1.0,28.0,14.0,1.0,49.0,2.0,9.0,,6.0,,1.0,123.0,1.0,74.0,33.0,,1.0,7.0,1.0,1.0,2.0,,,,,,,,,1.0,,
cpl::Football_Player::258f605d8ae64e80ad26709927d49cec,S. Keshavarz,Pacific,Midfielder,2024,midfielder,8,375,0,0,2,0,2,0,7,2,3,2,0,0,0,78.0,3,0.72,2,0,0,0,0,0,0,0,46.67,46.43,35.29,25.0,0,0,0,0,0,0,0,0,0,0,0,0,0,26.0,,8.0,,,,,43.0,,,24.0,,107.0,6.0,3.0,,17.0,8.0,15.0,4.0,83.0,77.0,,2.0,17.0,,,8.0,1.0,2.0,171.0,55.0,6.0,19.0,,,,7.0,22.0,3.0,30.0,30.0,,9.0,56.0,39.0,4.0,16.0,79.0,4.0,10.0,7.0,,3.0,103.0,30.0,,2.0,21.0,20.0,375.0,,,19.0,0.0,,5.0,,1.0,2.0,4.0,,,2.0,11.0,,10.0,,6.0,2.0,,8.0,2.0,1.0,,,2.0,1.0,1.0,,1.0,1.0,,2.0,,4.0,,3.0,,2.0,34.0,,2.0,1.0,,,3.0,,,,,,,,,,,,,,
cpl::Football_Player::165349da6f4642fb9d3d648ac53a905c,A. Ndom,Pacific,Midfielder,2024,midfielder,6,455,0,0,2,0,1,0,2,7,3,0,1,0,0,88.0,0,0.0,0,0,0,0,0,0,0,0,66.67,50.0,75.0,0.0,0,0,0,0,0,0,0,0,0,0,0,0,0,17.0,,18.0,,,1.0,,41.0,,3.0,35.0,,276.0,6.0,3.0,,20.0,6.0,3.0,6.0,241.0,218.0,,7.0,8.0,3.0,,6.0,5.0,3.0,340.0,70.0,23.0,22.0,,,,14.0,52.0,,103.0,17.0,,1.0,34.0,26.0,1.0,17.0,230.0,6.0,10.0,2.0,,20.0,264.0,171.0,,5.0,107.0,11.0,455.0,,,15.0,0.0,,,,2.0,1.0,,,,5.0,2.0,,2.0,,1.0,2.0,1.0,1.0,1.0,6.0,,8.0,,,1.0,,,,2.0,,,,,3.0,,,14.0,,1.0,1.0,2.0,,2.0,,,,,,,1.0,,,,,,,
cpl::Football_Player::a2d59a105ffa40e592a486e9b62e55b0,M. Voytsekhovskyi,Inter Toronto,Midfielder,2024,midfielder,14,549,2,1,10,3,6,1,7,11,10,2,3,0,0,74.0,10,1.64,0,0,1,0,0,0,0,0,70.0,37.5,35.71,11.11,0,0,0,0,0,0,0,0,0,0,0,0,0,30.0,,8.0,1.0,,3.0,,78.0,2.0,,36.0,,134.0,5.0,10.0,,23.0,14.0,10.0,5.0,98.0,96.0,,11.0,14.0,,,14.0,5.0,,246.0,77.0,2.0,34.0,,,,10.0,32.0,8.0,41.0,50.0,,17.0,80.0,66.0,6.0,28.0,96.0,1.0,10.0,7.0,,1.0,132.0,22.0,,,28.0,25.0,549.0,,,41.0,0.0,,9.0,,4.0,4.0,9.0,,,6.0,9.0,,19.0,,27.0,10.0,4.0,3.0,6.0,,,2.0,1.0,1.0,4.0,2.0,,,,,2.0,1.0,,1.0,1.0,2.0,33.0,,8.0,8.0,,1.0,11.0,2.0,0.0,,,1.0,,,,,,,,,
cpl::Football_Player::1f4a9af68a764f0c95fa10063975c4c8,S. Mlah,Valour,Midfielder,2024,midfielder,14,888,1,1,8,2,2,1,10,13,7,0,2,0,0,79.0,10,1.01,2,0,1,0,0,0,0,0,62.5,45.68,36.84,12.5,0,0,0,0,0,0,0,0,0,0,0,0,0,37.0,,6.0,1.0,2.0,2.0,,103.0,,,60.0,,282.0,7.0,7.0,,51.0,14.0,16.0,11.0,222.0,215.0,,13.0,19.0,,,14.0,7.0,3.0,430.0,100.0,7.0,44.0,,,,23.0,73.0,10.0,102.0,44.0,,23.0,81.0,62.0,2.0,54.0,220.0,2.0,10.0,10.0,,16.0,280.0,123.0,1.0,,61.0,30.0,888.0,,,32.0,0.0,,9.0,,3.0,10.0,3.0,,,8.0,12.0,,15.0,,10.0,8.0,6.0,6.0,2.0,16.0,,2.0,1.0,1.0,3.0,1.0,1.0,,,2.0,1.0,1.0,,4.0,1.0,,46.0,,7.0,6.0,1.0,1.0,6.0,0.0,1.0,,,,,,,,,,,,
cpl::Football_Player::bcd2bd431fea40f2ad5e2cd7d95bef32,A. Sissoko,Atlético,Midfielder,2024,midfielder,30,2151,3,2,18,5,9,2,25,19,59,0,6,0,0,88.0,30,1.26,0,0,0,0,0,0,0,0,62.5,57.78,52.63,6.25,0,0,0,0,0,0,0,0,0,0,0,0,0,130.0,,20.0,2.0,1.0,6.0,,208.0,5.0,,113.0,,888.0,20.0,59.0,,124.0,30.0,40.0,25.0,775.0,747.0,,19.0,38.0,,,30.0,10.0,3.0,1247.0,364.0,28.0,103.0,,,,25.0,234.0,25.0,185.0,95.0,,43.0,225.0,187.0,11.0,93.0,763.0,10.0,10.0,25.0,,35.0,871.0,412.0,1.0,4.0,280.0,110.0,2151.0,,,77.0,1.0,,23.0,,7.0,13.0,5.0,2.0,,12.0,18.0,,44.0,,36.0,18.0,9.0,15.0,9.0,21.0,,14.0,1.0,1.0,5.0,3.0,,,,,3.0,13.0,,3.0,2.0,,189.0,,15.0,15.0,3.0,,19.0,2.0,1.0,,,1.0,,,,,,1.0,,,
cpl::Football_Player::a4c7c645cfc244d59a886830c20ae894,M. Vales,Pacific,Midfielder,2024,midfielder,0,0,0,0,0,0,0,0,0,0,0,0,0,0,0,,0,,0,0,0,0,0,0,0,0,0.0,0.0,0.0,0.0,0,0,0,0,0,0,0,0,0,0,0,0,0,,,,,,,,,,,,,,,,,,,,,,,,,,,,,,,,,,,,,,,,,,,,,,,,,,,,,,,,,,,,,,,,,,,,,,,,,,,,,,,,,,,,,,,,,,,,,,,,,,,,,,,,,,,,,,,,,,,,,,,,,
cpl::Football_Player::fd8128d359f64c5180b7115c46766e93,T. Esprit,Inter Toronto,Midfielder,2024,midfielder,13,179,0,0,0,0,0,0,3,4,4,0,0,0,0,91.0,5,2.51,1,0,0,0,0,0,0,0,75.0,38.89,25.0,0.0,0,0,0,0,0,0,0,0,0,0,0,0,0,14.0,,1.0,,1.0,,,27.0,,,5.0,,51.0,1.0,4.0,,12.0,13.0,4.0,2.0,46.0,46.0,,4.0,4.0,,,13.0,1.0,,97.0,23.0,,8.0,,,,1.0,14.0,5.0,10.0,22.0,,4.0,36.0,32.0,1.0,4.0,45.0,,10.0,3.0,,3.0,50.0,23.0,,,6.0,13.0,179.0,,,19.0,0.0,,2.0,,1.0,2.0,11.0,,,5.0,3.0,,11.0,,3.0,,,1.0,,,,1.0,,,,,1.0,,,1.0,,3.0,,1.0,,,21.0,,4.0,3.0,,1.0,7.0,,,,,,,,,,,,,,
cpl::Football_Player::9a040c91c1d2424ca095e663faf5075a,K. Kane,Forge,Midfielder,2024,midfielder,9,155,0,0,2,0,1,0,3,4,7,0,2,1,0,78.0,1,0.58,0,0,0,0,0,0,0,0,60.0,61.54,50.0,0.0,0,0,0,0,0,0,0,0,0,0,0,0,0,16.0,,5.0,,,2.0,,27.0,,,18.0,,79.0,3.0,7.0,,12.0,9.0,5.0,1.0,61.0,56.0,,4.0,6.0,,,9.0,1.0,,116.0,28.0,5.0,12.0,,,,6.0,23.0,1.0,19.0,10.0,,3.0,26.0,20.0,,13.0,60.0,2.0,10.0,3.0,,,77.0,33.0,,,17.0,13.0,155.0,,,7.0,0.0,,,,,,8.0,1.0,1.0,1.0,3.0,1.0,4.0,1.0,,2.0,1.0,2.0,1.0,7.0,,,,,,,,,,,,,,,,,20.0,,,,,,3.0,,,,,,,,,,,,,,
cpl::Football_Player::c61bc69e3cc04986a50e309ba356335c,K. Kibato,Inter Toronto,Midfielder,2024,midfielder,14,620,0,0,1,0,1,0,10,7,13,0,2,0,0,87.0,14,2.03,2,0,0,0,0,0,0,0,55.56,54.88,40.0,33.33,0,0,0,0,0,0,0,0,0,0,0,0,0,45.0,,10.0,,1.0,2.0,,70.0,3.0,,39.0,,287.0,4.0,13.0,,28.0,14.0,18.0,7.0,248.0,242.0,,7.0,10.0,,,14.0,6.0,1.0,414.0,133.0,6.0,28.0,,,,16.0,49.0,11.0,69.0,37.0,,17.0,82.0,72.0,4.0,29.0,241.0,5.0,10.0,10.0,,3.0,280.0,119.0,,,97.0,41.0,620.0,,,31.0,0.0,,8.0,,1.0,4.0,7.0,,,10.0,6.0,,13.0,,3.0,1.0,,8.0,1.0,4.0,,22.0,4.0,3.0,1.0,,1.0,1.0,4.0,2.0,,5.0,,3.0,,,72.0,,5.0,4.0,,1.0,8.0,,,,,,,,,,,,,,
cpl::Football_Player::b2128eb98c0e4992a9bce2dd26483fb4,O. Benítez,Forge,Midfielder,2024,midfielder,3,73,0,0,0,0,0,0,1,2,3,1,0,0,0,81.0,0,0.0,1,0,0,0,0,0,0,0,50.0,50.0,50.0,14.29,0,0,0,0,0,0,0,0,0,0,0,0,0,6.0,,,,,,,16.0,,,6.0,,31.0,1.0,3.0,,7.0,3.0,2.0,,25.0,25.0,,2.0,2.0,,,3.0,1.0,,48.0,17.0,,11.0,,,,1.0,11.0,,6.0,6.0,,1.0,12.0,10.0,,6.0,24.0,,10.0,1.0,,,30.0,9.0,,,3.0,5.0,73.0,,,5.0,0.0,,1.0,,1.0,,3.0,,,,1.0,,1.0,,1.0,,,1.0,,,,,1.0,1.0,,,1.0,,,1.0,,,,,,1.0,11.0,,6.0,5.0,,,,,,,,,,,,,,,,,
cpl::Football_Player::a4d26a57d62040df8359a9bc96b1db67,D. Campbell,Valour,Midfielder,2024,midfielder,24,2088,1,0,5,1,3,0,41,50,53,0,10,0,0,80.0,30,1.29,0,0,0,0,0,0,0,0,64.06,54.39,50.72,28.57,0,0,0,0,0,0,0,0,0,0,0,0,0,161.0,,92.0,,3.0,10.0,1.0,282.0,3.0,,195.0,,930.0,35.0,53.0,,100.0,24.0,64.0,23.0,735.0,684.0,,50.0,69.0,,,24.0,24.0,9.0,1391.0,331.0,51.0,154.0,,,,51.0,235.0,27.0,373.0,135.0,,40.0,296.0,227.0,7.0,103.0,695.0,42.0,10.0,41.0,,59.0,889.0,408.0,,2.0,173.0,126.0,2088.0,,,101.0,0.0,,25.0,,1.0,2.0,1.0,6.0,,10.0,34.0,,31.0,1.0,14.0,5.0,2.0,23.0,3.0,40.0,,55.0,4.0,4.0,,1.0,,,18.0,,1.0,2.0,,15.0,,,149.0,,10.0,10.0,1.0,,12.0,0.0,1.0,,,1.0,,,1.0,,,,,,
cpl::Football_Player::6a778700603244eeabcce04c59c6ccc0,A. Hojabrpour,Forge,Midfielder,2024,midfielder,30,2529,1,2,13,3,2,2,30,20,21,0,6,1,0,88.0,32,1.14,0,0,1,0,0,0,0,0,49.18,56.16,54.05,50.0,0,0,0,0,0,0,0,0,0,0,0,0,0,114.0,,49.0,2.0,3.0,6.0,,225.0,4.0,1.0,181.0,1.0,1499.0,20.0,21.0,,159.0,30.0,61.0,29.0,1318.0,1191.0,,20.0,37.0,,,30.0,12.0,9.0,1820.0,724.0,127.0,130.0,,,,52.0,528.0,28.0,478.0,89.0,,31.0,203.0,166.0,25.0,132.0,1256.0,8.0,10.0,30.0,,36.0,1434.0,595.0,1.0,9.0,344.0,94.0,2529.0,,,72.0,1.0,,16.0,,2.0,6.0,1.0,2.0,1.0,13.0,17.0,,20.0,,20.0,13.0,11.0,31.0,2.0,40.0,,4.0,1.0,1.0,4.0,,,,,,1.0,10.0,,12.0,1.0,,149.0,1.0,1.0,1.0,5.0,2.0,11.0,1.0,0.0,,,,,,2.0,1.0,,,1.0,,
cpl::Football_Player::4aaee5db17ba48859051daf2523b6845,I. Iliadis,Atlético,Midfielder,2024,midfielder,11,663,2,0,4,2,3,0,12,5,3,1,3,0,0,78.0,9,1.22,16,0,2,0,0,0,0,0,85.71,50.82,60.0,10.0,0,0,0,0,0,0,0,0,0,0,0,0,0,31.0,,54.0,,1.0,3.0,,139.0,1.0,,79.0,,358.0,9.0,3.0,,42.0,11.0,14.0,6.0,279.0,237.0,,5.0,15.0,,,11.0,3.0,10.0,526.0,109.0,42.0,83.0,,,,22.0,20.0,8.0,144.0,30.0,,9.0,61.0,46.0,6.0,25.0,275.0,31.0,10.0,12.0,,22.0,351.0,176.0,,2.0,147.0,22.0,663.0,,,24.0,2.0,,3.0,,4.0,1.0,5.0,1.0,,5.0,6.0,,11.0,,5.0,4.0,1.0,2.0,3.0,16.0,,12.0,6.0,3.0,3.0,,13.0,1.0,12.0,16.0,2.0,,,4.0,,1.0,47.0,,26.0,10.0,1.0,,5.0,1.0,1.0,2.0,,,,,1.0,,,,2.0,,
cpl::Football_Player::6ed2482185664d628c7b93825e1da6f9,A. Tîrcoveanu,Pacific,Midfielder,2024,midfielder,22,856,2,1,22,3,12,1,12,12,21,1,3,0,0,78.0,14,1.47,34,0,1,0,0,0,0,0,80.0,41.73,28.57,6.38,0,0,0,0,0,0,0,0,0,0,0,0,0,58.0,,11.0,1.0,1.0,3.0,,199.0,3.0,,71.0,,317.0,4.0,21.0,,59.0,22.0,15.0,9.0,246.0,221.0,,12.0,14.0,,,22.0,10.0,,585.0,173.0,25.0,99.0,,,,10.0,115.0,11.0,100.0,81.0,,21.0,139.0,125.0,18.0,60.0,234.0,,10.0,12.0,,5.0,303.0,84.0,1.0,1.0,33.0,54.0,856.0,,,71.0,1.0,,5.0,,18.0,8.0,13.0,1.0,,18.0,10.0,,50.0,,28.0,22.0,10.0,3.0,12.0,7.0,,3.0,11.0,3.0,11.0,2.0,26.0,6.0,,34.0,2.0,5.0,,,,1.0,69.0,,38.0,5.0,3.0,5.0,33.0,1.0,1.0,2.0,,,,7.0,,,,,,,
cpl::Football_Player::df5525a7e5df4064bd9ac12d35b0fd14,L. Piccioli,Atlético,Midfielder,2024,midfielder,0,0,0,0,0,0,0,0,0,0,0,0,0,0,0,,0,,0,0,0,0,0,0,0,0,0.0,0.0,0.0,0.0,0,0,0,0,0,0,0,0,0,0,0,0,0,,,,,,,,,,,,,,,,,,,,,,,,,,,,,,,,,,,,,,,,,,,,,,,,,,,,,,,,,,,,,,,,,,,,,,,,,,,,,,,,,,,,,,,,,,,,,,,,,,,,,,,,,,,,,,,,,,,,,,,,,
cpl::Football_Player::9530e64bf7744102b3eeecd7fcf46c34,E. Cissé,Forge,Midfielder,2024,midfielder,11,457,1,1,2,2,2,1,7,5,2,1,1,0,0,87.0,5,0.98,1,0,0,0,0,0,0,0,58.33,48.78,75.0,0.0,0,0,0,0,0,0,0,0,0,0,0,0,0,20.0,,12.0,1.0,,1.0,,56.0,,,32.0,,234.0,3.0,2.0,,31.0,11.0,12.0,6.0,202.0,196.0,,5.0,4.0,,,11.0,2.0,1.0,333.0,117.0,6.0,20.0,,,,14.0,79.0,5.0,89.0,21.0,,7.0,41.0,37.0,2.0,20.0,192.0,2.0,10.0,7.0,,13.0,224.0,85.0,1.0,,17.0,17.0,457.0,,,20.0,0.0,,2.0,,2.0,4.0,5.0,,,3.0,1.0,,5.0,,7.0,2.0,,5.0,2.0,8.0,,24.0,,,1.0,1.0,,,4.0,1.0,1.0,1.0,,3.0,,1.0,49.0,,2.0,2.0,,,1.0,1.0,0.0,1.0,,,,,,,,,,,
cpl::Football_Player::0193e9b2803b43938a676ad9232cede8,N. Verhoeven,Valour,Midfielder,2024,midfielder,20,1045,0,0,5,0,1,0,11,14,15,1,6,0,0,84.0,26,2.24,2,0,0,0,0,0,0,0,55.0,53.85,58.33,29.41,0,0,0,0,0,0,0,0,0,0,0,0,0,56.0,,30.0,,5.0,6.0,1.0,136.0,3.0,,85.0,,524.0,7.0,15.0,,64.0,20.0,20.0,11.0,439.0,405.0,,14.0,12.0,,,20.0,7.0,2.0,689.0,240.0,34.0,74.0,,,,23.0,124.0,23.0,182.0,48.0,,22.0,104.0,92.0,6.0,55.0,425.0,6.0,10.0,11.0,,7.0,510.0,204.0,,,120.0,49.0,1045.0,,,43.0,0.0,,6.0,,,6.0,9.0,1.0,,14.0,5.0,,18.0,,2.0,5.0,4.0,9.0,1.0,10.0,,3.0,5.0,5.0,3.0,,2.0,,,2.0,,7.0,,2.0,,1.0,98.0,,12.0,9.0,,2.0,10.0,,,,,,,,,,,,,,
cpl::Football_Player::eae44bc0cb2c42dd86f566cebebbf690,O. Bassett,Atlético,Midfielder,2024,midfielder,29,2258,4,4,30,8,10,4,32,25,14,5,4,0,0,86.0,25,1.0,101,0,1,3,1,0,0,0,82.05,37.64,12.5,4.29,0,0,0,0,0,0,0,0,0,0,0,0,0,67.0,,45.0,4.0,,4.0,,391.0,4.0,,187.0,,1322.0,1.0,14.0,,123.0,29.0,39.0,25.0,1135.0,1071.0,,25.0,8.0,,,29.0,15.0,3.0,1787.0,739.0,64.0,265.0,,,,32.0,362.0,21.0,353.0,111.0,,56.0,178.0,170.0,48.0,142.0,1101.0,9.0,10.0,32.0,,4.0,1274.0,431.0,4.0,1.0,303.0,66.0,2258.0,,,104.0,1.0,,22.0,,19.0,17.0,4.0,2.0,,13.0,7.0,,46.0,2.0,46.0,30.0,20.0,7.0,10.0,24.0,,23.0,35.0,6.0,20.0,2.0,67.0,24.0,2.0,101.0,4.0,13.0,3.0,,4.0,5.0,304.0,,110.0,25.0,4.0,2.0,24.0,2.0,2.0,,,,,8.0,,,1.0,,2.0,1.0,
cpl::Football_Player::e062e50eb3404d07b682bf9855e3a980,Alberto Zapater,Atlético,Midfielder,2024,midfielder,24,1433,3,0,7,3,5,0,28,19,11,0,3,0,0,88.0,21,1.32,0,0,0,0,0,0,0,0,57.14,53.1,46.15,33.33,0,0,0,0,0,0,0,0,0,0,0,0,0,77.0,,37.0,,1.0,3.0,,135.0,4.0,,102.0,,791.0,12.0,11.0,,93.0,24.0,49.0,15.0,689.0,637.0,,19.0,26.0,,,24.0,12.0,4.0,978.0,306.0,52.0,76.0,,,,30.0,271.0,17.0,206.0,68.0,,30.0,145.0,119.0,10.0,65.0,671.0,20.0,10.0,28.0,,11.0,771.0,385.0,,3.0,232.0,65.0,1433.0,,,54.0,0.0,,19.0,,,8.0,9.0,1.0,,6.0,14.0,,10.0,,10.0,7.0,2.0,21.0,5.0,23.0,,1.0,2.0,2.0,1.0,3.0,,,,,3.0,3.0,,3.0,,,82.0,,4.0,4.0,2.0,,2.0,2.0,1.0,,,3.0,,3.0,,,,,,,
cpl::Football_Player::8478206db8304d6487d404b1b5dd322c,Gabriel Antinoro,Atlético,Midfielder,2024,midfielder,19,720,1,2,8,3,3,2,10,10,11,0,1,0,0,80.0,10,1.25,6,0,0,0,0,0,0,0,47.62,32.23,21.43,14.29,0,0,0,0,0,0,0,0,0,0,0,0,0,39.0,,6.0,2.0,,1.0,,132.0,1.0,,43.0,,212.0,3.0,11.0,,51.0,19.0,21.0,10.0,169.0,167.0,,10.0,14.0,,,19.0,1.0,,402.0,107.0,2.0,48.0,,,,6.0,33.0,9.0,52.0,82.0,,18.0,121.0,107.0,7.0,37.0,167.0,3.0,10.0,10.0,,4.0,208.0,66.0,2.0,,53.0,36.0,720.0,,,71.0,0.0,,10.0,,9.0,10.0,9.0,,,4.0,11.0,,47.0,1.0,24.0,8.0,5.0,11.0,3.0,8.0,,1.0,4.0,2.0,4.0,1.0,3.0,1.0,1.0,6.0,1.0,3.0,,,1.0,,74.0,,11.0,8.0,1.0,4.0,24.0,1.0,0.0,,,,,,,,,,,,
cpl::Football_Player::2e1e79cce5ce42688603ef02e9ccf402,Z. Sukunda,Valour,Midfielder,2024,midfielder,13,319,0,0,1,0,0,0,3,3,3,0,1,0,0,71.0,8,2.26,0,0,0,0,0,0,0,0,42.86,52.0,50.0,6.25,0,0,0,0,0,0,0,0,0,0,0,0,0,13.0,,18.0,,,1.0,,66.0,1.0,,42.0,,143.0,2.0,3.0,,21.0,13.0,7.0,2.0,101.0,96.0,,3.0,4.0,,,13.0,2.0,1.0,224.0,49.0,5.0,47.0,,,,10.0,46.0,7.0,52.0,12.0,,9.0,25.0,21.0,4.0,24.0,100.0,12.0,10.0,3.0,,9.0,142.0,53.0,,,13.0,11.0,319.0,,,10.0,0.0,,3.0,,4.0,1.0,11.0,,,1.0,2.0,,1.0,,2.0,1.0,1.0,4.0,,5.0,,20.0,1.0,1.0,1.0,,,,2.0,,,3.0,,1.0,,,32.0,,15.0,15.0,1.0,,1.0,,,,,,,,,,,,,,
cpl::Football_Player::33b0cf3a477d454f96fe4f14c3b6125c,A. Achinioti-Jönsson,Forge,Midfielder,2024,midfielder,31,2790,2,0,8,2,3,0,19,22,34,1,4,0,0,90.0,34,1.1,0,0,0,0,0,0,0,0,63.33,57.82,55.56,0.0,0,0,0,0,0,0,0,0,0,0,0,0,0,122.0,,77.0,,3.0,4.0,,227.0,4.0,2.0,193.0,,1866.0,55.0,34.0,,98.0,31.0,30.0,31.0,1673.0,1568.0,,22.0,99.0,2.0,,31.0,8.0,9.0,2188.0,459.0,105.0,121.0,,,,75.0,744.0,30.0,586.0,89.0,,24.0,211.0,112.0,2.0,116.0,1612.0,29.0,10.0,19.0,,87.0,1801.0,1214.0,,11.0,461.0,67.0,2790.0,,,45.0,0.0,,13.0,,1.0,,,,,6.0,44.0,,7.0,,15.0,8.0,5.0,11.0,3.0,34.0,,6.0,,,1.0,2.0,,,1.0,,2.0,2.0,,24.0,1.0,1.0,75.0,,3.0,3.0,,,3.0,0.0,2.0,,1.0,1.0,,,1.0,,,,,,
cpl::Football_Player::2fb8d39dd40f4a81853d0221df63464c,M. Schiavoni,Forge,Midfielder,2024,midfielder,14,163,1,0,1,1,1,0,2,4,2,0,0,0,0,81.0,2,1.1,2,0,0,0,0,0,0,0,50.0,34.78,50.0,0.0,0,0,0,0,0,0,0,0,0,0,0,0,0,8.0,,2.0,,,,,28.0,,,13.0,,67.0,1.0,2.0,,8.0,14.0,4.0,1.0,54.0,54.0,,4.0,2.0,,,14.0,2.0,,105.0,42.0,,7.0,,,,8.0,12.0,2.0,17.0,15.0,,9.0,23.0,21.0,2.0,11.0,52.0,2.0,10.0,2.0,,2.0,65.0,12.0,,,17.0,7.0,163.0,,,14.0,1.0,,4.0,,1.0,1.0,13.0,,,1.0,1.0,,7.0,,6.0,1.0,,2.0,1.0,1.0,,1.0,,,,1.0,,,,2.0,1.0,1.0,,1.0,1.0,,21.0,,2.0,2.0,,,5.0,0.0,1.0,,,,,,,,,,,,
cpl::Football_Player::d1bd92c79ce942a2aeca15c546b854c2,L. Pareja,Inter Toronto,Midfielder,2024,midfielder,1,10,0,0,0,0,0,0,0,0,1,0,0,0,0,67.0,1,9.0,0,0,0,0,0,0,0,0,0.0,50.0,0.0,0.0,0,0,0,0,0,0,0,0,0,0,0,0,0,3.0,,,,,,,4.0,,,1.0,,3.0,,1.0,,1.0,1.0,1.0,,2.0,2.0,,,1.0,,,1.0,,,10.0,1.0,,2.0,,,,,1.0,1.0,1.0,3.0,,,6.0,5.0,,1.0,2.0,,10.0,,,,3.0,1.0,,,1.0,3.0,10.0,,,2.0,0.0,,,,,,1.0,,,1.0,1.0,,2.0,,,,,1.0,,,,,,,,,,,,,,,,,,,,,1.0,1.0,,,,,,,,,,,,,,,,,
cpl::Football_Player::b88aa9288a38438a8801e10a74326f88,J. Faria,Valour,Midfielder,2024,midfielder,26,1730,2,5,17,7,7,5,23,18,34,2,4,1,0,84.0,29,1.51,10,0,0,0,0,0,0,0,79.31,43.16,0.0,20.24,0,0,0,0,0,0,0,0,0,0,0,0,0,82.0,,10.0,5.0,4.0,4.0,,221.0,1.0,,68.0,,405.0,,34.0,,65.0,26.0,29.0,22.0,337.0,329.0,,18.0,17.0,,,26.0,8.0,1.0,748.0,246.0,8.0,111.0,,,,22.0,111.0,28.0,87.0,108.0,,33.0,190.0,173.0,16.0,58.0,333.0,4.0,10.0,23.0,,8.0,401.0,110.0,4.0,,70.0,82.0,1730.0,,,91.0,0.0,,13.0,,14.0,17.0,4.0,1.0,1.0,19.0,17.0,,56.0,,55.0,17.0,10.0,6.0,7.0,6.0,,4.0,19.0,17.0,7.0,2.0,7.0,2.0,1.0,10.0,2.0,7.0,,,2.0,2.0,137.0,,65.0,54.0,4.0,4.0,33.0,0.0,2.0,,,,,1.0,,1.0,,,,,
cpl::Football_Player::47690253116d4e34ac0d075eb36df3b3,T. Giraldo,Inter Toronto,Midfielder,2024,midfielder,6,154,0,0,1,0,0,0,4,7,1,1,1,0,0,88.0,2,1.17,0,0,0,0,0,0,0,0,80.0,40.0,28.57,0.0,0,0,0,0,0,0,0,0,0,0,0,0,0,10.0,,3.0,,,1.0,,12.0,1.0,,7.0,,56.0,2.0,1.0,,6.0,6.0,5.0,2.0,49.0,47.0,,7.0,7.0,,,6.0,2.0,,77.0,24.0,2.0,4.0,,,,4.0,14.0,1.0,11.0,15.0,,4.0,25.0,18.0,,4.0,47.0,,10.0,4.0,,1.0,54.0,25.0,,,17.0,8.0,154.0,,,10.0,0.0,,1.0,,,2.0,4.0,,,2.0,5.0,,3.0,,3.0,1.0,1.0,1.0,,,,1.0,,,,,,,,,,3.0,,,,1.0,14.0,,1.0,1.0,,,1.0,,,,,,,,,,,,,,
cpl::Football_Player::cd0f48e51e574e3187c55422f0de5be5,J. Martínez,Inter Toronto,Midfielder,2024,midfielder,28,1890,1,1,7,2,2,1,23,19,31,2,7,0,0,86.0,23,1.1,9,0,1,0,0,0,0,0,50.0,53.85,25.0,11.11,0,0,0,0,0,0,0,0,0,0,0,0,0,98.0,,29.0,1.0,3.0,7.0,,220.0,4.0,,147.0,,1044.0,9.0,31.0,,89.0,28.0,46.0,21.0,897.0,849.0,,19.0,36.0,,,28.0,11.0,3.0,1293.0,490.0,48.0,132.0,,,,29.0,263.0,19.0,284.0,84.0,,33.0,182.0,146.0,21.0,118.0,860.0,8.0,10.0,23.0,,12.0,1006.0,411.0,1.0,1.0,247.0,89.0,1890.0,,,57.0,0.0,,12.0,,7.0,19.0,7.0,,,12.0,27.0,,25.0,,31.0,7.0,5.0,23.0,2.0,8.0,,10.0,4.0,2.0,,1.0,3.0,2.0,1.0,9.0,1.0,12.0,,2.0,,2.0,250.0,,14.0,7.0,2.0,2.0,11.0,1.0,0.0,,,1.0,,,,,,,,,
cpl::Football_Player::f4d883a75e7d4f129681bd5d56c43d19,K. Twardek,Atlético,Midfielder,2024,midfielder,23,1574,1,2,5,3,5,2,31,13,29,2,5,0,0,78.0,21,1.2,0,0,0,0,0,0,0,0,68.89,59.52,59.38,27.87,0,0,0,0,0,0,0,0,0,0,0,0,0,100.0,,43.0,2.0,,5.0,,252.0,4.0,,122.0,,543.0,19.0,29.0,,56.0,23.0,45.0,17.0,421.0,398.0,,13.0,32.0,,,23.0,5.0,6.0,980.0,201.0,23.0,124.0,,,,42.0,155.0,17.0,162.0,68.0,,35.0,168.0,136.0,6.0,79.0,407.0,34.0,10.0,31.0,,34.0,529.0,237.0,2.0,5.0,28.0,81.0,1574.0,,,55.0,1.0,,12.0,,11.0,3.0,6.0,1.0,,9.0,13.0,,33.0,,11.0,5.0,,14.0,5.0,22.0,1.0,102.0,17.0,17.0,,1.0,,,33.0,,1.0,1.0,,5.0,1.0,2.0,198.0,,44.0,44.0,,1.0,22.0,1.0,0.0,,,,,,,,,,,,
cpl::Football_Player::55a8a1aea5f543dbaac3bf7112ad867b,Z. Bahous,Pacific,Midfielder,2024,midfielder,16,466,1,0,15,1,6,0,6,9,11,3,3,0,0,78.0,6,1.16,1,0,0,0,0,0,0,0,37.5,53.66,15.38,0.0,0,0,0,0,0,0,0,0,0,0,0,0,0,44.0,,6.0,,,3.0,,91.0,2.0,,48.0,,211.0,2.0,11.0,,35.0,16.0,16.0,5.0,163.0,158.0,,9.0,13.0,,,16.0,6.0,,344.0,102.0,5.0,41.0,,,,13.0,53.0,4.0,52.0,38.0,,16.0,82.0,69.0,5.0,42.0,158.0,2.0,10.0,6.0,,2.0,206.0,61.0,,,49.0,42.0,466.0,,,27.0,1.0,,6.0,,5.0,5.0,11.0,1.0,,15.0,11.0,,15.0,1.0,21.0,15.0,9.0,10.0,6.0,1.0,,3.0,,,8.0,,1.0,,,1.0,1.0,12.0,,1.0,,3.0,57.0,,6.0,4.0,2.0,,8.0,0.0,1.0,1.0,,,,,,,,,1.0,,
cpl::Football_Player::5e944a82a82b42b483bed288bb7633a8,M. Aparicio,Atlético,Midfielder,2024,midfielder,29,2562,5,2,25,7,12,2,60,69,22,4,9,0,0,82.0,31,1.09,0,0,2,0,0,0,0,0,68.18,45.96,46.67,28.57,0,0,0,0,0,0,0,0,0,0,0,0,0,165.0,,58.0,2.0,1.0,9.0,1.0,367.0,2.0,,221.0,,1204.0,21.0,22.0,,176.0,29.0,88.0,28.0,983.0,909.0,,69.0,45.0,,,29.0,41.0,6.0,1702.0,552.0,74.0,180.0,,,,61.0,250.0,29.0,376.0,194.0,,80.0,359.0,314.0,27.0,163.0,962.0,27.0,10.0,60.0,,14.0,1182.0,439.0,2.0,7.0,362.0,144.0,2562.0,,,170.0,3.0,,57.0,,19.0,3.0,1.0,1.0,,34.0,24.0,,54.0,2.0,47.0,25.0,13.0,28.0,12.0,32.0,,14.0,8.0,8.0,5.0,4.0,,,5.0,,5.0,18.0,,5.0,2.0,4.0,216.0,,20.0,20.0,3.0,10.0,25.0,2.0,3.0,,,3.0,,,,,,,1.0,,
cpl::Football_Player::d9884452bb6e4ebd802b73a429b81f2d,Z. Bruno,Forge,Midfielder,2024,midfielder,0,0,0,0,0,0,0,0,0,0,0,0,0,0,0,,0,,0,0,0,0,0,0,0,0,0.0,0.0,0.0,0.0,0,0,0,0,0,0,0,0,0,0,0,0,0,,,,,,,,,,,,,,,,,,,,,,,,,,,,,,,,,,,,,,,,,,,,,,,,,,,,,,,,,,,,,,,,,,,,,,,,,,,,,,,,,,,,,,,,,,,,,,,,,,,,,,,,,,,,,,,,,,,,,,,,,
cpl::Football_Player::8eb11a313b2348b888a9b1799feba47c,S. Yeates,Pacific,Midfielder,2024,midfielder,27,2092,1,3,22,4,8,3,31,29,33,2,3,0,0,83.0,29,1.25,64,0,0,0,0,0,0,0,70.45,46.09,37.5,5.1,0,0,0,0,0,0,0,0,0,0,0,0,0,112.0,,24.0,3.0,1.0,3.0,,374.0,5.0,,188.0,,1092.0,15.0,33.0,,112.0,27.0,44.0,23.0,904.0,874.0,,29.0,40.0,,,27.0,16.0,2.0,1544.0,553.0,30.0,211.0,,,,49.0,240.0,24.0,292.0,131.0,,46.0,243.0,203.0,38.0,164.0,868.0,7.0,10.0,31.0,,12.0,1049.0,380.0,3.0,4.0,299.0,97.0,2092.0,,,106.0,0.0,,17.0,,9.0,9.0,4.0,1.0,,21.0,25.0,,52.0,2.0,35.0,22.0,14.0,13.0,8.0,9.0,,25.0,29.0,5.0,7.0,1.0,33.0,21.0,2.0,64.0,1.0,19.0,,2.0,,2.0,261.0,,72.0,20.0,,7.0,25.0,1.0,0.0,,,1.0,,3.0,,,,,,,
cpl::Football_Player::0e2b6aa5fbdf49f399441b22b356d14c,K. Bekker,Forge,Midfielder,2024,midfielder,28,2020,2,7,29,9,9,7,21,13,15,3,3,0,0,86.0,25,1.11,73,0,2,0,0,0,0,0,65.62,51.15,52.94,13.48,0,0,0,0,0,0,0,0,0,0,0,0,0,67.0,,53.0,7.0,3.0,3.0,,310.0,3.0,,184.0,,1241.0,9.0,15.0,,96.0,28.0,32.0,23.0,1057.0,971.0,,13.0,17.0,,,28.0,7.0,2.0,1566.0,651.0,86.0,214.0,,,,37.0,268.0,22.0,337.0,64.0,,29.0,131.0,114.0,35.0,131.0,1002.0,11.0,10.0,21.0,,19.0,1181.0,427.0,7.0,4.0,380.0,58.0,2020.0,,,56.0,1.0,,8.0,,18.0,12.0,5.0,,,12.0,8.0,,22.0,,57.0,29.0,20.0,11.0,9.0,13.0,,11.0,21.0,12.0,8.0,2.0,32.0,10.0,1.0,73.0,2.0,22.0,,3.0,1.0,3.0,256.0,,67.0,34.0,5.0,2.0,8.0,2.0,0.0,1.0,,,,2.0,,,,,,,
cpl::Football_Player::4351cc0a7b0b41b0932bec33949a8b6a,J. Sanchez,Valour,Midfielder,2024,midfielder,15,688,1,0,3,1,1,0,17,7,7,0,3,0,0,87.0,12,1.57,0,0,0,0,0,0,0,0,70.83,50.0,30.0,0.0,0,0,0,0,0,0,0,0,0,0,0,0,0,38.0,,11.0,,2.0,3.0,,70.0,1.0,,43.0,,321.0,3.0,7.0,,49.0,15.0,24.0,7.0,278.0,255.0,,7.0,10.0,,,15.0,5.0,4.0,427.0,117.0,23.0,23.0,,,,20.0,101.0,11.0,70.0,38.0,,12.0,76.0,66.0,3.0,32.0,273.0,7.0,10.0,17.0,,10.0,316.0,161.0,,1.0,78.0,35.0,688.0,,,31.0,0.0,,5.0,,,3.0,8.0,,,5.0,7.0,,14.0,,,3.0,2.0,7.0,1.0,4.0,,1.0,,,1.0,,,,,,1.0,3.0,,1.0,1.0,,72.0,,,,,,8.0,0.0,1.0,,,,,,,,,,1.0,,
cpl::Football_Player::b00f998dc9ab48df9be8be1e6a9bea0d,T. Tahid,Vancouver,Midfielder,2024,midfielder,16,213,1,0,1,1,1,0,7,7,5,1,1,0,0,77.0,3,1.27,0,0,0,0,0,0,0,0,63.64,44.74,10.0,25.0,0,0,0,0,0,0,0,0,0,0,0,0,0,17.0,,4.0,,,1.0,,30.0,,,13.0,,56.0,1.0,5.0,,7.0,16.0,11.0,2.0,43.0,40.0,,7.0,10.0,,,16.0,4.0,,107.0,32.0,3.0,13.0,,,,3.0,17.0,3.0,15.0,21.0,,6.0,38.0,28.0,2.0,9.0,42.0,3.0,10.0,7.0,,1.0,55.0,12.0,,,13.0,16.0,213.0,,,12.0,0.0,,3.0,,4.0,2.0,14.0,,,,9.0,,5.0,,8.0,1.0,,4.0,1.0,1.0,,2.0,1.0,1.0,3.0,1.0,,,,,1.0,3.0,,,1.0,1.0,11.0,,3.0,3.0,,,2.0,1.0,0.0,,,,,,,,,,,,
cpl::Football_Player::f6cad4e96b1a4fe1847951f5a8de61b1,M. Ferrari,Inter Toronto,Midfielder,2024,midfielder,27,2253,0,3,8,3,1,3,36,34,52,4,7,0,0,83.0,32,1.28,0,0,0,0,0,0,0,0,76.6,55.02,42.22,11.9,0,0,0,0,0,0,0,0,0,0,0,0,0,137.0,,42.0,3.0,3.0,7.0,1.0,349.0,4.0,,155.0,,896.0,19.0,52.0,,81.0,27.0,47.0,25.0,741.0,717.0,,34.0,45.0,,,27.0,18.0,10.0,1491.0,394.0,24.0,174.0,,,,55.0,326.0,28.0,304.0,112.0,,48.0,249.0,204.0,11.0,113.0,727.0,24.0,10.0,36.0,,50.0,882.0,357.0,2.0,5.0,44.0,118.0,2253.0,,,86.0,0.0,,19.0,,13.0,2.0,2.0,,,19.0,26.0,,36.0,1.0,38.0,8.0,7.0,11.0,1.0,15.0,1.0,131.0,10.0,10.0,2.0,,,,43.0,,,1.0,,6.0,,4.0,222.0,1.0,74.0,74.0,4.0,2.0,18.0,,,,,,,,,,,,,,
cpl::Football_Player::c2267256cd964bb3b0bda247e07fc87b,R. Ohin,Valour,Midfielder,2024,midfielder,21,1230,1,0,14,1,4,0,17,26,27,0,8,0,0,84.0,22,1.61,0,0,1,0,0,0,0,0,70.83,50.34,47.37,0.0,0,0,0,0,0,0,0,0,0,0,0,0,0,75.0,,34.0,,6.0,8.0,1.0,135.0,,,87.0,,541.0,9.0,27.0,,92.0,21.0,24.0,13.0,454.0,420.0,,26.0,19.0,,,21.0,18.0,4.0,744.0,188.0,34.0,61.0,,,,27.0,133.0,22.0,141.0,74.0,,14.0,149.0,130.0,5.0,53.0,442.0,18.0,10.0,17.0,,15.0,529.0,266.0,,1.0,193.0,66.0,1230.0,,,64.0,0.0,,8.0,,2.0,7.0,8.0,3.0,,15.0,10.0,,28.0,,11.0,14.0,10.0,7.0,4.0,12.0,,1.0,,,9.0,1.0,,,,,1.0,8.0,,3.0,,,74.0,,1.0,1.0,1.0,1.0,12.0,0.0,1.0,,,1.0,,1.0,,,,,,,
cpl::Football_Player::4d70b47d3a204f74aa5f64db85c4eab6,G. Probo,Wanderers,Midfielder,2024,midfielder,28,1384,4,2,31,6,14,2,12,10,22,6,3,0,0,77.0,22,1.43,23,0,0,0,0,0,0,0,70.59,50.43,42.86,13.64,0,0,0,0,0,0,0,0,0,0,0,0,0,58.0,,47.0,2.0,2.0,3.0,,288.0,3.0,,182.0,,790.0,12.0,22.0,,70.0,28.0,17.0,16.0,608.0,526.0,,10.0,28.0,,,28.0,9.0,3.0,1066.0,433.0,82.0,195.0,,,,36.0,181.0,19.0,266.0,57.0,,41.0,115.0,87.0,33.0,135.0,582.0,14.0,10.0,12.0,,8.0,762.0,193.0,2.0,2.0,184.0,46.0,1384.0,,,41.0,1.0,,16.0,,12.0,13.0,12.0,,,8.0,16.0,,22.0,3.0,34.0,31.0,17.0,5.0,14.0,10.0,,8.0,18.0,9.0,9.0,3.0,9.0,8.0,2.0,23.0,4.0,10.0,,2.0,2.0,6.0,159.0,,49.0,34.0,4.0,2.0,10.0,2.0,2.0,1.0,,1.0,,2.0,,,,,1.0,,
cpl::Football_Player::7727bd856f6142ccb04b744b64364141,A. Rampersad,Wanderers,Midfielder,2024,midfielder,22,1866,2,0,12,2,4,0,18,19,37,0,2,1,0,90.0,32,1.54,0,0,1,0,0,0,0,0,47.37,60.54,52.5,20.0,0,0,0,0,0,0,0,0,0,0,0,0,0,112.0,,27.0,,2.0,2.0,,170.0,4.0,1.0,119.0,,1098.0,21.0,37.0,,151.0,22.0,38.0,21.0,979.0,934.0,,19.0,40.0,1.0,,22.0,9.0,1.0,1400.0,485.0,45.0,80.0,,,,43.0,248.0,28.0,330.0,73.0,,23.0,185.0,145.0,15.0,92.0,948.0,9.0,10.0,18.0,,35.0,1067.0,495.0,,,375.0,91.0,1866.0,,,54.0,0.0,,16.0,,2.0,3.0,1.0,2.0,1.0,17.0,19.0,1.0,24.0,,26.0,12.0,8.0,20.0,4.0,37.0,,8.0,1.0,1.0,2.0,2.0,,,,,2.0,11.0,,10.0,1.0,,145.0,,4.0,4.0,1.0,,9.0,2.0,0.0,,,1.0,,1.0,,,,1.0,,,
cpl::Football_Player::8baee08a0ffb48ed8e4c68b4c56a02cc,C. Greco-Taylor,Pacific,Midfielder,2024,midfielder,15,1013,0,0,2,0,0,0,27,14,16,0,5,0,0,72.0,16,1.42,8,0,0,0,0,0,0,0,65.85,60.5,47.06,17.24,0,0,0,0,0,0,0,0,0,0,0,0,0,72.0,,59.0,,,5.0,,239.0,3.0,,132.0,,461.0,8.0,16.0,,52.0,15.0,41.0,10.0,329.0,295.0,,14.0,17.0,,,15.0,10.0,6.0,785.0,196.0,34.0,131.0,,,,46.0,8.0,13.0,232.0,47.0,,27.0,119.0,102.0,14.0,73.0,315.0,44.0,10.0,27.0,,14.0,445.0,147.0,,2.0,161.0,64.0,1013.0,,,38.0,0.0,,9.0,,6.0,1.0,5.0,,,7.0,9.0,,15.0,,5.0,2.0,2.0,14.0,,16.0,,73.0,14.0,10.0,2.0,,4.0,3.0,26.0,8.0,,,,5.0,,,60.0,,45.0,37.0,,3.0,8.0,,,,,,,1.0,2.0,,,,,,
cpl::Football_Player::51c2ca2de31b48cd87ef65f30b24f663,L. Dias,Cavalry,Midfielder,2024,midfielder,11,501,0,1,3,1,0,1,3,11,13,1,1,0,0,81.0,5,0.9,9,0,0,0,0,0,0,0,60.0,38.1,28.57,18.18,0,0,0,0,0,0,0,0,0,0,0,0,0,24.0,,9.0,1.0,,1.0,,86.0,1.0,,34.0,,177.0,2.0,13.0,,24.0,11.0,5.0,5.0,143.0,132.0,,11.0,7.0,,,11.0,3.0,,286.0,100.0,11.0,44.0,,,,5.0,9.0,4.0,49.0,39.0,,6.0,63.0,56.0,6.0,25.0,139.0,3.0,10.0,3.0,,1.0,172.0,50.0,1.0,1.0,64.0,22.0,501.0,,,34.0,0.0,,3.0,,3.0,4.0,6.0,1.0,,4.0,5.0,,18.0,,10.0,3.0,3.0,2.0,,3.0,,1.0,7.0,4.0,5.0,,6.0,3.0,,9.0,,2.0,,,,1.0,55.0,,15.0,5.0,2.0,4.0,10.0,,,,,,,,,,,,,,
cpl::Football_Player::3e29f3a4fcaa401fb6b92e75b6a94f42,M. Piepgrass,Cavalry,Midfielder,2024,midfielder,0,0,0,0,0,0,0,0,0,0,0,0,0,0,0,,0,,0,0,0,0,0,0,0,0,0.0,0.0,0.0,0.0,0,0,0,0,0,0,0,0,0,0,0,0,0,,,,,,,,,,,,,,,,,,,,,,,,,,,,,,,,,,,,,,,,,,,,,,,,,,,,,,,,,,,,,,,,,,,,,,,,,,,,,,,,,,,,,,,,,,,,,,,,,,,,,,,,,,,,,,,,,,,,,,,,,
cpl::Football_Player::b0a7f5c0cf994edbb5392b5b73bf8898,T. Powell,Vancouver,Midfielder,2024,midfielder,6,186,0,0,2,0,0,0,1,5,2,0,1,0,0,64.0,1,0.48,0,0,0,0,0,0,0,0,100.0,24.0,0.0,50.0,0,0,0,0,0,0,0,0,0,0,0,0,0,6.0,,7.0,,,1.0,,34.0,,,20.0,,55.0,,2.0,,11.0,6.0,1.0,3.0,35.0,32.0,,5.0,3.0,,,6.0,3.0,,88.0,20.0,3.0,17.0,,,,4.0,21.0,1.0,13.0,19.0,,4.0,25.0,22.0,1.0,13.0,35.0,3.0,10.0,1.0,,2.0,55.0,16.0,,,11.0,6.0,186.0,,,16.0,0.0,,1.0,,1.0,3.0,3.0,,,3.0,3.0,,6.0,,2.0,2.0,2.0,,,,,1.0,1.0,1.0,2.0,,,,,,,,,,,,10.0,,1.0,1.0,,2.0,3.0,,,,,,,,,,,,,,
cpl::Football_Player::e512d7955b56480a81777677f3985c3b,K. Martin-Pereux,Inter Toronto,Midfielder,2024,midfielder,14,536,0,2,1,2,1,2,8,16,5,0,2,0,0,80.0,6,1.01,2,0,0,0,0,0,0,0,72.73,38.64,50.0,28.57,0,0,0,0,0,0,0,0,0,0,0,0,0,34.0,,6.0,2.0,1.0,2.0,1.0,88.0,1.0,,35.0,,171.0,12.0,5.0,,25.0,14.0,11.0,5.0,136.0,132.0,,16.0,24.0,,,14.0,2.0,1.0,333.0,77.0,4.0,33.0,,,,17.0,11.0,5.0,59.0,54.0,,14.0,88.0,64.0,5.0,29.0,135.0,3.0,10.0,8.0,,15.0,170.0,65.0,2.0,,62.0,22.0,536.0,,,42.0,0.0,,6.0,,3.0,3.0,9.0,2.0,,6.0,12.0,,20.0,,15.0,1.0,,3.0,1.0,8.0,,27.0,6.0,6.0,2.0,,2.0,,5.0,2.0,,1.0,,,,,39.0,,15.0,13.0,,1.0,15.0,,,,,,,,,,,,,,
cpl::Football_Player::3cdc55010c114c4ab03d858ecfa80713,B. Soumaoro,Inter Toronto,Midfielder,2024,midfielder,11,885,0,1,2,1,0,1,12,16,10,2,2,0,0,88.0,14,1.42,0,0,0,0,0,0,0,0,54.55,48.19,22.22,0.0,0,0,0,0,0,0,0,0,0,0,0,0,0,40.0,,14.0,1.0,1.0,2.0,,68.0,1.0,,43.0,,350.0,2.0,10.0,,47.0,11.0,22.0,10.0,307.0,284.0,,16.0,9.0,,,11.0,12.0,,454.0,122.0,23.0,22.0,,,,21.0,85.0,13.0,65.0,43.0,,11.0,83.0,74.0,3.0,29.0,301.0,7.0,10.0,12.0,,7.0,344.0,185.0,,2.0,107.0,38.0,885.0,,,36.0,0.0,,3.0,,,3.0,1.0,,,6.0,7.0,,10.0,,3.0,2.0,2.0,10.0,,6.0,,,,,2.0,,,,,,,13.0,,6.0,,2.0,93.0,,,,,1.0,6.0,,,,,,,,,,,,,,
cpl::Football_Player::b428d3e5d4c24213a3e6af3b838d650d,C. Zeppieri,Inter Toronto,Midfielder,2024,midfielder,8,151,0,0,1,0,1,0,3,2,2,0,1,0,0,83.0,4,2.38,0,0,0,0,0,0,0,0,75.0,50.0,0.0,0.0,0,0,0,0,0,0,0,0,0,0,0,0,0,10.0,,1.0,,1.0,1.0,,13.0,,,8.0,,47.0,,2.0,,15.0,8.0,4.0,,39.0,37.0,,2.0,4.0,,,8.0,,,78.0,22.0,2.0,5.0,,,,4.0,13.0,4.0,12.0,10.0,,1.0,20.0,16.0,,7.0,39.0,1.0,10.0,3.0,,5.0,47.0,17.0,,,14.0,10.0,151.0,,,6.0,0.0,,1.0,,2.0,1.0,8.0,,,4.0,4.0,,3.0,,2.0,1.0,,1.0,1.0,3.0,,,,,1.0,,,,,,,,,1.0,,,8.0,,1.0,1.0,,,,,,,,,,,,,,,,,
cpl::Football_Player::468783c9b1c041c987781c4facdee0b1,J. Hartill,Inter Toronto,Midfielder,2024,midfielder,2,16,0,0,0,0,0,0,0,0,1,0,0,0,0,72.0,1,5.62,0,0,0,0,0,0,0,0,0.0,28.57,50.0,0.0,0,0,0,0,0,0,0,0,0,0,0,0,0,2.0,,,,,,,6.0,,,2.0,,7.0,1.0,1.0,,,2.0,,,5.0,5.0,,,2.0,,,2.0,,,17.0,,,4.0,,,,,1.0,1.0,1.0,5.0,,,7.0,5.0,,2.0,5.0,,10.0,,,,7.0,5.0,,,3.0,1.0,16.0,,,4.0,0.0,,,,,,2.0,,,,1.0,,2.0,,1.0,,,,,,,2.0,,,1.0,,,,,,,,,,,,2.0,,2.0,2.0,,,1.0,,,,,,,,,,,,,,
cpl::Football_Player::921e4a14fc0748d5b1160d54caf93c23,A. Sacko,Atlético,Midfielder,2024,midfielder,1,7,0,0,1,0,1,0,1,2,0,1,0,0,0,100.0,0,0.0,0,0,0,0,0,0,0,0,100.0,25.0,0.0,0.0,0,0,0,0,0,0,0,0,0,0,0,0,0,1.0,,,,,,,2.0,,,,,1.0,,,,,1.0,1.0,,1.0,1.0,,2.0,,,,1.0,2.0,,5.0,,,,,,,,,,,3.0,,,4.0,4.0,,,1.0,,10.0,1.0,,,1.0,1.0,,,1.0,1.0,7.0,,,3.0,0.0,,,,,,1.0,,,,,,1.0,,1.0,1.0,,,1.0,,,,,,,,,,,,,,,,,1.0,,,,,,,,,,,,,,,,,,,,,
cpl::Football_Player::5689e826363240e892378a5cd52e5101,N. Wähling,Cavalry,Forward,2024,forward,14,874,0,0,11,0,4,0,4,15,7,5,0,0,0,79.0,10,1.03,0,0,0,0,0,0,0,0,100.0,33.73,31.03,16.67,0,0,0,0,0,0,0,0,0,0,0,0,0,28.0,,7.0,,2.0,,,89.0,2.0,,44.0,,202.0,9.0,7.0,,28.0,14.0,4.0,10.0,158.0,151.0,,15.0,29.0,,,14.0,5.0,1.0,316.0,112.0,7.0,39.0,,,,10.0,20.0,8.0,56.0,55.0,,14.0,83.0,54.0,8.0,37.0,158.0,4.0,10.0,4.0,,4.0,202.0,47.0,,2.0,69.0,19.0,874.0,,,35.0,0.0,,6.0,,5.0,5.0,4.0,,,8.0,20.0,,18.0,,31.0,11.0,7.0,,4.0,3.0,,2.0,1.0,1.0,5.0,,,,,,,3.0,,1.0,,5.0,57.0,,5.0,5.0,1.0,2.0,10.0,,,,,,,2.0,,,,,,,
cpl::Football_Player::6b48ced0357d4fd4a50e8ba77b6784d8,T. Warschewski,Cavalry,Forward,2024,forward,26,2060,14,3,69,17,35,3,20,18,57,5,3,0,0,75.0,20,0.87,1,0,6,5,4,0,0,0,54.05,47.95,52.89,14.58,0,0,0,0,0,0,0,0,0,0,0,0,0,211.0,,20.0,3.0,2.0,3.0,,440.0,4.0,,151.0,,603.0,64.0,57.0,,89.0,26.0,37.0,24.0,452.0,424.0,,18.0,121.0,,,26.0,6.0,1.0,1277.0,363.0,28.0,170.0,,,,21.0,119.0,16.0,184.0,229.0,,49.0,440.0,319.0,28.0,131.0,445.0,3.0,10.0,20.0,,13.0,595.0,96.0,3.0,5.0,136.0,147.0,2060.0,,,172.0,4.0,,20.0,,17.0,9.0,2.0,3.0,,57.0,57.0,,142.0,1.0,123.0,69.0,34.0,17.0,35.0,15.0,,17.0,7.0,7.0,19.0,13.0,,1.0,,1.0,14.0,14.0,5.0,2.0,12.0,5.0,164.0,,40.0,39.0,5.0,7.0,52.0,8.0,6.0,1.0,,1.0,,13.0,,,4.0,2.0,1.0,,
cpl::Football_Player::0b3c2dfa6c324a4f9203996ab6e6181b,J. Herdman,Cavalry,Forward,2024,forward,8,401,1,1,6,2,4,1,5,13,10,1,2,0,0,81.0,4,0.9,0,0,0,0,0,0,0,0,62.5,37.14,33.33,22.22,0,0,0,0,0,0,0,0,0,0,0,0,0,26.0,,1.0,1.0,1.0,2.0,,56.0,1.0,,21.0,,109.0,2.0,10.0,,18.0,8.0,8.0,5.0,88.0,85.0,,13.0,6.0,,,8.0,8.0,2.0,207.0,55.0,3.0,21.0,,,,7.0,9.0,3.0,25.0,44.0,,12.0,70.0,64.0,5.0,20.0,87.0,1.0,10.0,5.0,,3.0,108.0,35.0,1.0,,38.0,24.0,401.0,,,40.0,0.0,,4.0,,3.0,5.0,3.0,,,6.0,4.0,,16.0,,16.0,6.0,2.0,3.0,4.0,4.0,,8.0,2.0,2.0,4.0,1.0,,,1.0,,1.0,4.0,,,,1.0,37.0,,7.0,7.0,,4.0,7.0,0.0,1.0,,,1.0,,,,,,,,,
cpl::Football_Player::2d8cec65b1bb4b20872a91ac73584d29,A. Musse,Cavalry,Forward,2024,forward,18,1377,4,4,37,8,14,4,13,15,27,3,2,0,0,79.0,14,0.92,47,0,1,0,0,0,0,0,52.0,42.36,34.62,18.6,0,0,0,0,0,0,0,0,0,0,0,0,0,86.0,,12.0,4.0,2.0,2.0,,265.0,2.0,,94.0,,436.0,9.0,27.0,,60.0,18.0,25.0,16.0,342.0,329.0,,15.0,26.0,,,18.0,10.0,2.0,857.0,292.0,13.0,133.0,,,,16.0,144.0,12.0,127.0,117.0,,41.0,203.0,177.0,37.0,82.0,322.0,6.0,10.0,13.0,,5.0,414.0,85.0,4.0,3.0,53.0,77.0,1377.0,,,100.0,2.0,,17.0,,24.0,7.0,2.0,,,25.0,17.0,,67.0,2.0,86.0,37.0,23.0,12.0,14.0,14.0,,8.0,35.0,16.0,16.0,1.0,23.0,15.0,1.0,47.0,4.0,16.0,,2.0,,3.0,112.0,1.0,55.0,30.0,3.0,2.0,34.0,1.0,3.0,4.0,,,,5.0,,,,,3.0,,
cpl::Football_Player::cd1e9f98817545a8904ffd9556963f44,A. Díaz,Vancouver,Forward,2024,forward,28,2176,10,2,34,12,21,2,5,22,8,14,1,0,0,73.0,35,1.45,0,0,1,1,1,0,0,0,71.43,34.83,40.82,0.0,0,0,0,0,0,0,0,0,0,0,0,0,0,62.0,,13.0,2.0,3.0,1.0,,181.0,2.0,,106.0,,389.0,40.0,8.0,,53.0,28.0,7.0,26.0,283.0,277.0,,22.0,98.0,,,28.0,8.0,1.0,613.0,171.0,6.0,95.0,,,,19.0,74.0,33.0,80.0,116.0,,32.0,178.0,80.0,20.0,93.0,241.0,6.0,10.0,5.0,,27.0,347.0,112.0,2.0,1.0,86.0,22.0,2176.0,,,58.0,1.0,,15.0,,6.0,16.0,2.0,3.0,,7.0,58.0,,29.0,11.0,63.0,34.0,13.0,2.0,21.0,7.0,,1.0,,,8.0,8.0,,,,,10.0,25.0,1.0,3.0,5.0,14.0,149.0,,8.0,8.0,1.0,1.0,14.0,5.0,5.0,3.0,,2.0,,,,,1.0,,2.0,,
cpl::Football_Player::1b99b171024743c4a0fb01eeea19478e,D. Zanatta,Pacific,Forward,2024,forward,25,1566,5,2,31,7,18,2,13,29,11,11,2,0,0,76.0,15,0.86,2,0,1,2,2,0,0,0,56.52,33.33,32.2,13.73,0,0,0,0,0,0,0,0,0,0,0,0,0,63.0,,6.0,2.0,,2.0,,238.0,2.0,,98.0,,397.0,19.0,11.0,,55.0,25.0,23.0,19.0,299.0,291.0,,29.0,59.0,,,25.0,11.0,1.0,721.0,200.0,8.0,124.0,,,,18.0,66.0,13.0,78.0,126.0,,46.0,189.0,130.0,22.0,92.0,290.0,1.0,10.0,13.0,,11.0,388.0,106.0,2.0,1.0,125.0,44.0,1566.0,,,86.0,2.0,,21.0,,21.0,15.0,6.0,2.0,,10.0,40.0,,47.0,5.0,104.0,31.0,13.0,10.0,18.0,6.0,,12.0,7.0,7.0,13.0,5.0,,,2.0,2.0,5.0,26.0,2.0,3.0,4.0,11.0,128.0,,44.0,44.0,1.0,4.0,24.0,5.0,0.0,1.0,,,,,,,2.0,,,,
cpl::Football_Player::5cfbd430bf3149adb654cadb7f68b7c2,L. Wright,Cavalry,Forward,2024,forward,12,386,1,0,8,1,6,0,3,8,8,1,0,0,0,75.0,2,0.47,0,0,0,0,0,0,0,0,60.0,30.43,26.32,25.0,0,0,0,0,0,0,0,0,0,0,0,0,0,21.0,,,,,,,64.0,,,22.0,,87.0,5.0,8.0,,15.0,12.0,5.0,2.0,65.0,63.0,,8.0,19.0,,,12.0,2.0,,175.0,54.0,2.0,22.0,,,,3.0,16.0,2.0,19.0,48.0,,3.0,69.0,50.0,5.0,22.0,65.0,,10.0,3.0,,2.0,87.0,12.0,,,22.0,16.0,386.0,,,34.0,0.0,,2.0,,3.0,2.0,10.0,,,3.0,14.0,,26.0,,19.0,8.0,2.0,2.0,6.0,,,,1.0,1.0,2.0,1.0,,,,,1.0,3.0,,,1.0,1.0,30.0,,3.0,3.0,1.0,1.0,11.0,0.0,1.0,,,,,,,,,,,,
cpl::Football_Player::1ece129a4fee46d18322a9312200459f,A. Ricci,Vancouver,Forward,2024,forward,19,1020,4,2,28,6,16,2,6,24,11,3,6,1,0,70.0,19,1.68,1,0,2,0,0,0,0,0,40.0,39.13,30.0,35.29,0,0,0,0,0,0,0,0,0,0,0,0,0,45.0,,15.0,2.0,1.0,6.0,,132.0,,,57.0,,185.0,6.0,11.0,,26.0,19.0,15.0,11.0,128.0,127.0,,24.0,20.0,,,19.0,15.0,,387.0,87.0,1.0,59.0,,,,9.0,41.0,19.0,54.0,70.0,,22.0,115.0,95.0,6.0,42.0,114.0,4.0,10.0,6.0,,6.0,171.0,47.0,2.0,,37.0,39.0,1020.0,,,56.0,0.0,,14.0,,6.0,5.0,8.0,,1.0,13.0,14.0,1.0,23.0,2.0,47.0,28.0,12.0,9.0,16.0,7.0,,2.0,6.0,6.0,4.0,3.0,,,,1.0,4.0,3.0,,1.0,3.0,3.0,53.0,,11.0,11.0,,4.0,11.0,1.0,3.0,1.0,,,,,,,,,1.0,,
cpl::Football_Player::0fd02f7d64ca484bbfcbbf30c395f33b,R. Moore,Pacific,Forward,2024,forward,20,1072,3,2,20,5,11,2,6,23,11,8,2,1,0,76.0,17,1.43,1,0,0,0,0,0,0,0,75.0,35.44,38.67,42.86,0,0,0,0,0,0,0,0,0,0,0,0,0,56.0,,3.0,2.0,1.0,2.0,,124.0,4.0,,48.0,,199.0,29.0,11.0,,26.0,20.0,8.0,11.0,151.0,145.0,,23.0,75.0,,,20.0,10.0,,377.0,117.0,6.0,46.0,,,,6.0,44.0,13.0,36.0,102.0,,9.0,158.0,83.0,9.0,45.0,142.0,2.0,10.0,6.0,,11.0,190.0,37.0,1.0,2.0,53.0,27.0,1072.0,,,56.0,2.0,,6.0,,9.0,5.0,9.0,2.0,1.0,8.0,46.0,1.0,30.0,5.0,68.0,20.0,9.0,2.0,11.0,2.0,,4.0,3.0,3.0,7.0,3.0,,,,1.0,3.0,10.0,,1.0,2.0,8.0,66.0,,4.0,4.0,,3.0,15.0,1.0,2.0,1.0,,,,,,,,3.0,,,
cpl::Football_Player::a63da4a535904f639ece3007ff800854,Gabriel Bitar,Vancouver,Forward,2024,forward,26,1794,4,2,32,6,12,2,20,36,26,1,2,0,0,79.0,28,1.4,22,0,0,0,0,0,0,0,58.82,38.56,18.18,7.27,0,0,0,0,0,0,0,0,0,0,0,0,0,91.0,,20.0,2.0,2.0,2.0,,264.0,2.0,,102.0,,480.0,4.0,26.0,,88.0,26.0,34.0,20.0,378.0,358.0,,36.0,22.0,,,26.0,21.0,2.0,848.0,276.0,20.0,139.0,,,,11.0,83.0,26.0,149.0,145.0,,17.0,236.0,214.0,23.0,82.0,362.0,2.0,10.0,20.0,,5.0,459.0,115.0,,1.0,133.0,87.0,1794.0,,,127.0,0.0,,6.0,,15.0,14.0,6.0,4.0,,27.0,18.0,,78.0,,58.0,32.0,20.0,14.0,12.0,7.0,,15.0,13.0,4.0,8.0,3.0,14.0,3.0,1.0,22.0,4.0,11.0,,,4.0,1.0,115.0,,48.0,23.0,5.0,4.0,42.0,1.0,3.0,,,,,3.0,,,,1.0,1.0,,
cpl::Football_Player::06a7cbbdbcac4641ac0ddc55b4c05117,M. Dyer,Pacific,Forward,2024,forward,24,1964,8,1,47,9,20,1,10,32,50,10,8,0,0,71.0,34,1.56,0,0,3,1,1,0,0,0,71.43,45.99,44.64,21.43,0,0,0,0,0,0,0,0,0,0,0,0,0,132.0,,8.0,1.0,4.0,8.0,,249.0,4.0,,107.0,,368.0,50.0,50.0,,46.0,24.0,14.0,22.0,261.0,250.0,,32.0,112.0,,,24.0,12.0,1.0,720.0,192.0,11.0,108.0,,,,10.0,71.0,30.0,93.0,155.0,,22.0,287.0,175.0,21.0,99.0,229.0,2.0,10.0,10.0,,10.0,336.0,72.0,,1.0,86.0,82.0,1964.0,,,93.0,0.0,,7.0,,17.0,12.0,2.0,,,18.0,62.0,,55.0,6.0,120.0,47.0,27.0,4.0,20.0,5.0,,4.0,3.0,3.0,13.0,8.0,,,,,8.0,11.0,1.0,2.0,4.0,10.0,118.0,,11.0,11.0,3.0,2.0,23.0,4.0,4.0,2.0,,2.0,,1.0,,,1.0,2.0,,,
cpl::Football_Player::3a8819a7f06c45a38e951d42d8743025,M. Shaw,Cavalry,Forward,2024,forward,23,1043,1,1,21,2,7,1,9,24,20,5,1,0,0,74.0,14,1.21,1,0,0,0,0,0,0,0,81.82,37.04,34.04,0.0,0,0,0,0,0,0,0,0,0,0,0,0,0,50.0,,3.0,1.0,,1.0,,89.0,3.0,,35.0,,134.0,16.0,20.0,,23.0,23.0,11.0,10.0,99.0,97.0,,24.0,47.0,,,23.0,16.0,,296.0,75.0,2.0,31.0,,,,4.0,29.0,11.0,29.0,85.0,,12.0,135.0,88.0,8.0,32.0,96.0,2.0,10.0,9.0,,5.0,131.0,24.0,1.0,,29.0,34.0,1043.0,,,54.0,0.0,,7.0,,7.0,5.0,13.0,2.0,,4.0,31.0,,26.0,1.0,47.0,21.0,14.0,2.0,7.0,3.0,,,,,9.0,1.0,,,,1.0,1.0,8.0,,1.0,,5.0,47.0,,,,,,7.0,1.0,0.0,,,1.0,,1.0,,,,,,,
cpl::Football_Player::df0de20d12274b3d9549323a3547572b,J. Heard,Pacific,Forward,2024,forward,18,1138,1,0,13,1,5,0,8,19,30,11,5,0,0,78.0,15,1.19,0,0,0,0,0,0,0,0,66.67,46.77,29.41,11.11,0,0,0,0,0,0,0,0,0,0,0,0,0,58.0,,8.0,,,5.0,,130.0,2.0,,49.0,,218.0,5.0,30.0,,34.0,18.0,12.0,13.0,169.0,167.0,,19.0,17.0,,,18.0,9.0,,410.0,114.0,2.0,60.0,,,,13.0,30.0,13.0,49.0,66.0,,21.0,124.0,107.0,6.0,41.0,165.0,6.0,10.0,8.0,,5.0,214.0,58.0,,,55.0,53.0,1138.0,,,54.0,1.0,,5.0,,4.0,10.0,5.0,1.0,,11.0,12.0,,27.0,3.0,40.0,13.0,8.0,4.0,5.0,4.0,,1.0,3.0,3.0,3.0,1.0,,,,,1.0,7.0,,1.0,,11.0,84.0,,24.0,24.0,,5.0,13.0,1.0,0.0,1.0,,,,,,,,1.0,,,
cpl::Football_Player::db08922169dd4965b34c10fd27536050,C. Vasconcelos,Wanderers,Forward,2024,forward,12,116,0,0,2,0,1,0,2,5,2,0,0,0,0,75.0,2,1.55,1,0,0,0,0,0,0,0,66.67,33.33,40.0,0.0,0,0,0,0,0,0,0,0,0,0,0,0,0,9.0,,1.0,,,,,29.0,1.0,,13.0,,52.0,2.0,2.0,,13.0,12.0,3.0,,39.0,39.0,,5.0,5.0,,,12.0,2.0,,87.0,31.0,,12.0,,,,4.0,10.0,1.0,20.0,18.0,,3.0,27.0,22.0,2.0,12.0,38.0,1.0,10.0,2.0,,1.0,51.0,9.0,,,10.0,7.0,116.0,,,15.0,0.0,,2.0,,,,12.0,1.0,,2.0,3.0,,9.0,1.0,6.0,2.0,1.0,1.0,1.0,,,2.0,1.0,,1.0,,,1.0,,1.0,,,,,,,12.0,,3.0,3.0,,,4.0,,,,,,,,,,,,,,
cpl::Football_Player::e59631b9384648c1a9d3a057aabe9412,V. Klonaridis,Forge,Forward,2024,forward,3,78,0,1,0,1,0,1,0,0,1,0,0,0,0,86.0,2,2.31,0,0,0,0,0,0,0,0,0.0,40.0,0.0,0.0,0,0,0,0,0,0,0,0,0,0,0,0,0,2.0,,,1.0,,,,7.0,,,2.0,,14.0,,1.0,,3.0,3.0,1.0,1.0,12.0,12.0,,,1.0,,,3.0,,,25.0,6.0,,3.0,,,,,2.0,2.0,4.0,3.0,,2.0,5.0,4.0,,2.0,8.0,,10.0,,,,10.0,6.0,1.0,,2.0,2.0,78.0,,,2.0,0.0,,1.0,,,1.0,2.0,,,,1.0,,1.0,,1.0,,,1.0,,,,,,,,,,,,,,,,,,,6.0,,1.0,1.0,,,,,,,,,,,,,,,,,
cpl::Football_Player::e9cd44c2190e4d57b7fec90bf7892145,T. Ciccarelli,Wanderers,Forward,2024,forward,1,1,0,0,0,0,0,0,0,0,0,0,0,0,0,,0,0.0,0,0,0,0,0,0,0,0,0.0,0.0,0.0,0.0,0,0,0,0,0,0,0,0,0,0,0,0,0,,,,,,,,,,,,,,,,,,1.0,,,,,,,,,,1.0,,,,,,,,,,,,,,,,,,,,,,,10.0,,,,,,,,,,1.0,,,,0.0,,,,,,1.0,,,,,,,,,,,,,,,,,,,,,,,,,,,,,,,,,,,,,,,,,,,,,,,,,,
cpl::Football_Player::dace44682e2f47b8bc651c8032e6e97d,T. Coimbra,Wanderers,Forward,2024,forward,20,796,4,1,21,5,9,1,4,10,4,12,3,1,0,59.0,14,1.58,0,0,1,0,0,0,0,0,66.67,43.97,61.54,0.0,0,0,0,0,0,0,0,0,0,0,0,0,0,51.0,,4.0,1.0,1.0,3.0,,122.0,2.0,,57.0,,139.0,32.0,4.0,,17.0,20.0,6.0,10.0,82.0,80.0,,10.0,52.0,,,20.0,4.0,,300.0,61.0,2.0,49.0,,,,9.0,37.0,12.0,32.0,65.0,,19.0,116.0,64.0,5.0,53.0,74.0,1.0,10.0,4.0,,16.0,131.0,21.0,,,33.0,19.0,796.0,,,45.0,1.0,,13.0,,7.0,10.0,10.0,,1.0,9.0,20.0,,29.0,2.0,52.0,21.0,12.0,2.0,9.0,5.0,,1.0,,,3.0,4.0,,,,,4.0,11.0,,1.0,,12.0,37.0,,1.0,1.0,,2.0,14.0,2.0,2.0,2.0,,2.0,,,,1.0,,,,,
cpl::Football_Player::f35e8387775841209e2b83c588cc5c52,J. Hamilton,Forge,Forward,2024,forward,23,664,1,1,10,2,5,1,2,10,4,6,0,0,0,82.0,5,0.68,0,0,2,0,0,0,0,0,100.0,30.19,38.1,0.0,0,0,0,0,0,0,0,0,0,0,0,0,0,16.0,,,1.0,,,,57.0,,,21.0,,111.0,8.0,4.0,,18.0,23.0,2.0,7.0,90.0,87.0,,10.0,21.0,,,23.0,3.0,,189.0,51.0,3.0,14.0,,,,7.0,26.0,5.0,12.0,37.0,,6.0,53.0,32.0,3.0,21.0,77.0,,10.0,2.0,,6.0,98.0,39.0,1.0,1.0,22.0,8.0,664.0,,,24.0,0.0,,4.0,,3.0,6.0,16.0,5.0,,2.0,13.0,,18.0,1.0,20.0,10.0,5.0,,5.0,1.0,,,,,3.0,1.0,,,,,1.0,7.0,,1.0,1.0,6.0,51.0,,,,,1.0,4.0,1.0,0.0,,,,,,,,,,,,
cpl::Football_Player::1445e6a3753f48798c8bcc200069bdb6,A. Reid,Pacific,Forward,2024,forward,19,674,0,2,10,2,6,2,9,21,15,3,3,0,0,74.0,9,1.2,15,0,0,0,0,0,0,0,75.0,40.0,26.67,13.04,0,0,0,0,0,0,0,0,0,0,0,0,0,42.0,,4.0,2.0,,3.0,,100.0,2.0,,45.0,,171.0,4.0,15.0,,30.0,19.0,12.0,7.0,126.0,119.0,,21.0,15.0,,,19.0,14.0,,320.0,98.0,7.0,58.0,,,,1.0,38.0,7.0,49.0,63.0,,10.0,105.0,90.0,17.0,41.0,112.0,1.0,10.0,9.0,,2.0,157.0,36.0,2.0,1.0,43.0,38.0,674.0,,,52.0,0.0,,5.0,,9.0,6.0,12.0,,,11.0,11.0,,24.0,1.0,34.0,10.0,4.0,3.0,6.0,5.0,,3.0,8.0,3.0,2.0,,6.0,6.0,,15.0,,3.0,,,,3.0,41.0,,14.0,4.0,4.0,1.0,7.0,,,,,,,,,,,,,,
cpl::Football_Player::31115f5131a74426969fd8573af2d8b9,B. Wright,Inter Toronto,Forward,2024,forward,24,2058,9,6,33,15,16,6,7,15,25,12,1,0,0,66.0,27,1.18,0,0,2,0,0,0,0,0,63.64,45.12,46.53,25.0,0,0,0,0,0,0,0,0,0,0,0,0,0,97.0,,4.0,6.0,2.0,1.0,,240.0,3.0,,118.0,,343.0,47.0,25.0,,24.0,24.0,11.0,23.0,225.0,222.0,,15.0,101.0,,,24.0,4.0,,626.0,158.0,3.0,108.0,,,,16.0,63.0,24.0,86.0,118.0,,19.0,215.0,114.0,12.0,114.0,189.0,2.0,10.0,7.0,,18.0,307.0,69.0,6.0,3.0,75.0,50.0,2058.0,,,64.0,4.0,,7.0,,16.0,10.0,1.0,1.0,,18.0,54.0,,43.0,3.0,98.0,33.0,17.0,4.0,16.0,4.0,,,2.0,2.0,6.0,9.0,,,,,9.0,24.0,,4.0,8.0,12.0,119.0,,6.0,6.0,1.0,2.0,25.0,5.0,4.0,1.0,,,,,,,,,,,
cpl::Football_Player::fe97daed88864e66a3ecc7ab9935be5d,C. Bayiha,Wanderers,Forward,2024,forward,22,1201,0,4,6,4,4,4,27,10,24,1,1,0,0,86.0,19,1.42,0,0,0,0,0,0,0,0,84.38,47.02,23.81,24.0,0,0,0,0,0,0,0,0,0,0,0,0,0,79.0,,9.0,4.0,1.0,1.0,,162.0,1.0,,56.0,,383.0,5.0,24.0,,81.0,22.0,32.0,15.0,327.0,315.0,,10.0,21.0,,,22.0,4.0,3.0,700.0,193.0,12.0,54.0,,,,21.0,163.0,18.0,84.0,89.0,,23.0,168.0,147.0,6.0,47.0,322.0,6.0,10.0,27.0,,19.0,378.0,140.0,3.0,1.0,31.0,74.0,1201.0,,,73.0,0.0,,10.0,,10.0,11.0,7.0,,,18.0,16.0,,49.0,,39.0,6.0,2.0,5.0,4.0,14.0,,53.0,6.0,6.0,2.0,,,,8.0,,,5.0,,3.0,,1.0,105.0,,19.0,19.0,3.0,3.0,23.0,,,,,,,,,,,1.0,,,
cpl::Football_Player::25c007080f3c4ebda4720b2425467546,J. Guzmán,Inter Toronto,Forward,2024,forward,11,944,0,5,13,5,5,5,4,6,20,1,1,1,0,80.0,12,1.14,20,0,0,0,0,0,0,0,66.67,41.84,41.67,26.09,0,0,0,0,0,0,0,0,0,0,0,0,0,41.0,,5.0,5.0,,1.0,,189.0,2.0,,67.0,,321.0,5.0,20.0,,31.0,11.0,6.0,11.0,254.0,245.0,,6.0,12.0,,,11.0,3.0,,574.0,176.0,9.0,101.0,,,,13.0,41.0,10.0,63.0,57.0,,28.0,98.0,86.0,16.0,62.0,238.0,1.0,10.0,4.0,,1.0,305.0,101.0,5.0,,119.0,36.0,944.0,,,50.0,0.0,,10.0,,17.0,5.0,,,1.0,10.0,7.0,,41.0,1.0,42.0,13.0,8.0,2.0,5.0,6.0,,18.0,23.0,18.0,3.0,,4.0,4.0,1.0,20.0,,4.0,,,,1.0,98.0,,47.0,40.0,1.0,4.0,27.0,,,,,,,2.0,,1.0,,,,,
cpl::Football_Player::02aa7947a974467ca35b62d0357226b4,S. Dzikowski,Vancouver,Forward,2024,forward,6,109,0,0,3,0,0,0,2,3,1,1,1,0,0,60.0,3,2.48,0,0,0,0,0,0,0,0,50.0,48.0,30.77,0.0,0,0,0,0,0,0,0,0,0,0,0,0,0,12.0,,,,,1.0,,18.0,,,8.0,,20.0,4.0,1.0,,3.0,6.0,4.0,,12.0,12.0,,3.0,13.0,,,6.0,2.0,,44.0,5.0,,7.0,,,,1.0,4.0,3.0,4.0,13.0,,,25.0,12.0,,8.0,9.0,,10.0,2.0,,1.0,17.0,7.0,,,3.0,8.0,109.0,,,4.0,0.0,,,,1.0,,6.0,,,3.0,9.0,,1.0,1.0,9.0,3.0,3.0,2.0,,1.0,,,,,1.0,,,,,,,1.0,,,,1.0,9.0,,,,,1.0,1.0,,,,,,,,,,,,,,
cpl::Football_Player::aceae7c77e384a08a0b2e7147138d478,J. Navarro,Vancouver,Forward,2024,forward,7,208,0,0,1,0,0,0,1,3,2,1,1,0,0,57.0,4,1.73,0,0,1,0,0,0,0,0,50.0,35.29,40.0,0.0,0,0,0,0,0,0,0,0,0,0,0,0,0,12.0,,,,,1.0,,24.0,,,18.0,,41.0,8.0,2.0,,10.0,7.0,2.0,1.0,23.0,23.0,,3.0,20.0,,,7.0,1.0,,69.0,17.0,,18.0,,,,,8.0,4.0,12.0,22.0,,5.0,34.0,14.0,4.0,18.0,22.0,,10.0,1.0,,3.0,40.0,6.0,,,12.0,4.0,208.0,,,10.0,0.0,,1.0,,2.0,1.0,6.0,,,,12.0,,4.0,,14.0,1.0,1.0,1.0,,2.0,,1.0,,,2.0,,,,,,,2.0,,1.0,,1.0,9.0,,,,1.0,,3.0,,,,,,,,,,,,,,
cpl::Football_Player::a96eb3025e23467ca33277ae9c86f369,S. Salter,Atlético,Forward,2024,forward,30,942,5,2,23,7,16,2,15,30,19,2,1,0,0,73.0,14,1.34,0,0,1,0,0,0,0,0,62.5,48.47,54.1,20.0,0,0,0,0,0,0,0,0,0,0,0,0,0,95.0,,5.0,2.0,1.0,1.0,,152.0,2.0,,68.0,,247.0,33.0,19.0,,44.0,30.0,24.0,8.0,179.0,175.0,,30.0,61.0,,,30.0,10.0,,473.0,120.0,4.0,58.0,,,,14.0,56.0,12.0,48.0,101.0,,16.0,196.0,135.0,12.0,63.0,170.0,3.0,10.0,15.0,,3.0,238.0,60.0,2.0,,73.0,62.0,942.0,,,73.0,0.0,,8.0,,7.0,8.0,22.0,5.0,,19.0,28.0,,39.0,2.0,67.0,23.0,7.0,9.0,16.0,7.0,,1.0,1.0,1.0,3.0,5.0,,,,,5.0,7.0,,,2.0,2.0,70.0,,4.0,4.0,,2.0,23.0,1.0,4.0,3.0,,,,,,,,1.0,,,
cpl::Football_Player::3a40cda943824387943792e6a62fee0f,R. Telfer,Wanderers,Forward,2024,forward,23,1659,4,2,28,6,11,2,11,15,43,6,3,0,0,74.0,22,1.19,15,0,0,0,0,0,0,0,64.71,53.77,45.76,6.67,0,0,0,0,0,0,0,0,0,0,0,0,0,114.0,,11.0,2.0,2.0,3.0,,233.0,3.0,,110.0,,411.0,27.0,43.0,,45.0,23.0,17.0,19.0,301.0,284.0,,15.0,59.0,,,23.0,8.0,2.0,737.0,228.0,17.0,116.0,,,,16.0,75.0,19.0,114.0,98.0,,25.0,212.0,153.0,21.0,99.0,284.0,4.0,10.0,11.0,,11.0,393.0,80.0,1.0,1.0,99.0,87.0,1659.0,,,66.0,2.0,,9.0,,13.0,14.0,4.0,1.0,,28.0,32.0,,45.0,,72.0,28.0,17.0,6.0,11.0,5.0,,18.0,7.0,2.0,7.0,4.0,7.0,6.0,7.0,15.0,4.0,8.0,,1.0,,6.0,123.0,,22.0,14.0,3.0,4.0,20.0,1.0,3.0,4.0,,,,4.0,,,,2.0,,,
cpl::Football_Player::a02919161811464a8411d7a898a68fff,L. Kwemi,Valour,Forward,2024,forward,14,409,0,1,6,1,4,1,11,9,7,0,2,0,0,73.0,5,1.1,0,0,0,0,0,0,0,0,57.89,54.26,22.22,15.38,0,0,0,0,0,0,0,0,0,0,0,0,0,51.0,,4.0,1.0,1.0,2.0,,90.0,1.0,,30.0,,109.0,2.0,7.0,,25.0,14.0,19.0,3.0,79.0,76.0,,9.0,9.0,,,14.0,3.0,,254.0,50.0,3.0,35.0,,,,6.0,16.0,4.0,29.0,43.0,,14.0,94.0,85.0,8.0,26.0,79.0,2.0,10.0,11.0,,3.0,109.0,31.0,1.0,,29.0,49.0,409.0,,,36.0,0.0,,3.0,,10.0,2.0,11.0,,,23.0,7.0,,21.0,,45.0,6.0,2.0,8.0,4.0,5.0,,2.0,2.0,2.0,1.0,,,,,,,1.0,,1.0,,,35.0,1.0,11.0,11.0,1.0,6.0,12.0,,,,,,,,,,,,,,
cpl::Football_Player::901d6c67f4fb4410a6035a929953e009,A. Koné,Forge,Forward,2024,forward,18,494,0,2,4,2,3,2,2,11,12,2,0,0,0,76.0,4,0.73,0,0,0,0,0,0,0,0,50.0,37.33,55.56,0.0,0,0,0,0,0,0,0,0,0,0,0,0,0,28.0,,4.0,2.0,,,,81.0,1.0,,26.0,,105.0,5.0,12.0,,15.0,18.0,4.0,5.0,79.0,79.0,,11.0,9.0,,,18.0,4.0,,216.0,51.0,,25.0,,,,2.0,12.0,3.0,21.0,47.0,,7.0,75.0,66.0,3.0,22.0,71.0,2.0,10.0,2.0,,8.0,97.0,28.0,1.0,,24.0,23.0,494.0,,,43.0,0.0,,5.0,,2.0,5.0,13.0,,,7.0,4.0,,30.0,1.0,22.0,4.0,1.0,2.0,3.0,4.0,,1.0,,,,,,,1.0,,,1.0,,2.0,,2.0,48.0,,1.0,1.0,2.0,2.0,9.0,,,,,,,,,,,,,,
cpl::Football_Player::ae23ee82dcf94e9a9bd025598913c845,A. Binate,Valour,Forward,2024,forward,27,1186,4,1,18,5,13,1,17,33,15,2,3,0,0,76.0,18,1.37,0,0,0,0,0,0,0,0,60.71,35.98,37.65,6.67,0,0,0,0,0,0,0,0,0,0,0,0,0,95.0,,9.0,1.0,4.0,3.0,,217.0,1.0,,72.0,,290.0,32.0,15.0,,44.0,27.0,28.0,13.0,218.0,214.0,,33.0,85.0,,,27.0,9.0,,607.0,148.0,4.0,67.0,,,,19.0,59.0,17.0,84.0,169.0,,36.0,264.0,179.0,12.0,63.0,215.0,7.0,10.0,17.0,,11.0,287.0,71.0,1.0,1.0,63.0,63.0,1186.0,,,116.0,0.0,,23.0,,10.0,11.0,14.0,1.0,,21.0,53.0,,74.0,2.0,41.0,18.0,5.0,11.0,13.0,1.0,,1.0,1.0,1.0,2.0,3.0,,,,,4.0,13.0,,3.0,3.0,2.0,84.0,,14.0,14.0,1.0,10.0,35.0,1.0,3.0,,,1.0,,,,,,,1.0,,
cpl::Football_Player::41d0f411d33949359fd8e13884639ba0,B. Tabla,Atlético,Forward,2024,forward,30,1844,2,4,39,6,16,4,19,22,23,12,5,0,0,84.0,21,1.02,0,0,2,0,0,0,0,0,82.61,51.15,42.86,35.0,0,0,0,0,0,0,0,0,0,0,0,0,0,89.0,,4.0,4.0,1.0,5.0,,180.0,4.0,,75.0,,443.0,9.0,23.0,,54.0,30.0,23.0,23.0,368.0,361.0,,22.0,21.0,,,30.0,5.0,,746.0,271.0,7.0,78.0,,,,10.0,101.0,17.0,97.0,85.0,,20.0,174.0,153.0,29.0,71.0,364.0,2.0,10.0,19.0,,4.0,439.0,104.0,2.0,,100.0,80.0,1844.0,,,73.0,1.0,,9.0,,13.0,18.0,7.0,4.0,,34.0,12.0,,51.0,,116.0,39.0,23.0,4.0,16.0,10.0,,7.0,7.0,7.0,14.0,2.0,,,,,2.0,7.0,,1.0,2.0,12.0,145.0,,13.0,13.0,5.0,4.0,34.0,0.0,2.0,,,,,,,,,,,,
cpl::Football_Player::0f153dc7081442a3bc20cd568ca71e39,W. Timóteo,Wanderers,Forward,2024,forward,21,1540,0,1,7,1,1,1,35,10,7,4,3,0,0,83.0,28,1.64,33,0,1,0,0,0,0,0,72.92,57.94,44.0,9.72,0,0,0,0,0,0,0,0,0,0,0,0,0,73.0,,60.0,1.0,1.0,3.0,,256.0,4.0,,156.0,,886.0,11.0,7.0,,77.0,21.0,48.0,16.0,730.0,696.0,,10.0,25.0,,,21.0,6.0,8.0,1292.0,370.0,34.0,155.0,,,,56.0,54.0,24.0,342.0,53.0,,47.0,126.0,101.0,29.0,96.0,690.0,21.0,10.0,35.0,,33.0,840.0,384.0,1.0,3.0,348.0,62.0,1540.0,,,39.0,0.0,,22.0,,10.0,4.0,5.0,3.0,,7.0,14.0,,13.0,,21.0,7.0,6.0,13.0,1.0,13.0,,106.0,24.0,7.0,4.0,,13.0,10.0,11.0,33.0,,2.0,,7.0,,4.0,142.0,1.0,55.0,35.0,1.0,,9.0,,,,,,,4.0,,,,,,,
cpl::Football_Player::7c7c78f8a9b24353a2c2418452327dab,Kévin Santos,Atlético,Forward,2024,forward,10,125,0,0,2,0,1,0,1,3,6,0,0,0,0,65.0,1,0.72,1,0,0,0,0,0,0,0,50.0,36.84,25.0,0.0,0,0,0,0,0,0,0,0,0,0,0,0,0,14.0,,1.0,,,,,36.0,,,14.0,,39.0,1.0,6.0,,8.0,10.0,2.0,1.0,25.0,22.0,,3.0,4.0,,,10.0,,,89.0,14.0,3.0,19.0,,,,,1.0,1.0,12.0,24.0,,2.0,38.0,34.0,1.0,13.0,24.0,1.0,10.0,1.0,,3.0,38.0,12.0,,,15.0,13.0,125.0,,,21.0,0.0,,,,1.0,1.0,9.0,,,5.0,3.0,,10.0,,9.0,2.0,1.0,1.0,1.0,1.0,,3.0,1.0,,1.0,,,1.0,,1.0,,2.0,,1.0,,,11.0,,5.0,4.0,,1.0,2.0,,,,,,,,,,,,,,
cpl::Football_Player::a2bda4ee744a46f5ba2c6d64d47b4f9e,A. Sellouf,Vancouver,Forward,2024,forward,20,1202,4,0,15,4,11,0,8,6,24,1,0,0,0,82.0,17,1.27,23,0,0,3,3,0,0,0,72.73,48.67,37.5,10.81,0,0,0,0,0,0,0,0,0,0,0,0,0,73.0,,10.0,,,,,199.0,1.0,,88.0,,486.0,6.0,24.0,,55.0,20.0,11.0,11.0,398.0,378.0,,6.0,16.0,,,20.0,4.0,1.0,757.0,249.0,20.0,87.0,,,,27.0,75.0,16.0,131.0,77.0,,19.0,150.0,134.0,16.0,78.0,374.0,4.0,10.0,8.0,,1.0,461.0,160.0,,,161.0,67.0,1202.0,,,67.0,1.0,,4.0,,13.0,5.0,9.0,1.0,,32.0,10.0,,56.0,1.0,49.0,15.0,4.0,3.0,11.0,8.0,,14.0,11.0,4.0,12.0,3.0,10.0,7.0,,23.0,4.0,14.0,3.0,1.0,3.0,1.0,119.0,,26.0,13.0,2.0,3.0,29.0,1.0,3.0,1.0,,,,2.0,1.0,,3.0,,1.0,,
cpl::Football_Player::fe284e4b5b5e4e43a39bdaf803f2c79d,J. Swibel,Valour,Forward,2024,forward,28,2015,7,0,37,7,23,0,6,42,26,7,6,0,0,73.0,32,1.43,1,0,1,0,0,0,0,0,54.55,26.38,19.44,16.67,0,0,0,0,0,0,0,0,0,0,0,0,0,67.0,,21.0,,6.0,6.0,,207.0,1.0,,112.0,,409.0,21.0,26.0,,48.0,28.0,11.0,24.0,297.0,279.0,,42.0,108.0,,,28.0,21.0,1.0,687.0,172.0,18.0,80.0,,,,37.0,73.0,31.0,95.0,187.0,,28.0,254.0,146.0,14.0,91.0,258.0,14.0,10.0,6.0,,23.0,369.0,126.0,,1.0,104.0,46.0,2015.0,,,100.0,3.0,,15.0,,11.0,15.0,4.0,3.0,,9.0,87.0,,48.0,9.0,53.0,37.0,14.0,5.0,23.0,,,1.0,1.0,1.0,7.0,5.0,,,,1.0,7.0,32.0,,2.0,4.0,7.0,137.0,,5.0,5.0,1.0,2.0,18.0,5.0,2.0,2.0,,1.0,,5.0,,,,,2.0,,1.0
cpl::Football_Player::99a91175ff8e476ca86125ecab87f00b,Mo Babouli,Inter Toronto,Forward,2024,forward,23,1938,7,2,34,9,18,2,17,22,35,7,3,0,0,79.0,22,1.02,64,0,0,0,0,0,0,0,70.83,40.24,31.58,6.19,0,0,0,0,0,0,0,0,0,0,0,0,0,101.0,,34.0,2.0,1.0,3.0,,372.0,4.0,,151.0,,709.0,12.0,35.0,,96.0,23.0,24.0,22.0,558.0,496.0,,22.0,38.0,,,23.0,12.0,,1187.0,391.0,62.0,203.0,,,,25.0,121.0,18.0,225.0,150.0,,40.0,251.0,213.0,25.0,117.0,513.0,7.0,10.0,17.0,,18.0,657.0,186.0,2.0,4.0,220.0,89.0,1938.0,,,124.0,0.0,,18.0,,23.0,7.0,1.0,2.0,,30.0,26.0,,81.0,5.0,59.0,34.0,16.0,7.0,18.0,6.0,,19.0,19.0,6.0,12.0,5.0,31.0,14.0,2.0,64.0,7.0,19.0,,2.0,4.0,7.0,143.0,1.0,77.0,33.0,5.0,5.0,35.0,4.0,3.0,1.0,,2.0,,11.0,,,,,2.0,,1.0
cpl::Football_Player::f5aec735953a459ba324940a2fc1411f,S. Jimoh,Inter Toronto,Forward,2024,forward,16,598,4,1,8,5,7,1,11,14,12,1,0,0,0,80.0,10,1.51,9,0,1,0,0,0,0,0,61.11,43.3,50.0,15.15,0,0,0,0,0,0,0,0,0,0,0,0,0,42.0,,3.0,1.0,1.0,,,116.0,1.0,,39.0,,186.0,3.0,12.0,,21.0,16.0,18.0,4.0,147.0,145.0,,14.0,6.0,,,16.0,6.0,,351.0,98.0,2.0,59.0,,,,8.0,25.0,9.0,36.0,55.0,,17.0,97.0,91.0,6.0,36.0,138.0,1.0,10.0,11.0,,,177.0,54.0,1.0,1.0,39.0,39.0,598.0,,,52.0,2.0,,7.0,,11.0,2.0,12.0,1.0,,10.0,3.0,,26.0,,32.0,8.0,1.0,7.0,7.0,3.0,,4.0,5.0,5.0,3.0,4.0,1.0,,1.0,9.0,4.0,2.0,,,3.0,1.0,86.0,,28.0,27.0,,2.0,19.0,2.0,2.0,1.0,,,,,,,,,,,
cpl::Football_Player::4677d430ee38453e9a424d4e8c1cc96b,T. Borges,Forge,Forward,2024,forward,25,1821,8,6,40,14,21,6,28,19,26,8,8,0,0,84.0,22,1.09,46,0,1,1,1,0,0,0,57.14,44.64,15.38,8.7,0,0,0,0,0,0,0,0,0,0,0,0,0,104.0,,16.0,6.0,3.0,8.0,1.0,304.0,3.0,,111.0,,658.0,2.0,26.0,,105.0,25.0,49.0,21.0,547.0,519.0,,19.0,13.0,,,25.0,16.0,1.0,1105.0,446.0,28.0,158.0,,,,14.0,209.0,19.0,177.0,129.0,,40.0,233.0,220.0,36.0,95.0,520.0,1.0,10.0,28.0,,3.0,631.0,110.0,6.0,1.0,90.0,102.0,1821.0,,,118.0,2.0,,20.0,,24.0,18.0,4.0,,,27.0,11.0,,74.0,1.0,91.0,40.0,19.0,21.0,21.0,13.0,,14.0,9.0,6.0,15.0,7.0,25.0,2.0,,46.0,8.0,15.0,1.0,,1.0,8.0,182.0,,61.0,32.0,2.0,6.0,40.0,7.0,1.0,6.0,,1.0,,3.0,,,1.0,,1.0,,
cpl::Football_Player::04cd976c461148d79ab8cafc0bf69c62,D. Choinière,Forge,Forward,2024,forward,30,2320,5,5,29,10,17,5,25,33,22,3,3,0,0,85.0,29,1.12,0,0,3,0,0,0,0,0,59.52,37.31,25.0,20.63,0,0,0,0,0,0,0,0,0,0,0,0,0,100.0,,15.0,5.0,3.0,3.0,,347.0,3.0,,136.0,,874.0,4.0,22.0,,100.0,30.0,42.0,28.0,738.0,723.0,,33.0,16.0,,,30.0,16.0,,1333.0,579.0,15.0,159.0,,,,27.0,304.0,26.0,189.0,168.0,,47.0,268.0,252.0,28.0,121.0,734.0,8.0,10.0,25.0,,5.0,870.0,172.0,5.0,2.0,128.0,96.0,2320.0,,,156.0,1.0,,19.0,,31.0,20.0,2.0,4.0,,32.0,12.0,,88.0,3.0,119.0,29.0,12.0,17.0,17.0,6.0,,15.0,13.0,13.0,14.0,5.0,,,2.0,,5.0,3.0,,1.0,4.0,3.0,253.0,,50.0,50.0,3.0,6.0,39.0,1.0,4.0,1.0,,,,,,,,,,,
cpl::Football_Player::c39cf7fa836f436d961ce8dbbf72dc90,N. Ampomah,Forge,Forward,2024,forward,17,938,2,2,28,4,15,2,5,32,9,8,6,0,0,74.0,7,0.67,0,0,0,0,0,0,0,0,50.0,31.03,12.5,18.18,0,0,0,0,0,0,0,0,0,0,0,0,0,36.0,,8.0,2.0,,6.0,,131.0,1.0,,59.0,,224.0,1.0,9.0,,35.0,17.0,10.0,11.0,165.0,151.0,,32.0,8.0,,,17.0,19.0,,398.0,122.0,14.0,61.0,,,,7.0,26.0,6.0,51.0,80.0,,15.0,116.0,108.0,8.0,51.0,159.0,1.0,10.0,5.0,,3.0,218.0,45.0,2.0,,100.0,35.0,938.0,,,73.0,0.0,,6.0,,10.0,9.0,6.0,1.0,,16.0,7.0,,34.0,,55.0,28.0,13.0,5.0,15.0,3.0,,4.0,2.0,2.0,4.0,1.0,,,,,2.0,5.0,,,1.0,8.0,47.0,,9.0,9.0,1.0,6.0,20.0,2.0,0.0,1.0,,,,,,,,1.0,1.0,,
cpl::Football_Player::c5b37ec1e74c4854b88811fb9e271617,D. Salanović,Inter Toronto,Forward,2024,forward,11,538,2,0,5,2,2,0,4,7,2,1,3,0,0,79.0,8,1.34,13,0,0,0,0,0,0,0,66.67,38.3,33.33,6.25,0,0,0,0,0,0,0,0,0,0,0,0,0,18.0,,7.0,,1.0,3.0,,78.0,,,33.0,,156.0,4.0,2.0,,20.0,11.0,6.0,6.0,123.0,115.0,,7.0,12.0,,,11.0,3.0,1.0,246.0,84.0,8.0,42.0,,,,4.0,30.0,8.0,32.0,29.0,,8.0,47.0,35.0,8.0,26.0,107.0,4.0,10.0,4.0,,4.0,140.0,43.0,,,37.0,14.0,538.0,,,21.0,1.0,,2.0,,4.0,5.0,5.0,,,6.0,8.0,,13.0,1.0,16.0,5.0,3.0,2.0,2.0,5.0,,1.0,4.0,1.0,3.0,2.0,7.0,2.0,,13.0,2.0,4.0,,,2.0,1.0,57.0,,13.0,4.0,1.0,2.0,8.0,2.0,0.0,,,,,,,,,,,,
cpl::Football_Player::7605490b6ccd4ec881fe76b8f5e1999f,R. del Campo,Atlético,Forward,2024,forward,30,2265,12,2,61,14,27,2,6,30,34,16,5,0,0,74.0,29,1.15,0,0,3,2,2,0,0,0,50.0,36.95,35.94,19.05,0,0,0,0,0,0,0,0,0,0,0,0,0,109.0,,8.0,2.0,1.0,5.0,,233.0,5.0,,80.0,,299.0,46.0,34.0,,41.0,30.0,12.0,24.0,219.0,213.0,,30.0,128.0,,,30.0,9.0,,675.0,142.0,6.0,93.0,,,,4.0,60.0,24.0,63.0,186.0,,30.0,295.0,167.0,16.0,72.0,176.0,2.0,10.0,6.0,,10.0,256.0,81.0,2.0,2.0,83.0,63.0,2265.0,,,104.0,2.0,,14.0,,26.0,8.0,6.0,,,19.0,82.0,,71.0,3.0,130.0,61.0,34.0,6.0,27.0,2.0,,7.0,4.0,4.0,28.0,11.0,,,2.0,,12.0,12.0,2.0,2.0,2.0,16.0,93.0,,17.0,17.0,2.0,7.0,39.0,5.0,7.0,10.0,,,,2.0,1.0,,2.0,1.0,1.0,,
cpl::Football_Player::6fcf09933f254171a16a70196c61c7e0,O. Botello,Inter Toronto,Forward,2024,forward,26,1904,0,0,10,0,2,0,27,38,27,0,14,0,0,82.0,25,1.18,12,0,0,0,0,0,0,0,54.0,50.0,33.33,20.97,0,0,0,0,0,0,0,0,0,0,0,0,0,101.0,,83.0,,2.0,14.0,,337.0,3.0,,201.0,,1092.0,9.0,27.0,,102.0,26.0,50.0,22.0,891.0,836.0,,38.0,27.0,,,26.0,21.0,7.0,1662.0,462.0,55.0,185.0,,,,65.0,55.0,22.0,423.0,101.0,,50.0,202.0,175.0,12.0,118.0,868.0,49.0,10.0,27.0,,44.0,1067.0,442.0,,4.0,382.0,92.0,1904.0,,,83.0,0.0,,18.0,,19.0,8.0,4.0,,,16.0,18.0,,31.0,,12.0,10.0,8.0,23.0,2.0,31.0,,169.0,13.0,13.0,2.0,,12.0,,21.0,12.0,,1.0,,6.0,,,232.0,,49.0,34.0,,5.0,12.0,,,,,,,1.0,,,,,,,
cpl::Football_Player::0d635e29400f481397a6663825364631,S. Castello,Forge,Forward,2024,forward,2,41,0,0,0,0,0,0,1,2,2,1,0,0,0,75.0,0,0.0,0,0,0,0,0,0,0,0,100.0,42.86,0.0,100.0,0,0,0,0,0,0,0,0,0,0,0,0,0,3.0,,3.0,,,,,9.0,,,5.0,,20.0,,2.0,,2.0,2.0,1.0,,15.0,15.0,,2.0,,,,2.0,2.0,,31.0,8.0,,4.0,,,,1.0,2.0,,3.0,4.0,,1.0,7.0,7.0,,2.0,15.0,1.0,10.0,1.0,,,20.0,8.0,,,5.0,3.0,41.0,,,4.0,0.0,,,,,,2.0,,,,,,2.0,,,,,,,,,,1.0,1.0,,,,,1.0,,,1.0,,,,1.0,10.0,,,,,,,,,,,,,,,,,,,,
cpl::Football_Player::085026728fc94c60b6d02a13a0a4ee6f,J. Hanson,Valour,Forward,2024,forward,10,139,0,0,0,0,0,0,0,6,4,1,2,0,0,55.0,6,3.88,0,0,0,0,0,0,0,0,0.0,39.29,35.71,0.0,0,0,0,0,0,0,0,0,0,0,0,0,0,11.0,,,,,2.0,,25.0,1.0,,14.0,,31.0,5.0,4.0,,8.0,10.0,1.0,,17.0,16.0,,6.0,14.0,,,10.0,2.0,,61.0,7.0,1.0,13.0,,,,2.0,11.0,5.0,5.0,17.0,,1.0,28.0,14.0,1.0,14.0,16.0,,10.0,,,1.0,30.0,10.0,,,9.0,6.0,139.0,,,8.0,0.0,,1.0,,,1.0,10.0,,,1.0,9.0,,3.0,1.0,4.0,,,1.0,,2.0,,1.0,,,2.0,,,,,,,,,,,1.0,6.0,,1.0,1.0,,,3.0,,,,,,,,,,,,,,
cpl::Football_Player::37fbeb2979074ca7984fcf381abe8c12,D. O'Hea,Pacific,Forward,2024,forward,7,347,0,0,5,0,2,0,0,4,4,4,0,0,0,72.0,5,1.3,0,0,0,0,0,0,0,0,0.0,50.98,44.44,0.0,0,0,0,0,0,0,0,0,0,0,0,0,0,26.0,,2.0,,1.0,,,39.0,2.0,,21.0,,74.0,12.0,4.0,,13.0,7.0,3.0,5.0,53.0,52.0,,4.0,27.0,,,7.0,2.0,,120.0,37.0,1.0,18.0,,,,5.0,23.0,3.0,17.0,25.0,,3.0,51.0,24.0,2.0,19.0,51.0,1.0,10.0,,,1.0,72.0,16.0,,,11.0,14.0,347.0,,,10.0,0.0,,1.0,,2.0,4.0,2.0,,,7.0,15.0,,7.0,,21.0,5.0,3.0,3.0,2.0,1.0,,,,,2.0,,,,,,,4.0,,,,4.0,23.0,,2.0,2.0,,1.0,1.0,,,,,,,,,,,,,,
cpl::Football_Player::982a96a792e04404805090a131cb95df,T. Campbell,Forge,Forward,2024,forward,8,309,0,0,4,0,3,0,2,0,3,2,0,0,0,71.0,3,0.87,0,0,0,0,0,0,0,0,28.57,51.72,22.22,0.0,0,0,0,0,0,0,0,0,0,0,0,0,0,15.0,,,,,,,26.0,,,14.0,,47.0,2.0,3.0,,3.0,8.0,7.0,3.0,33.0,33.0,,,9.0,,,8.0,,,86.0,23.0,,10.0,,,,5.0,11.0,3.0,7.0,14.0,,7.0,29.0,20.0,5.0,14.0,28.0,,10.0,2.0,,3.0,42.0,10.0,,,11.0,13.0,309.0,,,7.0,0.0,,2.0,,,3.0,5.0,,,3.0,7.0,,5.0,1.0,15.0,4.0,1.0,5.0,3.0,,,,,,,,,,,,,4.0,,,,2.0,18.0,,1.0,1.0,,,2.0,,,,,,,,,,,,,,
cpl::Football_Player::9577790c0cf54495843d303127992c4d,S. Hundal,Valour,Forward,2024,forward,27,1887,7,3,27,10,17,3,10,30,17,11,3,0,0,74.0,31,1.48,0,0,2,2,1,0,0,0,76.92,31.65,32.58,46.15,0,0,0,0,0,0,0,0,0,0,0,0,0,75.0,,16.0,3.0,5.0,3.0,,245.0,3.0,,104.0,,393.0,29.0,17.0,,44.0,27.0,13.0,22.0,289.0,273.0,,30.0,89.0,,,27.0,11.0,,698.0,196.0,16.0,97.0,,,,14.0,71.0,28.0,88.0,162.0,,18.0,237.0,148.0,14.0,88.0,273.0,3.0,10.0,10.0,,17.0,377.0,99.0,2.0,1.0,118.0,46.0,1887.0,,,102.0,0.0,,6.0,,6.0,12.0,5.0,,,16.0,60.0,,70.0,3.0,81.0,27.0,10.0,3.0,17.0,5.0,1.0,1.0,6.0,6.0,4.0,7.0,,,1.0,,7.0,19.0,2.0,4.0,5.0,11.0,116.0,,7.0,7.0,2.0,4.0,27.0,4.0,3.0,1.0,,1.0,,,,,1.0,1.0,,,
cpl::Football_Player::2989b90b079449a0916022698aecc47b,B. Badibanga,Forge,Forward,2024,forward,25,1873,4,3,47,7,24,3,11,25,45,1,9,0,0,80.0,26,1.25,16,0,2,1,0,0,0,0,68.75,44.76,21.05,20.88,0,0,0,0,0,0,0,0,0,0,0,0,0,111.0,,26.0,3.0,3.0,9.0,,399.0,3.0,,166.0,,811.0,4.0,45.0,,73.0,25.0,16.0,22.0,645.0,590.0,,25.0,19.0,,,25.0,14.0,1.0,1321.0,468.0,55.0,219.0,,,,17.0,88.0,23.0,186.0,137.0,,42.0,248.0,229.0,22.0,140.0,621.0,3.0,10.0,11.0,,7.0,785.0,197.0,2.0,4.0,325.0,107.0,1873.0,,,122.0,2.0,,9.0,,23.0,15.0,3.0,2.0,,46.0,15.0,,94.0,2.0,60.0,47.0,23.0,5.0,24.0,8.0,,38.0,20.0,19.0,9.0,4.0,7.0,2.0,3.0,16.0,4.0,10.0,1.0,,3.0,1.0,212.0,,70.0,60.0,3.0,12.0,43.0,1.0,3.0,,,1.0,,12.0,,,,,,1.0,
cpl::Football_Player::1e2de1b3d9654cbe87321fe6e1f3837b,C. Chanda,Cavalry,Forward,2024,forward,7,47,0,0,0,0,0,0,1,2,2,1,1,0,0,77.0,0,0.0,0,0,0,0,0,0,0,0,100.0,64.29,60.0,0.0,0,0,0,0,0,0,0,0,0,0,0,0,0,9.0,,,,,1.0,,8.0,,,4.0,,17.0,3.0,2.0,,3.0,7.0,1.0,,13.0,13.0,,2.0,5.0,,,7.0,1.0,,34.0,11.0,,3.0,,,,1.0,5.0,,4.0,5.0,,3.0,14.0,9.0,2.0,4.0,13.0,,10.0,1.0,,2.0,17.0,2.0,,,3.0,6.0,47.0,,,3.0,0.0,,1.0,,2.0,,7.0,,,3.0,2.0,,1.0,,3.0,,,,,,,,,,1.0,,,,,,,,,,,1.0,5.0,,,,,,,,,,,,,,,,,,,,
cpl::Football_Player::2e4482a25fcd459a992030c983aa3254,W. Akio,Cavalry,Forward,2024,forward,8,333,1,0,7,1,2,0,4,4,4,2,1,0,0,79.0,5,1.35,0,0,0,0,0,0,0,0,57.14,41.51,40.0,7.14,0,0,0,0,0,0,0,0,0,0,0,0,0,22.0,,1.0,,,1.0,,61.0,1.0,,16.0,,74.0,6.0,4.0,,10.0,8.0,7.0,3.0,58.0,56.0,,4.0,15.0,,,8.0,1.0,,165.0,38.0,2.0,28.0,,,,1.0,17.0,4.0,13.0,31.0,,6.0,53.0,38.0,4.0,15.0,56.0,1.0,10.0,4.0,,,72.0,21.0,,,18.0,16.0,333.0,,,22.0,0.0,,2.0,,6.0,4.0,5.0,1.0,,5.0,9.0,,19.0,,28.0,7.0,5.0,3.0,2.0,,,3.0,1.0,1.0,4.0,1.0,,,,,1.0,1.0,,,,2.0,26.0,,13.0,13.0,,1.0,13.0,0.0,1.0,1.0,,,,,,,,,,,
cpl::Football_Player::def03e057c01433999d5480a94ea6ca9,L. Brooks,Cavalry,Forward,2024,forward,13,529,0,1,13,1,6,1,7,10,6,1,1,0,0,78.0,5,0.85,0,0,2,0,0,0,0,0,70.0,35.14,38.46,23.08,0,0,0,0,0,0,0,0,0,0,0,0,0,26.0,,5.0,1.0,,1.0,,91.0,1.0,,33.0,,146.0,5.0,6.0,,17.0,13.0,10.0,5.0,113.0,108.0,,10.0,13.0,,,13.0,4.0,,274.0,84.0,5.0,35.0,,,,8.0,13.0,4.0,36.0,48.0,,11.0,74.0,61.0,2.0,28.0,113.0,2.0,10.0,7.0,,2.0,146.0,32.0,1.0,,54.0,21.0,529.0,,,40.0,0.0,,4.0,,10.0,4.0,8.0,1.0,,5.0,8.0,,25.0,,16.0,13.0,7.0,3.0,6.0,6.0,,3.0,3.0,3.0,2.0,,,,,,,1.0,,1.0,,1.0,43.0,,10.0,10.0,1.0,2.0,17.0,,,,,,,,,,,,,,
cpl::Football_Player::a7c798b2c0854f8ba2b4b6b61854a749,R. Agunbiade,Wanderers,Forward,2024,forward,1,6,0,0,0,0,0,0,1,0,0,0,0,0,0,0.0,0,0.0,0,0,0,0,0,0,0,0,100.0,50.0,0.0,0.0,0,0,0,0,0,0,0,0,0,0,0,0,0,1.0,,1.0,,,,,4.0,,,1.0,,1.0,,,,1.0,1.0,1.0,,,,,,,,,1.0,,,5.0,,,,,,,1.0,,,1.0,1.0,,,2.0,2.0,,,,1.0,10.0,1.0,,,1.0,,,,,1.0,6.0,,,1.0,0.0,,,,,,1.0,,,,,,1.0,,,,,,,,,,,,,,,,,,,,,,,,,,,,,,,,,,,,,,,,,,,,
cpl::Football_Player::c2642324aa5f408c8f111669cd3bda6c,C. Volesky,Wanderers,Forward,2024,forward,6,202,0,0,6,0,3,0,1,2,1,1,0,0,0,76.0,4,1.78,0,0,1,0,0,0,0,0,100.0,24.0,44.44,0.0,0,0,0,0,0,0,0,0,0,0,0,0,0,6.0,,,,1.0,,,24.0,,,8.0,,33.0,4.0,1.0,,3.0,6.0,1.0,2.0,25.0,25.0,,2.0,9.0,,,6.0,1.0,,68.0,15.0,,5.0,,,,3.0,5.0,4.0,5.0,19.0,,1.0,25.0,16.0,2.0,8.0,19.0,,10.0,1.0,,1.0,27.0,10.0,,,7.0,2.0,202.0,,,14.0,0.0,,,,2.0,2.0,4.0,,,,5.0,,10.0,,18.0,6.0,3.0,,3.0,,,1.0,,,,,,,,,,1.0,,,,1.0,16.0,,,,,,4.0,,,,,,,,,,,,,,
cpl::Football_Player::326175d3994243c1808e3738e625fb2f,K. Tavernier,Forge,Forward,2024,forward,5,39,0,0,0,0,0,0,1,3,0,0,1,0,0,64.0,1,2.31,0,0,0,0,0,0,0,0,100.0,20.0,0.0,0.0,0,0,0,0,0,0,0,0,0,0,0,0,0,2.0,,1.0,,,1.0,,8.0,,,4.0,,11.0,,,,,5.0,1.0,,7.0,7.0,,3.0,1.0,,,5.0,1.0,,23.0,5.0,,1.0,,,,3.0,4.0,1.0,3.0,8.0,,3.0,10.0,9.0,,3.0,7.0,1.0,10.0,1.0,,1.0,11.0,2.0,,,1.0,2.0,39.0,,,7.0,0.0,,2.0,,,,5.0,,,1.0,1.0,,2.0,,1.0,,,,,,,2.0,,,,,,,,,,,,,,,3.0,,,,,,1.0,,,,,,,,,,,,,,
cpl::Football_Player::3e4a7c1ba82c479793557ba421ea6743,K. Poku,Forge,Forward,2024,forward,17,1253,8,2,31,10,17,2,9,25,12,18,3,0,0,79.0,18,1.29,0,0,1,1,0,0,0,0,75.0,33.63,42.11,15.79,0,0,0,0,0,0,0,0,0,0,0,0,0,38.0,,9.0,2.0,2.0,3.0,,114.0,4.0,,45.0,,211.0,8.0,12.0,,30.0,17.0,12.0,14.0,166.0,162.0,,25.0,19.0,,,17.0,11.0,1.0,401.0,121.0,4.0,48.0,,,,13.0,46.0,14.0,38.0,75.0,,22.0,113.0,94.0,12.0,36.0,137.0,9.0,10.0,9.0,,12.0,182.0,48.0,1.0,2.0,43.0,30.0,1253.0,,,64.0,3.0,,10.0,,10.0,5.0,3.0,1.0,,7.0,11.0,,33.0,1.0,53.0,31.0,14.0,3.0,17.0,3.0,,5.0,3.0,3.0,4.0,8.0,,,,,8.0,3.0,1.0,6.0,1.0,18.0,84.0,,16.0,16.0,1.0,1.0,20.0,6.0,2.0,7.0,,,,1.0,1.0,,,,,,
