playerId,playerName,team,position,season,role,GP,Mins,G,A,S,GI,SOT,KP,Tackles,FC,FS,OFF,YC,RC,AerialsWonPercentage,Pass%,GoalsConceded,GAA,Corners,GoalsFreeKick,HitWoodwork,PenaltyAttempts,PenaltiesSuccessful,YellowRedCards,Xg,Xgefficiency,TacklesWonPercentage,DuelsWonPercentage,AerialDuelsWonPercentage,CrossCompletePercentage,TotalDistanceCovered,AverageDistanceCovered,TotalDistanceCoveredWalking,AverageDistanceCoveredWalking,TotalDistanceCoveredJogging,AverageDistanceCoveredJogging,TotalDistanceCoveredLowIntensityRunning,AverageDistanceCoveredLowIntensityRunning,TotalDistanceCoveredSprinting,AverageDistanceCoveredSprinting,TotalDistanceCoveredHighIntensityRunning,AverageDistanceCoveredHighIntensityRunning,Sprints,KeyPasses(attemptAssists),Touches,YellowCards,TotalUnsuccessfulPasses(ExclCrosses&Corners),TimePlayed,GroundDuelsLost,Catches,AerialDuelsWon,DuelsWon,GoalsConcededOutsideBox,PenaltiesFaced,SuccessfulOpenPlayPasses,SuccessfulLaunches,GroundDuels,SavesMadeFromInsideBox,Duels,UnsuccessfulLaunches,Putthrough/blockedDistribution,CleanSheets,LeftsidePasses,Starts,SavesMade-Parried,SavesMade,TotalFoulsConceded,PenaltyGoalsConceded,GoalsConcededInsideBox,TotalClearances,TotalPasses,Recoveries,SuccessfulPassesOppositionHalf,GoalkeeperSmother,GkUnsuccessfulDistribution,GamesPlayed,SuccessfulPassesOwnHalf,ForwardPasses,RightsidePasses,Drops,Putthrough/blockedDistributionWon,UnsuccessfulLongPasses,Punches,DuelsLost,SuccessfulLongPasses,GkSuccessfulDistribution,TotalLossesOfPossession,Index,Appearances,OpenPlayPasses,UnsuccessfulShortPasses,SavesMadeFromOutsideBox,FoulAttemptedTackle,SuccessfulShortPasses,AerialDuels,TacklesLost,TotalTackles,TotalTouchesInOppositionBox,TotalSuccessfulPasses(ExclCrosses&Corners),UnsuccessfulPassesOppositionHalf,TotalFoulsWon,GoalKicks,GroundDuelsWon,UnsuccessfulPassesOwnHalf,PenaltiesConceded,CornersWon,WinningGoal,SavesMade-Caught,AerialDuelsLost,Interceptions,SuccessfulDribbles,SubstituteOff,SubstituteOn,CrossesNotClaimed,UnsuccessfulLay-offs,SavesFromPenalty,PenaltiesSaved,OwnGoalScored,CornersTaken(inclShortCorners),TotalShots,UnsuccessfulCrossesOpenPlay,ThrowInsToOppositionPlayer,UnsuccessfulCrosses&Corners,TacklesWon,BlockedShots,ShotsOnTarget(IncGoals),TimesTackled,Blocks,SuccessfulCrosses&Corners,ThrowInsToOwnPlayer,UnsuccessfulCornersIntoBox,SuccessfulCrossesOpenPlay,SuccessfulCornersIntoBox,BackwardPasses,UnsuccessfulDribbles,RightFootGoals,SuccessfulLay-offs,Assists(intentional),GoalsFromInsideBox,Goals,Offsides,PenaltiesTaken,GoalAssists,ShotsOffTarget(incWoodwork),PenaltyGoals,LeftFootGoals,SecondGoalAssists,AttemptsFromSetPieces,HomeGoals,AwayGoals,HandballsConceded,Overruns,HeadedGoals,ThroughBalls,LastManTackle,FoulWonPenalty,ClearancesOffTheLine,GoalsFromOutsideBox,StraightRedCards,TotalRedCards,LastPlayerTackle,RedCards-2ndYellow,SetPiecesGoals,PenaltiesOffTarget,OtherGoals
cpl::Football_Player::23c92ceb8bee415a886f16e93c507c65,M. Carducci,Cavalry,Goalkeeper,2023,goalkeeper,31,2820,0,0,0,0,0,0,0,2,3,0,3,0,100,79.0,32,1.02,0,0,0,0,0,0,0,0,0,0,0,0,0,0,0,0,0,0,0,0,0,0,0,0,0,1.0,1359.0,3.0,234.0,2820.0,3.0,31.0,6.0,8.0,4.0,5.0,599.0,25.0,5.0,38.0,11.0,43.0,2.0,8.0,269.0,31.0,18.0,73.0,2.0,4.0,28.0,27.0,1080.0,242.0,95.0,3.0,62.0,31.0,751.0,541.0,270.0,2.0,1.0,231.0,9.0,3.0,171.0,336.0,239.0,10.0,31.0,723.0,3.0,35.0,2.0,675.0,6.0,1.0,1.0,3.0,846.0,184.0,3.0,268.0,2.0,50.0,2.0,2.0,0.0,,,,,,,,,,,,,,,,,,,,,,,,,,,,,,,,,,,,,,,,,,,,,,,,,,,,,,,,,,
cpl::Football_Player::641227fe9b374c1985d5ccdcee618d2a,S. Kerr,Cavalry,Goalkeeper,2023,goalkeeper,0,0,0,0,0,0,0,0,0,0,0,0,0,0,0,,0,,0,0,0,0,0,0,0,0,0,0,0,0,0,0,0,0,0,0,0,0,0,0,0,0,0,,,,,,,,,,,,,,,,,,,,,,,,,,,,,,,,,,,,,,,,,,,,,,,,,,,,,,,,,,,,,,,,,,,,,,,,,,,,,,,,,,,,,,,,,,,,,,,,,,,,,,,,,,,,,,,,,,,,,,,,,,
cpl::Football_Player::3c3ac97f7b7447d6927f896cea388d2e,Y. Fillion,Wanderers,Goalkeeper,2023,goalkeeper,29,2610,0,0,0,0,0,0,0,0,4,0,5,0,83,72.0,33,1.14,0,0,0,0,0,0,0,0,0,0,0,0,0,0,0,0,0,0,0,0,0,0,0,0,0,,1006.0,5.0,199.0,2610.0,,21.0,5.0,10.0,9.0,3.0,287.0,13.0,5.0,54.0,11.0,45.0,1.0,7.0,179.0,29.0,28.0,73.0,,3.0,24.0,44.0,702.0,227.0,57.0,4.0,47.0,29.0,446.0,364.0,159.0,2.0,,190.0,13.0,1.0,109.0,319.0,206.0,10.0,29.0,399.0,9.0,19.0,,394.0,6.0,,,,503.0,155.0,4.0,217.0,5.0,44.0,,,0.0,2.0,1.0,,,,,,,,,,,,,,,,,,,,,,,,,,,,,,,,,,,,,,,,,,,,,,,,,,,,,,,,
cpl::Football_Player::d3eccdc138364416ab9dd2b141d41e76,J. Holliday,Cavalry,Goalkeeper,2023,goalkeeper,0,0,0,0,0,0,0,0,0,0,0,0,0,0,0,,0,,0,0,0,0,0,0,0,0,0,0,0,0,0,0,0,0,0,0,0,0,0,0,0,0,0,,,,,,,,,,,,,,,,,,,,,,,,,,,,,,,,,,,,,,,,,,,,,,,,,,,,,,,,,,,,,,,,,,,,,,,,,,,,,,,,,,,,,,,,,,,,,,,,,,,,,,,,,,,,,,,,,,,,,,,,,,
cpl::Football_Player::d65b644d608b40dbb79ba6a0fb08d7f1,A. Rushenas,Wanderers,Goalkeeper,2023,goalkeeper,0,0,0,0,0,0,0,0,0,0,0,0,0,0,0,,0,,0,0,0,0,0,0,0,0,0,0,0,0,0,0,0,0,0,0,0,0,0,0,0,0,0,,,,,,,,,,,,,,,,,,,,,,,,,,,,,,,,,,,,,,,,,,,,,,,,,,,,,,,,,,,,,,,,,,,,,,,,,,,,,,,,,,,,,,,,,,,,,,,,,,,,,,,,,,,,,,,,,,,,,,,,,,
cpl::Football_Player::7f4d96458ffc48c9960432cf6eea677e,J. Zielinski,Vancouver FC,Goalkeeper,2023,goalkeeper,1,90,0,0,0,0,0,0,0,0,0,0,0,0,0,44.0,1,1.0,0,0,0,0,0,0,0,0,0,0,0,0,0,0,0,0,0,0,0,0,0,0,0,0,0,,38.0,,17.0,90.0,,3.0,,,,,7.0,1.0,,1.0,,1.0,,,2.0,1.0,,2.0,,,1.0,,30.0,10.0,5.0,,6.0,1.0,8.0,26.0,2.0,,,16.0,,,9.0,6.0,17.0,10.0,1.0,9.0,1.0,1.0,,4.0,,,,,13.0,15.0,,10.0,,2.0,,,0.0,,,,,,,,,,,,,,,,,,,,,,,,,,,,,,,,,,,,,,,,,,,,,,,,,,,,,,,,,,
cpl::Football_Player::b638f4ff8c81492ea643a29f93f664f5,J. Garner,Pacific,Goalkeeper,2023,goalkeeper,0,0,0,0,0,0,0,0,0,0,0,0,0,0,0,,0,,0,0,0,0,0,0,0,0,0,0,0,0,0,0,0,0,0,0,0,0,0,0,0,0,0,,,,,,,,,,,,,,,,,,,,,,,,,,,,,,,,,,,,,,,,,,,,,,,,,,,,,,,,,,,,,,,,,,,,,,,,,,,,,,,,,,,,,,,,,,,,,,,,,,,,,,,,,,,,,,,,,,,,,,,,,,
cpl::Football_Player::ed6b655ed6bb4c7baedb0fe8fc42495d,C. Irving,Vancouver FC,Goalkeeper,2023,goalkeeper,27,2430,0,0,0,0,0,0,0,0,4,0,1,0,100,59.0,49,1.81,0,0,0,0,0,0,0,0,0,0,0,0,0,0,0,0,0,0,0,0,0,0,0,0,0,1.0,1237.0,1.0,393.0,2430.0,3.0,30.0,6.0,9.0,5.0,7.0,366.0,9.0,6.0,64.0,12.0,76.0,3.0,5.0,187.0,27.0,26.0,88.0,,7.0,44.0,24.0,947.0,284.0,113.0,10.0,143.0,27.0,441.0,594.0,166.0,,,384.0,8.0,3.0,176.0,236.0,401.0,10.0,27.0,489.0,9.0,23.0,,378.0,6.0,,,,554.0,356.0,4.0,254.0,3.0,37.0,,,0.0,2.0,,1.0,1.0,,,,,,,,,,,,,,,,,,,,,,,,,,,,,,,,,,,,,,,,,,,,,,,,,,,,,,
cpl::Football_Player::f7b3dd095e88450ca085f9cf8a12f3b0,K. Baskett,Wanderers,Goalkeeper,2023,goalkeeper,10,900,0,0,0,0,0,0,0,0,3,0,0,0,100,72.0,13,1.3,0,0,0,0,0,0,0,0,0,0,0,0,0,0,0,0,0,0,0,0,0,0,0,0,0,,284.0,,57.0,900.0,,10.0,4.0,6.0,,2.0,71.0,4.0,2.0,17.0,6.0,9.0,1.0,3.0,50.0,10.0,3.0,22.0,,2.0,13.0,2.0,199.0,70.0,25.0,1.0,24.0,10.0,117.0,112.0,37.0,2.0,,55.0,1.0,,41.0,90.0,60.0,10.0,10.0,90.0,2.0,4.0,,101.0,4.0,,,,142.0,49.0,3.0,70.0,2.0,8.0,,,0.0,,,,,,,,,,,,,,,,,,,,,,,,,,,,,,,,,,,,,,,,,,,,,,,,,,,,,,,,,,
cpl::Football_Player::655a241e039a4965b7f38990c3f8d981,E. Himaras,Valour,Goalkeeper,2023,goalkeeper,2,180,0,0,0,0,0,0,0,0,0,0,0,0,100,85.0,3,1.5,0,0,0,0,0,0,0,0,0,0,0,0,0,0,0,0,0,0,0,0,0,0,0,0,0,,68.0,,7.0,180.0,,2.0,1.0,1.0,1.0,,27.0,,,5.0,1.0,,,,12.0,2.0,2.0,9.0,,,2.0,1.0,46.0,15.0,,,3.0,2.0,39.0,13.0,21.0,,,7.0,,,6.0,20.0,7.0,10.0,2.0,29.0,,4.0,,33.0,1.0,,,,39.0,7.0,,13.0,,,,,0.0,1.0,,,,,,,,,,,,,,,,,,,,,,,,,,,,,,,,,,,,,,,,,,,,,,,,,,,,,,,,,
cpl::Football_Player::7c054612559b45f2a7ef690616b61862,T. Henry,Forge,Goalkeeper,2023,goalkeeper,29,2610,0,0,0,0,0,0,0,1,8,0,5,0,100,86.0,34,1.17,0,0,0,0,0,0,0,0,0,0,0,0,0,0,0,0,0,0,0,0,0,0,0,0,0,,907.0,5.0,92.0,2610.0,2.0,21.0,10.0,17.0,6.0,5.0,284.0,5.0,9.0,35.0,19.0,15.0,,9.0,130.0,29.0,16.0,63.0,1.0,4.0,28.0,21.0,624.0,235.0,24.0,5.0,19.0,29.0,508.0,272.0,222.0,5.0,,84.0,9.0,2.0,61.0,365.0,97.0,10.0,29.0,322.0,8.0,27.0,1.0,471.0,10.0,,,,532.0,55.0,8.0,228.0,7.0,37.0,1.0,,0.0,2.0,,,,1.0,,,,,,,,,,,,,,,,,,,,,,,,,,,,,,,,,,,,,,,,,,,,,,,,,,,,,
cpl::Football_Player::0a71cc5786ac4cb6a42caa6d849c2129,C. Kalongo,Forge,Goalkeeper,2023,goalkeeper,2,120,0,0,0,0,0,0,0,0,0,0,0,0,0,86.0,0,0.0,0,0,0,0,0,0,0,0,0,0,0,0,0,0,0,0,0,0,0,0,0,0,0,0,0,,42.0,,5.0,120.0,,1.0,,,,,16.0,,,,,1.0,,1.0,9.0,1.0,,1.0,,,,2.0,35.0,8.0,3.0,,,2.0,27.0,15.0,11.0,,,5.0,2.0,,6.0,16.0,6.0,10.0,2.0,16.0,,1.0,,24.0,,,,,30.0,5.0,,14.0,,,,,0.0,,,,,,1.0,,,,,,,,,,,,,,,,,,,,,,,,,,,,,,,,,,,,,,,,,,,,,,,,,,,,
cpl::Football_Player::25873ca3630f4b3098e2a7f20d7a708a,E. Marmolejo,Forge,Goalkeeper,2023,goalkeeper,0,0,0,0,0,0,0,0,0,0,0,0,0,0,0,,0,,0,0,0,0,0,0,0,0,0,0,0,0,0,0,0,0,0,0,0,0,0,0,0,0,0,,,,,,,,,,,,,,,,,,,,,,,,,,,,,,,,,,,,,,,,,,,,,,,,,,,,,,,,,,,,,,,,,,,,,,,,,,,,,,,,,,,,,,,,,,,,,,,,,,,,,,,,,,,,,,,,,,,,,,,,,,
cpl::Football_Player::d7a3107cbc0c426399a5c65c18e39d14,N. Giantsopoulos,Vancouver FC,Goalkeeper,2023,goalkeeper,23,2070,0,0,0,0,0,0,0,1,4,0,3,0,100,75.0,34,1.48,0,0,0,0,0,0,0,0,0,0,0,0,0,0,0,0,0,0,0,0,0,0,0,0,0,,776.0,3.0,135.0,2070.0,1.0,15.0,8.0,12.0,6.0,1.0,186.0,9.0,5.0,37.0,13.0,29.0,,5.0,130.0,23.0,22.0,75.0,1.0,1.0,28.0,35.0,531.0,165.0,51.0,2.0,51.0,23.0,345.0,292.0,109.0,2.0,,132.0,18.0,1.0,94.0,268.0,135.0,10.0,23.0,231.0,3.0,37.0,1.0,302.0,8.0,1.0,1.0,,396.0,101.0,4.0,210.0,4.0,34.0,1.0,,0.0,2.0,,,,,,3.0,1.0,,,,,,,,,,,,,,,,,,,,,,,,,,,,,,,,,,,,,,,,,,,,,,,,,,
cpl::Football_Player::ed004eacaca144bda4943965af890853,E. Gazdov,Montréal,Goalkeeper,2023,goalkeeper,21,1890,0,0,0,0,0,0,0,0,3,0,1,0,83,69.0,24,1.14,0,0,0,0,0,0,0,0,0,0,0,0,0,0,0,0,0,0,0,0,0,0,0,0,0,,607.0,1.0,135.0,1890.0,,12.0,5.0,8.0,4.0,2.0,173.0,6.0,3.0,31.0,9.0,23.0,1.0,5.0,102.0,21.0,10.0,48.0,,1.0,20.0,25.0,430.0,134.0,39.0,1.0,53.0,21.0,256.0,246.0,82.0,1.0,,129.0,8.0,1.0,69.0,176.0,140.0,10.0,21.0,220.0,6.0,17.0,,226.0,6.0,,,,295.0,109.0,3.0,148.0,3.0,26.0,,,0.0,1.0,1.0,,1.0,,,,,1.0,1.0,1.0,,,,,,,,,,,,,,,,,,,,,,,,,,,,,,,,,,,,,,,,,,,,,,,
cpl::Football_Player::72e65d5165df41d198c80f48acb6e327,D. Murasiranwa,Valour,Goalkeeper,2023,goalkeeper,2,180,0,0,0,0,0,0,0,0,1,0,0,0,50,78.0,3,1.5,0,0,0,0,0,0,0,0,0,0,0,0,0,0,0,0,0,0,0,0,0,0,0,0,0,,78.0,,11.0,180.0,,2.0,1.0,2.0,,,21.0,,1.0,8.0,3.0,5.0,,,8.0,2.0,2.0,9.0,,,3.0,2.0,50.0,13.0,4.0,1.0,1.0,2.0,35.0,24.0,18.0,,,11.0,1.0,1.0,6.0,26.0,11.0,10.0,2.0,31.0,,,,33.0,2.0,,,,39.0,8.0,1.0,14.0,1.0,3.0,,,0.0,,1.0,,,,,,,,,,,,,,,,,,,,,,,,,,,,,,,,,,,,,,,,,,,,,,,,,,,,,,,,
cpl::Football_Player::364352c812a14e868234e4883c9bd4e0,N. Ingham,Atlético,Goalkeeper,2023,goalkeeper,22,1980,0,0,0,0,0,0,0,0,5,0,2,0,100,64.0,25,1.14,0,0,0,0,0,0,0,0,0,0,0,0,0,0,0,0,0,0,0,0,0,0,0,0,0,,734.0,2.0,184.0,1980.0,1.0,18.0,9.0,12.0,5.0,1.0,126.0,13.0,4.0,34.0,13.0,32.0,3.0,7.0,88.0,22.0,12.0,56.0,,,20.0,21.0,509.0,179.0,72.0,3.0,64.0,22.0,253.0,331.0,90.0,1.0,1.0,178.0,10.0,1.0,103.0,252.0,190.0,10.0,22.0,206.0,6.0,22.0,,222.0,9.0,,,,325.0,150.0,5.0,203.0,3.0,34.0,,,0.0,1.0,,,,,,,,1.0,1.0,1.0,,,,,,,,,,,,,,,,,,,,,,,,,,,,,,,,,,,,,,,,,,,,,,,
cpl::Football_Player::a86a1a3737bc4895b1340dc348ae5b09,S. Melvin,Pacific,Goalkeeper,2023,goalkeeper,6,540,0,0,0,0,0,0,0,0,0,0,0,0,100,63.0,9,1.5,0,0,0,0,0,0,0,0,0,0,0,0,0,0,0,0,0,0,0,0,0,0,0,0,0,,167.0,,46.0,540.0,,3.0,3.0,3.0,,,32.0,2.0,,5.0,3.0,12.0,,2.0,24.0,6.0,2.0,9.0,,,9.0,4.0,123.0,44.0,11.0,1.0,18.0,6.0,66.0,86.0,13.0,1.0,,45.0,4.0,,23.0,64.0,46.0,10.0,6.0,51.0,1.0,4.0,,54.0,3.0,,,,77.0,38.0,,56.0,,8.0,,,0.0,,,,,,,,,,,,,,,,,,,,,,,,,,,,,,,,,,,,,,,,,,,,,,,,,,,,,,,,,,
cpl::Football_Player::9c2fb41ece0d4ac7902f5799c23556f4,M. Williams,York,Goalkeeper,2023,goalkeeper,0,0,0,0,0,0,0,0,0,0,0,0,0,0,0,,0,,0,0,0,0,0,0,0,0,0,0,0,0,0,0,0,0,0,0,0,0,0,0,0,0,0,,,,,,,,,,,,,,,,,,,,,,,,,,,,,,,,,,,,,,,,,,,,,,,,,,,,,,,,,,,,,,,,,,,,,,,,,,,,,,,,,,,,,,,,,,,,,,,,,,,,,,,,,,,,,,,,,,,,,,,,,,
cpl::Football_Player::95c5a896975b488cb559f52bde46d3d4,R. Yesli,Wanderers,Goalkeeper,2023,goalkeeper,26,2340,0,0,0,0,0,0,0,0,6,0,1,0,84,59.0,35,1.35,0,0,0,0,0,0,0,0,0,0,0,0,0,0,0,0,0,0,0,0,0,0,0,0,0,1.0,914.0,1.0,270.0,2340.0,2.0,22.0,11.0,17.0,4.0,1.0,224.0,25.0,8.0,53.0,21.0,78.0,1.0,7.0,93.0,26.0,19.0,81.0,,1.0,31.0,18.0,649.0,212.0,99.0,2.0,89.0,26.0,280.0,453.0,103.0,,,263.0,9.0,4.0,141.0,234.0,276.0,10.0,26.0,358.0,7.0,27.0,,238.0,13.0,,,,379.0,228.0,6.0,196.0,6.0,42.0,,,0.0,1.0,2.0,,1.0,,,,,,,,,,,,,,,,,,,,,,,,,,,,,,,,,,,,,,,,,,,,,,,,,,,,,,
cpl::Football_Player::3369d66b5c1c44c38f4b479aed83a7e7,Roberto Alarcón,Valour,Defender,2023,defender,11,547,0,0,2,0,2,0,9,11,5,0,2,0,40,86.0,12,1.97,13,0,0,0,0,0,0,0,0,0,0,0,0,0,0,0,0,0,0,0,0,0,0,0,0,8.0,438.0,2.0,38.0,547.0,24.0,,2.0,32.0,1.0,,220.0,1.0,54.0,,59.0,7.0,13.0,,105.0,7.0,,,11.0,1.0,11.0,12.0,271.0,31.0,117.0,,,11.0,130.0,82.0,6.0,,5.0,14.0,,27.0,11.0,,82.0,10.0,11.0,256.0,24.0,,9.0,222.0,5.0,8.0,17.0,2.0,233.0,44.0,5.0,,30.0,17.0,,2.0,0.0,,3.0,5.0,8.0,5.0,4.0,,,,,,13.0,2.0,15.0,8.0,23.0,9.0,1.0,2.0,8.0,2.0,14.0,46.0,3.0,6.0,6.0,78.0,5.0,,,,,,,,,,,,,,,,,,,,,,,,,,,,,,
cpl::Football_Player::41f23e52e26541bca62d8378fafc1953,F. Aird,Cavalry,Defender,2023,defender,29,1435,2,2,11,0,5,2,18,8,2,1,3,0,44,81.0,14,0.88,29,0,0,1,1,0,0,0,0,0,0,0,0,0,0,0,0,0,0,0,0,0,0,0,0,35.0,1274.0,3.0,161.0,1435.0,40.0,,4.0,40.0,2.0,,644.0,6.0,76.0,,85.0,17.0,37.0,1.0,281.0,14.0,,,8.0,2.0,12.0,19.0,828.0,81.0,425.0,,,29.0,279.0,329.0,35.0,,12.0,62.0,,45.0,55.0,,303.0,10.0,29.0,801.0,99.0,,3.0,612.0,9.0,8.0,26.0,15.0,667.0,203.0,2.0,,36.0,33.0,,8.0,1.0,,5.0,12.0,8.0,10.0,15.0,,,,,,29.0,11.0,46.0,29.0,75.0,18.0,1.0,5.0,25.0,5.0,37.0,149.0,13.0,19.0,13.0,183.0,15.0,1.0,2.0,2.0,2.0,2.0,1.0,1.0,2.0,6.0,1.0,1.0,1.0,2.0,1.0,1.0,,,,,,,,,,,,,,,
cpl::Football_Player::04974dd93657419b8440025eca4e2ef0,T. Field,Cavalry,Defender,2023,defender,4,212,0,0,1,0,0,0,1,5,0,0,1,0,44,87.0,2,0.85,1,0,0,0,0,0,0,0,0,0,0,0,0,0,0,0,0,0,0,0,0,0,0,0,0,1.0,165.0,1.0,16.0,212.0,10.0,,4.0,8.0,,,103.0,,14.0,,23.0,1.0,7.0,,39.0,2.0,,,5.0,1.0,2.0,4.0,123.0,14.0,34.0,,,4.0,75.0,44.0,20.0,,2.0,4.0,,15.0,5.0,,27.0,10.0,4.0,118.0,12.0,,2.0,102.0,9.0,2.0,3.0,4.0,107.0,13.0,,,4.0,6.0,,1.0,0.0,,5.0,3.0,1.0,2.0,2.0,,,,,,1.0,1.0,2.0,,3.0,1.0,,,3.0,1.0,2.0,5.0,1.0,2.0,,20.0,3.0,,,,,,,,,1.0,,,,,,,1.0,,,,,,,,,,,,,,
cpl::Football_Player::c314ef65be194ced895c50a72967def8,D. Klomp,Cavalry,Defender,2023,defender,31,2820,5,1,21,0,10,1,35,30,9,0,2,0,60,90.0,32,1.02,0,0,0,0,0,0,0,0,0,0,0,0,0,0,0,0,0,0,0,0,0,0,0,0,0,4.0,2146.0,2.0,187.0,2820.0,54.0,,62.0,116.0,4.0,,1611.0,5.0,108.0,,210.0,24.0,24.0,8.0,586.0,31.0,,,30.0,4.0,28.0,87.0,1848.0,147.0,441.0,,,31.0,1221.0,558.0,624.0,,17.0,104.0,,94.0,130.0,2.0,226.0,10.0,31.0,1797.0,83.0,,17.0,1531.0,102.0,8.0,43.0,41.0,1661.0,143.0,9.0,2.0,54.0,47.0,1.0,8.0,3.0,,40.0,23.0,2.0,,,,,,,,,21.0,3.0,,3.0,35.0,3.0,10.0,11.0,19.0,1.0,4.0,,1.0,,80.0,3.0,2.0,,,5.0,5.0,,,1.0,11.0,,,,,3.0,2.0,,1.0,3.0,2.0,1.0,,,,,,,,,,
cpl::Football_Player::2dd1997d40764eb08c0b5287219a3269,B. Kamdem,Cavalry,Defender,2023,defender,25,2223,0,2,3,0,1,2,28,29,22,2,8,0,63,87.0,25,1.01,0,0,0,0,0,0,0,0,0,0,0,0,0,0,0,0,0,0,0,0,0,0,0,0,0,2.0,1766.0,8.0,172.0,2223.0,67.0,,31.0,111.0,4.0,,1049.0,8.0,147.0,,196.0,23.0,35.0,7.0,94.0,25.0,,,29.0,3.0,21.0,45.0,1259.0,122.0,406.0,,,25.0,688.0,474.0,488.0,,15.0,83.0,,85.0,72.0,,276.0,10.0,25.0,1220.0,89.0,,12.0,1015.0,49.0,8.0,36.0,11.0,1087.0,144.0,22.0,,80.0,51.0,,12.0,0.0,,18.0,26.0,22.0,4.0,,,,,,,,3.0,23.0,33.0,23.0,28.0,5.0,1.0,30.0,14.0,7.0,154.0,,7.0,,203.0,16.0,,1.0,1.0,,,2.0,,2.0,2.0,,,,1.0,,,1.0,5.0,,,,,,,,,,,,,
cpl::Football_Player::6aa006d1cfcb4e3c92a2de560fa893f6,C. Montgomery,Cavalry,Defender,2023,defender,13,690,0,0,4,0,0,0,1,5,5,0,1,0,77,84.0,9,1.17,0,0,0,0,0,0,0,0,0,0,0,0,0,0,0,0,0,0,0,0,0,0,0,0,0,1.0,457.0,1.0,64.0,690.0,7.0,,17.0,24.0,2.0,,302.0,3.0,14.0,,36.0,9.0,3.0,1.0,49.0,6.0,,,5.0,2.0,7.0,28.0,382.0,32.0,109.0,,,13.0,209.0,151.0,150.0,,1.0,33.0,,12.0,24.0,,77.0,10.0,13.0,362.0,31.0,,2.0,294.0,22.0,1.0,2.0,10.0,318.0,41.0,5.0,,7.0,25.0,1.0,3.0,0.0,,5.0,3.0,,,7.0,,,,,,,4.0,2.0,4.0,2.0,1.0,,,1.0,5.0,,8.0,,,,32.0,,,,,,,,,,4.0,,,,,,,,,,,,,,,,,,,,,
cpl::Football_Player::24a77d6eb2fd4d2d875f2d3fbab2679b,R. Ferrazzo,York,Defender,2023,defender,23,1208,0,1,11,0,3,1,24,22,24,4,6,0,40,81.0,15,1.12,1,0,1,0,0,0,0,0,0,0,0,0,0,0,0,0,0,0,0,0,0,0,0,0,0,11.0,992.0,6.0,127.0,1208.0,63.0,,10.0,91.0,6.0,,509.0,3.0,144.0,,169.0,6.0,29.0,1.0,187.0,14.0,,,22.0,2.0,9.0,15.0,643.0,68.0,253.0,,,23.0,272.0,212.0,110.0,,16.0,27.0,,78.0,29.0,,206.0,10.0,23.0,635.0,100.0,,13.0,487.0,25.0,17.0,41.0,31.0,516.0,102.0,24.0,,81.0,44.0,,6.0,0.0,,15.0,18.0,16.0,8.0,9.0,,1.0,,,,1.0,11.0,19.0,11.0,19.0,24.0,9.0,3.0,23.0,1.0,9.0,70.0,,9.0,,134.0,12.0,,7.0,1.0,,,4.0,,1.0,8.0,,,,,,,,5.0,,1.0,,1.0,1.0,,,,,,,,
cpl::Football_Player::dbd8bd41aa5a42158cc6c3a4c952bfdf,Z. Fernandez,Valour,Defender,2023,defender,24,1947,3,2,10,0,6,2,39,26,46,5,8,0,53,82.0,29,1.34,0,0,0,0,0,0,0,0,0,0,0,0,0,0,0,0,0,0,0,0,0,0,0,0,0,20.0,1424.0,8.0,160.0,1947.0,98.0,,29.0,142.0,9.0,,683.0,2.0,211.0,,265.0,21.0,60.0,3.0,292.0,22.0,,,26.0,1.0,20.0,54.0,858.0,96.0,392.0,,,24.0,315.0,296.0,118.0,,25.0,34.0,,123.0,19.0,,292.0,10.0,24.0,842.0,126.0,,13.0,679.0,54.0,18.0,57.0,62.0,698.0,136.0,46.0,,113.0,56.0,,16.0,1.0,,25.0,25.0,11.0,8.0,2.0,,,,,1.0,,10.0,32.0,12.0,32.0,39.0,5.0,6.0,42.0,4.0,9.0,136.0,,9.0,,152.0,19.0,3.0,4.0,1.0,2.0,3.0,5.0,,2.0,4.0,,,,,0.0,3.0,1.0,3.0,,1.0,,,,1.0,,,,,,,
cpl::Football_Player::ebad96b764c947998691fc6dcd98daa5,C. Campagna,Wanderers,Defender,2023,defender,10,539,0,0,1,0,0,0,9,15,4,1,4,0,71,82.0,11,1.84,0,0,0,0,0,0,0,0,0,0,0,0,0,0,0,0,0,0,0,0,0,0,0,0,0,,395.0,4.0,49.0,539.0,30.0,,10.0,37.0,5.0,,209.0,2.0,57.0,,71.0,6.0,5.0,1.0,64.0,5.0,,,15.0,2.0,6.0,17.0,270.0,24.0,73.0,,,10.0,148.0,141.0,47.0,,2.0,19.0,,34.0,19.0,,74.0,10.0,10.0,258.0,30.0,,7.0,202.0,14.0,10.0,19.0,1.0,221.0,26.0,4.0,,27.0,26.0,,,0.0,,4.0,7.0,4.0,2.0,5.0,,,,,,,1.0,3.0,8.0,3.0,9.0,,,6.0,3.0,,33.0,,,,18.0,1.0,,,,,,1.0,,,1.0,,,,,,,,1.0,,,,,,,,,,,,,
cpl::Football_Player::c59ec6914e4d490d953655a38bc129ee,U. Chima,Cavalry,Defender,2023,defender,13,838,0,0,1,0,1,0,9,12,9,1,3,0,64,88.0,11,1.18,0,0,0,0,0,0,0,0,0,0,0,0,0,0,0,0,0,0,0,0,0,0,0,0,0,,612.0,3.0,67.0,838.0,19.0,,11.0,36.0,,,443.0,1.0,44.0,,61.0,10.0,7.0,,163.0,9.0,,,12.0,1.0,11.0,24.0,523.0,36.0,82.0,,,13.0,374.0,172.0,121.0,,2.0,28.0,,25.0,24.0,,77.0,10.0,13.0,508.0,39.0,,6.0,432.0,17.0,5.0,14.0,4.0,456.0,42.0,9.0,,25.0,25.0,,1.0,0.0,,6.0,8.0,2.0,1.0,4.0,,,,,,,1.0,,2.0,,9.0,,1.0,3.0,5.0,,7.0,,,,67.0,1.0,,,,,,1.0,,,,,,,,,,,,,1.0,,,,,,,,,,,
cpl::Football_Player::c3b03cc1de7848cdaaca16450017b36d,D. Nimick,Forge,Defender,2023,defender,28,2520,6,3,12,0,8,3,24,19,17,1,6,0,58,87.0,32,1.14,0,0,0,4,4,0,0,0,0,0,0,0,0,0,0,0,0,0,0,0,0,0,0,0,0,11.0,1905.0,6.0,206.0,2520.0,48.0,,40.0,114.0,9.0,,1278.0,4.0,122.0,,190.0,14.0,33.0,7.0,649.0,28.0,,,19.0,2.0,23.0,104.0,1553.0,143.0,435.0,,,28.0,916.0,643.0,173.0,,12.0,87.0,,76.0,179.0,,246.0,10.0,28.0,1484.0,119.0,,8.0,1168.0,68.0,13.0,37.0,28.0,1347.0,133.0,17.0,,74.0,86.0,,3.0,3.0,,28.0,29.0,20.0,,,,,,,2.0,,12.0,13.0,1.0,13.0,24.0,3.0,8.0,12.0,14.0,4.0,19.0,,4.0,,88.0,5.0,4.0,,2.0,6.0,6.0,1.0,4.0,3.0,4.0,4.0,,,,5.0,1.0,,1.0,2.0,2.0,,,1.0,,,,,,,,
cpl::Football_Player::3f2d3c2444df4c23b5e35783047ed538,A. White,Vancouver FC,Defender,2023,defender,20,1500,0,1,1,0,0,1,13,7,8,1,1,0,30,83.0,28,1.68,0,0,0,0,0,0,0,0,0,0,0,0,0,0,0,0,0,0,0,0,0,0,0,0,0,1.0,893.0,1.0,130.0,1500.0,19.0,,12.0,39.0,2.0,,591.0,4.0,46.0,,86.0,17.0,15.0,3.0,103.0,17.0,,,7.0,5.0,26.0,55.0,733.0,87.0,154.0,,,20.0,449.0,301.0,275.0,,6.0,62.0,,47.0,36.0,,149.0,10.0,20.0,719.0,68.0,,1.0,567.0,40.0,3.0,16.0,6.0,603.0,81.0,8.0,,27.0,51.0,,,0.0,,28.0,12.0,3.0,2.0,3.0,,,,,1.0,,1.0,2.0,,2.0,13.0,1.0,,4.0,14.0,,2.0,,,,54.0,2.0,,,1.0,,,1.0,,1.0,1.0,,,,,,,,,,,,,,,,,,,,,
cpl::Football_Player::29e56c09baf549469b4a5934262e3dbf,J. Ruby,Wanderers,Defender,2023,defender,9,615,0,1,2,0,1,1,15,1,8,0,0,0,50,90.0,7,1.02,0,0,0,0,0,0,0,0,0,0,0,0,0,0,0,0,0,0,0,0,0,0,0,0,0,5.0,467.0,,33.0,615.0,17.0,,5.0,37.0,1.0,,262.0,,49.0,,59.0,4.0,7.0,1.0,69.0,8.0,,,1.0,1.0,6.0,14.0,301.0,43.0,111.0,,,9.0,161.0,101.0,88.0,,6.0,6.0,,22.0,11.0,,68.0,10.0,9.0,295.0,27.0,,,257.0,10.0,8.0,23.0,9.0,268.0,25.0,8.0,,32.0,18.0,,,0.0,,5.0,18.0,1.0,4.0,1.0,,,,,,,2.0,10.0,8.0,10.0,15.0,2.0,1.0,5.0,,4.0,35.0,,4.0,,43.0,2.0,,,1.0,,,,,1.0,1.0,,,,,,,,1.0,,,,,,,,,,,,,
cpl::Football_Player::62df1dfa6f324b52a9f83820c5fd617c,D. Henry,Whitecaps,Defender,2023,defender,14,420,0,0,3,0,0,0,6,3,0,0,2,0,53,87.0,8,1.71,0,0,0,0,0,0,0,0,0,0,0,0,0,0,0,0,0,0,0,0,0,0,0,0,0,,261.0,2.0,27.0,420.0,5.0,,8.0,18.0,2.0,,158.0,,15.0,,30.0,2.0,3.0,,64.0,3.0,,,3.0,1.0,6.0,24.0,203.0,20.0,41.0,,,14.0,135.0,93.0,41.0,,2.0,17.0,,12.0,13.0,11.0,29.0,10.0,14.0,185.0,10.0,,2.0,163.0,15.0,3.0,9.0,7.0,176.0,16.0,,11.0,10.0,11.0,,,0.0,,7.0,3.0,1.0,1.0,11.0,,,,,,,3.0,,,,6.0,1.0,,1.0,5.0,,,,,,5.0,,,,,,,,,,3.0,,,,,,,,,,,,,,,,,,,,,
cpl::Football_Player::fb189b88380942cc9861e75621409177,J. Cameron,Vancouver FC,Defender,2023,defender,19,1504,1,0,5,0,3,0,43,26,22,0,3,0,46,78.0,26,1.56,0,0,0,0,0,0,0,0,0,0,0,0,0,0,0,0,0,0,0,0,0,0,0,0,0,10.0,1014.0,3.0,129.0,1504.0,91.0,,19.0,129.0,2.0,,425.0,2.0,201.0,,242.0,14.0,40.0,2.0,91.0,17.0,,,26.0,4.0,24.0,36.0,562.0,112.0,199.0,,,19.0,238.0,192.0,156.0,,22.0,24.0,,113.0,18.0,,260.0,10.0,19.0,553.0,105.0,,14.0,415.0,41.0,27.0,70.0,15.0,433.0,85.0,22.0,,110.0,66.0,1.0,6.0,1.0,,22.0,18.0,19.0,4.0,2.0,,,,,,,5.0,22.0,55.0,22.0,43.0,3.0,3.0,23.0,4.0,4.0,83.0,,4.0,,123.0,11.0,1.0,,,1.0,1.0,,,,2.0,,,,,1.0,0.0,,3.0,,,,,,,,,,,,,
cpl::Football_Player::4da84a61c12443e48f9c5d0dd8f2f3ae,K. Dada-Luke,Vancouver FC,Defender,2023,defender,29,2329,0,1,5,0,2,1,53,19,36,1,3,0,45,80.0,30,1.16,0,0,0,0,0,0,0,0,0,0,0,0,0,0,0,0,0,0,0,0,0,0,0,0,0,13.0,1539.0,3.0,158.0,2329.0,90.0,,22.0,177.0,4.0,,612.0,7.0,245.0,,293.0,22.0,41.0,6.0,255.0,26.0,,,19.0,3.0,26.0,44.0,781.0,129.0,343.0,,,29.0,297.0,267.0,23.0,,14.0,47.0,,116.0,35.0,,370.0,10.0,29.0,768.0,111.0,,10.0,588.0,48.0,18.0,71.0,25.0,623.0,163.0,36.0,,155.0,56.0,2.0,20.0,0.0,,26.0,37.0,48.0,4.0,3.0,,,,,,,5.0,61.0,46.0,61.0,53.0,1.0,2.0,53.0,3.0,17.0,213.0,,17.0,,236.0,30.0,,1.0,1.0,,,1.0,,1.0,3.0,,,1.0,,,,1.0,8.0,,1.0,,,,,,,,,,,
cpl::Football_Player::7205a0ef2aab4cf98da19157fb879f8a,E. Lajeunesse,Pacific,Defender,2023,defender,6,455,0,0,1,0,1,0,5,4,4,0,1,0,30,83.0,4,0.79,0,0,0,0,0,0,0,0,0,0,0,0,0,0,0,0,0,0,0,0,0,0,0,0,0,3.0,329.0,1.0,43.0,455.0,12.0,,3.0,15.0,,,197.0,,24.0,,34.0,5.0,10.0,2.0,30.0,5.0,,,4.0,,4.0,6.0,251.0,29.0,85.0,,,6.0,123.0,141.0,69.0,,4.0,17.0,,19.0,6.0,,66.0,10.0,6.0,240.0,26.0,,3.0,202.0,10.0,2.0,7.0,6.0,208.0,24.0,4.0,,12.0,21.0,,1.0,0.0,,7.0,5.0,1.0,1.0,1.0,,,,,,,1.0,2.0,11.0,2.0,5.0,1.0,1.0,4.0,4.0,,16.0,,,,11.0,2.0,,,,,,,,,,,,,,,,,1.0,,,,,,,,,,,,,
cpl::Football_Player::edf6ef9ee973485dbbf8b5123cf83a94,K. Chung,Pacific,Defender,2023,defender,13,1002,0,1,2,0,1,1,19,8,10,0,2,0,42,84.0,20,1.8,5,0,0,0,0,0,0,0,0,0,0,0,0,0,0,0,0,0,0,0,0,0,0,0,0,5.0,580.0,2.0,53.0,1002.0,29.0,,6.0,55.0,2.0,,273.0,,78.0,,92.0,7.0,12.0,1.0,139.0,12.0,,,8.0,3.0,18.0,24.0,331.0,42.0,132.0,,,13.0,151.0,89.0,16.0,,3.0,20.0,,37.0,15.0,,121.0,10.0,13.0,326.0,33.0,,7.0,263.0,14.0,10.0,29.0,3.0,278.0,62.0,10.0,,49.0,14.0,1.0,8.0,0.0,,8.0,11.0,10.0,6.0,1.0,,,,,,5.0,2.0,19.0,14.0,23.0,19.0,2.0,1.0,13.0,3.0,5.0,63.0,1.0,2.0,3.0,87.0,6.0,,1.0,1.0,,,,,1.0,1.0,,,,,,,,,,1.0,,,,,,,,,,,
cpl::Football_Player::c182423a01294fc4a488163b7c07b7f4,G. Metusala,Forge,Defender,2023,defender,19,1433,0,0,2,0,2,0,16,14,5,0,2,0,54,91.0,15,0.94,0,0,0,0,0,0,0,0,0,0,0,0,0,0,0,0,0,0,0,0,0,0,0,0,0,2.0,1114.0,2.0,89.0,1433.0,30.0,,13.0,47.0,3.0,,853.0,2.0,64.0,,88.0,5.0,13.0,6.0,225.0,16.0,,,14.0,1.0,12.0,34.0,959.0,85.0,327.0,,,19.0,543.0,321.0,347.0,,7.0,27.0,,41.0,53.0,,116.0,10.0,19.0,940.0,62.0,,4.0,817.0,24.0,7.0,23.0,3.0,870.0,53.0,5.0,,34.0,39.0,,3.0,0.0,,11.0,10.0,6.0,2.0,3.0,,,,,,,2.0,3.0,5.0,3.0,16.0,1.0,2.0,8.0,8.0,,16.0,,,,66.0,3.0,,,,,,,,,,,,,,,,,,,,,,,,,,,,,,
cpl::Football_Player::a22a6c20e107412398d843c4ab034577,R. Romeo,Valour,Defender,2023,defender,25,2189,0,0,3,0,1,0,20,16,6,0,6,1,59,84.0,43,1.77,0,0,0,0,0,0,0,0,0,0,0,0,0,0,0,0,0,0,0,0,0,0,0,0,0,3.0,1442.0,6.0,192.0,2189.0,29.0,,47.0,83.0,5.0,,951.0,7.0,65.0,,144.0,24.0,12.0,4.0,351.0,25.0,,,16.0,6.0,38.0,114.0,1177.0,116.0,270.0,,,25.0,716.0,463.0,297.0,,7.0,119.0,,61.0,109.0,,211.0,10.0,25.0,1136.0,73.0,,7.0,876.0,79.0,10.0,30.0,14.0,985.0,132.0,6.0,,36.0,62.0,2.0,1.0,0.0,,32.0,28.0,1.0,,,,,,,,,3.0,2.0,,2.0,20.0,3.0,1.0,7.0,20.0,1.0,3.0,,1.0,,66.0,2.0,,,,,,,,,2.0,,,,1.0,,,,,,,,,2.0,,1.0,1.0,,,,,
cpl::Football_Player::6981001867ad42d9b6d9bfc216cfab71,D. Samuel,Forge,Defender,2023,defender,21,1194,0,0,4,0,1,0,8,18,25,1,4,0,64,86.0,16,1.21,0,0,0,0,0,0,0,0,0,0,0,0,0,0,0,0,0,0,0,0,0,0,0,0,0,5.0,926.0,4.0,95.0,1194.0,42.0,,27.0,84.0,3.0,,525.0,1.0,99.0,,141.0,13.0,20.0,2.0,136.0,12.0,,,18.0,3.0,13.0,28.0,649.0,73.0,236.0,,,21.0,321.0,274.0,157.0,,11.0,30.0,,57.0,21.0,,166.0,10.0,21.0,619.0,65.0,,11.0,533.0,42.0,8.0,16.0,15.0,554.0,62.0,25.0,,57.0,37.0,,4.0,0.0,,15.0,14.0,17.0,3.0,9.0,,,,,,,4.0,4.0,18.0,4.0,8.0,3.0,1.0,16.0,2.0,3.0,51.0,,3.0,,82.0,8.0,,,,,,1.0,,,3.0,,,,,,,,2.0,,,,,,,,,,,,,
cpl::Football_Player::9e87d386b53a4102aaeecfa5f58e3304,J. Watson,Pacific,Defender,2023,defender,0,0,0,0,0,0,0,0,0,0,0,0,0,0,0,,0,,0,0,0,0,0,0,0,0,0,0,0,0,0,0,0,0,0,0,0,0,0,0,0,0,0,,,,,,,,,,,,,,,,,,,,,,,,,,,,,,,,,,,,,,,,,,,,,,,,,,,,,,,,,,,,,,,,,,,,,,,,,,,,,,,,,,,,,,,,,,,,,,,,,,,,,,,,,,,,,,,,,,,,,,,,,,
cpl::Football_Player::3aaf25a2f090423584d5e9d492e5ca42,J. Grant,Atlético,Defender,2023,defender,16,1052,0,1,4,0,3,1,14,5,4,0,1,0,80,79.0,12,1.03,0,0,0,0,0,0,0,0,0,0,0,0,0,0,0,0,0,0,0,0,0,0,0,0,0,6.0,782.0,1.0,114.0,1052.0,29.0,,12.0,39.0,,,407.0,5.0,56.0,,71.0,17.0,16.0,2.0,181.0,12.0,,,5.0,1.0,12.0,29.0,539.0,63.0,186.0,,,16.0,245.0,237.0,48.0,,5.0,47.0,,32.0,38.0,,168.0,10.0,16.0,521.0,67.0,,3.0,387.0,15.0,3.0,17.0,20.0,425.0,91.0,4.0,,27.0,37.0,,4.0,0.0,,3.0,9.0,6.0,4.0,4.0,,,,,1.0,,4.0,14.0,17.0,14.0,14.0,2.0,3.0,12.0,4.0,6.0,75.0,,6.0,,73.0,7.0,,1.0,1.0,,,,,1.0,1.0,,,1.0,,,,,,,1.0,,,,,,,,,,,
cpl::Football_Player::20d3548360484da9961196997ffa91d6,T. Mourdoukoutas,Valour,Defender,2023,defender,22,1849,0,1,6,0,0,1,19,15,7,0,1,0,63,88.0,33,1.61,0,0,0,0,0,0,0,0,0,0,0,0,0,0,0,0,0,0,0,0,0,0,0,0,0,1.0,1561.0,1.0,176.0,1849.0,21.0,,37.0,74.0,4.0,,1145.0,6.0,58.0,,116.0,26.0,15.0,4.0,465.0,21.0,,,15.0,,29.0,82.0,1358.0,140.0,317.0,,,22.0,865.0,461.0,365.0,,11.0,82.0,,42.0,94.0,,184.0,10.0,22.0,1315.0,94.0,,7.0,1088.0,58.0,10.0,29.0,16.0,1182.0,94.0,7.0,,37.0,82.0,,3.0,0.0,,21.0,24.0,2.0,2.0,1.0,,,,,,,6.0,,,,19.0,2.0,,3.0,9.0,,5.0,,,,67.0,,,1.0,1.0,,,,,1.0,6.0,,,,,,,,,,1.0,,,,,,,,,,,
cpl::Football_Player::46e85b6f18f042fe837554290482828b,A. Đidić,Atlético,Defender,2023,defender,27,2397,4,1,24,0,10,1,19,21,6,2,5,0,79,85.0,33,1.24,0,0,1,0,0,0,0,0,0,0,0,0,0,0,0,0,0,0,0,0,0,0,0,0,0,7.0,1832.0,5.0,235.0,2397.0,31.0,,92.0,124.0,4.0,,1282.0,9.0,63.0,,179.0,23.0,17.0,7.0,581.0,27.0,,,21.0,3.0,29.0,118.0,1554.0,118.0,455.0,,,27.0,864.0,725.0,178.0,,5.0,99.0,,55.0,132.0,1.0,252.0,10.0,27.0,1508.0,136.0,,8.0,1187.0,116.0,6.0,25.0,59.0,1319.0,163.0,6.0,1.0,32.0,76.0,1.0,4.0,0.0,,24.0,32.0,1.0,1.0,,,,,,,,24.0,4.0,1.0,4.0,19.0,9.0,10.0,3.0,16.0,,5.0,,,,70.0,,1.0,,1.0,4.0,4.0,2.0,,1.0,14.0,,,,5.0,1.0,3.0,2.0,1.0,3.0,,,,,,,,,,,,
cpl::Football_Player::d1f55ff48211437dbc695c82aa0f9d15,C. Loughrey,Wanderers,Defender,2023,defender,25,2225,0,0,6,0,1,0,10,23,1,1,7,0,60,86.0,27,1.09,0,0,0,0,0,0,0,0,0,0,0,0,0,0,0,0,0,0,0,0,0,0,0,0,0,4.0,1414.0,7.0,184.0,2225.0,36.0,,32.0,53.0,9.0,,996.0,7.0,57.0,,110.0,26.0,13.0,7.0,265.0,25.0,,,23.0,3.0,18.0,59.0,1237.0,98.0,218.0,,,25.0,835.0,501.0,436.0,,8.0,107.0,,57.0,88.0,31.0,207.0,10.0,25.0,1175.0,77.0,,9.0,965.0,53.0,7.0,17.0,19.0,1053.0,108.0,1.0,31.0,21.0,78.0,2.0,3.0,0.0,,21.0,14.0,3.0,2.0,,,,,,,,6.0,2.0,3.0,2.0,10.0,4.0,1.0,3.0,13.0,,4.0,,,,35.0,1.0,,,,,,1.0,,,5.0,,,,,,,1.0,,,1.0,,,,,,,,,,,
cpl::Football_Player::903ceb96f6d24227b97549c536a85f9e,I. Bakare,Vancouver FC,Defender,2023,defender,25,1715,0,0,4,0,0,0,31,18,22,1,5,0,58,82.0,33,1.73,0,0,0,0,0,0,0,0,0,0,0,0,0,0,0,0,0,0,0,0,0,0,0,0,0,5.0,1169.0,5.0,145.0,1715.0,64.0,,17.0,123.0,3.0,,601.0,6.0,170.0,,199.0,22.0,23.0,4.0,257.0,18.0,,,18.0,3.0,30.0,61.0,775.0,115.0,265.0,,,25.0,368.0,352.0,93.0,,11.0,61.0,,76.0,42.0,,233.0,10.0,25.0,742.0,84.0,,11.0,588.0,29.0,19.0,50.0,9.0,630.0,110.0,22.0,,106.0,50.0,1.0,2.0,0.0,,12.0,11.0,34.0,1.0,7.0,,,,,,,4.0,15.0,11.0,15.0,31.0,1.0,,26.0,18.0,3.0,67.0,,3.0,,73.0,17.0,,2.0,,,,1.0,,,4.0,,,,,,,,4.0,,,,,,,,,1.0,,,,
cpl::Football_Player::2765417c9ab14808ae40c91c05077259,M. Harms,Cavalry,Defender,2023,defender,3,114,0,0,0,0,0,0,3,2,2,0,0,0,33,85.0,1,0.79,0,0,0,0,0,0,0,0,0,0,0,0,0,0,0,0,0,0,0,0,0,0,0,0,0,1.0,99.0,,9.0,114.0,6.0,,1.0,9.0,1.0,,48.0,,14.0,,17.0,1.0,4.0,,18.0,1.0,,,2.0,,,2.0,57.0,8.0,19.0,,,3.0,29.0,21.0,2.0,,2.0,2.0,,8.0,2.0,,20.0,10.0,3.0,57.0,7.0,,1.0,46.0,3.0,2.0,5.0,,48.0,8.0,2.0,,8.0,2.0,,1.0,0.0,,2.0,,1.0,1.0,2.0,,,,,,,,1.0,4.0,1.0,3.0,,,1.0,,,17.0,,,,16.0,1.0,,,,,,,,,,,,,,,,,,,,,,,,,,,,,,
cpl::Football_Player::58c03096b6c940afacb752b030a52ad2,M. Owolabi-Belewu,Forge,Defender,2023,defender,18,832,0,0,2,0,0,0,18,22,20,0,5,0,56,85.0,10,1.08,0,0,0,0,0,0,0,0,0,0,0,0,0,0,0,0,0,0,0,0,0,0,0,0,0,1.0,667.0,5.0,67.0,832.0,49.0,,13.0,73.0,2.0,,345.0,1.0,109.0,,132.0,6.0,19.0,2.0,38.0,9.0,,,22.0,2.0,8.0,17.0,425.0,47.0,173.0,,,18.0,185.0,167.0,154.0,,6.0,14.0,,59.0,6.0,,137.0,10.0,18.0,412.0,53.0,,7.0,352.0,23.0,9.0,27.0,11.0,358.0,49.0,20.0,,60.0,26.0,,4.0,0.0,,10.0,18.0,14.0,6.0,9.0,,,,,,,2.0,8.0,10.0,8.0,18.0,1.0,,25.0,2.0,,45.0,,,,66.0,16.0,,,,,,,,,2.0,,,,,,,2.0,6.0,,,,,,,,,,,,,
cpl::Football_Player::9fa7232743934bf2a022c4fe6a62c1b6,J. Haynes,Valour,Defender,2023,defender,14,902,0,0,2,0,0,0,28,11,11,0,3,0,84,83.0,16,1.6,0,0,0,0,0,0,0,0,0,0,0,0,0,0,0,0,0,0,0,0,0,0,0,0,0,5.0,773.0,3.0,94.0,902.0,32.0,,21.0,69.0,2.0,,426.0,7.0,80.0,,105.0,6.0,17.0,1.0,43.0,11.0,,,11.0,,14.0,25.0,535.0,55.0,210.0,,,14.0,237.0,216.0,203.0,,2.0,28.0,,36.0,46.0,,145.0,10.0,14.0,520.0,66.0,,10.0,395.0,25.0,7.0,35.0,3.0,441.0,77.0,11.0,,48.0,33.0,,1.0,0.0,,4.0,11.0,3.0,6.0,3.0,,,,,,,2.0,16.0,14.0,16.0,28.0,,,10.0,2.0,6.0,70.0,,6.0,,73.0,5.0,,,,,,,,,2.0,,,,,,,,,,1.0,,,,,,,,,,,
cpl::Football_Player::bf1559f63d3642679c430ff1f41355a7,G. Mukumbilwa,Pacific,Defender,2023,defender,24,1776,0,0,1,0,1,0,35,18,18,1,3,1,48,85.0,23,1.17,0,0,0,0,0,0,0,0,0,0,0,0,0,0,0,0,0,0,0,0,0,0,0,0,0,4.0,1440.0,3.0,152.0,1776.0,60.0,,16.0,106.0,4.0,,802.0,12.0,150.0,,183.0,44.0,19.0,4.0,117.0,20.0,,,18.0,,19.0,42.0,980.0,142.0,344.0,,,24.0,490.0,387.0,300.0,,5.0,72.0,,77.0,61.0,,279.0,10.0,24.0,953.0,80.0,,12.0,767.0,33.0,19.0,54.0,4.0,828.0,108.0,18.0,,90.0,67.0,,4.0,0.0,,17.0,40.0,19.0,4.0,4.0,,,,,,,1.0,20.0,49.0,23.0,35.0,,1.0,28.0,5.0,6.0,112.0,,4.0,,176.0,11.0,,,,,,1.0,,,,,,,,,,,,,,,,2.0,,,1.0,,1.0,,,
cpl::Football_Player::a90bb203b7f24093abfdfd43e8c6ff40,M. Duncan,Forge,Defender,2023,defender,10,249,0,0,0,0,0,0,8,3,3,0,1,0,54,78.0,4,1.45,0,0,0,0,0,0,0,0,0,0,0,0,0,0,0,0,0,0,0,0,0,0,0,0,0,1.0,215.0,1.0,30.0,249.0,3.0,,6.0,24.0,,,103.0,,21.0,,32.0,3.0,9.0,,43.0,2.0,,,3.0,1.0,4.0,6.0,135.0,17.0,63.0,,,10.0,45.0,52.0,20.0,,4.0,7.0,,8.0,6.0,,51.0,10.0,10.0,133.0,23.0,,2.0,99.0,11.0,6.0,14.0,2.0,105.0,25.0,3.0,,18.0,10.0,,1.0,0.0,,5.0,4.0,1.0,2.0,8.0,,,,,,,,5.0,10.0,5.0,8.0,1.0,,1.0,,3.0,14.0,,3.0,,20.0,1.0,,,,,,,,,,,,,,,,1.0,,,,,,,,,,,,,,
cpl::Football_Player::2158eb23a8d7408ea2e9b1d9ac59f461,G. Pianelli,Valour,Defender,2023,defender,17,1292,1,0,7,0,2,0,7,17,6,0,3,0,57,80.0,22,1.53,0,0,2,0,0,0,0,0,0,0,0,0,0,0,0,0,0,0,0,0,0,0,0,0,0,,792.0,3.0,134.0,1292.0,23.0,,28.0,49.0,2.0,,512.0,7.0,44.0,,93.0,17.0,9.0,3.0,214.0,15.0,,,17.0,1.0,20.0,47.0,670.0,68.0,173.0,,,17.0,363.0,285.0,134.0,,5.0,60.0,,44.0,34.0,2.0,145.0,10.0,17.0,646.0,74.0,,4.0,502.0,49.0,6.0,13.0,12.0,536.0,85.0,6.0,2.0,21.0,53.0,,1.0,1.0,,21.0,15.0,2.0,2.0,2.0,,,,,,,7.0,4.0,,4.0,7.0,,2.0,,6.0,,,,,,37.0,,,,,1.0,1.0,,,,5.0,,,,,1.0,0.0,1.0,,1.0,,,,,,,,,,,,
cpl::Football_Player::91a17f348e28482898c8dbc5480ad503,P. Amedume,Pacific,Defender,2023,defender,14,656,0,0,2,0,0,0,5,3,9,1,2,0,69,90.0,7,0.96,0,0,0,0,0,0,0,0,0,0,0,0,0,0,0,0,0,0,0,0,0,0,0,0,0,,517.0,2.0,44.0,656.0,7.0,,9.0,26.0,,,372.0,3.0,24.0,,37.0,4.0,4.0,1.0,91.0,7.0,,,3.0,,7.0,17.0,426.0,29.0,121.0,,,14.0,262.0,154.0,152.0,,2.0,14.0,,11.0,14.0,,55.0,10.0,14.0,415.0,30.0,,2.0,368.0,13.0,2.0,7.0,5.0,382.0,21.0,9.0,,17.0,23.0,,1.0,0.0,,4.0,6.0,1.0,3.0,7.0,,,,,,,2.0,,2.0,,5.0,1.0,,4.0,,1.0,24.0,,1.0,,29.0,1.0,,,,,,1.0,,,2.0,,,,,,,,,,,,,,,,,,,,,
cpl::Football_Player::3b272b35b0294b428a237259d657f8f3,M. Niba,Atlético,Defender,2023,defender,12,645,0,1,1,0,0,1,11,15,4,0,2,0,64,73.0,10,1.4,0,0,1,0,0,0,0,0,0,0,0,0,0,0,0,0,0,0,0,0,0,0,0,0,0,3.0,418.0,2.0,68.0,645.0,32.0,,18.0,45.0,3.0,,172.0,3.0,59.0,,87.0,16.0,15.0,2.0,11.0,9.0,,,15.0,,7.0,21.0,246.0,53.0,73.0,,,12.0,106.0,110.0,70.0,,8.0,33.0,,42.0,21.0,,128.0,10.0,12.0,238.0,35.0,,7.0,157.0,28.0,10.0,21.0,4.0,178.0,63.0,4.0,,27.0,14.0,,3.0,0.0,,10.0,10.0,2.0,5.0,3.0,,,,,1.0,,1.0,9.0,35.0,9.0,11.0,2.0,,9.0,2.0,1.0,26.0,,1.0,,55.0,4.0,,,,,,,,1.0,1.0,,,,,,,1.0,,,,,,1.0,,,,,,,,
cpl::Football_Player::bc3018329eb248b4a54fd137fa4f2cbc,M. James,Forge,Defender,2023,defender,28,2514,0,2,17,0,7,2,26,32,33,1,8,0,65,83.0,32,1.15,0,0,1,0,0,0,0,0,0,0,0,0,0,0,0,0,0,0,0,0,0,0,0,0,0,13.0,2232.0,8.0,312.0,2514.0,70.0,,62.0,167.0,6.0,,1459.0,7.0,175.0,,269.0,21.0,37.0,9.0,521.0,28.0,,,32.0,4.0,26.0,82.0,1829.0,198.0,532.0,,,28.0,987.0,695.0,520.0,,12.0,128.0,,102.0,129.0,1.0,388.0,10.0,28.0,1760.0,184.0,,15.0,1388.0,94.0,16.0,42.0,47.0,1517.0,202.0,33.0,1.0,105.0,113.0,1.0,3.0,0.0,,32.0,30.0,31.0,1.0,,,,,,,,17.0,3.0,,3.0,26.0,2.0,7.0,30.0,10.0,2.0,17.0,,2.0,,93.0,15.0,,1.0,1.0,,,1.0,,2.0,10.0,,,,,,,2.0,3.0,,3.0,,,,,,,,,,,
cpl::Football_Player::ce073937285b4114bca2f2a3b658f3da,L. Singh,York,Defender,2023,defender,25,2223,1,0,11,0,6,0,13,22,5,0,5,0,61,85.0,25,1.01,0,0,0,0,0,0,0,0,0,0,0,0,0,0,0,0,0,0,0,0,0,0,0,0,0,5.0,1501.0,5.0,197.0,2223.0,53.0,,30.0,71.0,2.0,,1033.0,6.0,94.0,,143.0,33.0,22.0,8.0,224.0,25.0,,,22.0,,23.0,70.0,1258.0,130.0,359.0,,,25.0,702.0,435.0,562.0,,17.0,116.0,,72.0,142.0,,224.0,10.0,25.0,1228.0,81.0,,12.0,919.0,49.0,12.0,25.0,9.0,1061.0,129.0,5.0,,41.0,68.0,,3.0,0.0,,19.0,21.0,11.0,3.0,,,,,,1.0,,11.0,,1.0,,13.0,1.0,6.0,14.0,8.0,,2.0,,,,37.0,11.0,1.0,,,1.0,1.0,,,,5.0,,,,1.0,1.0,0.0,,,,1.0,,,,,,,,,,,
cpl::Football_Player::1a506f4011a54179840901247a114e35,K. Ouimette,Atlético,Defender,2023,defender,26,2192,0,0,4,0,1,0,32,24,20,0,5,0,68,83.0,26,1.07,2,0,0,0,0,0,0,0,0,0,0,0,0,0,0,0,0,0,0,0,0,0,0,0,0,3.0,1455.0,5.0,189.0,2192.0,53.0,,40.0,109.0,5.0,,867.0,15.0,122.0,,180.0,46.0,26.0,9.0,420.0,24.0,,,24.0,,21.0,81.0,1083.0,106.0,297.0,,,26.0,597.0,410.0,177.0,,15.0,89.0,,71.0,77.0,,251.0,10.0,26.0,1056.0,100.0,,12.0,817.0,58.0,17.0,49.0,19.0,894.0,134.0,20.0,,69.0,67.0,,4.0,0.0,,18.0,27.0,1.0,1.0,2.0,,,,,,2.0,4.0,11.0,24.0,12.0,32.0,5.0,1.0,12.0,8.0,,60.0,1.0,,,76.0,5.0,,,,,,,,,3.0,,,,,,,2.0,,,,1.0,,1.0,,,,,,,,
cpl::Football_Player::347018d8099042888a6076bd0cea0744,K. Çela,Forge,Defender,2023,defender,23,1712,2,1,12,0,2,1,15,18,9,2,3,0,61,84.0,29,1.52,0,0,0,0,0,0,0,0,0,0,0,0,0,0,0,0,0,0,0,0,0,0,0,0,0,4.0,1171.0,3.0,157.0,1712.0,25.0,,49.0,81.0,3.0,,779.0,7.0,57.0,,137.0,22.0,13.0,4.0,319.0,18.0,,,18.0,,26.0,81.0,969.0,77.0,199.0,,,23.0,613.0,329.0,275.0,,10.0,83.0,,56.0,58.0,2.0,166.0,10.0,23.0,933.0,74.0,,3.0,754.0,80.0,7.0,22.0,26.0,812.0,104.0,9.0,2.0,32.0,55.0,,3.0,0.0,,31.0,17.0,1.0,1.0,5.0,,,,,,,12.0,2.0,,2.0,15.0,1.0,2.0,,18.0,,1.0,,,,46.0,,,,1.0,2.0,2.0,2.0,,1.0,10.0,,,,1.0,1.0,1.0,,1.0,2.0,1.0,,,,,,,,,,,
cpl::Football_Player::242992e119ea4cf3b76878a2029dddac,P. Gee,Vancouver FC,Defender,2023,defender,26,2330,0,1,5,0,3,1,22,24,21,3,6,0,43,82.0,40,1.55,0,0,0,0,0,0,0,0,0,0,0,0,0,0,0,0,0,0,0,0,0,0,0,0,0,21.0,1795.0,6.0,249.0,2330.0,76.0,,26.0,106.0,8.0,,1048.0,12.0,156.0,,216.0,25.0,35.0,5.0,358.0,26.0,,,24.0,1.0,32.0,73.0,1333.0,149.0,474.0,,,26.0,626.0,569.0,277.0,,13.0,114.0,,110.0,107.0,,362.0,10.0,26.0,1290.0,135.0,,8.0,977.0,60.0,11.0,33.0,12.0,1084.0,222.0,21.0,,80.0,75.0,,13.0,0.0,,34.0,21.0,27.0,2.0,,,,,,,,5.0,47.0,9.0,48.0,22.0,5.0,3.0,27.0,7.0,16.0,88.0,,15.0,,129.0,16.0,,,,,,3.0,,1.0,2.0,,,1.0,,,,1.0,4.0,,5.0,,,,,,,,,,,
cpl::Football_Player::5d3e254b11fe4041bdd0b85385ae0907,L. Thompson,Vancouver FC,Defender,2023,defender,3,48,0,0,0,0,0,0,2,2,0,0,1,0,0,62.0,2,3.75,0,0,0,0,0,0,0,0,0,0,0,0,0,0,0,0,0,0,0,0,0,0,0,0,0,,26.0,1.0,5.0,48.0,5.0,,,4.0,,,8.0,,9.0,,9.0,2.0,1.0,,4.0,,,,2.0,1.0,2.0,3.0,13.0,3.0,2.0,,,3.0,6.0,4.0,3.0,,1.0,2.0,,5.0,,,6.0,10.0,3.0,13.0,3.0,,1.0,8.0,,2.0,4.0,,8.0,5.0,,,4.0,,,,0.0,,,,,,3.0,,,,,,,,,,,2.0,,,1.0,1.0,,,,,,2.0,,,,,,,,,,,,,,,,,,,,,,,,,,,,,,,
cpl::Football_Player::b48a3c5692c34ed3915577a233b54697,N. Abatneh,Atlético,Defender,2023,defender,12,637,0,0,1,0,0,0,9,5,6,0,1,1,47,91.0,12,1.7,0,0,0,0,0,0,0,0,0,0,0,0,0,0,0,0,0,0,0,0,0,0,0,0,0,1.0,468.0,1.0,35.0,637.0,9.0,,11.0,35.0,2.0,,348.0,,33.0,,56.0,1.0,11.0,,157.0,8.0,,,5.0,,10.0,15.0,388.0,30.0,73.0,,,12.0,280.0,110.0,96.0,,6.0,11.0,,21.0,8.0,,40.0,10.0,12.0,382.0,24.0,,4.0,345.0,23.0,4.0,13.0,3.0,353.0,17.0,6.0,,24.0,18.0,1.0,,0.0,,12.0,8.0,5.0,3.0,4.0,,,,,,,1.0,,,,9.0,,,2.0,4.0,,7.0,,,,25.0,1.0,,,,,,,,,1.0,,,,,,,1.0,,,,,,1.0,,1.0,1.0,,,,,
cpl::Football_Player::ddaa28ce30bc4ad8888405cb267a86cc,Miguel Acosta,Atlético,Defender,2023,defender,25,2168,1,2,8,0,5,2,48,29,11,1,3,0,51,82.0,31,1.29,0,0,0,0,0,0,0,0,0,0,0,0,0,0,0,0,0,0,0,0,0,0,0,0,0,11.0,1368.0,3.0,169.0,2168.0,100.0,,15.0,113.0,5.0,,702.0,8.0,198.0,,227.0,32.0,45.0,7.0,296.0,24.0,,,29.0,,26.0,55.0,890.0,120.0,299.0,,,25.0,429.0,332.0,147.0,,19.0,85.0,,114.0,77.0,,280.0,10.0,25.0,869.0,84.0,,19.0,644.0,29.0,27.0,75.0,12.0,721.0,144.0,11.0,,98.0,55.0,,4.0,0.0,,14.0,24.0,13.0,2.0,1.0,,,,,,,8.0,30.0,37.0,30.0,48.0,,5.0,28.0,7.0,7.0,98.0,,7.0,,115.0,10.0,1.0,,1.0,1.0,1.0,1.0,,2.0,3.0,,,,,1.0,0.0,1.0,2.0,,2.0,,,,,,,,,,,
cpl::Football_Player::56d0b0c6af014268ba1e3a54193096e4,B. Vliet,Cavalry,Defender,2023,defender,14,842,0,2,6,0,3,2,20,15,7,1,3,0,80,78.0,14,1.5,19,0,0,0,0,0,0,0,0,0,0,0,0,0,0,0,0,0,0,0,0,0,0,0,0,6.0,619.0,3.0,79.0,842.0,29.0,,8.0,52.0,,,265.0,4.0,73.0,,83.0,13.0,14.0,2.0,17.0,9.0,,,15.0,3.0,14.0,19.0,355.0,46.0,154.0,,,14.0,133.0,188.0,115.0,,8.0,44.0,,31.0,38.0,,160.0,10.0,14.0,341.0,35.0,,10.0,238.0,10.0,7.0,27.0,2.0,276.0,93.0,7.0,,44.0,26.0,,8.0,0.0,,2.0,18.0,10.0,1.0,5.0,,,,,,19.0,6.0,17.0,30.0,40.0,20.0,1.0,3.0,4.0,2.0,11.0,56.0,14.0,4.0,5.0,35.0,3.0,,,2.0,,,1.0,,2.0,3.0,,,,2.0,,,,,,,,,1.0,,,,,,,,
cpl::Football_Player::1b51a11201234c7ea6415ff935930a82,A. Baquero,Valour,Defender,2023,defender,26,1839,0,0,9,0,2,0,29,22,11,2,3,0,45,83.0,30,1.47,1,0,0,0,0,0,0,0,0,0,0,0,0,0,0,0,0,0,0,0,0,0,0,0,0,19.0,1702.0,3.0,207.0,1839.0,69.0,,17.0,91.0,3.0,,976.0,8.0,143.0,,180.0,18.0,36.0,4.0,469.0,18.0,,,22.0,1.0,27.0,37.0,1201.0,130.0,558.0,,,26.0,453.0,473.0,120.0,,10.0,62.0,,89.0,124.0,,345.0,10.0,26.0,1182.0,145.0,,14.0,870.0,37.0,17.0,46.0,15.0,994.0,206.0,11.0,,74.0,50.0,,12.0,0.0,,20.0,23.0,17.0,2.0,8.0,,,,,,1.0,9.0,49.0,41.0,49.0,29.0,8.0,2.0,19.0,7.0,17.0,151.0,,16.0,1.0,139.0,11.0,,4.0,,,,2.0,,,7.0,,,,2.0,,,,4.0,,2.0,,1.0,1.0,,,,,,,,
cpl::Football_Player::c6f67d242759463b83daae21b4e090fd,Diego Espejo,Atlético,Defender,2023,defender,19,1590,1,0,9,0,3,0,15,20,20,0,5,1,81,83.0,23,1.3,0,0,0,0,0,0,0,0,0,0,0,0,0,0,0,0,0,0,0,0,0,0,0,0,0,3.0,1118.0,5.0,154.0,1590.0,37.0,,44.0,93.0,3.0,,709.0,5.0,86.0,,140.0,31.0,13.0,5.0,319.0,18.0,,,20.0,,20.0,100.0,886.0,61.0,192.0,,,19.0,540.0,272.0,265.0,,8.0,91.0,,47.0,72.0,5.0,165.0,10.0,19.0,858.0,63.0,,5.0,660.0,54.0,13.0,28.0,16.0,732.0,102.0,20.0,5.0,49.0,53.0,1.0,,0.0,,10.0,20.0,1.0,3.0,1.0,,,,,,,9.0,1.0,2.0,1.0,15.0,1.0,3.0,3.0,8.0,,5.0,,,,30.0,1.0,,,,1.0,1.0,,,,6.0,,,,,1.0,0.0,1.0,,1.0,,,,,,1.0,1.0,,,,,
cpl::Football_Player::88981199ee1c47cbb911a6b22266e324,M. Tissot,Atlético,Defender,2023,defender,15,1066,2,0,10,0,2,0,16,8,17,3,1,0,66,76.0,17,1.44,1,0,1,0,0,0,0,0,0,0,0,0,0,0,0,0,0,0,0,0,0,0,0,0,0,6.0,704.0,1.0,101.0,1066.0,32.0,,10.0,60.0,2.0,,303.0,4.0,82.0,,97.0,14.0,27.0,1.0,15.0,12.0,,,8.0,,15.0,21.0,413.0,56.0,179.0,,,15.0,138.0,173.0,114.0,,7.0,32.0,,37.0,19.0,,173.0,10.0,15.0,402.0,69.0,,2.0,293.0,15.0,7.0,23.0,30.0,312.0,96.0,17.0,,50.0,33.0,,7.0,0.0,,5.0,13.0,11.0,7.0,3.0,,,,,,1.0,10.0,25.0,13.0,28.0,16.0,1.0,2.0,17.0,3.0,5.0,79.0,1.0,5.0,,111.0,6.0,,,,,2.0,3.0,,,8.0,,2.0,,3.0,1.0,1.0,1.0,1.0,,,,1.0,,2.0,,,,,2.0,,
cpl::Football_Player::f40858671e354d42ad80fd9d251afb6f,R. Rama,Forge,Defender,2023,defender,28,2397,1,2,12,0,4,2,45,43,19,1,8,0,38,80.0,29,1.09,0,0,0,0,0,0,0,0,0,0,0,0,0,0,0,0,0,0,0,0,0,0,0,0,0,16.0,2039.0,8.0,278.0,2397.0,109.0,,16.0,123.0,6.0,,1024.0,3.0,216.0,,258.0,35.0,73.0,4.0,446.0,27.0,,,43.0,1.0,23.0,52.0,1338.0,136.0,526.0,,,28.0,542.0,574.0,88.0,,24.0,82.0,,135.0,53.0,,414.0,10.0,28.0,1302.0,196.0,,21.0,1007.0,42.0,31.0,76.0,27.0,1060.0,209.0,19.0,,107.0,101.0,1.0,15.0,0.0,,26.0,37.0,12.0,11.0,1.0,,,,,,,12.0,32.0,27.0,32.0,45.0,3.0,4.0,36.0,15.0,8.0,243.0,,7.0,,230.0,25.0,,2.0,2.0,1.0,1.0,1.0,,2.0,8.0,,,,,1.0,0.0,1.0,4.0,1.0,4.0,,,1.0,,,,,,,,
cpl::Football_Player::d46e06f14e0d47e58d6f5f00e1eabfa9,T. Meilleur-Giguère,Wanderers,Defender,2023,defender,29,2609,4,0,16,0,7,0,18,9,10,5,2,0,60,89.0,35,1.21,0,0,2,0,0,0,0,0,0,0,0,0,0,0,0,0,0,0,0,0,0,0,0,0,0,3.0,1884.0,2.0,188.0,2609.0,26.0,,70.0,111.0,4.0,,1361.0,9.0,67.0,,183.0,34.0,9.0,8.0,457.0,29.0,,,9.0,3.0,31.0,139.0,1589.0,130.0,284.0,,,29.0,1117.0,483.0,586.0,,5.0,94.0,,72.0,99.0,3.0,201.0,10.0,29.0,1547.0,94.0,,3.0,1302.0,116.0,10.0,28.0,32.0,1401.0,127.0,10.0,3.0,41.0,62.0,,3.0,0.0,,46.0,22.0,4.0,1.0,,,,,,,,16.0,1.0,1.0,1.0,18.0,6.0,7.0,3.0,22.0,,,,,,63.0,1.0,2.0,,,4.0,4.0,5.0,,,9.0,,1.0,,,1.0,3.0,2.0,,1.0,,,,,,,,,,,,
cpl::Football_Player::d29736b5baf24409acfa96d3a52436e1,A. Jean-Baptiste,Valour,Defender,2023,defender,9,487,0,0,3,0,1,0,3,1,2,1,0,0,40,83.0,7,1.29,0,0,0,0,0,0,0,0,0,0,0,0,0,0,0,0,0,0,0,0,0,0,0,0,0,,336.0,,48.0,487.0,1.0,,9.0,18.0,1.0,,221.0,1.0,10.0,,32.0,9.0,1.0,,103.0,6.0,,,1.0,1.0,6.0,24.0,282.0,23.0,73.0,,,9.0,161.0,105.0,65.0,,,27.0,,14.0,25.0,,52.0,10.0,9.0,268.0,21.0,,1.0,209.0,22.0,4.0,7.0,3.0,234.0,36.0,2.0,,9.0,12.0,,1.0,0.0,,13.0,1.0,,3.0,3.0,,,,,,,3.0,,,,3.0,,1.0,,5.0,,,,,,9.0,,,1.0,,,,1.0,,,2.0,,,,,,,,,,,,,1.0,,,,,,,,
cpl::Football_Player::e879ca3a6c7e4bb9ba29edd41f2b202e,Z. Roy,Atlético,Defender,2023,defender,3,71,0,0,0,0,0,0,3,0,1,0,1,0,0,78.0,0,0.0,0,0,0,0,0,0,0,0,0,0,0,0,0,0,0,0,0,0,0,0,0,0,0,0,0,,46.0,1.0,7.0,71.0,1.0,,,5.0,,,24.0,,6.0,,9.0,2.0,3.0,,1.0,1.0,,,,,,,31.0,2.0,10.0,,,3.0,14.0,11.0,5.0,,1.0,2.0,,4.0,2.0,,13.0,10.0,3.0,31.0,5.0,,,22.0,3.0,,3.0,1.0,24.0,5.0,1.0,,5.0,2.0,,,0.0,,3.0,,1.0,1.0,2.0,,,,,,,,,3.0,,3.0,,,1.0,,,3.0,,,,14.0,,,,,,,,,,,,,,,,,,1.0,,,,,,,,,,,,,
cpl::Football_Player::7b0f6d51a0774b0691b240a3a96bc0ee,M. de Brienne,Atlético,Defender,2023,defender,20,1571,3,3,14,0,4,3,22,24,25,0,3,0,69,79.0,21,1.2,30,0,0,0,0,0,0,0,0,0,0,0,0,0,0,0,0,0,0,0,0,0,0,0,0,25.0,1263.0,3.0,164.0,1571.0,73.0,,16.0,103.0,2.0,,595.0,8.0,160.0,,183.0,28.0,38.0,4.0,43.0,18.0,,,24.0,1.0,19.0,33.0,772.0,133.0,361.0,,,20.0,271.0,334.0,270.0,,28.0,69.0,,80.0,49.0,,303.0,10.0,20.0,758.0,95.0,,12.0,559.0,23.0,20.0,42.0,31.0,608.0,172.0,25.0,,87.0,43.0,,9.0,0.0,,7.0,40.0,21.0,4.0,2.0,,1.0,,,,30.0,14.0,24.0,17.0,51.0,22.0,3.0,4.0,29.0,2.0,24.0,85.0,21.0,15.0,8.0,125.0,21.0,2.0,2.0,2.0,2.0,3.0,,,3.0,10.0,,1.0,,,2.0,1.0,1.0,4.0,,2.0,1.0,,,1.0,,,,,,,
cpl::Football_Player::fd9ddb9946a84feeb1b5e9a8dd531160,A. Samaké,Valour,Defender,2023,defender,17,1457,1,0,4,0,2,0,9,18,13,0,4,0,77,87.0,20,1.24,0,0,0,0,0,0,0,0,0,0,0,0,0,0,0,0,0,0,0,0,0,0,0,0,0,4.0,1112.0,4.0,127.0,1457.0,34.0,,49.0,88.0,2.0,,776.0,5.0,73.0,,136.0,10.0,7.0,5.0,226.0,17.0,,,18.0,,18.0,48.0,936.0,104.0,303.0,,,17.0,506.0,376.0,291.0,,3.0,42.0,,48.0,58.0,5.0,150.0,10.0,17.0,901.0,85.0,,7.0,751.0,63.0,8.0,17.0,19.0,809.0,87.0,13.0,5.0,39.0,40.0,,,0.0,,14.0,17.0,9.0,3.0,,,,,,,,4.0,,1.0,,9.0,1.0,2.0,8.0,5.0,,12.0,,,,43.0,3.0,1.0,,,1.0,1.0,,,,2.0,,,,,0.0,1.0,,,,,1.0,,,,,,,,,,
cpl::Football_Player::ebfeb9e972964148846658f57142a247,R. Thompson,York,Defender,2023,defender,15,1166,1,0,4,0,1,0,11,8,2,0,2,0,42,85.0,22,1.7,0,0,0,0,0,0,0,0,0,0,0,0,0,0,0,0,0,0,0,0,0,0,0,0,0,2.0,915.0,2.0,122.0,1166.0,16.0,,15.0,41.0,5.0,,668.0,4.0,42.0,,77.0,8.0,11.0,1.0,161.0,13.0,,,8.0,,17.0,36.0,805.0,61.0,216.0,,,15.0,467.0,339.0,278.0,,8.0,65.0,,36.0,58.0,1.0,128.0,10.0,15.0,784.0,57.0,,4.0,625.0,35.0,12.0,23.0,6.0,683.0,79.0,2.0,1.0,26.0,44.0,,,1.0,,20.0,6.0,1.0,2.0,2.0,,,,,,,4.0,1.0,,1.0,11.0,,1.0,,10.0,,,,,,27.0,,,,,1.0,1.0,,,,3.0,,,,,0.0,1.0,,,1.0,1.0,,,1.0,,,,,,,,
cpl::Football_Player::83cede75122b41d0aad420f4fb5daf2e,J. Daley,Cavalry,Midfielder,2023,midfielder,27,2019,0,5,15,0,2,5,44,45,32,0,12,0,30,82.0,21,0.94,0,0,0,0,0,0,0,0,0,0,0,0,0,0,0,0,0,0,0,0,0,0,0,0,0,14.0,1317.0,12.0,186.0,2019.0,98.0,,6.0,112.0,3.0,,769.0,4.0,204.0,,224.0,41.0,38.0,5.0,200.0,23.0,,,45.0,2.0,18.0,22.0,995.0,134.0,445.0,,,27.0,369.0,350.0,237.0,,17.0,74.0,,112.0,29.0,,258.0,10.0,27.0,950.0,112.0,,30.0,780.0,20.0,26.0,70.0,27.0,809.0,150.0,32.0,,106.0,56.0,1.0,5.0,0.0,,14.0,31.0,4.0,11.0,4.0,,1.0,,,,,15.0,17.0,1.0,20.0,44.0,5.0,2.0,22.0,6.0,5.0,6.0,,5.0,,208.0,12.0,,12.0,2.0,,,,,5.0,13.0,,,,,,,2.0,3.0,,2.0,,,,,,,,,,,
cpl::Football_Player::423863e33e8f4745b70e6092f11a184d,B. Fisk,Vancouver FC,Midfielder,2023,midfielder,17,486,1,2,7,0,3,2,3,5,7,2,1,0,50,85.0,9,1.67,15,0,1,0,0,0,0,0,0,0,0,0,0,0,0,0,0,0,0,0,0,0,0,0,0,8.0,349.0,1.0,36.0,486.0,30.0,,3.0,19.0,1.0,,188.0,,46.0,,52.0,,10.0,1.0,19.0,4.0,,,5.0,2.0,8.0,2.0,232.0,26.0,141.0,,,17.0,64.0,69.0,52.0,,2.0,4.0,,33.0,9.0,,99.0,10.0,17.0,224.0,32.0,,4.0,187.0,6.0,1.0,4.0,14.0,196.0,53.0,7.0,,16.0,11.0,,4.0,0.0,,3.0,1.0,5.0,4.0,13.0,,,,,,15.0,7.0,16.0,,28.0,3.0,2.0,3.0,17.0,1.0,9.0,4.0,9.0,7.0,2.0,92.0,3.0,,7.0,2.0,1.0,1.0,2.0,,2.0,4.0,,,,1.0,0.0,1.0,,2.0,1.0,2.0,,,,,,,,,,,
cpl::Football_Player::d3d6fda71a9e4981abbb1d3785bc0dee,C. Trafford,Cavalry,Midfielder,2023,midfielder,28,2031,0,1,19,0,6,1,33,41,56,0,9,0,69,88.0,25,1.11,0,0,2,0,0,0,0,0,0,0,0,0,0,0,0,0,0,0,0,0,0,0,0,0,0,12.0,1654.0,9.0,169.0,2031.0,81.0,,50.0,175.0,3.0,,1097.0,4.0,206.0,,278.0,17.0,38.0,3.0,333.0,24.0,,,41.0,3.0,22.0,23.0,1304.0,171.0,506.0,,,28.0,630.0,366.0,358.0,,31.0,45.0,,103.0,57.0,,217.0,10.0,28.0,1264.0,124.0,,27.0,1078.0,72.0,21.0,54.0,28.0,1135.0,119.0,56.0,,125.0,56.0,,5.0,0.0,,22.0,28.0,16.0,11.0,4.0,,,,,,,19.0,4.0,,6.0,33.0,8.0,6.0,21.0,13.0,1.0,6.0,,1.0,,247.0,7.0,,10.0,,,,,,1.0,13.0,,,,,,,1.0,3.0,,1.0,,,,,,,,,,,
cpl::Football_Player::64ff8ebb61c74060b52ab17341495a05,M. Ferrin,York,Midfielder,2023,midfielder,26,2276,8,3,46,0,24,3,16,27,61,7,2,0,45,84.0,27,1.07,12,0,3,0,0,0,0,0,0,0,0,0,0,0,0,0,0,0,0,0,0,0,0,0,0,32.0,1373.0,2.0,127.0,2276.0,135.0,,27.0,179.0,7.0,,643.0,2.0,287.0,,347.0,1.0,54.0,4.0,73.0,26.0,,,27.0,1.0,20.0,14.0,787.0,100.0,462.0,,,26.0,215.0,185.0,269.0,,35.0,7.0,,168.0,20.0,,340.0,10.0,26.0,769.0,120.0,,12.0,640.0,60.0,15.0,31.0,111.0,660.0,136.0,61.0,,152.0,21.0,,16.0,1.0,,33.0,17.0,60.0,6.0,,,2.0,,,,12.0,46.0,21.0,1.0,30.0,16.0,19.0,24.0,91.0,5.0,17.0,9.0,6.0,10.0,6.0,260.0,47.0,6.0,15.0,3.0,3.0,8.0,7.0,,3.0,22.0,,1.0,,2.0,5.0,3.0,,13.0,1.0,5.0,,2.0,,5.0,,,,,,,
cpl::Football_Player::0f32aad5bf304f70bb295ab41b41b4d9,M. Henry,Cavalry,Midfielder,2023,midfielder,18,682,2,0,11,0,4,0,11,18,22,1,1,0,33,80.0,3,0.4,4,0,0,0,0,0,0,0,0,0,0,0,0,0,0,0,0,0,0,0,0,0,0,0,0,6.0,357.0,1.0,37.0,682.0,57.0,,6.0,52.0,,,140.0,,103.0,,121.0,6.0,14.0,,26.0,7.0,,,18.0,,3.0,2.0,182.0,42.0,88.0,,,18.0,60.0,55.0,52.0,,11.0,9.0,,69.0,8.0,,103.0,10.0,18.0,177.0,28.0,,13.0,137.0,18.0,3.0,14.0,16.0,145.0,43.0,22.0,,46.0,10.0,,6.0,0.0,,12.0,2.0,10.0,6.0,11.0,,,,,,4.0,11.0,13.0,,16.0,11.0,10.0,4.0,23.0,,3.0,3.0,3.0,2.0,1.0,49.0,16.0,1.0,2.0,,1.0,2.0,1.0,,,7.0,,1.0,,3.0,1.0,1.0,1.0,2.0,,1.0,,1.0,,1.0,,,,,,,
cpl::Football_Player::6aa0420a7a3448a49b34c863c5b11ce4,N. Myroniuk,Cavalry,Midfielder,2023,midfielder,1,3,0,0,0,0,0,0,1,0,0,0,0,0,0,0.0,0,0.0,0,0,0,0,0,0,0,0,0,0,0,0,0,0,0,0,0,0,0,0,0,0,0,0,0,,3.0,,2.0,3.0,,,,1.0,,,,,1.0,,1.0,1.0,,,,,,,,,,,2.0,2.0,,,,1.0,,2.0,,,,1.0,,,,,2.0,10.0,1.0,2.0,1.0,,,,,,1.0,,,1.0,,,1.0,1.0,,,0.0,,,,,,1.0,,,,,,,,,,,1.0,,,,,,,,,,,,,,,,,,,,,,,,,,,,,,,,,,,,,,,,,
cpl::Football_Player::aa04c836bb59425c85469387082f8d56,N. Gyimah,Vancouver FC,Midfielder,2023,midfielder,11,251,0,0,5,0,2,0,9,10,8,1,4,0,28,58.0,3,1.08,1,0,0,0,0,0,0,0,0,0,0,0,0,0,0,0,0,0,0,0,0,0,0,0,0,1.0,114.0,4.0,21.0,251.0,26.0,,2.0,25.0,1.0,,26.0,,49.0,,56.0,2.0,9.0,,13.0,2.0,,,10.0,,2.0,3.0,49.0,20.0,15.0,,,11.0,13.0,12.0,13.0,,3.0,3.0,,31.0,1.0,,40.0,10.0,11.0,47.0,18.0,,5.0,27.0,7.0,5.0,14.0,7.0,28.0,18.0,8.0,,23.0,7.0,,3.0,0.0,,5.0,2.0,1.0,2.0,9.0,,,,,,1.0,5.0,4.0,,4.0,9.0,1.0,2.0,9.0,,,3.0,,,,11.0,6.0,,2.0,,,,1.0,,,3.0,,,,,,,,1.0,,,,,,,,,,,,,
cpl::Football_Player::6f78048ef6fe4d51aa66aa87e5fbf0c5,A. Daniels,Pacific,Midfielder,2023,midfielder,29,1885,3,5,21,0,9,5,21,19,31,0,2,0,40,88.0,22,1.05,16,0,1,0,0,0,0,0,0,0,0,0,0,0,0,0,0,0,0,0,0,0,0,0,0,29.0,1281.0,2.0,112.0,1885.0,90.0,,8.0,103.0,6.0,,722.0,,185.0,,205.0,10.0,41.0,1.0,197.0,22.0,,,19.0,2.0,16.0,7.0,892.0,97.0,477.0,,,29.0,328.0,220.0,216.0,,16.0,21.0,,102.0,45.0,,258.0,10.0,29.0,832.0,91.0,,14.0,735.0,20.0,9.0,30.0,28.0,780.0,117.0,31.0,,95.0,31.0,,9.0,1.0,,12.0,9.0,34.0,18.0,7.0,,2.0,,,,16.0,21.0,29.0,1.0,36.0,21.0,6.0,9.0,53.0,1.0,25.0,26.0,4.0,21.0,3.0,259.0,26.0,2.0,17.0,5.0,2.0,3.0,,,5.0,12.0,,1.0,,3.0,1.0,2.0,,7.0,,8.0,,,,1.0,,,,,,,
cpl::Football_Player::faefaad76b26402c9854af3aab596d16,M. Omar,Wanderers,Midfielder,2023,midfielder,26,1558,0,0,5,0,2,0,31,24,44,0,4,0,44,92.0,23,1.33,0,0,0,0,0,0,0,0,0,0,0,0,0,0,0,0,0,0,0,0,0,0,0,0,0,5.0,1080.0,4.0,69.0,1558.0,69.0,,20.0,114.0,8.0,,711.0,1.0,163.0,,208.0,2.0,28.0,1.0,215.0,18.0,,,24.0,2.0,15.0,36.0,811.0,109.0,289.0,,,26.0,454.0,180.0,270.0,,19.0,10.0,,94.0,41.0,2.0,116.0,10.0,26.0,779.0,59.0,,16.0,701.0,45.0,14.0,45.0,16.0,742.0,45.0,44.0,2.0,94.0,26.0,,,0.0,,25.0,18.0,5.0,8.0,8.0,,,,,,,5.0,2.0,1.0,2.0,31.0,3.0,2.0,18.0,14.0,1.0,,,1.0,,146.0,5.0,,10.0,,,,,,,3.0,,,1.0,,,,1.0,3.0,,,,,,,,,,,,,
cpl::Football_Player::4706f743c2cf40c992e6d3dcba4d4eff,N. Moazeni Zadeh,Vancouver FC,Midfielder,2023,midfielder,13,836,0,0,4,0,1,0,14,16,5,0,4,0,54,79.0,13,1.4,1,0,0,0,0,0,0,0,0,0,0,0,0,0,0,0,0,0,0,0,0,0,0,0,0,3.0,445.0,4.0,66.0,836.0,46.0,,12.0,58.0,3.0,,233.0,3.0,92.0,,114.0,10.0,12.0,1.0,88.0,9.0,,,16.0,,10.0,13.0,308.0,57.0,101.0,,,13.0,141.0,84.0,84.0,,5.0,25.0,,56.0,23.0,,99.0,10.0,13.0,297.0,41.0,,8.0,219.0,22.0,15.0,29.0,5.0,242.0,48.0,5.0,,46.0,23.0,,2.0,0.0,,10.0,13.0,12.0,6.0,4.0,,,,,,1.0,4.0,4.0,,5.0,14.0,1.0,1.0,13.0,5.0,,1.0,1.0,,,52.0,4.0,,7.0,,,,,,,3.0,,,,,,,1.0,,,,,,,,,,,,,,
cpl::Football_Player::5e944a82a82b42b483bed288bb7633a8,M. Aparicio,Atlético,Midfielder,2023,midfielder,27,2316,4,5,45,0,18,5,36,40,32,2,5,0,41,82.0,28,1.09,6,0,2,2,1,0,0,0,0,0,0,0,0,0,0,0,0,0,0,0,0,0,0,0,0,18.0,1800.0,5.0,246.0,2316.0,124.0,,23.0,152.0,4.0,,1025.0,5.0,253.0,,309.0,11.0,50.0,8.0,293.0,26.0,,,40.0,3.0,24.0,18.0,1309.0,181.0,593.0,,,27.0,477.0,457.0,296.0,,25.0,77.0,,157.0,70.0,,387.0,10.0,27.0,1270.0,169.0,,23.0,993.0,56.0,17.0,53.0,50.0,1063.0,242.0,32.0,,129.0,43.0,,12.0,2.0,,33.0,21.0,45.0,3.0,1.0,,2.0,,,,6.0,45.0,35.0,9.0,39.0,36.0,17.0,18.0,41.0,4.0,7.0,33.0,3.0,6.0,,263.0,28.0,3.0,22.0,5.0,3.0,4.0,2.0,2.0,5.0,27.0,1.0,,,9.0,2.0,2.0,,4.0,1.0,4.0,,,,1.0,,,,,,1.0,
cpl::Football_Player::47690253116d4e34ac0d075eb36df3b3,T. Giraldo,Wanderers,Midfielder,2023,midfielder,19,814,2,0,12,0,5,0,15,22,9,1,2,0,21,70.0,9,1.0,1,0,0,0,0,0,0,0,0,0,0,0,0,0,0,0,0,0,0,0,0,0,0,0,0,7.0,390.0,2.0,64.0,814.0,62.0,,4.0,40.0,2.0,,144.0,3.0,98.0,,117.0,1.0,22.0,,31.0,10.0,,,22.0,1.0,7.0,5.0,211.0,41.0,94.0,,,19.0,53.0,77.0,52.0,,9.0,12.0,,77.0,6.0,,145.0,10.0,19.0,208.0,52.0,,14.0,141.0,19.0,7.0,22.0,17.0,147.0,54.0,9.0,,36.0,17.0,,1.0,1.0,,15.0,6.0,5.0,8.0,9.0,,,,,,1.0,12.0,7.0,,7.0,15.0,1.0,5.0,37.0,,,4.0,,,,51.0,18.0,,7.0,,2.0,2.0,1.0,,,7.0,,2.0,,,2.0,0.0,1.0,4.0,,3.0,,,,,,,,,,,
cpl::Football_Player::3aa93b6a47f24dd59a4d50f71ae926d5,M. Cantave,Vancouver FC,Midfielder,2023,midfielder,26,1643,6,2,26,0,15,2,18,31,28,2,3,0,43,82.0,32,1.75,15,0,2,0,0,0,0,0,0,0,0,0,0,0,0,0,0,0,0,0,0,0,0,0,0,21.0,746.0,3.0,70.0,1643.0,112.0,,13.0,104.0,1.0,,302.0,1.0,203.0,,233.0,3.0,26.0,,79.0,19.0,,,31.0,6.0,31.0,4.0,377.0,66.0,221.0,,,26.0,101.0,87.0,99.0,,16.0,13.0,,129.0,10.0,,215.0,10.0,26.0,372.0,57.0,,8.0,297.0,30.0,5.0,23.0,60.0,307.0,76.0,28.0,,91.0,17.0,,15.0,1.0,,17.0,8.0,40.0,16.0,7.0,,1.0,,,,15.0,26.0,15.0,1.0,23.0,18.0,10.0,15.0,62.0,4.0,15.0,7.0,8.0,11.0,4.0,112.0,37.0,3.0,2.0,1.0,4.0,6.0,2.0,,2.0,11.0,,3.0,,3.0,4.0,2.0,1.0,11.0,,3.0,,,,2.0,,,,,,,
cpl::Football_Player::6a778700603244eeabcce04c59c6ccc0,A. Hojabrpour,Forge,Midfielder,2023,midfielder,24,1610,1,0,12,0,1,0,28,17,14,0,4,0,64,90.0,19,1.06,1,0,0,0,0,0,0,0,0,0,0,0,0,0,0,0,0,0,0,0,0,0,0,0,0,12.0,1208.0,4.0,107.0,1610.0,60.0,,11.0,74.0,3.0,,842.0,,123.0,,140.0,6.0,23.0,4.0,311.0,18.0,,,17.0,3.0,16.0,34.0,983.0,113.0,430.0,,,24.0,446.0,267.0,276.0,,10.0,25.0,,66.0,50.0,,136.0,10.0,24.0,946.0,82.0,,13.0,826.0,17.0,16.0,44.0,14.0,876.0,80.0,14.0,,63.0,32.0,2.0,2.0,0.0,,6.0,21.0,5.0,8.0,6.0,,,,,1.0,1.0,12.0,5.0,,5.0,28.0,8.0,1.0,10.0,9.0,,4.0,,,,129.0,6.0,,3.0,,1.0,1.0,,,,11.0,,,,,0.0,1.0,,,,2.0,,,,,,,,,,,1.0
cpl::Football_Player::9a6571b3737143b79989244b08fbd50d,S. Camargo,Cavalry,Midfielder,2023,midfielder,28,1651,6,2,24,0,11,2,10,17,28,1,6,0,26,81.0,18,0.98,7,0,1,0,0,0,0,0,0,0,0,0,0,0,0,0,0,0,0,0,0,0,0,0,0,26.0,970.0,6.0,128.0,1651.0,88.0,,6.0,83.0,2.0,,482.0,2.0,165.0,,188.0,5.0,35.0,,92.0,23.0,,,17.0,2.0,16.0,2.0,649.0,105.0,344.0,,,28.0,182.0,165.0,163.0,,13.0,23.0,,105.0,16.0,,266.0,10.0,28.0,609.0,105.0,,10.0,505.0,23.0,7.0,17.0,75.0,521.0,130.0,28.0,,77.0,21.0,,19.0,2.0,,17.0,12.0,32.0,24.0,5.0,,,,,,7.0,24.0,19.0,1.0,23.0,10.0,7.0,11.0,60.0,,5.0,6.0,4.0,5.0,,229.0,32.0,3.0,18.0,1.0,6.0,6.0,1.0,,2.0,13.0,,2.0,1.0,,3.0,3.0,2.0,6.0,1.0,2.0,,1.0,,,,,,,,,
cpl::Football_Player::fd8128d359f64c5180b7115c46766e93,T. Esprit,York,Midfielder,2023,midfielder,11,373,0,0,0,0,0,0,8,8,10,0,1,0,45,83.0,9,2.17,0,0,0,0,0,0,0,0,0,0,0,0,0,0,0,0,0,0,0,0,0,0,0,0,0,1.0,267.0,1.0,29.0,373.0,23.0,,5.0,39.0,,,137.0,,57.0,,68.0,4.0,11.0,,71.0,3.0,,,8.0,,9.0,5.0,169.0,27.0,65.0,,,11.0,76.0,44.0,12.0,,5.0,7.0,,29.0,3.0,,53.0,10.0,11.0,166.0,22.0,,3.0,137.0,11.0,7.0,15.0,3.0,140.0,20.0,10.0,,34.0,12.0,,1.0,0.0,,6.0,5.0,9.0,,8.0,,,,,,,,3.0,3.0,3.0,8.0,1.0,,12.0,1.0,1.0,12.0,,1.0,,42.0,4.0,,,,,,,,,,,,,,,,1.0,,,,,,,,,,,,,,
cpl::Football_Player::f52a8b692a56475c9c08c17236a42e86,S. Shome,Cavalry,Midfielder,2023,midfielder,20,1395,0,1,4,0,0,1,20,19,18,1,1,0,48,82.0,15,0.97,21,0,0,0,0,0,0,0,0,0,0,0,0,0,0,0,0,0,0,0,0,0,0,0,0,8.0,857.0,1.0,106.0,1395.0,52.0,,13.0,68.0,3.0,,444.0,1.0,107.0,,134.0,5.0,20.0,5.0,141.0,14.0,,,19.0,3.0,12.0,20.0,567.0,70.0,263.0,,,20.0,204.0,214.0,94.0,,6.0,23.0,,66.0,19.0,,186.0,10.0,20.0,550.0,83.0,,6.0,442.0,27.0,10.0,30.0,8.0,461.0,98.0,18.0,,55.0,31.0,,4.0,0.0,,14.0,16.0,8.0,3.0,6.0,,2.0,,,,21.0,4.0,9.0,9.0,23.0,20.0,,,17.0,1.0,6.0,69.0,12.0,1.0,5.0,118.0,5.0,,7.0,,,,1.0,,1.0,4.0,,,,,,,2.0,1.0,,2.0,1.0,,,,,,,,,,
cpl::Football_Player::25edf8435cd445dfbfb5185b259ca0cf,V. Fry,Vancouver FC,Midfielder,2023,midfielder,10,868,1,1,5,0,2,1,11,35,13,1,6,0,27,80.0,17,1.76,28,0,0,0,0,0,0,0,0,0,0,0,0,0,0,0,0,0,0,0,0,0,0,0,0,17.0,689.0,6.0,104.0,868.0,63.0,,3.0,42.0,2.0,,391.0,2.0,102.0,,113.0,12.0,23.0,1.0,103.0,10.0,,,35.0,4.0,15.0,13.0,504.0,61.0,254.0,,,10.0,156.0,172.0,140.0,,15.0,35.0,,71.0,35.0,,173.0,10.0,10.0,491.0,69.0,,24.0,365.0,11.0,13.0,24.0,9.0,400.0,112.0,13.0,,39.0,29.0,1.0,5.0,1.0,,8.0,10.0,2.0,1.0,,,1.0,,,,28.0,5.0,13.0,2.0,37.0,11.0,,2.0,14.0,2.0,10.0,2.0,15.0,3.0,7.0,89.0,6.0,,6.0,,1.0,1.0,1.0,,1.0,3.0,,1.0,,,0.0,1.0,1.0,,,3.0,,,,,,,,,,,
cpl::Football_Player::d4dbf5aa0a9e4f1fb721f6cfcc1db14f,I. Mejía,TSS Rovers,Midfielder,2023,midfielder,1,11,0,0,0,0,0,0,0,0,0,0,0,0,0,63.0,0,0.0,1,0,0,0,0,0,0,0,0,0,0,0,0,0,0,0,0,0,0,0,0,0,0,0,0,1.0,9.0,,3.0,11.0,,,,,,,5.0,,,,1.0,,1.0,,,,,,,,,,8.0,1.0,5.0,,,1.0,1.0,4.0,1.0,,,,,1.0,,,3.0,10.0,1.0,8.0,3.0,,,5.0,1.0,,,2.0,5.0,3.0,,,,,,,0.0,,1.0,,,,1.0,,,,,,1.0,,,,,,,,,,1.0,,,,1.0,3.0,,,,,,,,,,,,,,,,,,,,,,,,,,,,,,,
cpl::Football_Player::03b82a7bcff7496e991befe586fcc2c9,S. Young,Pacific,Midfielder,2023,midfielder,29,2175,4,3,24,0,13,3,39,25,24,1,6,1,60,80.0,28,1.16,3,0,1,0,0,0,0,0,0,0,0,0,0,0,0,0,0,0,0,0,0,0,0,0,0,20.0,1478.0,6.0,222.0,2175.0,92.0,,32.0,132.0,3.0,,853.0,4.0,192.0,,245.0,21.0,47.0,5.0,340.0,25.0,,,25.0,2.0,25.0,30.0,1103.0,152.0,427.0,,,29.0,457.0,349.0,299.0,,27.0,63.0,,113.0,78.0,,317.0,10.0,29.0,1074.0,159.0,,18.0,803.0,53.0,19.0,58.0,68.0,881.0,178.0,24.0,,100.0,57.0,1.0,14.0,2.0,,21.0,22.0,18.0,7.0,4.0,,,,,,3.0,24.0,8.0,,13.0,39.0,11.0,13.0,34.0,11.0,3.0,3.0,2.0,2.0,1.0,115.0,16.0,1.0,12.0,2.0,4.0,4.0,1.0,,3.0,11.0,,2.0,1.0,,1.0,3.0,,8.0,1.0,6.0,,,1.0,,,1.0,,1.0,,,
cpl::Football_Player::8eb11a313b2348b888a9b1799feba47c,S. Yeates,York,Midfielder,2023,midfielder,29,1693,1,2,20,0,9,2,14,24,17,0,3,0,46,88.0,23,1.22,6,0,2,0,0,0,0,0,0,0,0,0,0,0,0,0,0,0,0,0,0,0,0,0,0,17.0,1127.0,3.0,111.0,1693.0,75.0,,14.0,85.0,2.0,,754.0,2.0,146.0,,176.0,3.0,34.0,1.0,289.0,20.0,,,24.0,2.0,21.0,5.0,873.0,105.0,457.0,,,29.0,310.0,215.0,183.0,,20.0,12.0,,91.0,30.0,,192.0,10.0,29.0,865.0,99.0,,11.0,732.0,30.0,13.0,27.0,30.0,762.0,85.0,17.0,,71.0,32.0,,6.0,0.0,,16.0,13.0,27.0,14.0,9.0,,1.0,,,,6.0,20.0,2.0,,6.0,14.0,1.0,9.0,37.0,2.0,5.0,3.0,3.0,3.0,1.0,186.0,23.0,1.0,10.0,2.0,1.0,1.0,,,2.0,11.0,,,,,0.0,1.0,2.0,6.0,,3.0,,,,,,,,,,,
cpl::Football_Player::ad84db4f538d40f0b2ef200c7a5ed403,Renan Garcia,Vancouver FC,Midfielder,2023,midfielder,14,1257,1,1,14,0,7,1,26,20,16,0,2,0,50,82.0,27,1.93,5,0,1,0,0,0,0,0,0,0,0,0,0,0,0,0,0,0,0,0,0,0,0,0,0,7.0,1021.0,2.0,142.0,1257.0,62.0,,16.0,77.0,2.0,,617.0,2.0,123.0,,155.0,11.0,29.0,2.0,223.0,14.0,,,20.0,5.0,25.0,32.0,787.0,114.0,306.0,,,14.0,341.0,263.0,207.0,,13.0,56.0,,78.0,56.0,,186.0,10.0,14.0,756.0,86.0,,14.0,589.0,32.0,12.0,38.0,7.0,645.0,110.0,16.0,,61.0,41.0,,8.0,0.0,,16.0,19.0,7.0,1.0,,,,,,,5.0,14.0,4.0,,9.0,26.0,11.0,7.0,16.0,8.0,2.0,2.0,3.0,1.0,1.0,94.0,4.0,,,1.0,,1.0,,,1.0,7.0,,1.0,,7.0,0.0,1.0,,1.0,,,,,,1.0,,,,,,,
cpl::Football_Player::6bda12878690489697b20b110e311ad1,E. Simmons,Vancouver FC,Midfielder,2023,midfielder,25,1832,0,1,2,0,1,1,29,14,4,0,3,0,32,84.0,35,1.72,0,0,0,0,0,0,0,0,0,0,0,0,0,0,0,0,0,0,0,0,0,0,0,0,0,7.0,967.0,3.0,131.0,1832.0,51.0,,9.0,68.0,3.0,,647.0,5.0,110.0,,138.0,5.0,38.0,3.0,211.0,24.0,,,14.0,4.0,32.0,23.0,782.0,123.0,324.0,,,25.0,328.0,224.0,191.0,,17.0,28.0,,70.0,43.0,,153.0,10.0,25.0,778.0,103.0,,9.0,608.0,28.0,20.0,49.0,,651.0,84.0,4.0,,59.0,50.0,,,0.0,,19.0,27.0,7.0,16.0,1.0,,,,,,,2.0,3.0,,3.0,29.0,1.0,1.0,10.0,4.0,1.0,1.0,,1.0,,156.0,3.0,,8.0,,,,,,1.0,1.0,,,,,,,,2.0,,2.0,,,,,,,,,,,
cpl::Football_Player::33b0cf3a477d454f96fe4f14c3b6125c,A. Achinioti-Jönsson,Forge,Midfielder,2023,midfielder,29,2399,0,0,12,0,6,0,22,21,41,1,2,0,59,87.0,29,1.09,0,0,0,0,0,0,0,0,0,0,0,0,0,0,0,0,0,0,0,0,0,0,0,0,0,8.0,1867.0,2.0,209.0,2399.0,45.0,,31.0,111.0,4.0,,1347.0,4.0,125.0,,177.0,27.0,19.0,8.0,515.0,26.0,,,21.0,4.0,25.0,55.0,1604.0,120.0,533.0,,,29.0,862.0,545.0,441.0,,5.0,74.0,,66.0,125.0,,245.0,10.0,29.0,1555.0,135.0,,11.0,1270.0,52.0,10.0,32.0,25.0,1395.0,136.0,41.0,,80.0,80.0,,9.0,0.0,,21.0,12.0,8.0,2.0,3.0,,,,,,,12.0,7.0,1.0,7.0,22.0,3.0,6.0,7.0,15.0,,4.0,,,,103.0,1.0,,5.0,,,,1.0,,,6.0,,,,,,,1.0,3.0,,1.0,,,1.0,,,,,,,,
cpl::Football_Player::8478206db8304d6487d404b1b5dd322c,Gabriel Antinoro,Atlético,Midfielder,2023,midfielder,23,720,2,0,9,0,5,0,16,16,9,0,3,0,36,73.0,19,2.38,2,0,0,0,0,0,0,0,0,0,0,0,0,0,0,0,0,0,0,0,0,0,0,0,0,7.0,341.0,3.0,49.0,720.0,52.0,,4.0,49.0,3.0,,129.0,,97.0,,108.0,7.0,17.0,,38.0,8.0,,,16.0,,16.0,1.0,181.0,51.0,96.0,,,23.0,39.0,64.0,42.0,,11.0,15.0,,59.0,5.0,,116.0,10.0,23.0,178.0,34.0,,6.0,127.0,11.0,6.0,22.0,16.0,132.0,41.0,9.0,,45.0,14.0,,2.0,1.0,,7.0,5.0,14.0,8.0,15.0,,,,,,2.0,9.0,6.0,1.0,6.0,16.0,5.0,5.0,25.0,,3.0,,,2.0,1.0,37.0,17.0,1.0,2.0,,2.0,2.0,,,,4.0,,,,,1.0,1.0,,2.0,1.0,4.0,,,,,,,,,,,
cpl::Football_Player::b78b9cf10b374d23824749c6e410990c,E. Adekugbe,York,Midfielder,2023,midfielder,15,562,0,0,2,0,0,0,7,11,10,0,3,0,50,87.0,14,2.24,1,0,0,0,0,0,0,0,0,0,0,0,0,0,0,0,0,0,0,0,0,0,0,0,0,4.0,438.0,3.0,49.0,562.0,21.0,,2.0,23.0,4.0,,310.0,,42.0,,46.0,2.0,8.0,,109.0,5.0,,,11.0,,10.0,5.0,370.0,39.0,130.0,,,15.0,191.0,86.0,106.0,,4.0,21.0,,23.0,21.0,,65.0,10.0,15.0,359.0,28.0,,3.0,300.0,4.0,3.0,10.0,2.0,321.0,40.0,10.0,,21.0,13.0,,,0.0,,2.0,4.0,1.0,3.0,10.0,,,,,,1.0,2.0,2.0,,4.0,7.0,1.0,,4.0,1.0,,1.0,,,,69.0,2.0,,4.0,,,,,,,2.0,,,,,,,1.0,,,,,,,,,,,,,,
cpl::Football_Player::edcf64e77c8c4771af573d1d441cc470,C. Toussaint,Pacific,Midfielder,2023,midfielder,26,1744,0,1,16,0,4,1,33,46,39,0,10,0,50,85.0,23,1.19,0,0,0,0,0,0,0,0,0,0,0,0,0,0,0,0,0,0,0,0,0,0,0,0,0,13.0,1321.0,10.0,150.0,1744.0,100.0,,17.0,134.0,2.0,,818.0,4.0,217.0,,251.0,16.0,32.0,2.0,267.0,20.0,,,46.0,2.0,21.0,18.0,998.0,132.0,372.0,,,26.0,478.0,269.0,279.0,,23.0,42.0,,117.0,61.0,,213.0,10.0,26.0,967.0,108.0,,34.0,787.0,34.0,29.0,62.0,13.0,848.0,115.0,39.0,,117.0,43.0,,3.0,0.0,,17.0,29.0,16.0,10.0,6.0,,1.0,,,,,16.0,8.0,,8.0,33.0,6.0,4.0,25.0,4.0,2.0,6.0,,2.0,,183.0,11.0,,6.0,,,,,,1.0,12.0,,,,,,,1.0,1.0,,3.0,,,1.0,,,,,,,,
cpl::Football_Player::edcfdeb0583a4f25b44f57a7e66b2d6d,L. Callegari,Wanderers,Midfielder,2023,midfielder,27,2415,0,6,15,0,5,6,44,52,32,1,8,0,53,88.0,29,1.08,49,0,0,0,0,0,0,0,0,0,0,0,0,0,0,0,0,0,0,0,0,0,0,0,0,29.0,2462.0,8.0,263.0,2415.0,135.0,,14.0,136.0,7.0,,1716.0,3.0,257.0,,283.0,4.0,45.0,6.0,563.0,27.0,,,52.0,2.0,22.0,11.0,2046.0,233.0,836.0,,,27.0,969.0,519.0,584.0,,20.0,80.0,,147.0,156.0,,400.0,10.0,27.0,1975.0,183.0,,36.0,1627.0,26.0,25.0,69.0,16.0,1783.0,240.0,32.0,,122.0,70.0,,6.0,0.0,,12.0,34.0,21.0,1.0,,,,,,,49.0,15.0,19.0,1.0,47.0,44.0,1.0,5.0,40.0,4.0,22.0,6.0,19.0,5.0,15.0,380.0,15.0,,24.0,4.0,,,1.0,,6.0,10.0,,,,,,,1.0,4.0,,9.0,,,,,,,,,,,
cpl::Football_Player::d97bc9c5cbf949d2be064c01af740715,C. Watson,Wanderers,Midfielder,2023,midfielder,25,1147,3,1,19,0,10,1,9,16,19,5,3,1,33,85.0,15,1.18,1,0,0,0,0,0,0,0,0,0,0,0,0,0,0,0,0,0,0,0,0,0,0,0,0,14.0,683.0,3.0,76.0,1147.0,56.0,,4.0,44.0,3.0,,421.0,,96.0,,108.0,3.0,16.0,,94.0,13.0,,,16.0,2.0,12.0,3.0,501.0,67.0,254.0,,,25.0,171.0,123.0,147.0,,9.0,13.0,,64.0,27.0,,143.0,10.0,25.0,497.0,63.0,,9.0,398.0,12.0,4.0,13.0,42.0,425.0,61.0,19.0,,40.0,21.0,,10.0,2.0,,8.0,8.0,8.0,13.0,12.0,,,,,,1.0,19.0,6.0,,6.0,9.0,5.0,10.0,25.0,1.0,,9.0,,,,137.0,11.0,3.0,3.0,1.0,3.0,3.0,5.0,,1.0,9.0,,,,,3.0,0.0,1.0,3.0,,2.0,,,,,1.0,1.0,,,,,
cpl::Football_Player::0e2b6aa5fbdf49f399441b22b356d14c,K. Bekker,Forge,Midfielder,2023,midfielder,28,2331,4,8,40,0,17,8,9,17,23,0,2,0,35,86.0,30,1.16,85,0,2,0,0,0,0,0,0,0,0,0,0,0,0,0,0,0,0,0,0,0,0,0,0,47.0,1910.0,2.0,209.0,2331.0,69.0,,5.0,74.0,4.0,,1207.0,2.0,138.0,,152.0,4.0,41.0,4.0,277.0,26.0,,,17.0,4.0,26.0,25.0,1477.0,142.0,769.0,,,28.0,531.0,392.0,534.0,,15.0,56.0,,78.0,111.0,,376.0,10.0,28.0,1413.0,153.0,,12.0,1157.0,14.0,11.0,20.0,40.0,1268.0,252.0,23.0,,69.0,54.0,,19.0,1.0,,9.0,22.0,26.0,7.0,2.0,,1.0,,,,85.0,40.0,39.0,1.0,97.0,9.0,15.0,17.0,28.0,5.0,32.0,10.0,47.0,14.0,18.0,274.0,17.0,1.0,14.0,6.0,2.0,4.0,,,8.0,23.0,,3.0,1.0,6.0,2.0,2.0,,3.0,,5.0,,,,2.0,,,,,,,
cpl::Football_Player::bcd2bd431fea40f2ad5e2cd7d95bef32,A. Sissoko,Atlético,Midfielder,2023,midfielder,27,1349,2,1,22,0,10,1,14,23,39,2,6,0,17,82.0,20,1.33,0,0,2,0,0,0,0,0,0,0,0,0,0,0,0,0,0,0,0,0,0,0,0,0,0,16.0,778.0,6.0,92.0,1349.0,78.0,,5.0,81.0,4.0,,394.0,2.0,154.0,,183.0,5.0,29.0,1.0,121.0,16.0,,,23.0,1.0,16.0,10.0,487.0,83.0,255.0,,,27.0,151.0,133.0,104.0,,15.0,11.0,,102.0,10.0,,178.0,10.0,27.0,486.0,81.0,,10.0,385.0,29.0,9.0,23.0,47.0,395.0,78.0,39.0,,76.0,38.0,,14.0,1.0,,24.0,8.0,14.0,13.0,11.0,,1.0,,,,,22.0,24.0,1.0,24.0,14.0,7.0,10.0,38.0,2.0,11.0,24.0,,11.0,,129.0,21.0,2.0,9.0,1.0,2.0,2.0,2.0,,1.0,12.0,,,1.0,,1.0,1.0,,2.0,,1.0,,,,,,,,,,,
cpl::Football_Player::ea993e84d28d42ad8bdef8cff90110c3,J. Gagnon-Laparé,Wanderers,Midfielder,2023,midfielder,22,1411,0,5,4,0,1,5,30,25,23,0,7,0,41,89.0,28,1.79,24,0,1,0,0,0,0,0,0,0,0,0,0,0,0,0,0,0,0,0,0,0,0,0,0,22.0,1187.0,7.0,108.0,1411.0,64.0,,7.0,89.0,4.0,,786.0,3.0,146.0,,163.0,6.0,18.0,1.0,245.0,15.0,,,25.0,,24.0,14.0,934.0,115.0,410.0,,,22.0,425.0,250.0,269.0,,9.0,31.0,,74.0,60.0,,180.0,10.0,22.0,889.0,77.0,,13.0,766.0,17.0,17.0,47.0,10.0,826.0,116.0,23.0,,82.0,22.0,,8.0,0.0,,10.0,23.0,12.0,6.0,7.0,,,,,,24.0,4.0,9.0,,30.0,30.0,3.0,1.0,18.0,4.0,9.0,5.0,11.0,,9.0,170.0,1.0,,8.0,5.0,,,,,5.0,3.0,,,,,,,,,,4.0,,,,,,,,,,,
cpl::Football_Player::06a2eff249fd4320a2c4753d25ea5f0f,M. Polisi,Valour,Midfielder,2023,midfielder,22,1912,1,0,8,0,2,0,40,33,32,0,4,0,50,86.0,30,1.41,0,0,0,0,0,0,0,0,0,0,0,0,0,0,0,0,0,0,0,0,0,0,0,0,0,9.0,1464.0,4.0,167.0,1912.0,86.0,,18.0,130.0,3.0,,998.0,3.0,198.0,,234.0,16.0,23.0,4.0,324.0,22.0,,,33.0,1.0,27.0,11.0,1192.0,142.0,494.0,,,22.0,532.0,331.0,331.0,,11.0,58.0,,104.0,62.0,,225.0,10.0,22.0,1164.0,109.0,,20.0,963.0,36.0,17.0,57.0,18.0,1025.0,133.0,32.0,,112.0,40.0,,4.0,0.0,,18.0,18.0,23.0,7.0,,,,,,,,8.0,6.0,,6.0,40.0,4.0,2.0,26.0,5.0,1.0,6.0,,1.0,,206.0,6.0,1.0,6.0,,,1.0,,,,6.0,,,,,1.0,0.0,1.0,1.0,,2.0,,,1.0,1.0,,,,,,,
cpl::Football_Player::88ac022bf06149f1be2ce2ab7f3c087c,Z. Verhoven,Vancouver FC,Midfielder,2023,midfielder,22,768,3,2,14,0,7,2,17,24,11,3,4,0,28,78.0,11,1.29,0,0,1,0,0,0,0,0,0,0,0,0,0,0,0,0,0,0,0,0,0,0,0,0,0,8.0,421.0,4.0,42.0,768.0,85.0,,2.0,69.0,1.0,,139.0,1.0,152.0,,159.0,2.0,27.0,,29.0,8.0,,,24.0,,10.0,6.0,183.0,47.0,97.0,,,22.0,49.0,49.0,61.0,,14.0,7.0,,90.0,6.0,,129.0,10.0,22.0,180.0,35.0,,13.0,135.0,7.0,7.0,24.0,38.0,141.0,41.0,11.0,,67.0,14.0,,9.0,0.0,,5.0,8.0,32.0,8.0,14.0,,2.0,,,,,14.0,13.0,1.0,13.0,17.0,3.0,7.0,46.0,,5.0,8.0,,5.0,,44.0,26.0,3.0,2.0,2.0,3.0,3.0,3.0,,2.0,7.0,,,1.0,,1.0,2.0,2.0,4.0,,1.0,,,,,,,,,,,
cpl::Football_Player::3c3cd8920062442f93c9e257f9d44111,N. Jensen,Forge,Midfielder,2023,midfielder,23,1082,1,1,19,0,5,1,7,12,18,1,2,0,35,85.0,12,1.0,11,0,2,0,0,0,0,0,0,0,0,0,0,0,0,0,0,0,0,0,0,0,0,0,0,19.0,653.0,2.0,68.0,1082.0,58.0,,5.0,48.0,3.0,,346.0,1.0,101.0,,115.0,1.0,17.0,1.0,95.0,12.0,,,12.0,2.0,9.0,4.0,429.0,57.0,224.0,,,23.0,148.0,100.0,104.0,,5.0,14.0,,67.0,36.0,,161.0,10.0,23.0,414.0,54.0,,7.0,325.0,14.0,6.0,13.0,31.0,361.0,75.0,18.0,,43.0,18.0,,12.0,0.0,,9.0,8.0,12.0,10.0,11.0,,1.0,,,,11.0,19.0,20.0,,25.0,7.0,8.0,5.0,33.0,2.0,11.0,9.0,3.0,8.0,4.0,130.0,15.0,,16.0,1.0,1.0,1.0,1.0,,1.0,14.0,,1.0,,2.0,1.0,0.0,,1.0,,2.0,,,,,,,,,,,
cpl::Football_Player::d80c8273244649a0841591e849fc3590,D. Gutiérrez,Cavalry,Midfielder,2023,midfielder,25,2113,4,1,21,0,8,1,30,30,20,0,7,0,71,87.0,32,1.36,61,0,1,2,2,0,0,0,0,0,0,0,0,0,0,0,0,0,0,0,0,0,0,0,0,47.0,1847.0,7.0,195.0,2113.0,113.0,,20.0,107.0,3.0,,1168.0,1.0,200.0,,228.0,6.0,65.0,4.0,354.0,25.0,,,30.0,1.0,29.0,10.0,1415.0,167.0,710.0,,,25.0,545.0,332.0,420.0,,25.0,30.0,,121.0,105.0,,354.0,10.0,25.0,1352.0,165.0,,14.0,1115.0,28.0,10.0,40.0,43.0,1220.0,213.0,20.0,,87.0,45.0,,12.0,2.0,,8.0,23.0,29.0,7.0,,,1.0,,,,61.0,21.0,13.0,,63.0,30.0,5.0,8.0,50.0,2.0,35.0,12.0,36.0,7.0,19.0,309.0,32.0,3.0,31.0,1.0,3.0,4.0,,2.0,1.0,13.0,2.0,,,7.0,3.0,1.0,,,1.0,1.0,,,,1.0,,,,,,,
cpl::Football_Player::a4d26a57d62040df8359a9bc96b1db67,D. Campbell,Valour,Midfielder,2023,midfielder,25,2165,1,1,8,0,3,1,42,40,50,0,9,0,66,82.0,30,1.25,0,0,0,0,0,0,0,0,0,0,0,0,0,0,0,0,0,0,0,0,0,0,0,0,0,12.0,1527.0,9.0,199.0,2165.0,81.0,,37.0,166.0,3.0,,827.0,6.0,210.0,,266.0,24.0,47.0,6.0,238.0,25.0,,,40.0,1.0,27.0,46.0,1061.0,141.0,439.0,,,25.0,430.0,404.0,252.0,,31.0,78.0,,100.0,54.0,,286.0,10.0,25.0,1025.0,121.0,,23.0,808.0,56.0,22.0,64.0,27.0,862.0,164.0,50.0,,129.0,45.0,,11.0,0.0,,19.0,42.0,16.0,4.0,,,,,,,,8.0,10.0,19.0,10.0,42.0,2.0,3.0,25.0,6.0,7.0,66.0,,7.0,,167.0,13.0,,4.0,1.0,1.0,1.0,,,1.0,5.0,,1.0,,,0.0,1.0,3.0,2.0,,1.0,,1.0,,,,,,,,,
cpl::Football_Player::e512d7955b56480a81777677f3985c3b,K. Martin-Pereux,York,Midfielder,2023,midfielder,6,317,0,2,1,0,0,2,3,5,2,0,1,0,83,81.0,6,1.7,1,0,0,0,0,0,0,0,0,0,0,0,0,0,0,0,0,0,0,0,0,0,0,0,0,3.0,205.0,1.0,22.0,317.0,25.0,,5.0,18.0,,,90.0,,38.0,,44.0,,5.0,,7.0,3.0,,,5.0,,6.0,8.0,114.0,10.0,47.0,,,6.0,46.0,43.0,34.0,,1.0,2.0,,26.0,1.0,,54.0,10.0,6.0,112.0,20.0,,3.0,91.0,6.0,3.0,6.0,9.0,92.0,23.0,2.0,,13.0,6.0,,5.0,0.0,,1.0,2.0,5.0,3.0,3.0,,,,,,1.0,1.0,6.0,2.0,7.0,3.0,,,14.0,2.0,1.0,23.0,1.0,1.0,,30.0,7.0,,,2.0,,,,,2.0,1.0,,,,,,,,2.0,,,,,,,,,,,,,
cpl::Football_Player::1bd0dbfb79774479a33b21e4bc153680,C. Haworth,Ottawa Fury,Midfielder,2023,midfielder,17,647,3,4,9,0,7,4,5,9,15,3,2,0,41,75.0,12,1.67,2,0,0,0,0,0,0,0,0,0,0,0,0,0,0,0,0,0,0,0,0,0,0,0,0,8.0,420.0,2.0,68.0,647.0,29.0,,5.0,45.0,2.0,,198.0,,69.0,,81.0,8.0,16.0,1.0,109.0,7.0,,,9.0,,10.0,8.0,267.0,43.0,122.0,,,17.0,82.0,84.0,7.0,,6.0,16.0,,36.0,2.0,,116.0,10.0,17.0,266.0,52.0,,5.0,197.0,12.0,5.0,10.0,17.0,199.0,52.0,15.0,,40.0,26.0,,4.0,0.0,,7.0,1.0,15.0,6.0,10.0,,,,,,2.0,9.0,9.0,10.0,10.0,5.0,,7.0,12.0,1.0,5.0,21.0,,4.0,1.0,67.0,7.0,2.0,1.0,4.0,2.0,3.0,3.0,,4.0,2.0,,1.0,,1.0,3.0,0.0,,2.0,,1.0,,1.0,,1.0,,,,,1.0,,
cpl::Football_Player::e062e50eb3404d07b682bf9855e3a980,Alberto Zapater,Atlético,Midfielder,2023,midfielder,16,1395,0,0,1,0,0,0,31,12,13,0,3,0,62,85.0,16,1.03,0,0,0,0,0,0,0,0,0,0,0,0,0,0,0,0,0,0,0,0,0,0,0,0,0,8.0,724.0,3.0,84.0,1395.0,37.0,,20.0,91.0,2.0,,439.0,4.0,108.0,,140.0,15.0,23.0,5.0,158.0,15.0,,,12.0,,14.0,12.0,539.0,107.0,212.0,,,16.0,245.0,158.0,156.0,,16.0,28.0,,49.0,44.0,,115.0,10.0,16.0,521.0,56.0,,8.0,411.0,32.0,20.0,51.0,2.0,455.0,56.0,13.0,,71.0,31.0,,,0.0,,12.0,19.0,7.0,,1.0,,,,,,,1.0,2.0,,3.0,31.0,,,11.0,5.0,2.0,,,2.0,,67.0,4.0,,1.0,,,,,,,1.0,,,,,,,,1.0,,,,,,,,,,,,,
cpl::Football_Player::921e4a14fc0748d5b1160d54caf93c23,A. Sacko,Atlético,Midfielder,2023,midfielder,9,438,0,0,6,0,4,0,9,9,4,1,2,0,21,79.0,8,1.64,0,0,0,0,0,0,0,0,0,0,0,0,0,0,0,0,0,0,0,0,0,0,0,0,0,4.0,278.0,2.0,32.0,438.0,26.0,,4.0,23.0,2.0,,116.0,,45.0,,64.0,3.0,5.0,1.0,5.0,5.0,,,9.0,,6.0,8.0,148.0,31.0,66.0,,,9.0,53.0,51.0,54.0,,2.0,3.0,,41.0,2.0,,68.0,10.0,9.0,148.0,29.0,,3.0,114.0,19.0,3.0,12.0,11.0,116.0,32.0,4.0,,19.0,9.0,,2.0,0.0,,15.0,8.0,3.0,3.0,4.0,,,,,,,6.0,9.0,7.0,9.0,9.0,,4.0,12.0,1.0,3.0,33.0,,3.0,,38.0,9.0,,,,,,1.0,,,2.0,,,,,,,,,,,,,,,,,,,,,
cpl::Football_Player::6fcfea80844a4cf19b5492d7fc111116,K. Williams,Valour,Midfielder,2023,midfielder,23,1937,4,5,38,0,17,5,11,28,26,21,3,0,20,77.0,29,1.35,24,0,0,0,0,0,0,0,0,0,0,0,0,0,0,0,0,0,0,0,0,0,0,0,0,13.0,841.0,3.0,110.0,1937.0,97.0,,9.0,67.0,3.0,,356.0,,155.0,,198.0,4.0,26.0,3.0,56.0,22.0,,,28.0,1.0,26.0,6.0,476.0,73.0,272.0,,,23.0,108.0,108.0,165.0,,7.0,9.0,,131.0,5.0,,278.0,10.0,23.0,466.0,101.0,,11.0,361.0,43.0,4.0,15.0,78.0,366.0,144.0,26.0,,58.0,28.0,,9.0,0.0,,34.0,9.0,17.0,8.0,1.0,,6.0,,,,24.0,38.0,33.0,,62.0,11.0,8.0,17.0,53.0,1.0,14.0,4.0,19.0,7.0,5.0,147.0,26.0,3.0,8.0,5.0,4.0,4.0,21.0,,5.0,21.0,,1.0,,3.0,2.0,2.0,2.0,3.0,,1.0,,,,,,,,,,,
cpl::Football_Player::4351cc0a7b0b41b0932bec33949a8b6a,J. Sanchez,Valour,Midfielder,2023,midfielder,21,1256,0,0,8,0,4,0,18,11,5,2,1,0,37,86.0,14,1.0,12,0,2,0,0,0,0,0,0,0,0,0,0,0,0,0,0,0,0,0,0,0,0,0,0,10.0,776.0,1.0,80.0,1256.0,72.0,,9.0,66.0,1.0,,470.0,1.0,129.0,,153.0,9.0,29.0,2.0,151.0,15.0,,,11.0,,13.0,5.0,563.0,78.0,243.0,,,21.0,244.0,112.0,150.0,,12.0,11.0,,87.0,16.0,,157.0,10.0,21.0,550.0,69.0,,6.0,467.0,24.0,17.0,35.0,30.0,483.0,69.0,5.0,,57.0,25.0,,3.0,0.0,,15.0,9.0,17.0,8.0,6.0,,,,,,12.0,8.0,4.0,,14.0,18.0,7.0,4.0,34.0,2.0,4.0,,7.0,,4.0,150.0,11.0,,6.0,,,,2.0,,,4.0,,,,,,,1.0,2.0,,3.0,,,,,,,,,,,
cpl::Football_Player::5f6abde4c0ad4d25a0b828c3ff4f800c,N. St. Louis,Vancouver FC,Midfielder,2023,midfielder,4,71,0,0,1,0,0,0,2,1,1,0,0,0,0,64.0,2,2.54,0,0,0,0,0,0,0,0,0,0,0,0,0,0,0,0,0,0,0,0,0,0,0,0,0,,34.0,,8.0,71.0,4.0,,,3.0,,,14.0,,7.0,,7.0,,1.0,,7.0,1.0,,,1.0,,2.0,1.0,22.0,5.0,7.0,,,4.0,7.0,9.0,2.0,,,1.0,,4.0,1.0,,12.0,10.0,4.0,22.0,7.0,,1.0,13.0,,,2.0,,14.0,7.0,1.0,,3.0,2.0,,1.0,0.0,,,1.0,,2.0,3.0,,,,,,,1.0,1.0,,1.0,2.0,,,2.0,1.0,,,,,,4.0,1.0,,,,,,,,,1.0,,,,,,,,,,,,,,,,,,,,,
cpl::Football_Player::82ff8e880ba54f74a34fe1f8165f3b46,Matthew Baldisimo,York,Midfielder,2023,midfielder,16,889,1,0,6,0,3,0,20,16,10,0,4,1,42,88.0,10,1.01,0,0,0,0,0,0,0,0,0,0,0,0,0,0,0,0,0,0,0,0,0,0,0,0,0,3.0,573.0,4.0,56.0,889.0,42.0,,6.0,58.0,1.0,,374.0,1.0,94.0,,108.0,2.0,17.0,1.0,134.0,9.0,,,16.0,1.0,9.0,9.0,440.0,75.0,190.0,,,16.0,195.0,116.0,105.0,,10.0,15.0,,50.0,20.0,,75.0,10.0,16.0,430.0,41.0,,10.0,364.0,14.0,12.0,32.0,4.0,384.0,37.0,10.0,,52.0,21.0,,2.0,1.0,,8.0,15.0,10.0,6.0,7.0,,,,,,,6.0,2.0,,2.0,20.0,3.0,3.0,9.0,2.0,1.0,2.0,,1.0,,85.0,6.0,1.0,,,,1.0,,,,3.0,,,,,0.0,1.0,1.0,1.0,,,,,,1.0,1.0,1.0,,,,,
cpl::Football_Player::304cff4b86fa4b259f62961085210ca2,A. Wilson,Wanderers,Midfielder,2023,midfielder,11,336,1,0,2,0,1,0,4,5,9,0,3,0,41,81.0,4,1.07,0,0,1,0,0,0,0,0,0,0,0,0,0,0,0,0,0,0,0,0,0,0,0,0,0,1.0,205.0,3.0,27.0,336.0,22.0,,5.0,27.0,1.0,,110.0,2.0,44.0,,56.0,1.0,3.0,,28.0,3.0,,,5.0,1.0,3.0,2.0,140.0,22.0,51.0,,,11.0,62.0,40.0,38.0,,3.0,6.0,,29.0,5.0,,48.0,10.0,11.0,137.0,21.0,,1.0,108.0,12.0,5.0,9.0,5.0,113.0,24.0,9.0,,22.0,9.0,,2.0,0.0,,7.0,4.0,4.0,1.0,8.0,,,,,,,2.0,6.0,1.0,6.0,4.0,1.0,1.0,9.0,2.0,,1.0,,,,34.0,3.0,,2.0,,1.0,1.0,,,,1.0,,,,,0.0,1.0,,,1.0,,,,,,,,,,,,
cpl::Football_Player::c0ae1ca6360b41c6ad94f45a8b50a872,T. Crawford,Vancouver FC,Midfielder,2023,midfielder,23,1318,0,0,3,0,1,0,22,4,9,0,0,0,30,75.0,28,1.91,7,0,0,0,0,0,0,0,0,0,0,0,0,0,0,0,0,0,0,0,0,0,0,0,0,13.0,846.0,,114.0,1318.0,39.0,,7.0,55.0,2.0,,335.0,7.0,87.0,,110.0,20.0,39.0,2.0,8.0,14.0,,,4.0,4.0,26.0,37.0,453.0,70.0,174.0,,,23.0,173.0,182.0,165.0,,15.0,30.0,,55.0,17.0,,214.0,10.0,23.0,449.0,84.0,,2.0,322.0,23.0,10.0,32.0,10.0,339.0,110.0,9.0,,48.0,41.0,,8.0,0.0,,16.0,28.0,7.0,10.0,9.0,,,,,,7.0,3.0,29.0,35.0,37.0,22.0,,1.0,13.0,7.0,8.0,109.0,4.0,5.0,3.0,98.0,5.0,,,,,,,,,2.0,,,,,,,1.0,1.0,,,,,,,,,,,,,
cpl::Football_Player::9a040c91c1d2424ca095e663faf5075a,K. Kane,Forge,Midfielder,2023,midfielder,16,518,0,0,7,0,1,0,10,12,7,1,2,0,44,86.0,10,1.74,0,0,1,0,0,0,0,0,0,0,0,0,0,0,0,0,0,0,0,0,0,0,0,0,0,2.0,304.0,2.0,27.0,518.0,39.0,,8.0,38.0,2.0,,162.0,,69.0,,87.0,3.0,7.0,,60.0,6.0,,,12.0,2.0,8.0,9.0,191.0,35.0,85.0,,,16.0,80.0,45.0,48.0,,6.0,7.0,,49.0,6.0,,66.0,10.0,16.0,189.0,20.0,,6.0,158.0,18.0,5.0,15.0,10.0,164.0,21.0,7.0,,30.0,9.0,,1.0,0.0,,10.0,5.0,8.0,4.0,10.0,,,,,,,7.0,3.0,,3.0,10.0,2.0,1.0,18.0,1.0,1.0,,,1.0,,38.0,7.0,,2.0,,,,1.0,,,6.0,,,,,,,,1.0,,1.0,,,,,,,,,,,
cpl::Football_Player::55a8a1aea5f543dbaac3bf7112ad867b,Z. Bahous,Pacific,Midfielder,2023,midfielder,18,783,1,0,10,0,5,0,26,12,10,2,1,0,9,81.0,13,1.49,0,0,0,0,0,0,0,0,0,0,0,0,0,0,0,0,0,0,0,0,0,0,0,0,0,5.0,505.0,1.0,66.0,783.0,38.0,,1.0,74.0,2.0,,260.0,,111.0,,122.0,8.0,24.0,,97.0,6.0,,,12.0,,11.0,9.0,332.0,71.0,157.0,,,18.0,109.0,103.0,86.0,,9.0,18.0,,48.0,30.0,,98.0,10.0,18.0,324.0,48.0,,5.0,236.0,11.0,18.0,44.0,14.0,266.0,50.0,10.0,,73.0,24.0,,4.0,0.0,,10.0,11.0,19.0,4.0,12.0,,,,,,,10.0,8.0,1.0,8.0,26.0,2.0,5.0,10.0,1.0,,11.0,,,,46.0,2.0,,1.0,,1.0,1.0,2.0,,,5.0,,1.0,,,0.0,1.0,,1.0,,,,,,,,,,,,,
cpl::Football_Player::c82c8c9fc952454c80e3c45a6f9c883d,K. Rendón,Valour,Midfielder,2023,midfielder,8,136,0,0,1,0,1,0,2,2,2,0,1,0,40,66.0,2,1.32,0,0,0,0,0,0,0,0,0,0,0,0,0,0,0,0,0,0,0,0,0,0,0,0,0,,59.0,1.0,13.0,136.0,6.0,,2.0,7.0,,,24.0,,11.0,,16.0,2.0,2.0,,7.0,1.0,,,2.0,,2.0,4.0,38.0,6.0,16.0,,,8.0,9.0,13.0,14.0,,2.0,5.0,,9.0,,,17.0,10.0,8.0,37.0,8.0,,,25.0,5.0,1.0,3.0,,25.0,9.0,2.0,,5.0,5.0,,,0.0,,3.0,2.0,,1.0,7.0,,,,,,,1.0,,,1.0,2.0,,1.0,1.0,,,1.0,,,,4.0,1.0,,,,,,,,,,,,,,,,,1.0,,,,,,,,,,,,,
cpl::Football_Player::a2d59a105ffa40e592a486e9b62e55b0,M. Voytsekhovskyi,York,Midfielder,2023,midfielder,7,167,1,0,3,0,2,0,1,0,5,1,0,0,0,74.0,4,2.16,0,0,0,0,0,0,0,0,0,0,0,0,0,0,0,0,0,0,0,0,0,0,0,0,0,,83.0,,12.0,167.0,6.0,,,8.0,,,31.0,,14.0,,15.0,,4.0,,8.0,2.0,,,,,4.0,2.0,46.0,10.0,20.0,,,7.0,14.0,9.0,12.0,,2.0,1.0,,7.0,1.0,,26.0,10.0,7.0,43.0,11.0,,,33.0,1.0,1.0,2.0,6.0,34.0,14.0,5.0,,8.0,3.0,,1.0,0.0,,1.0,,1.0,3.0,5.0,,1.0,,,,,3.0,5.0,,5.0,1.0,1.0,2.0,4.0,,,,,,,17.0,2.0,1.0,1.0,,1.0,1.0,1.0,,,1.0,,,,,1.0,0.0,,,,,,,,,,,,,,,
cpl::Football_Player::3cdc55010c114c4ab03d858ecfa80713,B. Soumaoro,York,Midfielder,2023,midfielder,25,2010,2,1,9,0,3,1,46,42,27,2,6,0,57,88.0,30,1.34,0,0,1,0,0,0,0,0,0,0,0,0,0,0,0,0,0,0,0,0,0,0,0,0,0,7.0,1238.0,6.0,119.0,2010.0,78.0,,11.0,118.0,4.0,,817.0,5.0,185.0,,204.0,16.0,23.0,3.0,260.0,25.0,,,42.0,1.0,26.0,24.0,955.0,154.0,323.0,,,25.0,514.0,204.0,326.0,,10.0,37.0,,86.0,82.0,,172.0,10.0,25.0,935.0,82.0,,24.0,754.0,19.0,24.0,70.0,10.0,836.0,66.0,27.0,,107.0,55.0,,2.0,1.0,,8.0,33.0,10.0,11.0,,,,,,,,9.0,2.0,,2.0,46.0,4.0,3.0,22.0,10.0,1.0,1.0,,1.0,,165.0,8.0,2.0,8.0,,1.0,2.0,2.0,,1.0,6.0,,,,,0.0,2.0,1.0,,,1.0,1.0,,,1.0,,,,,,,
cpl::Football_Player::4aaee5db17ba48859051daf2523b6845,I. Iliadis,Atlético,Midfielder,2023,midfielder,12,886,1,0,12,0,8,0,19,22,8,1,4,0,55,78.0,9,0.91,12,0,1,0,0,0,0,0,0,0,0,0,0,0,0,0,0,0,0,0,0,0,0,0,0,8.0,550.0,4.0,82.0,886.0,47.0,,5.0,51.0,2.0,,279.0,1.0,93.0,,102.0,14.0,21.0,3.0,66.0,9.0,,,22.0,,7.0,16.0,368.0,64.0,141.0,,,12.0,150.0,98.0,142.0,,13.0,31.0,,51.0,41.0,,131.0,10.0,12.0,359.0,51.0,,12.0,245.0,9.0,10.0,29.0,17.0,286.0,83.0,8.0,,46.0,27.0,,1.0,1.0,,4.0,17.0,10.0,2.0,3.0,,,,,,12.0,12.0,11.0,2.0,28.0,19.0,1.0,8.0,11.0,1.0,5.0,8.0,11.0,4.0,,62.0,5.0,,2.0,,1.0,1.0,1.0,,,4.0,,1.0,,1.0,0.0,1.0,,,,1.0,,,,,,,,,,,
cpl::Football_Player::eae44bc0cb2c42dd86f566cebebbf690,O. Bassett,Atlético,Midfielder,2023,midfielder,27,2329,11,3,40,0,20,3,18,22,16,6,3,0,25,81.0,31,1.2,61,0,3,4,3,0,0,0,0,0,0,0,0,0,0,0,0,0,0,0,0,0,0,0,0,32.0,1403.0,3.0,182.0,2329.0,125.0,,2.0,93.0,5.0,,714.0,,216.0,,224.0,12.0,51.0,1.0,266.0,27.0,,,22.0,,26.0,4.0,926.0,135.0,503.0,,,27.0,264.0,297.0,175.0,,14.0,45.0,,131.0,41.0,,404.0,10.0,27.0,896.0,137.0,,14.0,703.0,8.0,14.0,32.0,69.0,744.0,242.0,16.0,,91.0,35.0,,25.0,6.0,,6.0,23.0,43.0,13.0,,,,,,,61.0,40.0,43.0,,95.0,18.0,17.0,20.0,63.0,,23.0,7.0,34.0,7.0,14.0,188.0,34.0,10.0,3.0,2.0,9.0,11.0,6.0,4.0,3.0,20.0,3.0,1.0,,5.0,4.0,7.0,1.0,3.0,,8.0,,,,2.0,,,,,1.0,,
cpl::Football_Player::0193e9b2803b43938a676ad9232cede8,N. Verhoeven,Atlético,Midfielder,2023,midfielder,25,1323,1,2,7,0,2,2,22,25,23,1,2,0,23,84.0,20,1.36,11,0,0,0,0,0,0,0,0,0,0,0,0,0,0,0,0,0,0,0,0,0,0,0,0,15.0,689.0,2.0,76.0,1323.0,89.0,,3.0,79.0,2.0,,371.0,1.0,165.0,,178.0,6.0,21.0,,116.0,15.0,,,25.0,,18.0,12.0,457.0,74.0,217.0,,,25.0,168.0,117.0,114.0,,11.0,14.0,,99.0,19.0,,149.0,10.0,25.0,444.0,62.0,,16.0,362.0,13.0,12.0,34.0,14.0,381.0,78.0,23.0,,76.0,27.0,,5.0,0.0,,10.0,10.0,19.0,11.0,10.0,,,,,,11.0,7.0,18.0,,29.0,22.0,2.0,2.0,26.0,1.0,4.0,5.0,8.0,4.0,,110.0,12.0,,4.0,1.0,1.0,1.0,1.0,,2.0,5.0,,1.0,,,0.0,1.0,2.0,2.0,,1.0,,,,,,,,,,,
cpl::Football_Player::2e4482a25fcd459a992030c983aa3254,W. Akio,Cavalry,Forward,2023,forward,13,729,5,0,16,0,8,0,9,8,14,1,1,0,30,79.0,10,1.23,0,0,0,0,0,0,0,0,0,0,0,0,0,0,0,0,0,0,0,0,0,0,0,0,0,6.0,317.0,1.0,28.0,729.0,61.0,,8.0,47.0,2.0,,105.0,,100.0,,126.0,,9.0,1.0,28.0,7.0,,,8.0,1.0,8.0,5.0,133.0,15.0,74.0,,,13.0,32.0,38.0,34.0,,4.0,1.0,,79.0,2.0,,108.0,10.0,13.0,133.0,27.0,,4.0,103.0,26.0,3.0,12.0,38.0,105.0,30.0,14.0,,39.0,5.0,,6.0,2.0,,18.0,5.0,13.0,3.0,6.0,,,,,,,16.0,7.0,1.0,7.0,9.0,5.0,8.0,48.0,1.0,1.0,6.0,,1.0,,33.0,27.0,1.0,3.0,,5.0,5.0,1.0,,,8.0,,3.0,,,2.0,3.0,,2.0,1.0,,,,,,,,,,,,
cpl::Football_Player::e87c2465a9dc45a995f2722a4997ab10,M. Bevan,Cavalry,Forward,2023,forward,29,2316,11,4,36,0,17,4,9,45,38,20,5,1,34,72.0,25,0.97,0,0,1,5,5,0,0,0,0,0,0,0,0,0,0,0,0,0,0,0,0,0,0,0,0,18.0,563.0,5.0,80.0,2316.0,93.0,,34.0,95.0,4.0,,190.0,,154.0,,253.0,,22.0,1.0,62.0,28.0,,,45.0,2.0,21.0,14.0,285.0,40.0,164.0,,,29.0,42.0,56.0,67.0,,6.0,3.0,,158.0,3.0,,190.0,10.0,29.0,270.0,77.0,,18.0,202.0,99.0,8.0,17.0,94.0,205.0,84.0,38.0,,61.0,9.0,,12.0,3.0,,65.0,,6.0,15.0,1.0,,2.0,,,,,36.0,13.0,,13.0,9.0,12.0,17.0,40.0,3.0,1.0,,,1.0,,100.0,16.0,9.0,11.0,2.0,11.0,11.0,20.0,5.0,4.0,19.0,5.0,2.0,,,7.0,4.0,3.0,2.0,,,,1.0,,,1.0,1.0,,,,,
cpl::Football_Player::3daeb63b6aae476db83238833f619a14,E. Beckford,Cavalry,Forward,2023,forward,14,254,0,0,7,0,1,0,2,13,4,2,0,0,25,76.0,5,1.77,0,0,2,0,0,0,0,0,0,0,0,0,0,0,0,0,0,0,0,0,0,0,0,0,0,,72.0,,9.0,254.0,19.0,,4.0,10.0,,,26.0,,25.0,,41.0,1.0,3.0,,6.0,,,,13.0,1.0,5.0,1.0,37.0,7.0,14.0,,,14.0,14.0,11.0,9.0,,,1.0,,31.0,1.0,,22.0,10.0,14.0,35.0,8.0,,1.0,27.0,16.0,,2.0,14.0,28.0,4.0,4.0,,6.0,5.0,,1.0,0.0,,12.0,,,,14.0,,,,,,,7.0,,,,2.0,4.0,1.0,6.0,1.0,,,,,,11.0,3.0,,1.0,,,,2.0,,,6.0,,,,3.0,,,2.0,,,,,,,,,,,,,,
cpl::Football_Player::2d8cec65b1bb4b20872a91ac73584d29,A. Musse,Cavalry,Forward,2023,forward,28,2275,7,7,54,0,24,7,28,16,48,3,2,0,50,80.0,23,0.91,55,0,0,0,0,0,0,0,0,0,0,0,0,0,0,0,0,0,0,0,0,0,0,0,0,52.0,1330.0,2.0,132.0,2275.0,144.0,,12.0,169.0,2.0,,481.0,1.0,301.0,,325.0,4.0,49.0,1.0,167.0,27.0,,,16.0,2.0,21.0,5.0,631.0,123.0,397.0,,,28.0,145.0,153.0,112.0,,30.0,12.0,,156.0,22.0,,424.0,10.0,28.0,610.0,120.0,,8.0,477.0,24.0,8.0,36.0,102.0,499.0,173.0,48.0,,157.0,44.0,,26.0,2.0,,12.0,19.0,73.0,15.0,1.0,,6.0,,,,55.0,54.0,38.0,,85.0,28.0,15.0,24.0,113.0,2.0,43.0,15.0,31.0,19.0,19.0,199.0,71.0,1.0,19.0,7.0,4.0,7.0,3.0,,7.0,30.0,,5.0,,11.0,5.0,2.0,1.0,12.0,1.0,5.0,,1.0,,3.0,,,,,1.0,,
cpl::Football_Player::c49f24c9d41145ed9c4bf9758b0ed6f9,J. Mason,Cavalry,Forward,2023,forward,20,536,1,2,8,0,4,2,0,8,3,6,1,0,53,79.0,8,1.34,0,0,0,0,0,0,0,0,0,0,0,0,0,0,0,0,0,0,0,0,0,0,0,0,0,3.0,182.0,1.0,20.0,536.0,22.0,,14.0,22.0,,,66.0,,30.0,,56.0,1.0,11.0,,21.0,4.0,,,8.0,3.0,8.0,5.0,91.0,16.0,42.0,,,20.0,29.0,18.0,22.0,,6.0,1.0,,34.0,5.0,,58.0,10.0,20.0,86.0,19.0,,1.0,66.0,26.0,2.0,2.0,25.0,71.0,21.0,3.0,,8.0,4.0,,6.0,0.0,,12.0,5.0,3.0,4.0,16.0,,,,,,,8.0,5.0,,5.0,,4.0,4.0,13.0,,,,,,,30.0,5.0,,1.0,1.0,1.0,1.0,6.0,,2.0,4.0,,,,,1.0,0.0,2.0,,1.0,,,,,,,,,,,,
cpl::Football_Player::0f153dc7081442a3bc20cd568ca71e39,W. Timóteo,Wanderers,Forward,2023,forward,25,1616,0,4,9,0,2,4,26,19,10,0,3,0,27,82.0,15,0.84,29,0,0,0,0,0,0,0,0,0,0,0,0,0,0,0,0,0,0,0,0,0,0,0,0,23.0,1365.0,3.0,169.0,1616.0,63.0,,6.0,67.0,1.0,,728.0,,124.0,,146.0,14.0,41.0,4.0,81.0,17.0,,,19.0,1.0,14.0,30.0,925.0,93.0,394.0,,,25.0,383.0,385.0,308.0,,19.0,57.0,,79.0,51.0,,301.0,10.0,25.0,894.0,112.0,,10.0,705.0,22.0,15.0,41.0,25.0,756.0,157.0,10.0,,61.0,63.0,,14.0,0.0,,16.0,14.0,10.0,6.0,8.0,,1.0,,,,29.0,9.0,32.0,23.0,51.0,26.0,4.0,2.0,25.0,7.0,21.0,102.0,13.0,9.0,8.0,151.0,12.0,,4.0,2.0,,,,,4.0,7.0,,,,1.0,,,2.0,1.0,,1.0,,,,,,,,,,,
cpl::Football_Player::dace44682e2f47b8bc651c8032e6e97d,T. Coimbra,Wanderers,Forward,2023,forward,20,917,3,1,13,0,6,1,6,27,7,11,6,0,50,59.0,11,1.08,0,0,1,0,0,0,0,0,0,0,0,0,0,0,0,0,0,0,0,0,0,0,0,0,0,7.0,295.0,6.0,64.0,917.0,56.0,,37.0,61.0,3.0,,80.0,,80.0,,153.0,1.0,24.0,1.0,29.0,10.0,,,27.0,3.0,8.0,6.0,154.0,22.0,62.0,,,20.0,28.0,41.0,50.0,,17.0,4.0,,92.0,4.0,,117.0,10.0,20.0,144.0,60.0,,14.0,86.0,73.0,3.0,9.0,44.0,90.0,58.0,7.0,,24.0,10.0,,2.0,0.0,,36.0,,8.0,9.0,10.0,,2.0,,,,,13.0,4.0,,4.0,6.0,4.0,6.0,24.0,3.0,,,,,,34.0,6.0,2.0,4.0,1.0,3.0,3.0,11.0,,1.0,7.0,,1.0,,,1.0,2.0,,,,2.0,,,,,,,,,,,
cpl::Football_Player::ec78959fccbd4457af70db222729257e,T. Collomb,Wanderers,Forward,2023,forward,13,586,4,0,9,0,5,0,2,8,13,2,1,0,46,61.0,8,1.23,0,0,0,0,0,0,0,0,0,0,0,0,0,0,0,0,0,0,0,0,0,0,0,0,0,8.0,261.0,1.0,57.0,586.0,28.0,,15.0,37.0,4.0,,80.0,,50.0,,82.0,1.0,14.0,,17.0,7.0,,,8.0,1.0,4.0,11.0,146.0,19.0,52.0,,,13.0,40.0,35.0,40.0,,4.0,4.0,,45.0,5.0,,98.0,10.0,13.0,137.0,53.0,,7.0,84.0,32.0,2.0,4.0,28.0,89.0,54.0,13.0,,22.0,13.0,,4.0,1.0,,17.0,2.0,6.0,7.0,6.0,,,,,,,9.0,10.0,,10.0,2.0,3.0,5.0,16.0,1.0,3.0,,,3.0,,54.0,9.0,2.0,4.0,,4.0,4.0,2.0,,,4.0,,1.0,,,3.0,1.0,,,1.0,,,,,,,,,,,,
cpl::Football_Player::4dc7f3812aa44d33a6c9acee2619456b,J. Perruzza,Toronto,Forward,2023,forward,11,563,2,0,17,0,9,0,8,10,6,7,0,0,41,79.0,7,1.12,0,0,0,0,0,0,0,0,0,0,0,0,0,0,0,0,0,0,0,0,0,0,0,0,0,4.0,184.0,,17.0,563.0,32.0,,5.0,24.0,2.0,,60.0,1.0,51.0,,63.0,2.0,6.0,,25.0,7.0,,,10.0,,5.0,6.0,79.0,18.0,46.0,,,11.0,17.0,11.0,14.0,,1.0,2.0,,39.0,5.0,,57.0,10.0,11.0,77.0,15.0,,1.0,57.0,12.0,1.0,9.0,31.0,62.0,16.0,6.0,,19.0,3.0,,8.0,0.0,,7.0,2.0,4.0,7.0,4.0,,1.0,,,,,17.0,2.0,1.0,2.0,8.0,3.0,9.0,16.0,,1.0,2.0,,1.0,,29.0,5.0,,2.0,,2.0,2.0,7.0,,,8.0,,1.0,,,2.0,0.0,1.0,2.0,1.0,1.0,,1.0,,,,,,,,,
cpl::Football_Player::a63da4a535904f639ece3007ff800854,Gabriel Bitar,York,Forward,2023,forward,25,1968,6,4,33,0,15,4,11,22,39,2,4,0,20,75.0,37,1.69,27,0,0,0,0,0,0,0,0,0,0,0,0,0,0,0,0,0,0,0,0,0,0,0,0,28.0,919.0,4.0,136.0,1968.0,114.0,,4.0,112.0,5.0,,387.0,,222.0,,242.0,6.0,35.0,,86.0,23.0,,,22.0,5.0,32.0,3.0,542.0,93.0,298.0,,,25.0,117.0,188.0,153.0,,14.0,29.0,,130.0,29.0,,294.0,10.0,25.0,520.0,107.0,,10.0,377.0,20.0,13.0,24.0,46.0,406.0,145.0,39.0,,108.0,24.0,,10.0,1.0,,16.0,5.0,45.0,11.0,2.0,,,,,,27.0,33.0,11.0,1.0,33.0,11.0,7.0,15.0,72.0,2.0,9.0,8.0,16.0,,9.0,115.0,40.0,6.0,7.0,3.0,4.0,6.0,2.0,,4.0,18.0,,,,4.0,4.0,2.0,2.0,7.0,,7.0,,1.0,,2.0,,,,,,,
cpl::Football_Player::7d39ce2d96684e53ba7bf8361aee3bac,W. Pacius,,Forward,2023,forward,28,1403,10,3,33,0,16,3,5,25,10,5,5,0,57,79.0,16,1.03,0,0,1,1,1,0,0,0,0,0,0,0,0,0,0,0,0,0,0,0,0,0,0,0,0,8.0,503.0,5.0,56.0,1403.0,77.0,,22.0,51.0,3.0,,200.0,,106.0,,144.0,4.0,18.0,2.0,76.0,15.0,,,25.0,1.0,13.0,13.0,265.0,43.0,134.0,,,28.0,77.0,39.0,55.0,,16.0,7.0,,93.0,13.0,,153.0,10.0,28.0,256.0,49.0,,11.0,196.0,38.0,5.0,10.0,71.0,209.0,47.0,10.0,,29.0,14.0,,5.0,4.0,,16.0,5.0,9.0,11.0,13.0,,1.0,,,,,33.0,5.0,,5.0,5.0,3.0,16.0,44.0,3.0,2.0,5.0,,2.0,,95.0,23.0,4.0,12.0,2.0,10.0,10.0,5.0,1.0,3.0,17.0,1.0,2.0,,,4.0,6.0,,2.0,3.0,,,,,,,,,,,,1.0
cpl::Football_Player::99a91175ff8e476ca86125ecab87f00b,Mo Babouli,Forge,Forward,2023,forward,20,1664,6,2,32,0,15,2,12,17,26,1,6,2,57,79.0,30,1.62,47,0,4,2,1,0,0,0,0,0,0,0,0,0,0,0,0,0,0,0,0,0,0,0,0,29.0,1036.0,6.0,133.0,1664.0,114.0,,16.0,100.0,5.0,,456.0,4.0,198.0,,226.0,6.0,38.0,2.0,136.0,19.0,,,17.0,1.0,25.0,18.0,609.0,85.0,355.0,,,20.0,140.0,213.0,164.0,,12.0,26.0,,126.0,45.0,,331.0,10.0,20.0,582.0,107.0,,12.0,431.0,28.0,7.0,19.0,39.0,476.0,178.0,26.0,,84.0,29.0,,23.0,1.0,,12.0,3.0,40.0,5.0,1.0,,1.0,,,,47.0,32.0,29.0,,74.0,12.0,10.0,15.0,77.0,1.0,19.0,8.0,29.0,3.0,13.0,96.0,41.0,4.0,7.0,2.0,4.0,6.0,1.0,2.0,2.0,17.0,1.0,,,12.0,2.0,4.0,1.0,4.0,2.0,4.0,,,,2.0,1.0,2.0,,1.0,1.0,,
cpl::Football_Player::cd1e9f98817545a8904ffd9556963f44,A. Díaz,Vancouver FC,Forward,2023,forward,14,1211,2,0,16,0,6,0,2,14,9,5,0,0,31,74.0,27,2.01,0,0,0,0,0,0,0,0,0,0,0,0,0,0,0,0,0,0,0,0,0,0,0,0,0,12.0,405.0,,78.0,1211.0,30.0,,12.0,34.0,2.0,,175.0,,52.0,,90.0,,14.0,1.0,62.0,14.0,,,14.0,5.0,25.0,7.0,292.0,26.0,130.0,,,14.0,85.0,60.0,63.0,,5.0,,,56.0,6.0,,122.0,10.0,14.0,253.0,78.0,,2.0,208.0,38.0,3.0,5.0,27.0,214.0,61.0,9.0,,22.0,18.0,,5.0,0.0,,26.0,,8.0,6.0,,,1.0,,,,,16.0,1.0,,1.0,2.0,1.0,6.0,17.0,,1.0,,,1.0,,107.0,4.0,,12.0,,2.0,2.0,5.0,,,10.0,,1.0,,,1.0,1.0,1.0,1.0,1.0,2.0,,,,,,,,,,,
cpl::Football_Player::7962b07c669c4c75ab3ab352cd982923,Kwak Min-jae,Vancouver FC,Forward,2023,forward,26,1312,1,2,18,0,6,2,47,23,19,1,5,0,30,73.0,29,1.99,7,0,1,0,0,0,0,0,0,0,0,0,0,0,0,0,0,0,0,0,0,0,0,0,0,4.0,749.0,5.0,94.0,1312.0,93.0,,9.0,104.0,4.0,,247.0,1.0,188.0,,218.0,15.0,32.0,2.0,82.0,13.0,,,23.0,4.0,25.0,33.0,343.0,73.0,126.0,,,26.0,127.0,129.0,54.0,,18.0,23.0,,114.0,9.0,,209.0,10.0,26.0,340.0,71.0,,14.0,240.0,30.0,17.0,64.0,24.0,249.0,81.0,19.0,,95.0,42.0,,9.0,0.0,,21.0,20.0,12.0,6.0,13.0,,,,,,7.0,18.0,20.0,28.0,29.0,47.0,7.0,6.0,30.0,2.0,4.0,61.0,4.0,2.0,2.0,78.0,19.0,1.0,1.0,2.0,1.0,1.0,1.0,,2.0,12.0,,,,2.0,1.0,0.0,1.0,,,,,,,,,,,,,,
cpl::Football_Player::9577790c0cf54495843d303127992c4d,S. Hundal,Valour,Forward,2023,forward,28,1854,6,1,45,0,23,1,4,29,31,7,1,0,28,72.0,39,1.89,0,0,0,1,1,0,0,0,0,0,0,0,0,0,0,0,0,0,0,0,0,0,0,0,0,15.0,687.0,1.0,89.0,1854.0,127.0,,20.0,88.0,4.0,,201.0,,195.0,,264.0,1.0,23.0,3.0,100.0,20.0,,,29.0,6.0,35.0,3.0,311.0,42.0,143.0,,,28.0,81.0,50.0,67.0,,13.0,10.0,,176.0,14.0,,272.0,10.0,28.0,289.0,79.0,,10.0,208.0,69.0,6.0,10.0,119.0,222.0,90.0,31.0,,68.0,8.0,,16.0,0.0,,49.0,1.0,27.0,13.0,8.0,,4.0,,,,,45.0,9.0,,9.0,4.0,6.0,23.0,91.0,3.0,2.0,3.0,,2.0,,94.0,37.0,4.0,6.0,1.0,6.0,6.0,7.0,1.0,1.0,22.0,1.0,2.0,,,3.0,3.0,1.0,7.0,,1.0,,,,,,,,,,,
cpl::Football_Player::3ec3689202904ef38942e9a374e4f6a8,M. Kane,York,Forward,2023,forward,8,157,0,0,2,0,0,0,5,3,0,0,0,0,45,73.0,5,2.87,0,0,1,0,0,0,0,0,0,0,0,0,0,0,0,0,0,0,0,0,0,0,0,0,0,1.0,101.0,,18.0,157.0,7.0,,5.0,16.0,,,48.0,1.0,18.0,,29.0,1.0,1.0,,23.0,2.0,,,3.0,,5.0,7.0,66.0,9.0,9.0,,,8.0,39.0,24.0,10.0,,1.0,5.0,,13.0,7.0,,24.0,10.0,8.0,66.0,13.0,,1.0,41.0,11.0,5.0,10.0,2.0,48.0,16.0,,,11.0,3.0,,1.0,0.0,,6.0,1.0,1.0,1.0,6.0,,,,,,,2.0,1.0,,1.0,5.0,,,3.0,3.0,,1.0,,,,9.0,,,,,,,,,,2.0,,,,,,,,,,,,,,,,,,,,,
cpl::Football_Player::967e6b2da89443488a2347d8cad725e0,David Brazão,Pacific,Forward,2023,forward,12,335,2,1,3,0,3,1,3,12,14,1,0,0,50,72.0,8,2.15,3,0,0,0,0,0,0,0,0,0,0,0,0,0,0,0,0,0,0,0,0,0,0,0,0,9.0,237.0,,42.0,335.0,24.0,,3.0,26.0,1.0,,101.0,,47.0,,53.0,1.0,13.0,,54.0,2.0,,,12.0,,7.0,,147.0,23.0,77.0,,,12.0,34.0,40.0,17.0,,2.0,7.0,,27.0,8.0,,70.0,10.0,12.0,143.0,35.0,,6.0,97.0,6.0,,3.0,26.0,105.0,42.0,14.0,,23.0,8.0,,4.0,0.0,,3.0,5.0,6.0,2.0,10.0,,,,,,3.0,3.0,5.0,,8.0,3.0,5.0,3.0,11.0,1.0,6.0,1.0,1.0,3.0,2.0,36.0,4.0,,3.0,1.0,2.0,2.0,1.0,,1.0,,,2.0,,,1.0,1.0,,,,,,,,,,,,,,,
cpl::Football_Player::f5a3687151ce4b3c88be9f30a94996d0,T. Afework,York,Forward,2023,forward,0,0,0,0,0,0,0,0,0,0,0,0,0,0,0,,0,,0,0,0,0,0,0,0,0,0,0,0,0,0,0,0,0,0,0,0,0,0,0,0,0,0,,,,,,,,,,,,,,,,,,,,,,,,,,,,,,,,,,,,,,,,,,,,,,,,,,,,,,,,,,,,,,,,,,,,,,,,,,,,,,,,,,,,,,,,,,,,,,,,,,,,,,,,,,,,,,,,,,,,,,,,,,
cpl::Football_Player::a2bda4ee744a46f5ba2c6d64d47b4f9e,A. Sellouf,Cavalry,Forward,2023,forward,30,1723,7,8,27,0,17,8,8,7,29,2,0,0,50,83.0,23,1.2,78,0,2,1,1,0,0,0,0,0,0,0,0,0,0,0,0,0,0,0,0,0,0,0,0,45.0,1193.0,,120.0,1723.0,112.0,,4.0,112.0,3.0,,520.0,,220.0,,228.0,,29.0,,61.0,15.0,,,7.0,2.0,20.0,5.0,667.0,93.0,425.0,,,30.0,155.0,180.0,254.0,,7.0,20.0,,116.0,19.0,,381.0,10.0,30.0,636.0,100.0,,5.0,528.0,8.0,8.0,16.0,88.0,547.0,210.0,29.0,,108.0,22.0,,27.0,1.0,,4.0,6.0,63.0,8.0,15.0,,,,,,78.0,27.0,53.0,2.0,112.0,8.0,21.0,17.0,93.0,1.0,33.0,28.0,45.0,10.0,19.0,172.0,66.0,6.0,2.0,8.0,5.0,7.0,2.0,1.0,8.0,10.0,1.0,1.0,,6.0,4.0,3.0,,14.0,,5.0,,2.0,1.0,2.0,,,,,,,
cpl::Football_Player::3b19fa7fb1064556a2c16b457a82a603,D. Daniels,Pacific,Forward,2023,forward,24,980,3,3,17,0,5,3,12,30,14,8,6,0,44,72.0,15,1.38,0,0,1,0,0,0,0,0,0,0,0,0,0,0,0,0,0,0,0,0,0,0,0,0,0,10.0,412.0,6.0,52.0,980.0,82.0,,20.0,74.0,2.0,,118.0,,136.0,,181.0,,25.0,,36.0,12.0,,,30.0,1.0,13.0,10.0,185.0,37.0,86.0,,,24.0,49.0,33.0,40.0,,15.0,3.0,,107.0,6.0,,129.0,10.0,24.0,170.0,49.0,,17.0,127.0,45.0,10.0,22.0,50.0,133.0,44.0,14.0,,54.0,13.0,,6.0,1.0,,25.0,7.0,18.0,12.0,12.0,,6.0,,,,,17.0,5.0,,5.0,12.0,7.0,5.0,36.0,4.0,2.0,1.0,,2.0,,76.0,16.0,,8.0,3.0,3.0,3.0,8.0,,3.0,12.0,,3.0,,,0.0,3.0,,1.0,,,,1.0,,,,,,,,,
cpl::Football_Player::982a96a792e04404805090a131cb95df,T. Campbell,Vancouver FC,Forward,2023,forward,30,2108,10,1,41,0,30,1,10,17,11,16,0,0,32,78.0,25,1.07,0,0,0,1,0,0,0,0,0,0,0,0,0,0,0,0,0,0,0,0,0,0,0,0,0,20.0,663.0,,88.0,2108.0,75.0,,18.0,66.0,4.0,,265.0,,123.0,,178.0,1.0,14.0,1.0,90.0,26.0,,,17.0,3.0,21.0,19.0,391.0,47.0,195.0,,,30.0,111.0,73.0,69.0,,4.0,10.0,,112.0,9.0,,199.0,10.0,30.0,353.0,78.0,,5.0,294.0,55.0,8.0,18.0,129.0,303.0,74.0,11.0,,48.0,17.0,,15.0,2.0,,37.0,2.0,19.0,23.0,4.0,,8.0,,,,,41.0,3.0,1.0,3.0,10.0,9.0,30.0,48.0,,3.0,4.0,,3.0,,159.0,17.0,1.0,20.0,1.0,9.0,10.0,16.0,1.0,1.0,11.0,,6.0,,,6.0,4.0,1.0,1.0,3.0,3.0,,1.0,,1.0,,,,,,,
cpl::Football_Player::ae23ee82dcf94e9a9bd025598913c845,A. Binate,Valour,Forward,2023,forward,3,35,0,0,2,0,0,0,0,3,1,0,0,0,0,67.0,1,2.57,0,0,0,0,0,0,0,0,0,0,0,0,0,0,0,0,0,0,0,0,0,0,0,0,0,,31.0,,3.0,35.0,11.0,,,2.0,,,6.0,,13.0,,17.0,,2.0,,3.0,,,,3.0,,1.0,1.0,9.0,1.0,6.0,,,3.0,,2.0,2.0,,1.0,,,15.0,,,13.0,10.0,3.0,9.0,3.0,,1.0,6.0,4.0,,,5.0,6.0,3.0,1.0,,2.0,,,1.0,0.0,,4.0,1.0,1.0,,3.0,,,,,,,2.0,,,,,2.0,,6.0,,,,,,,2.0,1.0,,,,,,,,,2.0,,,,,,,,,,,,,,,,,,,,,
cpl::Football_Player::5d75ae0c3f534dbe8e360d2c209485b0,C. Buschman-Dormond,York,Forward,2023,forward,6,62,0,0,1,0,0,0,1,5,0,0,0,1,0,79.0,1,1.45,2,0,0,0,0,0,0,0,0,0,0,0,0,0,0,0,0,0,0,0,0,0,0,0,0,1.0,41.0,,4.0,62.0,6.0,,,3.0,,,15.0,,9.0,,10.0,,4.0,,4.0,,,,5.0,,1.0,2.0,19.0,,16.0,,,6.0,,2.0,5.0,,,,,7.0,,,12.0,10.0,6.0,19.0,4.0,,3.0,15.0,1.0,,1.0,3.0,15.0,10.0,,,3.0,,,,0.0,,1.0,,2.0,,6.0,,,,,,2.0,1.0,4.0,,6.0,1.0,,,,2.0,1.0,1.0,2.0,1.0,,8.0,,,,,,,,,,1.0,,,,,,,,,,,,,,,1.0,1.0,,,,,
cpl::Football_Player::04cd976c461148d79ab8cafc0bf69c62,D. Choinière,Forge,Forward,2023,forward,17,990,2,3,14,0,3,3,4,9,13,2,1,0,0,83.0,12,1.09,6,0,1,0,0,0,0,0,0,0,0,0,0,0,0,0,0,0,0,0,0,0,0,0,0,16.0,621.0,1.0,70.0,990.0,69.0,,,37.0,3.0,,323.0,,106.0,,107.0,2.0,23.0,,128.0,11.0,,,9.0,,9.0,2.0,400.0,47.0,254.0,,,17.0,89.0,86.0,46.0,,7.0,10.0,,70.0,15.0,,173.0,10.0,17.0,393.0,60.0,,3.0,315.0,1.0,5.0,9.0,58.0,330.0,80.0,13.0,,37.0,14.0,,18.0,1.0,,1.0,1.0,15.0,7.0,6.0,,,,,,6.0,14.0,24.0,1.0,24.0,4.0,10.0,3.0,43.0,,13.0,10.0,,13.0,,140.0,23.0,2.0,1.0,3.0,2.0,2.0,2.0,,3.0,11.0,,,,,0.0,2.0,,7.0,,,,,,,,,,,,,
cpl::Football_Player::b8e2638330e141eca3d88b86209086f0,Jaime Siaj,Valour,Forward,2023,forward,12,517,0,0,11,0,3,0,3,10,9,0,0,0,41,71.0,5,0.87,0,0,0,0,0,0,0,0,0,0,0,0,0,0,0,0,0,0,0,0,0,0,0,0,0,3.0,215.0,,38.0,517.0,18.0,,14.0,32.0,,,81.0,,36.0,,70.0,,4.0,,18.0,5.0,,,10.0,,5.0,9.0,130.0,20.0,61.0,,,12.0,32.0,32.0,27.0,,2.0,3.0,,38.0,3.0,,58.0,10.0,12.0,119.0,35.0,,6.0,89.0,34.0,2.0,5.0,21.0,92.0,28.0,9.0,,18.0,10.0,,1.0,0.0,,20.0,2.0,4.0,5.0,7.0,,1.0,,,,,11.0,,,,3.0,3.0,3.0,6.0,2.0,1.0,1.0,,1.0,,53.0,3.0,,5.0,,,,,,,8.0,,,,,,,1.0,,,1.0,,,,,,,,,,,
cpl::Football_Player::290f058a65584ba487f5fe64d0f7bebd,G. Smith-Doyle,Cavalry,Forward,2023,forward,16,532,1,1,8,0,3,1,3,8,11,5,1,0,43,62.0,2,0.34,0,0,0,0,0,0,0,0,0,0,0,0,0,0,0,0,0,0,0,0,0,0,0,0,0,1.0,164.0,1.0,26.0,532.0,26.0,,16.0,36.0,1.0,,41.0,,46.0,,83.0,1.0,8.0,,7.0,7.0,,,8.0,,1.0,7.0,67.0,15.0,36.0,,,16.0,8.0,26.0,15.0,,3.0,2.0,,47.0,2.0,,63.0,10.0,16.0,67.0,24.0,,4.0,39.0,37.0,4.0,7.0,17.0,41.0,28.0,11.0,,20.0,5.0,,7.0,1.0,,21.0,1.0,2.0,7.0,9.0,,2.0,,,,,8.0,7.0,,7.0,3.0,5.0,3.0,13.0,,3.0,,,3.0,,19.0,8.0,1.0,2.0,1.0,1.0,1.0,5.0,,1.0,5.0,,,,,1.0,0.0,1.0,3.0,,,,,,,,,,,,,
cpl::Football_Player::8d395d0de4314a759dc733bec944bbe2,L. Mwandwe,Wanderers,Forward,2023,forward,7,257,0,1,3,0,0,1,7,7,7,0,1,0,42,76.0,1,0.35,1,0,0,0,0,0,0,0,0,0,0,0,0,0,0,0,0,0,0,0,0,0,0,0,0,2.0,137.0,1.0,17.0,257.0,17.0,,3.0,21.0,,,51.0,,35.0,,42.0,1.0,2.0,,12.0,3.0,,,7.0,1.0,1.0,5.0,70.0,16.0,31.0,,,7.0,23.0,25.0,10.0,,1.0,1.0,,21.0,1.0,,38.0,10.0,7.0,68.0,16.0,,5.0,52.0,7.0,,7.0,9.0,53.0,14.0,7.0,,18.0,5.0,1.0,2.0,0.0,,4.0,5.0,4.0,2.0,4.0,,,,,,1.0,3.0,2.0,4.0,2.0,7.0,1.0,,8.0,,1.0,6.0,,1.0,,23.0,4.0,,,1.0,,,,,1.0,3.0,,,,,,,,,,1.0,,,,,,,,,,,
cpl::Football_Player::3a7fa01e24fb448aa232a74f6567bbc4,K. Manneh,Pacific,Forward,2023,forward,22,920,2,2,7,0,3,2,13,8,20,2,1,0,28,80.0,15,1.47,12,0,0,0,0,0,0,0,0,0,0,0,0,0,0,0,0,0,0,0,0,0,0,0,0,16.0,517.0,1.0,63.0,920.0,50.0,,2.0,63.0,2.0,,246.0,,111.0,,118.0,1.0,22.0,,56.0,12.0,,,8.0,3.0,13.0,1.0,313.0,57.0,183.0,,,22.0,74.0,62.0,88.0,,6.0,5.0,,55.0,13.0,,156.0,10.0,22.0,308.0,58.0,,3.0,237.0,7.0,7.0,20.0,49.0,250.0,87.0,20.0,,61.0,9.0,,10.0,0.0,,5.0,1.0,21.0,11.0,10.0,,1.0,,,,12.0,7.0,25.0,,33.0,13.0,7.0,3.0,34.0,,7.0,6.0,8.0,4.0,2.0,107.0,24.0,1.0,6.0,2.0,2.0,2.0,2.0,,2.0,4.0,,1.0,,,0.0,2.0,,3.0,,2.0,,,,,,,,,,,
cpl::Football_Player::2989b90b079449a0916022698aecc47b,B. Badibanga,Forge,Forward,2023,forward,12,1036,3,0,23,0,14,0,13,14,23,2,2,0,30,77.0,13,1.13,5,0,1,0,0,0,0,0,0,0,0,0,0,0,0,0,0,0,0,0,0,0,0,0,0,23.0,645.0,2.0,94.0,1036.0,63.0,,4.0,66.0,1.0,,294.0,,125.0,,138.0,1.0,20.0,3.0,80.0,11.0,,,14.0,3.0,12.0,,399.0,38.0,229.0,,,12.0,89.0,108.0,105.0,,5.0,11.0,,72.0,19.0,,214.0,10.0,12.0,388.0,83.0,,7.0,286.0,13.0,2.0,15.0,25.0,305.0,111.0,23.0,,62.0,12.0,,9.0,1.0,,9.0,3.0,24.0,3.0,1.0,,1.0,,,,5.0,23.0,29.0,4.0,29.0,13.0,3.0,14.0,42.0,,13.0,5.0,,12.0,1.0,106.0,21.0,3.0,8.0,,1.0,3.0,2.0,,,9.0,,,,10.0,2.0,1.0,2.0,7.0,,2.0,,,,2.0,,,,,2.0,,
cpl::Football_Player::f35e8387775841209e2b83c588cc5c52,J. Hamilton,Forge,Forward,2023,forward,19,638,4,1,24,0,14,1,0,9,11,6,0,0,50,79.0,10,1.41,0,0,2,1,1,0,0,0,0,0,0,0,0,0,0,0,0,0,0,0,0,0,0,0,0,4.0,224.0,,25.0,638.0,26.0,,11.0,27.0,2.0,,74.0,,42.0,,64.0,,12.0,1.0,34.0,7.0,,,9.0,1.0,8.0,3.0,116.0,19.0,48.0,,,19.0,44.0,17.0,17.0,,7.0,1.0,,37.0,3.0,,58.0,10.0,19.0,99.0,24.0,,6.0,88.0,22.0,2.0,2.0,44.0,91.0,19.0,11.0,,16.0,8.0,,8.0,0.0,,11.0,,3.0,6.0,12.0,,,,,,,24.0,2.0,1.0,2.0,,6.0,14.0,13.0,2.0,1.0,,,1.0,,48.0,5.0,2.0,8.0,,4.0,4.0,6.0,1.0,1.0,10.0,1.0,2.0,,,3.0,1.0,1.0,,,1.0,,1.0,,,,,,,,,
cpl::Football_Player::31115f5131a74426969fd8573af2d8b9,B. Wright,Forge,Forward,2023,forward,27,1371,2,2,38,0,18,2,3,17,26,10,2,0,56,71.0,30,1.97,1,0,1,0,0,0,0,0,0,0,0,0,0,0,0,0,0,0,0,0,0,0,0,0,0,17.0,467.0,2.0,69.0,1371.0,54.0,,31.0,75.0,6.0,,144.0,,98.0,,153.0,,16.0,,51.0,15.0,,,17.0,1.0,24.0,12.0,235.0,23.0,121.0,,,27.0,50.0,55.0,54.0,,11.0,,,78.0,5.0,,144.0,10.0,27.0,212.0,69.0,,7.0,161.0,55.0,2.0,5.0,78.0,166.0,65.0,26.0,,44.0,9.0,,9.0,0.0,,24.0,1.0,13.0,9.0,12.0,,4.0,,,,1.0,38.0,5.0,,5.0,3.0,5.0,18.0,34.0,5.0,5.0,4.0,,5.0,,75.0,16.0,2.0,12.0,1.0,2.0,2.0,10.0,,2.0,20.0,,,,,0.0,2.0,,5.0,,1.0,,,,,,,,,,,
cpl::Football_Player::4d636b2222ce4dadada19f4087f42b9e,J. Assi,Montréal,Forward,2023,forward,26,1743,1,3,8,0,4,3,23,20,14,8,3,0,41,78.0,19,0.98,0,0,0,0,0,0,0,0,0,0,0,0,0,0,0,0,0,0,0,0,0,0,0,0,0,27.0,943.0,3.0,121.0,1743.0,112.0,,5.0,105.0,3.0,,423.0,1.0,212.0,,224.0,10.0,32.0,3.0,225.0,20.0,,,20.0,,16.0,12.0,547.0,87.0,263.0,,,26.0,167.0,142.0,27.0,,11.0,17.0,,119.0,10.0,,291.0,10.0,26.0,544.0,104.0,,12.0,416.0,12.0,20.0,43.0,60.0,426.0,110.0,14.0,,100.0,38.0,,8.0,0.0,,7.0,7.0,43.0,15.0,6.0,,1.0,,,,,8.0,27.0,9.0,27.0,23.0,3.0,4.0,73.0,,4.0,44.0,,4.0,,153.0,45.0,1.0,,2.0,1.0,1.0,8.0,,3.0,4.0,,,,,0.0,1.0,2.0,12.0,,2.0,,,,,,,,,,,
cpl::Football_Player::337fb1e9243f40eeacf44fe5123d4089,A. Novak,Forge,Forward,2023,forward,23,943,1,0,10,0,5,0,2,7,15,7,1,0,29,73.0,13,1.24,0,0,1,0,0,0,0,0,0,0,0,0,0,0,0,0,0,0,0,0,0,0,0,0,0,7.0,316.0,1.0,45.0,943.0,50.0,,18.0,42.0,1.0,,100.0,,74.0,,135.0,,9.0,,32.0,9.0,,,7.0,1.0,12.0,8.0,164.0,17.0,83.0,,,23.0,37.0,37.0,39.0,,3.0,1.0,,93.0,2.0,,119.0,10.0,23.0,144.0,44.0,,3.0,117.0,61.0,,2.0,38.0,119.0,44.0,15.0,,24.0,5.0,1.0,8.0,0.0,,43.0,,7.0,7.0,14.0,,1.0,,,,,10.0,4.0,,4.0,2.0,7.0,5.0,40.0,1.0,1.0,1.0,,1.0,,56.0,14.0,1.0,4.0,,1.0,1.0,7.0,,,5.0,,,,,0.0,1.0,,1.0,,1.0,,,,,,,,,,,
cpl::Football_Player::7605490b6ccd4ec881fe76b8f5e1999f,R. del Campo,Atlético,Forward,2023,forward,16,610,0,2,15,0,6,2,2,11,7,3,2,0,59,65.0,9,1.33,0,0,1,0,0,0,0,0,0,0,0,0,0,0,0,0,0,0,0,0,0,0,0,0,0,8.0,202.0,2.0,35.0,610.0,32.0,,22.0,40.0,2.0,,52.0,,50.0,,87.0,1.0,11.0,,34.0,6.0,,,11.0,,7.0,2.0,98.0,18.0,44.0,,,16.0,22.0,21.0,14.0,,7.0,2.0,,47.0,,,71.0,10.0,16.0,87.0,33.0,,5.0,63.0,37.0,2.0,4.0,32.0,63.0,34.0,7.0,,18.0,4.0,,5.0,0.0,,15.0,1.0,8.0,5.0,10.0,,2.0,,,,,15.0,3.0,,3.0,2.0,7.0,6.0,19.0,,3.0,1.0,,3.0,,29.0,10.0,,1.0,1.0,,,3.0,,2.0,9.0,,,,,,,1.0,,,,,,,,,,,,,,
cpl::Football_Player::3a8819a7f06c45a38e951d42d8743025,M. Shaw,Cavalry,Forward,2023,forward,22,1274,1,1,12,0,7,1,9,26,20,1,2,0,33,75.0,13,0.92,0,0,0,0,0,0,0,0,0,0,0,0,0,0,0,0,0,0,0,0,0,0,0,0,0,7.0,495.0,2.0,63.0,1274.0,68.0,,18.0,64.0,,,174.0,1.0,114.0,,167.0,7.0,11.0,3.0,32.0,12.0,,,26.0,,13.0,20.0,249.0,58.0,101.0,,,22.0,86.0,76.0,58.0,,6.0,12.0,,103.0,16.0,,148.0,10.0,22.0,237.0,51.0,,12.0,170.0,53.0,3.0,12.0,35.0,186.0,52.0,20.0,,46.0,16.0,,3.0,0.0,,35.0,6.0,14.0,4.0,10.0,,,,,,,12.0,5.0,2.0,5.0,9.0,2.0,7.0,38.0,2.0,1.0,21.0,,1.0,,83.0,10.0,,4.0,1.0,1.0,1.0,1.0,,1.0,5.0,,1.0,,1.0,1.0,0.0,2.0,5.0,,2.0,,1.0,,,,,,,,,
cpl::Football_Player::7c7c78f8a9b24353a2c2418452327dab,Kévin Santos,Atlético,Forward,2023,forward,27,1634,6,0,31,0,18,0,18,29,28,5,4,0,26,82.0,28,1.54,16,0,0,0,0,0,0,0,0,0,0,0,0,0,0,0,0,0,0,0,0,0,0,0,0,17.0,914.0,4.0,93.0,1634.0,153.0,,6.0,117.0,5.0,,387.0,1.0,264.0,,287.0,8.0,29.0,1.0,76.0,19.0,,,29.0,,23.0,8.0,500.0,89.0,265.0,,,27.0,158.0,94.0,160.0,,11.0,18.0,,170.0,19.0,,270.0,10.0,27.0,480.0,75.0,,12.0,388.0,23.0,16.0,34.0,72.0,407.0,101.0,28.0,,111.0,20.0,,10.0,1.0,,17.0,11.0,49.0,15.0,8.0,,1.0,,,,16.0,31.0,19.0,,28.0,18.0,9.0,18.0,96.0,2.0,16.0,7.0,6.0,13.0,3.0,170.0,52.0,6.0,7.0,,4.0,6.0,5.0,,,13.0,,,,3.0,3.0,3.0,1.0,8.0,,3.0,,1.0,,2.0,,,,,,,
cpl::Football_Player::a96eb3025e23467ca33277ae9c86f369,S. Salter,Atlético,Forward,2023,forward,27,1475,7,1,31,0,22,1,7,30,21,5,6,0,46,73.0,21,1.28,0,0,0,0,0,0,0,0,0,0,0,0,0,0,0,0,0,0,0,0,0,0,0,0,0,11.0,602.0,6.0,95.0,1475.0,72.0,,42.0,91.0,3.0,,221.0,1.0,121.0,,211.0,,26.0,1.0,79.0,18.0,,,30.0,,18.0,14.0,351.0,49.0,139.0,,,27.0,117.0,65.0,78.0,,17.0,3.0,,120.0,6.0,,191.0,10.0,27.0,316.0,92.0,,13.0,250.0,90.0,8.0,15.0,69.0,256.0,72.0,21.0,,49.0,25.0,,5.0,2.0,,48.0,5.0,13.0,14.0,9.0,,1.0,,,,,31.0,2.0,,2.0,7.0,10.0,22.0,35.0,4.0,,1.0,,,,129.0,12.0,3.0,15.0,1.0,6.0,7.0,5.0,,1.0,9.0,,4.0,,,2.0,5.0,2.0,3.0,,2.0,,1.0,,1.0,,,,,,,
cpl::Football_Player::48fe610550bc4e00a8782f2403b6ca25,A. Selemani,Cavalry,Forward,2023,forward,10,376,0,0,7,0,4,0,4,5,2,3,1,0,29,74.0,9,2.15,0,0,0,0,0,0,0,0,0,0,0,0,0,0,0,0,0,0,0,0,0,0,0,0,0,2.0,140.0,1.0,19.0,376.0,15.0,,5.0,18.0,2.0,,47.0,,28.0,,45.0,,12.0,,15.0,3.0,,,5.0,,7.0,,72.0,8.0,37.0,,,10.0,16.0,15.0,12.0,,2.0,,,27.0,,,51.0,10.0,10.0,66.0,19.0,,1.0,53.0,17.0,3.0,7.0,19.0,53.0,30.0,2.0,,13.0,2.0,,5.0,0.0,,12.0,,4.0,3.0,7.0,,1.0,,,,,7.0,13.0,,13.0,4.0,1.0,4.0,9.0,,,3.0,,,,30.0,2.0,,3.0,,,,3.0,,,3.0,,,,,,,,,,,,,,,,,,,,,
cpl::Football_Player::697c5074a60947ab8c7cc589ade62981,Gianni dos Santos,Pacific,Forward,2023,forward,19,858,2,2,18,0,13,2,6,16,15,4,1,0,0,71.0,11,1.15,7,0,0,0,0,0,0,0,0,0,0,0,0,0,0,0,0,0,0,0,0,0,0,0,0,13.0,391.0,1.0,54.0,858.0,57.0,,,35.0,1.0,,121.0,1.0,92.0,,97.0,7.0,20.0,,27.0,10.0,,,16.0,,10.0,4.0,183.0,29.0,102.0,,,19.0,39.0,45.0,64.0,,7.0,20.0,,62.0,8.0,,152.0,10.0,19.0,175.0,34.0,,7.0,121.0,5.0,2.0,8.0,33.0,129.0,78.0,15.0,,35.0,11.0,,8.0,0.0,,5.0,1.0,12.0,7.0,9.0,,,,,,7.0,18.0,31.0,1.0,35.0,6.0,7.0,13.0,30.0,,12.0,6.0,2.0,10.0,2.0,47.0,17.0,1.0,4.0,2.0,2.0,2.0,4.0,,2.0,5.0,,1.0,,2.0,0.0,2.0,,1.0,,4.0,,,,,,,,,,,
cpl::Football_Player::48a893f1cbd2441d9afda48df5d56376,W. Ponce,Valour,Forward,2023,forward,22,1085,4,1,29,0,15,1,19,34,26,4,3,0,47,75.0,18,1.49,0,0,2,0,0,0,0,0,0,0,0,0,0,0,0,0,0,0,0,0,0,0,0,0,0,6.0,626.0,3.0,98.0,1085.0,78.0,,34.0,97.0,2.0,,264.0,,141.0,,213.0,7.0,36.0,,78.0,14.0,,,34.0,,16.0,8.0,379.0,58.0,161.0,,,22.0,121.0,70.0,97.0,,17.0,10.0,,116.0,13.0,,181.0,10.0,22.0,362.0,88.0,,17.0,268.0,72.0,7.0,26.0,56.0,281.0,93.0,26.0,,63.0,19.0,,7.0,2.0,,38.0,1.0,11.0,12.0,8.0,,2.0,,,,,29.0,14.0,,14.0,19.0,3.0,15.0,34.0,2.0,1.0,3.0,,1.0,,134.0,17.0,2.0,12.0,1.0,4.0,4.0,4.0,,1.0,14.0,,2.0,,,2.0,2.0,2.0,2.0,,,,,,,,,,,,,
cpl::Football_Player::751e68a27d374a64b9646c08102f6daf,João Morelli,Wanderers,Forward,2023,forward,9,435,4,1,9,0,6,1,3,7,12,1,2,0,16,81.0,7,1.45,0,0,0,1,1,0,0,0,0,0,0,0,0,0,0,0,0,0,0,0,0,0,0,0,0,4.0,218.0,2.0,24.0,435.0,34.0,,1.0,23.0,1.0,,92.0,1.0,56.0,,62.0,,10.0,,25.0,4.0,,,7.0,,6.0,3.0,121.0,20.0,60.0,,,9.0,37.0,35.0,20.0,,8.0,3.0,,39.0,9.0,,64.0,10.0,9.0,116.0,21.0,,3.0,88.0,6.0,,3.0,19.0,97.0,23.0,12.0,,22.0,4.0,,4.0,1.0,,5.0,2.0,7.0,3.0,5.0,,,,,,,9.0,3.0,,3.0,3.0,3.0,6.0,25.0,,,1.0,,,,41.0,16.0,3.0,4.0,1.0,4.0,4.0,1.0,1.0,1.0,3.0,1.0,1.0,,,3.0,1.0,,1.0,,,,1.0,,,,,,,,,
cpl::Football_Player::db08922169dd4965b34c10fd27536050,C. Vasconcelos,Wanderers,Forward,2023,forward,1,45,0,0,0,0,0,0,0,0,1,0,0,0,100,77.0,0,0.0,0,0,0,0,0,0,0,0,0,0,0,0,0,0,0,0,0,0,0,0,0,0,0,0,0,,25.0,,3.0,45.0,2.0,,1.0,5.0,,,10.0,,6.0,,7.0,,2.0,,5.0,,,,,,,,13.0,1.0,5.0,,,1.0,5.0,3.0,3.0,,2.0,,,2.0,,,6.0,10.0,1.0,13.0,3.0,,,10.0,1.0,1.0,1.0,,10.0,3.0,1.0,,4.0,,,,0.0,,,1.0,2.0,1.0,1.0,,,,,,,,,,,,,,2.0,,,,,,,2.0,1.0,,,,,,,,,,,,,,,,,,,,,,,,,,,,,,
cpl::Football_Player::b5ed83ee8fa54443ab3fdcc4f0fa60d8,Ameer Khadim,Vancouver FC,Forward,2023,forward,20,466,1,1,8,0,3,1,9,10,8,3,2,1,23,69.0,8,1.55,0,0,1,0,0,0,0,0,0,0,0,0,0,0,0,0,0,0,0,0,0,0,0,0,0,4.0,195.0,2.0,32.0,466.0,33.0,,15.0,39.0,1.0,,66.0,,57.0,,120.0,1.0,6.0,,21.0,2.0,,,10.0,2.0,7.0,3.0,101.0,25.0,48.0,,,20.0,21.0,30.0,30.0,,2.0,2.0,,81.0,2.0,,65.0,10.0,20.0,98.0,30.0,,6.0,67.0,63.0,5.0,14.0,17.0,69.0,28.0,8.0,,24.0,5.0,,,0.0,,48.0,3.0,2.0,1.0,18.0,,1.0,,,,,8.0,1.0,,1.0,9.0,5.0,3.0,15.0,,,1.0,,,,20.0,7.0,1.0,6.0,1.0,1.0,1.0,3.0,,1.0,5.0,,,,,1.0,0.0,,,,,,,,,1.0,1.0,,,,,
cpl::Football_Player::0d635e29400f481397a6663825364631,S. Castello,Forge,Forward,2023,forward,2,5,0,0,0,0,0,0,0,0,0,0,0,0,0,,0,0.0,0,0,0,0,0,0,0,0,0,0,0,0,0,0,0,0,0,0,0,0,0,0,0,0,0,,4.0,,,5.0,,,,1.0,,,,,1.0,,2.0,,1.0,,,,,,,,,,,,,,,2.0,,,,,1.0,,,1.0,,,2.0,10.0,2.0,,,,,,1.0,1.0,1.0,,,,,,1.0,,,,0.0,,1.0,,,,2.0,,,,,,,,,,,,,,,,,,,,,,,,,,,,,,,,,,,,,,,,,,,,,,,,,,,,
cpl::Football_Player::fe97daed88864e66a3ecc7ab9935be5d,C. Bayiha,Wanderers,Forward,2023,forward,28,1609,2,2,10,0,5,2,20,11,24,5,0,0,30,84.0,24,1.34,3,0,0,0,0,0,0,0,0,0,0,0,0,0,0,0,0,0,0,0,0,0,0,0,0,20.0,863.0,,81.0,1609.0,69.0,,6.0,104.0,4.0,,412.0,,167.0,,187.0,4.0,30.0,2.0,176.0,19.0,,,11.0,1.0,20.0,7.0,506.0,89.0,271.0,,,28.0,160.0,68.0,50.0,,18.0,6.0,,83.0,3.0,,229.0,10.0,28.0,492.0,75.0,,4.0,422.0,20.0,10.0,30.0,79.0,425.0,102.0,24.0,,98.0,19.0,,21.0,1.0,,14.0,16.0,44.0,17.0,9.0,,1.0,,,,3.0,10.0,40.0,3.0,40.0,20.0,5.0,5.0,42.0,2.0,6.0,11.0,,6.0,,212.0,18.0,2.0,7.0,2.0,2.0,2.0,5.0,,2.0,5.0,,,,,1.0,1.0,1.0,6.0,,2.0,,,,,,,,,,,
cpl::Football_Player::df0de20d12274b3d9549323a3547572b,J. Heard,Pacific,Forward,2023,forward,27,1857,4,1,24,0,16,1,21,41,51,6,6,0,26,78.0,22,1.07,0,0,0,1,0,0,0,0,0,0,0,0,0,0,0,0,0,0,0,0,0,0,0,0,0,22.0,767.0,6.0,85.0,1857.0,108.0,,8.0,109.0,3.0,,286.0,2.0,209.0,,239.0,10.0,32.0,2.0,77.0,22.0,,,41.0,1.0,19.0,6.0,380.0,87.0,209.0,,,27.0,99.0,103.0,76.0,,18.0,19.0,,130.0,12.0,,234.0,10.0,27.0,371.0,66.0,,19.0,283.0,30.0,13.0,34.0,78.0,295.0,114.0,51.0,,101.0,16.0,,19.0,2.0,,22.0,7.0,16.0,18.0,5.0,,,,,,,24.0,45.0,2.0,45.0,21.0,6.0,16.0,48.0,1.0,13.0,13.0,,13.0,,124.0,24.0,2.0,7.0,,2.0,4.0,6.0,1.0,1.0,8.0,,2.0,1.0,,0.0,4.0,2.0,1.0,,2.0,,,,2.0,,,,,,,
cpl::Football_Player::3e4a7c1ba82c479793557ba421ea6743,K. Poku,Forge,Forward,2023,forward,23,1451,2,2,9,0,3,2,17,17,12,4,2,1,61,80.0,17,1.05,6,0,0,0,0,0,0,0,0,0,0,0,0,0,0,0,0,0,0,0,0,0,0,0,0,18.0,946.0,2.0,112.0,1451.0,76.0,,26.0,90.0,2.0,,437.0,1.0,140.0,,182.0,5.0,37.0,1.0,60.0,18.0,,,17.0,3.0,15.0,15.0,556.0,69.0,276.0,,,23.0,179.0,132.0,201.0,,17.0,16.0,,92.0,35.0,,244.0,10.0,23.0,549.0,96.0,,5.0,409.0,42.0,4.0,21.0,39.0,444.0,117.0,12.0,,64.0,34.0,,9.0,2.0,,16.0,12.0,31.0,12.0,5.0,,,,,,6.0,9.0,36.0,8.0,39.0,17.0,4.0,3.0,45.0,5.0,11.0,87.0,3.0,11.0,,163.0,26.0,,1.0,2.0,2.0,2.0,4.0,,2.0,6.0,,,1.0,,1.0,1.0,2.0,5.0,2.0,1.0,,,,,1.0,1.0,,,,,
cpl::Football_Player::1445e6a3753f48798c8bcc200069bdb6,A. Reid,York,Forward,2023,forward,26,1317,4,4,25,0,15,4,16,28,28,1,2,0,22,77.0,15,1.03,42,0,0,0,0,0,0,0,0,0,0,0,0,0,0,0,0,0,0,0,0,0,0,0,0,38.0,683.0,2.0,74.0,1317.0,87.0,,6.0,91.0,1.0,,216.0,,172.0,,199.0,3.0,29.0,,87.0,17.0,,,28.0,,14.0,2.0,320.0,65.0,201.0,,,26.0,74.0,88.0,63.0,,16.0,10.0,,108.0,14.0,,223.0,10.0,26.0,284.0,64.0,,16.0,232.0,27.0,10.0,26.0,98.0,246.0,103.0,28.0,,85.0,8.0,,17.0,2.0,,21.0,4.0,31.0,17.0,9.0,,,,,,42.0,25.0,8.0,,37.0,16.0,8.0,15.0,49.0,1.0,29.0,8.0,22.0,8.0,15.0,82.0,24.0,2.0,12.0,2.0,4.0,4.0,1.0,,4.0,10.0,,2.0,,,3.0,1.0,4.0,8.0,,3.0,,,,,,,,,,,
cpl::Football_Player::4677d430ee38453e9a424d4e8c1cc96b,T. Borges,Forge,Forward,2023,forward,27,1346,2,4,20,0,8,4,16,18,26,9,3,0,33,82.0,15,1.0,61,0,0,0,0,0,0,0,0,0,0,0,0,0,0,0,0,0,0,0,0,0,0,0,0,41.0,877.0,3.0,90.0,1346.0,104.0,,3.0,91.0,4.0,,358.0,,192.0,,201.0,7.0,26.0,,137.0,11.0,,,18.0,1.0,11.0,4.0,479.0,81.0,305.0,,,27.0,109.0,115.0,97.0,,14.0,15.0,,110.0,16.0,,265.0,10.0,27.0,446.0,75.0,,10.0,373.0,9.0,14.0,30.0,62.0,389.0,142.0,26.0,,88.0,16.0,,18.0,1.0,,6.0,8.0,32.0,9.0,16.0,,1.0,,,,61.0,20.0,33.0,1.0,68.0,16.0,10.0,8.0,58.0,2.0,25.0,12.0,27.0,12.0,12.0,130.0,36.0,1.0,13.0,4.0,,2.0,9.0,,4.0,12.0,,1.0,,1.0,1.0,1.0,1.0,3.0,,4.0,,,,2.0,,,,,,,
cpl::Football_Player::326175d3994243c1808e3738e625fb2f,K. Tavernier,Forge,Forward,2023,forward,2,72,0,0,1,0,0,0,0,1,1,0,0,0,100,75.0,2,2.5,0,0,0,0,0,0,0,0,0,0,0,0,0,0,0,0,0,0,0,0,0,0,0,0,0,2.0,32.0,,3.0,72.0,8.0,,2.0,6.0,,,9.0,,12.0,,14.0,,,,4.0,1.0,,,1.0,,2.0,,12.0,4.0,8.0,,,2.0,1.0,6.0,1.0,,,,,8.0,1.0,,14.0,10.0,2.0,12.0,3.0,,,8.0,2.0,2.0,2.0,2.0,9.0,2.0,1.0,,4.0,1.0,,2.0,0.0,,,,2.0,1.0,1.0,,,,,,,1.0,,1.0,,,2.0,,6.0,,,,,,,1.0,4.0,,,,,,,,,1.0,,,,,,,,1.0,,,,,,,,,,,,,
cpl::Football_Player::de50d1a50164435c85fce4ff3f14d627,P. Niyongabire,Valour,Forward,2023,forward,25,1823,1,3,27,0,11,3,29,36,54,10,3,0,45,76.0,32,1.58,0,0,2,0,0,0,0,0,0,0,0,0,0,0,0,0,0,0,0,0,0,0,0,0,0,24.0,1083.0,3.0,114.0,1823.0,185.0,,25.0,220.0,4.0,,355.0,,380.0,,435.0,4.0,45.0,4.0,128.0,21.0,,,36.0,1.0,28.0,5.0,472.0,142.0,280.0,,,25.0,86.0,142.0,105.0,,26.0,12.0,,215.0,2.0,,370.0,10.0,25.0,468.0,102.0,,18.0,356.0,55.0,19.0,48.0,131.0,358.0,132.0,54.0,,195.0,17.0,,21.0,0.0,,30.0,17.0,93.0,9.0,4.0,,,,,,,27.0,35.0,1.0,35.0,29.0,9.0,11.0,137.0,,8.0,6.0,,8.0,,97.0,92.0,1.0,3.0,3.0,1.0,1.0,10.0,,3.0,16.0,,,,,1.0,0.0,4.0,12.0,,3.0,,,,,,,,,,,
cpl::Football_Player::be1bfa27679e47179c6f08e8a1a44647,O. De Rosario,York,Forward,2023,forward,25,1367,6,2,38,0,15,2,10,32,26,10,2,0,36,76.0,19,1.25,0,0,0,0,0,0,0,0,0,0,0,0,0,0,0,0,0,0,0,0,0,0,0,0,0,8.0,507.0,2.0,56.0,1367.0,97.0,,25.0,88.0,3.0,,158.0,,160.0,,228.0,3.0,19.0,,60.0,14.0,,,32.0,1.0,16.0,14.0,229.0,44.0,110.0,,,25.0,63.0,54.0,52.0,,12.0,6.0,,140.0,5.0,,163.0,10.0,25.0,214.0,50.0,,13.0,168.0,68.0,5.0,15.0,64.0,173.0,43.0,26.0,,63.0,14.0,,4.0,4.0,,43.0,3.0,23.0,9.0,11.0,,2.0,,,,,38.0,1.0,,1.0,10.0,6.0,15.0,53.0,1.0,,3.0,,,,63.0,23.0,3.0,5.0,1.0,6.0,6.0,10.0,,2.0,23.0,,1.0,,,2.0,4.0,,3.0,2.0,3.0,,,,,,,,,,,
cpl::Football_Player::0c2b522db5ff49c4a7aad6340a469546,J. Ulloa,Valour,Forward,2023,forward,26,1047,1,1,8,0,6,1,12,23,18,4,1,0,38,79.0,12,1.03,1,0,0,0,0,0,0,0,0,0,0,0,0,0,0,0,0,0,0,0,0,0,0,0,0,10.0,515.0,1.0,61.0,1047.0,74.0,,10.0,58.0,1.0,,218.0,,122.0,,148.0,6.0,31.0,,57.0,9.0,,,23.0,,11.0,5.0,282.0,49.0,169.0,,,26.0,65.0,72.0,28.0,,10.0,10.0,,90.0,3.0,,169.0,10.0,26.0,279.0,51.0,,12.0,218.0,26.0,8.0,20.0,22.0,221.0,92.0,18.0,,48.0,11.0,,17.0,0.0,,16.0,6.0,10.0,7.0,17.0,,,,,,1.0,8.0,42.0,,42.0,12.0,3.0,6.0,40.0,,13.0,9.0,,13.0,,125.0,22.0,,3.0,1.0,1.0,1.0,4.0,,1.0,2.0,,1.0,,,0.0,1.0,2.0,1.0,,,,,,,,,,,,,
cpl::Football_Player::a0c39d4aadea4642ba22743b4c68b23a,E. Ongaro,Edmonton,Forward,2023,forward,29,1257,5,2,25,0,10,2,3,19,11,1,3,0,49,70.0,13,0.93,0,0,3,0,0,0,0,0,0,0,0,0,0,0,0,0,0,0,0,0,0,0,0,0,0,11.0,444.0,3.0,76.0,1257.0,64.0,,36.0,67.0,,,154.0,,95.0,,168.0,,16.0,2.0,74.0,12.0,,,19.0,2.0,13.0,3.0,252.0,26.0,131.0,,,29.0,46.0,52.0,44.0,,7.0,1.0,,101.0,4.0,,169.0,10.0,29.0,230.0,75.0,,5.0,172.0,73.0,5.0,8.0,90.0,176.0,58.0,11.0,,31.0,19.0,,11.0,2.0,,37.0,1.0,12.0,10.0,17.0,,3.0,,,,,25.0,1.0,,1.0,3.0,4.0,10.0,36.0,1.0,1.0,,,1.0,,82.0,17.0,,23.0,1.0,5.0,5.0,1.0,,2.0,15.0,,3.0,,,4.0,1.0,,3.0,2.0,2.0,,,,,,,,,,,
cpl::Football_Player::1ece129a4fee46d18322a9312200459f,A. Ricci,Vancouver FC,Forward,2023,forward,26,1467,3,2,31,0,14,2,7,30,18,6,7,1,41,70.0,23,1.41,2,0,1,0,0,0,0,0,0,0,0,0,0,0,0,0,0,0,0,0,0,0,0,0,0,9.0,649.0,7.0,106.0,1467.0,86.0,,7.0,76.0,6.0,,231.0,,155.0,,172.0,5.0,30.0,1.0,66.0,18.0,,,30.0,,17.0,5.0,347.0,49.0,146.0,,,26.0,97.0,105.0,86.0,,12.0,16.0,,96.0,4.0,,223.0,10.0,26.0,337.0,90.0,,15.0,237.0,17.0,9.0,16.0,80.0,241.0,107.0,18.0,,69.0,21.0,,8.0,1.0,,10.0,15.0,35.0,14.0,8.0,,,,,,2.0,31.0,20.0,1.0,22.0,7.0,16.0,14.0,47.0,1.0,2.0,3.0,1.0,2.0,,90.0,19.0,1.0,3.0,2.0,3.0,3.0,6.0,,2.0,17.0,,1.0,,,1.0,2.0,2.0,10.0,1.0,3.0,,,,,,1.0,,1.0,,,
