playerId,playerName,team,position,season,role,GP,Mins,G,A,S,GI,SOT,KP,Tackles,FC,FS,OFF,YC,RC,AerialsWonPercentage,Pass%,GoalsConceded,GAA,Corners,GoalsFreeKick,HitWoodwork,PenaltyAttempts,PenaltiesSuccessful,YellowRedCards,Xg,Xgefficiency,TacklesWonPercentage,DuelsWonPercentage,AerialDuelsWonPercentage,CrossCompletePercentage,TotalDistanceCovered,AverageDistanceCovered,TotalDistanceCoveredWalking,AverageDistanceCoveredWalking,TotalDistanceCoveredJogging,AverageDistanceCoveredJogging,TotalDistanceCoveredLowIntensityRunning,AverageDistanceCoveredLowIntensityRunning,TotalDistanceCoveredSprinting,AverageDistanceCoveredSprinting,TotalDistanceCoveredHighIntensityRunning,AverageDistanceCoveredHighIntensityRunning,Sprints,SavesMade,TimePlayed,GkSuccessfulDistribution,PenaltiesConceded,SuccessfulLaunches,OpenPlayPasses,CornersWon,BackwardPasses,SuccessfulPassesOppositionHalf,UnsuccessfulLaunches,YellowCards,UnsuccessfulLongPasses,TotalLossesOfPossession,SuccessfulPassesOwnHalf,UnsuccessfulShortPasses,PenaltyGoalsConceded,Punches,TotalPasses,TotalFoulsConceded,SuccessfulShortPasses,GoalsConcededInsideBox,TotalUnsuccessfulPasses(ExclCrosses&Corners),RightsidePasses,KeyPasses(attemptAssists),UnsuccessfulPassesOppositionHalf,PenaltiesSaved,GoalkeeperSmother,Recoveries,Starts,Drops,UnsuccessfulPassesOwnHalf,Touches,Appearances,FoulAttemptedTackle,Catches,GroundDuels,ForwardPasses,TotalTouchesInOppositionBox,Index,DuelsWon,SuccessfulLongPasses,TotalFoulsWon,SavesMadeFromOutsideBox,SavesMade-Parried,AerialDuelsWon,Duels,TotalClearances,SavesMadeFromInsideBox,PenaltiesFaced,GamesPlayed,SavesFromPenalty,SavesMade-Caught,GkUnsuccessfulDistribution,GroundDuelsLost,LeftsidePasses,SuccessfulOpenPlayPasses,TotalSuccessfulPasses(ExclCrosses&Corners),AerialDuels,CleanSheets,DuelsLost,GroundDuelsWon,GoalsConcededOutsideBox,SubstituteOff,TotalRedCards,StraightRedCards,CrossesNotClaimed,OwnGoalScored,SuccessfulDribbles,TotalTackles,Putthrough/blockedDistribution,HandballsConceded,LastManTackle,TacklesWon,Interceptions,Putthrough/blockedDistributionWon,AerialDuelsLost,TacklesLost,ThrowInsToOwnPlayer,SubstituteOn,ShotsOffTarget(incWoodwork),TotalShots,BlockedShots,Blocks,ClearancesOffTheLine,UnsuccessfulCrossesOpenPlay,SuccessfulCrosses&Corners,ThrowInsToOppositionPlayer,SuccessfulCrossesOpenPlay,UnsuccessfulDribbles,UnsuccessfulCrosses&Corners,ThroughBalls,SuccessfulLay-offs,CornersTaken(inclShortCorners),RedCards-2ndYellow,UnsuccessfulCornersIntoBox,Assists(intentional),GoalAssists,Offsides,SuccessfulCornersIntoBox,ShotsOnTarget(IncGoals),AttemptsFromSetPieces,Goals,RightFootGoals,GoalsFromInsideBox,UnsuccessfulLay-offs,HeadedGoals,GoalsFromOutsideBox,LeftFootGoals,FoulWonPenalty,SecondGoalAssists,SetPiecesGoals,PenaltiesTaken,PenaltyGoals,OtherGoals,PenaltiesOffTarget,WinningGoal,HomeGoals,AwayGoals,TimesTackled,GoalKicks,Overruns,LastPlayerTackle,Carries,ProgressiveCarries,TotalBigChancesCreated,TotalBigChancesSaved,FinalThirdTouches,TotalBigChancesScored,TotalBigChancesMissed,GoalsOpenplay
cpl::Football_Player::23c92ceb8bee415a886f16e93c507c65,M. Carducci,Cavalry,Goalkeeper,2019,goalkeeper,25,2250,0,0,0,0,0,0,0,1,6,0,1,0,100,66.0,17,0.68,0,0,0,0,0,0,0,0,0.0,0.0,0.0,0.0,0,0,0,0,0,0,0,0,0,0,0,0,0,65.0,2250.0,238.0,1.0,49.0,386.0,1.0,1.0,59.0,115.0,1.0,236.0,246.0,395.0,7.0,1.0,13.0,697.0,1.0,310.0,17.0,243.0,135.0,1.0,191.0,1.0,2.0,214.0,25.0,1.0,52.0,932.0,25.0,1.0,13.0,6.0,418.0,1.0,10.0,11.0,144.0,6.0,32.0,19.0,7.0,13.0,21.0,33.0,2.0,25.0,1.0,1.0,65.0,2.0,143.0,295.0,454.0,7.0,9.0,2.0,4.0,,,,,,,,,,,,,,,,,,,,,,,,,,,,,,,,,,,,,,,,,,,,,,,,,,,,,,,,,,,,,,,,,,,,,
cpl::Football_Player::73977448c290436b91cca653ba3a2c13,J. Williams,Wanderers,Goalkeeper,2019,goalkeeper,12,1028,0,0,0,0,0,0,0,1,2,0,1,1,100,68.0,19,1.66,0,0,0,0,0,0,0,0,0.0,0.0,0.0,0.0,0,0,0,0,0,0,0,0,0,0,0,0,0,41.0,1028.0,113.0,,21.0,143.0,,,31.0,48.0,1.0,85.0,92.0,149.0,2.0,1.0,5.0,267.0,1.0,129.0,15.0,87.0,52.0,,60.0,,1.0,119.0,12.0,,27.0,397.0,12.0,1.0,6.0,4.0,151.0,,10.0,5.0,51.0,2.0,14.0,11.0,4.0,8.0,10.0,27.0,1.0,12.0,,1.0,24.0,3.0,64.0,104.0,180.0,4.0,2.0,3.0,1.0,4.0,1.0,1.0,1.0,,,,,,,,,,,,,,,,,,,,,,,,,,,,,,,,,,,,,,,,,,,,,,,,,,,,,,,,,,,,,,,,,
cpl::Football_Player::d7a3107cbc0c426399a5c65c18e39d14,N. Giantsopoulos,Vancouver FC,Goalkeeper,2019,goalkeeper,5,450,0,0,0,0,0,0,0,0,4,0,0,0,100,74.0,4,0.8,0,0,0,0,0,0,0,0,0.0,0.0,0.0,0.0,0,0,0,0,0,0,0,0,0,0,0,0,0,20.0,450.0,57.0,,6.0,67.0,,,8.0,12.0,,30.0,32.0,77.0,1.0,1.0,,116.0,,67.0,1.0,31.0,16.0,1.0,18.0,,,48.0,5.0,,13.0,178.0,5.0,,1.0,2.0,57.0,,10.0,4.0,18.0,4.0,11.0,4.0,2.0,4.0,2.0,9.0,1.0,5.0,,,10.0,,43.0,54.0,85.0,2.0,3.0,,2.0,3.0,,,,1.0,,,,,,,,,,,,,,,,,,,,,,,,,,,,,,,,,,,,,,,,,,,,,,,,,,,,,,,,,,,,,,,,
cpl::Football_Player::7c054612559b45f2a7ef690616b61862,T. Henry,Forge,Goalkeeper,2019,goalkeeper,22,1980,0,0,0,0,0,0,0,1,8,0,3,0,100,71.0,17,0.77,0,0,1,0,0,0,0,0,0.0,0.0,0.0,0.0,0,0,0,0,0,0,0,0,0,0,0,0,0,55.0,1980.0,219.0,,21.0,349.0,,,53.0,82.0,3.0,178.0,184.0,382.0,3.0,2.0,9.0,616.0,1.0,338.0,14.0,181.0,130.0,,141.0,1.0,1.0,185.0,22.0,2.0,40.0,825.0,22.0,,14.0,7.0,331.0,,10.0,15.0,97.0,8.0,26.0,19.0,10.0,17.0,22.0,28.0,3.0,22.0,1.0,1.0,59.0,2.0,155.0,273.0,435.0,10.0,9.0,2.0,5.0,3.0,,,,,1.0,1.0,,,,,,,,,,,,,,,,,,,,,,,,,,,,,,,,,,,,,,,,,,,,,,,,,,,,,,,,,,,,,,
cpl::Football_Player::16b384ec036b4bccb9be3e98bf2b8088,M. Village,Pacific,Goalkeeper,2019,goalkeeper,16,1440,0,0,0,0,0,0,1,1,4,0,1,0,100,67.0,22,1.38,0,0,0,0,0,0,0,0,0.0,0.0,0.0,0.0,0,0,0,0,0,0,0,0,0,0,0,0,0,47.0,1440.0,176.0,,31.0,291.0,2.0,,60.0,79.0,1.0,170.0,178.0,280.0,2.0,2.0,2.0,512.0,1.0,240.0,18.0,172.0,93.0,,138.0,,1.0,146.0,16.0,,34.0,679.0,16.0,,12.0,5.0,292.0,,10.0,7.0,100.0,4.0,23.0,13.0,3.0,8.0,5.0,24.0,2.0,16.0,,1.0,57.0,1.0,127.0,214.0,340.0,3.0,4.0,1.0,4.0,4.0,,,,,,,1.0,1.0,1.0,1.0,1.0,1.0,,,,,,,,,,,,,,,,,,,,,,,,,,,,,,,,,,,,,,,,,,,,,,,,,,,,,,,,
cpl::Football_Player::7517829ba9bc4c5f89f19a60bcaa4cc8,D. Powley,Edmonton,Goalkeeper,2019,goalkeeper,6,540,0,0,0,0,0,0,0,0,1,0,0,0,100,62.0,9,1.5,0,0,0,0,0,0,0,0,0.0,0.0,0.0,0.0,0,0,0,0,0,0,0,0,0,0,0,0,0,21.0,540.0,59.0,,22.0,127.0,,,35.0,43.0,,82.0,85.0,99.0,1.0,2.0,,217.0,,80.0,8.0,83.0,38.0,1.0,61.0,,1.0,49.0,6.0,1.0,22.0,271.0,6.0,,2.0,1.0,148.0,,10.0,3.0,54.0,1.0,5.0,4.0,2.0,3.0,2.0,15.0,2.0,6.0,,1.0,22.0,,31.0,86.0,134.0,2.0,1.0,,1.0,1.0,,,,,,1.0,,,,,,,,,,,,,,,,,,,,,,,,,,,,,,,,,,,,,,,,,,,,,,,,,,,,,,,,,,,,,,
cpl::Football_Player::c838c44902a6469485723a328e0d5531,M. Silva,York,Goalkeeper,2019,goalkeeper,1,90,0,0,0,0,0,0,0,0,0,0,0,0,0,79.0,1,1.0,0,0,0,0,0,0,0,0,0.0,0.0,0.0,0.0,0,0,0,0,0,0,0,0,0,0,0,0,0,,90.0,10.0,,1.0,21.0,,,2.0,2.0,,7.0,7.0,24.0,,,,33.0,,22.0,1.0,7.0,4.0,,6.0,,,2.0,1.0,,1.0,34.0,1.0,,,,18.0,,10.0,,4.0,,,,,,,,,1.0,,,2.0,,11.0,17.0,26.0,,,,,,,,,,,,,,,,,,,,,,,,,,,,,,,,,,,,,,,,,,,,,,,,,,,,,,,,,,,,,,,,,,,,,,,,,
cpl::Football_Player::7767100bdddf4f7caae2877d0d835da6,C. Vance,York,Goalkeeper,2019,goalkeeper,1,90,0,0,0,0,0,0,0,0,0,0,0,0,100,73.0,2,2.0,0,0,0,0,0,0,0,0,0.0,0.0,0.0,0.0,0,0,0,0,0,0,0,0,0,0,0,0,0,4.0,90.0,13.0,,3.0,15.0,,,4.0,2.0,,6.0,7.0,12.0,,,,22.0,,10.0,1.0,6.0,2.0,1.0,5.0,,1.0,13.0,1.0,,1.0,42.0,1.0,,3.0,,15.0,,10.0,1.0,6.0,,1.0,3.0,1.0,1.0,1.0,3.0,,1.0,,,2.0,,5.0,12.0,16.0,1.0,,,,1.0,,,,,,,,,,,,,,,,,,,,,,,,,,,,,,,,,,,,,,,,,,,,,,,,,,,,,,,,,,,,,,,,,,,,
cpl::Football_Player::1eb98b2bea804d4d8d782dc585fc4124,T. Farago,Valour,Goalkeeper,2019,goalkeeper,16,1440,0,0,0,0,0,0,0,0,3,0,0,0,80,57.0,30,1.88,0,0,0,0,0,0,0,0,0.0,0.0,0.0,0.0,0,0,0,0,0,0,0,0,0,0,0,0,0,47.0,1440.0,158.0,,24.0,227.0,,,58.0,75.0,,207.0,213.0,215.0,3.0,3.0,1.0,483.0,,177.0,26.0,210.0,70.0,3.0,179.0,,2.0,164.0,16.0,1.0,31.0,644.0,16.0,,14.0,5.0,328.0,,10.0,6.0,96.0,3.0,16.0,10.0,4.0,10.0,7.0,30.0,3.0,16.0,,3.0,85.0,3.0,85.0,156.0,273.0,5.0,2.0,4.0,2.0,4.0,,,,1.0,,,2.0,1.0,,,,,1.0,1.0,2.0,,,,,,,,,,,,,,,,,,,,,,,,,,,,,,,,,,,,,,,,,,,,,,,,,,,,,
cpl::Football_Player::0665c6ea0ce84bd49b9ebba2cf80c8e2,N. Wirth,Pacific,Goalkeeper,2019,goalkeeper,12,1080,0,0,0,0,0,0,0,0,0,0,0,0,100,65.0,24,2.0,0,0,0,0,0,0,0,0,0.0,0.0,0.0,0.0,0,0,0,0,0,0,0,0,0,0,0,0,0,59.0,1080.0,146.0,,23.0,235.0,1.0,,31.0,73.0,,147.0,150.0,233.0,,3.0,4.0,411.0,,180.0,22.0,147.0,85.0,,104.0,,,116.0,12.0,1.0,43.0,568.0,12.0,,6.0,,219.0,,10.0,1.0,84.0,,27.0,18.0,1.0,1.0,15.0,32.0,3.0,12.0,,4.0,38.0,,107.0,165.0,264.0,1.0,1.0,,,2.0,,,,,,,,,,,,1.0,,,,,,,,,,,,,,,,,,,,,,,,,,,,,,,,,,,,,,,,,,,,,,,,,,,,,,,,
cpl::Football_Player::0431bad1fa9344b085a6c56889ed82d1,Q. Roberts,Forge,Goalkeeper,2019,goalkeeper,8,720,0,0,0,0,0,0,1,0,2,0,0,0,100,72.0,9,1.12,0,0,0,0,0,0,0,0,0.0,0.0,0.0,0.0,0,0,0,0,0,0,0,0,0,0,0,0,0,27.0,720.0,90.0,,8.0,117.0,,,20.0,22.0,,57.0,62.0,130.0,3.0,1.0,,210.0,,111.0,8.0,60.0,44.0,,47.0,,,73.0,8.0,2.0,13.0,297.0,8.0,,2.0,3.0,119.0,,10.0,6.0,39.0,2.0,10.0,3.0,3.0,6.0,2.0,17.0,2.0,8.0,,,22.0,,47.0,94.0,150.0,3.0,4.0,,3.0,1.0,,,,,,1.0,1.0,1.0,,1.0,1.0,,,,,,,,,,,,,,,,,,,,,,,,,,,,,,,,,,,,,,,,,,,,,,,,,,,,,,,,,
cpl::Football_Player::364352c812a14e868234e4883c9bd4e0,N. Ingham,Atlético,Goalkeeper,2019,goalkeeper,26,2340,0,0,0,0,0,0,0,0,13,0,0,0,94,72.0,34,1.31,0,0,0,0,0,0,0,0,0.0,0.0,0.0,0.0,0,0,0,0,0,0,0,0,0,0,0,0,0,89.0,2340.0,298.0,,73.0,526.0,1.0,,145.0,106.0,,246.0,263.0,481.0,7.0,1.0,13.0,879.0,,406.0,25.0,253.0,118.0,1.0,194.0,1.0,2.0,249.0,26.0,1.0,59.0,1181.0,26.0,,22.0,8.0,610.0,,10.0,26.0,220.0,13.0,29.0,32.0,18.0,27.0,24.0,60.0,2.0,26.0,1.0,6.0,75.0,,151.0,408.0,626.0,19.0,6.0,1.0,8.0,9.0,,,,,,,,1.0,,,,,,1.0,,1.0,,,,,,,,,,,,,,,,,,,,,,,,,,,,,,,,,,,,,,,,,,,,,,,,,,,,
cpl::Football_Player::65d2bf4929274b6f94dbbb949093b783,J. Wheeldon,Cavalry,Defender,2019,defender,18,1497,0,0,5,0,0,0,12,12,6,0,6,0,59,83.0,9,0.54,0,0,0,0,0,0,0,0,0.0,0.0,0.0,0.0,0,0,0,0,0,0,0,0,0,0,0,0,0,,1497.0,,,8.0,765.0,1.0,41.0,105.0,40.0,6.0,89.0,154.0,545.0,52.0,,,791.0,12.0,563.0,9.0,141.0,219.0,1.0,97.0,,,61.0,17.0,,44.0,945.0,18.0,6.0,,40.0,294.0,15.0,10.0,66.0,87.0,6.0,,,42.0,111.0,71.0,,,18.0,,,,16.0,237.0,628.0,650.0,71.0,7.0,45.0,24.0,,3.0,,,,,2.0,16.0,5.0,1.0,,12.0,14.0,3.0,29.0,4.0,,1.0,5.0,5.0,3.0,6.0,1.0,,,,,,,,,,,,,,,,,,,,,,,,,,,,,,,,,,,,,,,,,,,,,,
cpl::Football_Player::14db7405a9c04988b3f8c7e7462ccab0,D. Northover,Cavalry,Defender,2019,defender,8,609,0,0,1,0,0,0,13,13,14,0,2,1,50,70.0,5,0.74,0,0,0,0,0,0,0,0,0.0,0.0,0.0,0.0,0,0,0,0,0,0,0,0,0,0,0,0,0,,609.0,,,1.0,251.0,2.0,62.0,91.0,16.0,2.0,26.0,133.0,92.0,51.0,,,256.0,13.0,165.0,4.0,77.0,18.0,4.0,69.0,,,34.0,7.0,,23.0,477.0,8.0,9.0,,67.0,113.0,2.0,10.0,52.0,14.0,14.0,,,12.0,91.0,10.0,,,8.0,,,,27.0,63.0,174.0,179.0,24.0,1.0,39.0,40.0,1.0,2.0,1.0,1.0,,,6.0,20.0,12.0,,,13.0,15.0,5.0,12.0,7.0,68.0,1.0,1.0,1.0,,,,15.0,4.0,16.0,4.0,4.0,15.0,1.0,,,,,,,,,,,,,,,,,,,,,,,,,,,,,,,,,,,,,,,
cpl::Football_Player::528b48f0adc7452ea0b4d13358823c87,N. Mavila,Cavalry,Defender,2019,defender,25,2021,0,1,1,0,0,1,35,38,24,0,2,1,51,70.0,13,0.58,3,0,0,0,0,0,0,0,0.0,0.0,0.0,0.0,0,0,0,0,0,0,0,0,0,0,0,0,0,,2021.0,,1.0,13.0,828.0,11.0,137.0,261.0,43.0,2.0,111.0,435.0,348.0,150.0,2.0,,862.0,38.0,531.0,10.0,261.0,284.0,7.0,211.0,,,113.0,23.0,,84.0,1448.0,25.0,16.0,,210.0,411.0,2.0,10.0,140.0,70.0,24.0,,,28.0,264.0,44.0,,,25.0,,,,98.0,30.0,572.0,601.0,54.0,7.0,124.0,112.0,3.0,6.0,1.0,,,,36.0,53.0,45.0,2.0,,35.0,23.0,20.0,26.0,18.0,149.0,2.0,1.0,1.0,,5.0,,31.0,8.0,66.0,8.0,17.0,34.0,,1.0,3.0,1.0,2.0,1.0,1.0,,,,,,,,,,,,,,,,,,,,,,,,,,,,,,,,,
cpl::Football_Player::234ca5343e0d44918510c10cf986e4a0,N. Langwa,Wanderers,Defender,2019,defender,19,1281,0,0,6,0,3,0,47,22,23,1,3,0,75,70.0,16,1.12,2,0,1,0,0,0,0,0,0.0,0.0,0.0,0.0,0,0,0,0,0,0,0,0,0,0,0,0,0,,1281.0,,,2.0,452.0,9.0,49.0,124.0,21.0,3.0,51.0,295.0,210.0,95.0,1.0,,472.0,22.0,301.0,14.0,146.0,166.0,10.0,113.0,,,90.0,14.0,,57.0,1004.0,19.0,13.0,,260.0,243.0,19.0,10.0,154.0,25.0,23.0,,,9.0,272.0,21.0,,,19.0,,,,115.0,14.0,311.0,326.0,12.0,4.0,118.0,145.0,2.0,2.0,,,,,58.0,64.0,40.0,1.0,,47.0,17.0,16.0,3.0,17.0,131.0,5.0,3.0,6.0,,,,20.0,8.0,21.0,1.0,34.0,24.0,,,2.0,,,,,1.0,2.0,3.0,3.0,,,,,,,,,,,,,,,,,,,,,,,,,,,,,
cpl::Football_Player::59c28751c88d4dd894cf8907e233745f,J. Waterman,Montréal,Defender,2019,defender,22,1719,1,2,6,0,4,2,23,19,35,0,4,1,64,85.0,13,0.68,0,0,0,0,0,0,0,0,0.0,0.0,0.0,0.0,0,0,0,0,0,0,0,0,0,0,0,0,0,,1719.0,,1.0,16.0,1114.0,2.0,102.0,315.0,37.0,4.0,91.0,216.0,652.0,90.0,1.0,,1147.0,19.0,852.0,10.0,181.0,281.0,8.0,135.0,,,139.0,19.0,,52.0,1429.0,22.0,12.0,,133.0,496.0,20.0,10.0,120.0,114.0,35.0,,,38.0,192.0,49.0,,,22.0,,,,51.0,268.0,940.0,966.0,59.0,7.0,72.0,82.0,3.0,1.0,1.0,1.0,,,10.0,37.0,14.0,1.0,,23.0,48.0,5.0,21.0,14.0,20.0,3.0,2.0,6.0,3.0,8.0,,6.0,1.0,4.0,1.0,6.0,6.0,,3.0,,,,2.0,2.0,,,4.0,,1.0,1.0,1.0,,,,,,,,,,,,,,,,,,,,,,,,,,
cpl::Football_Player::347018d8099042888a6076bd0cea0744,K. Çela,Forge,Defender,2019,defender,8,326,1,1,1,0,1,1,7,6,9,1,0,0,50,69.0,7,1.93,0,0,0,0,0,0,0,0,0.0,0.0,0.0,0.0,0,0,0,0,0,0,0,0,0,0,0,0,0,,326.0,,,2.0,106.0,,18.0,39.0,2.0,,5.0,62.0,39.0,30.0,1.0,,111.0,6.0,69.0,6.0,35.0,3.0,1.0,34.0,,,14.0,3.0,,8.0,242.0,8.0,1.0,,39.0,50.0,6.0,10.0,35.0,7.0,9.0,,,9.0,57.0,19.0,,,8.0,,,,13.0,40.0,71.0,76.0,18.0,,22.0,26.0,1.0,1.0,,,,,2.0,15.0,3.0,1.0,,7.0,4.0,,9.0,8.0,35.0,5.0,,1.0,1.0,2.0,,7.0,2.0,11.0,2.0,1.0,7.0,,1.0,,,,1.0,1.0,1.0,,1.0,,1.0,1.0,1.0,,,,,,,,,,,,,,,,,,,,,,,,,,
cpl::Football_Player::94c3ab35a187436683aa1e7c720bf37a,D. Lee,Wanderers,Defender,2019,defender,8,678,0,0,0,0,0,0,24,18,4,0,1,0,27,78.0,9,1.19,0,0,0,0,0,0,0,0,0.0,0.0,0.0,0.0,0,0,0,0,0,0,0,0,0,0,0,0,0,,678.0,,,4.0,262.0,1.0,21.0,52.0,5.0,1.0,25.0,74.0,161.0,36.0,,,273.0,18.0,192.0,7.0,61.0,85.0,1.0,39.0,,,50.0,7.0,,24.0,385.0,8.0,11.0,,59.0,132.0,2.0,10.0,40.0,20.0,4.0,,,3.0,70.0,21.0,,,8.0,,,,22.0,35.0,202.0,212.0,11.0,1.0,30.0,37.0,2.0,1.0,,,,,5.0,28.0,10.0,1.0,,24.0,9.0,5.0,8.0,4.0,9.0,1.0,,,1.0,4.0,,2.0,1.0,3.0,1.0,2.0,2.0,,,,,,,,,,,,,,,,,,,,,,,,,,,,,,,,,,,,,,,,
cpl::Football_Player::a766cd1734d84307a9ace241b64d8ed2,J. Esua,Edmonton,Defender,2019,defender,21,1799,0,2,5,0,1,2,19,20,20,5,2,1,68,75.0,20,1.0,0,0,0,0,0,0,0,0,0.0,0.0,0.0,0.0,0,0,0,0,0,0,0,0,0,0,0,0,0,,1799.0,,,20.0,747.0,12.0,169.0,256.0,67.0,2.0,103.0,399.0,323.0,94.0,4.0,,762.0,20.0,499.0,17.0,197.0,37.0,13.0,211.0,,,129.0,20.0,,64.0,1335.0,21.0,8.0,,121.0,308.0,18.0,10.0,111.0,66.0,20.0,,,39.0,178.0,43.0,,,21.0,,,,49.0,248.0,551.0,565.0,57.0,8.0,67.0,72.0,3.0,1.0,1.0,1.0,,,31.0,24.0,32.0,2.0,,19.0,32.0,10.0,18.0,5.0,149.0,1.0,4.0,5.0,2.0,7.0,,78.0,14.0,57.0,14.0,14.0,78.0,,3.0,,,,2.0,2.0,5.0,,1.0,,,,,1.0,,,,,,,,,,,,,,,,,,,,,,,,,
cpl::Football_Player::b81cbecf6fd24278954a45cb13e12632,K. Moses,Edmonton,Defender,2019,defender,15,970,0,0,9,0,1,0,14,12,20,0,2,0,69,76.0,13,1.21,0,0,0,0,0,0,0,0,0.0,0.0,0.0,0.0,0,0,0,0,0,0,0,0,0,0,0,0,0,,970.0,,1.0,8.0,353.0,4.0,46.0,130.0,14.0,2.0,40.0,134.0,152.0,52.0,3.0,,372.0,12.0,241.0,13.0,92.0,40.0,4.0,79.0,,,50.0,11.0,,26.0,582.0,15.0,5.0,,62.0,167.0,18.0,10.0,78.0,39.0,20.0,,,32.0,108.0,26.0,,,15.0,,,,16.0,119.0,262.0,280.0,46.0,1.0,30.0,46.0,,3.0,,,,,6.0,22.0,16.0,,,14.0,16.0,7.0,14.0,8.0,33.0,4.0,8.0,9.0,3.0,7.0,,13.0,2.0,8.0,2.0,,13.0,,2.0,,,,,,,,1.0,,,,,,,,,,,,,,,,,,,,,,,,,,,,,,
cpl::Football_Player::9872d0a42804454098f50f548fd3f290,P. Schaale,Wanderers,Defender,2019,defender,17,1530,1,1,18,0,5,1,31,20,6,1,2,0,60,69.0,23,1.35,0,0,1,0,0,0,0,0,0.0,0.0,0.0,0.0,0,0,0,0,0,0,0,0,0,0,0,0,0,,1530.0,,,6.0,625.0,5.0,16.0,115.0,24.0,2.0,111.0,229.0,342.0,99.0,2.0,,667.0,20.0,388.0,21.0,210.0,93.0,3.0,136.0,,,90.0,17.0,,74.0,933.0,17.0,7.0,,91.0,364.0,25.0,10.0,107.0,69.0,6.0,,,54.0,181.0,100.0,,,17.0,,,,38.0,194.0,420.0,457.0,90.0,5.0,74.0,53.0,2.0,,,,,,6.0,42.0,15.0,,,31.0,24.0,4.0,36.0,11.0,2.0,,13.0,18.0,5.0,18.0,,,,1.0,,,,,,,,,,1.0,1.0,,5.0,2.0,1.0,1.0,1.0,,,,,,,,,,,,,,,,,,,,,,,,,,
cpl::Football_Player::7f9d7ceadf134f2c802fd76f21983b46,B. Smith,Pacific,Defender,2019,defender,24,2004,0,5,7,0,0,5,24,23,24,3,3,0,53,82.0,41,1.84,0,0,0,0,0,0,0,0,0.0,0.0,0.0,0.0,0,0,0,0,0,0,0,0,0,0,0,0,0,,2004.0,,,20.0,1031.0,7.0,216.0,366.0,49.0,3.0,74.0,305.0,500.0,123.0,4.0,,1050.0,23.0,776.0,36.0,197.0,381.0,16.0,176.0,,,147.0,22.0,,65.0,1585.0,24.0,8.0,,114.0,412.0,12.0,10.0,85.0,77.0,24.0,,,21.0,153.0,52.0,,,24.0,,,,50.0,41.0,836.0,853.0,39.0,2.0,68.0,64.0,5.0,,,,,,9.0,33.0,26.0,2.0,,24.0,41.0,13.0,18.0,9.0,178.0,2.0,7.0,7.0,2.0,5.0,,44.0,13.0,22.0,13.0,6.0,44.0,,2.0,,,,4.0,5.0,3.0,,,,,,,,,,,,,,,,,,,,,,,,,,,,,,,,
cpl::Football_Player::d1f7a45d1b0d48fa84ac505abc9a8a91,M. Temguia,Edmonton,Defender,2019,defender,27,2430,2,0,10,0,5,0,42,40,29,0,3,0,63,80.0,30,1.11,0,0,0,0,0,0,0,0,0.0,0.0,0.0,0.0,0,0,0,0,0,0,0,0,0,0,0,0,0,,2430.0,,3.0,20.0,1276.0,2.0,107.0,229.0,53.0,3.0,141.0,318.0,813.0,123.0,5.0,,1306.0,40.0,948.0,27.0,264.0,430.0,4.0,165.0,,,148.0,27.0,,100.0,1692.0,27.0,20.0,,178.0,563.0,25.0,10.0,142.0,94.0,29.0,,,44.0,247.0,80.0,,,27.0,,,,80.0,206.0,1021.0,1042.0,69.0,8.0,105.0,98.0,3.0,,,,,,7.0,63.0,27.0,1.0,,42.0,54.0,20.0,25.0,21.0,17.0,,5.0,10.0,2.0,13.0,,1.0,,5.0,,6.0,1.0,,,,,,,,,,5.0,,2.0,2.0,2.0,1.0,,,,,,,,,,,,,,,,,,,,,,,,,
cpl::Football_Player::5dd63e2f035e4b68a7987b7a747ecd51,L. MacNaughton,,Defender,2019,defender,20,1704,2,0,5,0,2,0,15,24,12,0,2,1,58,86.0,26,1.37,0,0,0,0,0,0,0,0,0.0,0.0,0.0,0.0,0,0,0,0,0,0,0,0,0,0,0,0,0,,1704.0,,3.0,21.0,1022.0,1.0,96.0,188.0,45.0,2.0,79.0,161.0,718.0,71.0,4.0,,1055.0,24.0,807.0,24.0,150.0,169.0,,99.0,,,72.0,19.0,,52.0,1283.0,20.0,7.0,,60.0,403.0,7.0,10.0,80.0,98.0,12.0,,,47.0,140.0,97.0,,,20.0,,,,27.0,387.0,875.0,905.0,80.0,3.0,60.0,33.0,2.0,1.0,1.0,,,,3.0,20.0,11.0,,,15.0,29.0,5.0,33.0,5.0,3.0,1.0,3.0,5.0,1.0,16.0,1.0,1.0,1.0,,1.0,,1.0,,,,1.0,,,,,,2.0,,2.0,,2.0,,2.0,,,,,,,,,,,,,,,,,,,,,,,,
cpl::Football_Player::46e85b6f18f042fe837554290482828b,A. Đidić,Atlético,Defender,2019,defender,19,1650,0,3,21,0,10,3,20,21,3,2,3,0,76,82.0,25,1.36,0,0,1,0,0,0,0,0,0.0,0.0,0.0,0.0,0,0,0,0,0,0,0,0,0,0,0,0,0,,1650.0,,2.0,18.0,906.0,5.0,67.0,205.0,33.0,3.0,72.0,190.0,559.0,98.0,5.0,,933.0,21.0,638.0,21.0,170.0,131.0,13.0,104.0,,,92.0,19.0,,66.0,1180.0,19.0,7.0,,59.0,357.0,47.0,10.0,108.0,125.0,3.0,,,73.0,155.0,109.0,,,19.0,,,,24.0,378.0,740.0,763.0,96.0,4.0,47.0,35.0,4.0,1.0,,,,1.0,4.0,29.0,7.0,,,20.0,23.0,3.0,23.0,9.0,1.0,,11.0,21.0,2.0,19.0,1.0,,1.0,1.0,1.0,1.0,,,1.0,,,,1.0,3.0,2.0,,10.0,2.0,,,,,,,,,,,,,,,,,,,,,,,,,,,,,
cpl::Football_Player::907ea07d836b4d78a6fd1c95e7081ee6,D. Zator,Cavalry,Defender,2019,defender,29,2425,1,2,22,0,7,2,30,17,20,2,0,0,60,73.0,17,0.63,0,0,1,0,0,0,0,0,0.0,0.0,0.0,0.0,0,0,0,0,0,0,0,0,0,0,0,0,0,,2425.0,,,29.0,1383.0,11.0,104.0,332.0,75.0,,175.0,508.0,722.0,220.0,2.0,,1445.0,17.0,926.0,17.0,395.0,153.0,12.0,284.0,,,143.0,26.0,,133.0,1943.0,29.0,10.0,,125.0,703.0,67.0,10.0,170.0,124.0,20.0,,,90.0,273.0,77.0,,,29.0,,,,45.0,485.0,1002.0,1050.0,148.0,11.0,103.0,80.0,,,,,,,16.0,45.0,44.0,,,30.0,51.0,19.0,58.0,15.0,70.0,3.0,15.0,22.0,8.0,12.0,,22.0,4.0,46.0,4.0,8.0,22.0,1.0,,,,,1.0,2.0,2.0,,7.0,,1.0,,1.0,,1.0,,,,,,,,,,,,,,,,,,,,,,,,
cpl::Football_Player::4d80c00c2a1f41918fca2b04e26b6034,D. Edgar,Ottawa Fury,Defender,2019,defender,11,834,1,0,6,0,2,0,6,5,3,1,1,0,65,84.0,5,0.54,0,0,1,0,0,0,0,0,0.0,0.0,0.0,0.0,0,0,0,0,0,0,0,0,0,0,0,0,0,,834.0,,,5.0,471.0,,24.0,133.0,14.0,1.0,45.0,94.0,287.0,39.0,2.0,,504.0,5.0,384.0,4.0,84.0,65.0,,62.0,,,38.0,9.0,,24.0,596.0,11.0,4.0,,26.0,233.0,8.0,10.0,29.0,36.0,3.0,,,13.0,46.0,35.0,,,11.0,,,,10.0,182.0,393.0,420.0,20.0,6.0,17.0,16.0,1.0,,,,,,1.0,12.0,3.0,,,6.0,8.0,2.0,7.0,6.0,,2.0,4.0,6.0,,5.0,,2.0,,1.0,,,2.0,,,,,,,,1.0,,2.0,1.0,1.0,,1.0,,1.0,,,,,,,,,,,,,,,,,,,,,,,,
cpl::Football_Player::d598a27118fe42fc8fe3eb136ed467f5,S. Furlano,York,Defender,2019,defender,15,517,0,2,3,0,1,2,9,15,4,0,4,0,53,75.0,11,1.91,4,0,0,0,0,0,0,0,0.0,0.0,0.0,0.0,0,0,0,0,0,0,0,0,0,0,0,0,0,,517.0,,,1.0,216.0,2.0,37.0,77.0,5.0,4.0,22.0,86.0,98.0,35.0,,,227.0,15.0,159.0,6.0,57.0,47.0,7.0,48.0,,,24.0,4.0,,16.0,326.0,15.0,9.0,,46.0,88.0,11.0,10.0,27.0,11.0,4.0,,,8.0,61.0,6.0,,,15.0,,,,27.0,55.0,162.0,170.0,15.0,,34.0,19.0,5.0,2.0,,,,,2.0,14.0,7.0,,,9.0,11.0,3.0,7.0,5.0,7.0,11.0,2.0,3.0,,2.0,,4.0,5.0,4.0,4.0,4.0,7.0,,,4.0,,3.0,2.0,2.0,,1.0,1.0,,,,,,,,,,,,,,,,,,,,,,,,,,,,,,
cpl::Football_Player::b4a511eace5b4ce18a0944a6b52b4827,H. Starostzik,Pacific,Defender,2019,defender,15,1161,1,0,5,0,2,0,11,18,5,1,3,0,76,87.0,21,1.63,0,0,0,0,0,0,0,0,0.0,0.0,0.0,0.0,0,0,0,0,0,0,0,0,0,0,0,0,0,,1161.0,,,10.0,679.0,,41.0,99.0,25.0,3.0,50.0,95.0,506.0,41.0,3.0,,695.0,18.0,545.0,18.0,91.0,248.0,3.0,54.0,,,61.0,13.0,,37.0,840.0,15.0,8.0,,38.0,274.0,6.0,10.0,47.0,59.0,5.0,,,32.0,80.0,70.0,,,15.0,,,,23.0,132.0,591.0,604.0,42.0,2.0,33.0,15.0,3.0,2.0,,,,,,13.0,7.0,,,11.0,24.0,3.0,10.0,2.0,2.0,2.0,3.0,5.0,1.0,8.0,,,1.0,,1.0,,,,,,,,,,1.0,,2.0,,1.0,,1.0,,1.0,,,,,,,,,,,,,,,,,,,,,,,,
cpl::Football_Player::8d7834c08c834b28a4daef064d1e6041,D. Krutzen,Forge,Defender,2019,defender,28,2471,1,2,11,0,5,2,24,23,13,0,0,0,55,78.0,24,0.87,14,0,1,0,0,0,0,0,0.0,0.0,0.0,0.0,0,0,0,0,0,0,0,0,0,0,0,0,0,,2471.0,,,21.0,1510.0,9.0,105.0,525.0,61.0,,191.0,431.0,694.0,159.0,3.0,,1562.0,23.0,1041.0,21.0,350.0,465.0,16.0,285.0,,,155.0,27.0,,89.0,2030.0,28.0,14.0,,108.0,731.0,17.0,10.0,113.0,171.0,13.0,,,47.0,193.0,95.0,,,28.0,,,,42.0,261.0,1177.0,1212.0,85.0,12.0,80.0,66.0,3.0,1.0,,,,,5.0,49.0,26.0,,,24.0,44.0,18.0,38.0,25.0,97.0,1.0,6.0,11.0,1.0,9.0,,11.0,7.0,27.0,1.0,1.0,24.0,,1.0,14.0,,6.0,2.0,2.0,,5.0,5.0,4.0,1.0,,1.0,,1.0,,,,,,,,,,,,,,,,,,,,,,,,
cpl::Football_Player::0437038bc2254a4a93d8d74d4278c768,M. Mohsen,Forge,Defender,2019,defender,9,363,1,0,4,0,1,0,5,9,8,0,2,0,45,79.0,2,0.5,4,0,0,0,0,0,0,0,0.0,0.0,0.0,0.0,0,0,0,0,0,0,0,0,0,0,0,0,0,,363.0,,1.0,3.0,108.0,,27.0,53.0,3.0,2.0,4.0,71.0,38.0,20.0,1.0,,111.0,9.0,83.0,2.0,24.0,44.0,4.0,28.0,,,10.0,4.0,,4.0,244.0,9.0,4.0,,51.0,36.0,3.0,10.0,26.0,4.0,8.0,,,5.0,62.0,5.0,,,9.0,,,,30.0,4.0,84.0,87.0,11.0,1.0,36.0,21.0,,3.0,,,,,4.0,9.0,5.0,,,5.0,5.0,2.0,6.0,4.0,29.0,5.0,3.0,4.0,,1.0,,6.0,4.0,9.0,2.0,4.0,8.0,,,4.0,,2.0,,,,2.0,1.0,,1.0,,,,,1.0,1.0,,,,,,,,,,,,,,,,,,,,,,
cpl::Football_Player::687b021f2aa1423b944774a5ae2266fa,B. Owundi,Forge,Defender,2019,defender,22,1757,0,0,2,0,0,0,14,17,12,1,4,0,54,83.0,20,1.02,0,0,1,0,0,0,0,0,0.0,0.0,0.0,0.0,0,0,0,0,0,0,0,0,0,0,0,0,0,,1757.0,,,18.0,1025.0,1.0,72.0,259.0,46.0,4.0,94.0,195.0,615.0,87.0,1.0,,1054.0,17.0,815.0,17.0,181.0,378.0,,130.0,,,92.0,19.0,,52.0,1269.0,22.0,8.0,,66.0,442.0,6.0,10.0,74.0,58.0,12.0,,,37.0,134.0,91.0,,,22.0,,,,29.0,162.0,847.0,873.0,68.0,7.0,60.0,37.0,3.0,1.0,,,,,5.0,20.0,18.0,,,14.0,24.0,7.0,31.0,6.0,3.0,3.0,2.0,2.0,1.0,10.0,,1.0,1.0,,1.0,,1.0,,,,,,,,1.0,,,,,,,,,,,,,,,,,,,,,,,,,,,,,,,,
cpl::Football_Player::ebfeb9e972964148846658f57142a247,R. Thompson,York,Defender,2019,defender,10,802,0,0,3,0,0,0,5,9,3,0,1,0,57,85.0,9,1.01,0,0,0,0,0,0,0,0,0.0,0.0,0.0,0.0,0,0,0,0,0,0,0,0,0,0,0,0,0,,802.0,,,4.0,519.0,1.0,14.0,103.0,18.0,1.0,43.0,89.0,342.0,38.0,,,526.0,9.0,389.0,6.0,81.0,153.0,4.0,51.0,,,40.0,9.0,,30.0,635.0,10.0,4.0,,30.0,223.0,5.0,10.0,37.0,56.0,3.0,,,23.0,70.0,43.0,,,10.0,,,,16.0,136.0,438.0,445.0,40.0,2.0,33.0,14.0,3.0,1.0,,,,1.0,1.0,10.0,3.0,,,5.0,18.0,1.0,17.0,5.0,2.0,1.0,3.0,3.0,,10.0,,,,1.0,,,,,,,,,,,,,,,,,,,,,,,,,,,,,,,,,,,,,,,,,,,
cpl::Football_Player::4a6631a1e64048b684e1097684c7e88b,L. Gasparotto,York,Defender,2019,defender,28,2520,1,0,14,0,5,0,24,22,24,2,3,0,76,84.0,37,1.32,0,0,0,0,0,0,0,0,0.0,0.0,0.0,0.0,0,0,0,0,0,0,0,0,0,0,0,0,0,,2520.0,,1.0,16.0,1355.0,1.0,104.0,220.0,49.0,3.0,87.0,257.0,943.0,149.0,1.0,,1399.0,22.0,1074.0,27.0,236.0,278.0,9.0,135.0,,,140.0,28.0,,101.0,1740.0,28.0,10.0,,94.0,581.0,48.0,10.0,189.0,89.0,24.0,,,128.0,262.0,116.0,,,28.0,,,,33.0,436.0,1123.0,1163.0,168.0,6.0,73.0,61.0,10.0,,,,,,8.0,33.0,18.0,1.0,,24.0,50.0,8.0,40.0,9.0,8.0,,9.0,14.0,7.0,28.0,,,,,,3.0,,,,,,,,,2.0,,5.0,,1.0,,1.0,,1.0,,,1.0,,,,,,,,,,,,,,,,,,,,,
cpl::Football_Player::9a8c1c58c9cb40d0be8f066b13f3ba47,J. Murrell,Valour,Defender,2019,defender,20,1784,0,0,4,0,3,0,27,30,14,0,4,1,64,77.0,33,1.66,0,0,0,0,0,0,0,0,0.0,0.0,0.0,0.0,0,0,0,0,0,0,0,0,0,0,0,0,0,,1784.0,,1.0,9.0,712.0,7.0,52.0,218.0,49.0,4.0,100.0,220.0,344.0,77.0,4.0,,738.0,30.0,494.0,28.0,177.0,171.0,5.0,131.0,,,88.0,20.0,,55.0,1052.0,20.0,18.0,,125.0,340.0,12.0,10.0,110.0,67.0,14.0,,,42.0,190.0,64.0,,,20.0,,,,57.0,175.0,543.0,561.0,65.0,4.0,80.0,68.0,5.0,1.0,1.0,1.0,,1.0,8.0,46.0,15.0,1.0,,27.0,25.0,9.0,23.0,19.0,60.0,,1.0,4.0,1.0,15.0,1.0,9.0,1.0,6.0,1.0,7.0,9.0,,,,,,,,,,3.0,,,,,,,,,,,,,,,,,,,,,,,,,,,,,,
cpl::Football_Player::6981001867ad42d9b6d9bfc216cfab71,D. Samuel,Forge,Defender,2019,defender,26,2134,0,1,2,0,0,1,29,43,39,0,5,1,51,79.0,19,0.8,0,0,0,0,0,0,0,0,0.0,0.0,0.0,0.0,0,0,0,0,0,0,0,0,0,0,0,0,0,,2134.0,,2.0,8.0,888.0,7.0,78.0,319.0,42.0,5.0,72.0,291.0,411.0,121.0,2.0,,919.0,43.0,663.0,16.0,193.0,150.0,4.0,119.0,,,110.0,25.0,,85.0,1409.0,26.0,22.0,,161.0,446.0,10.0,10.0,124.0,63.0,39.0,,,31.0,221.0,75.0,,,26.0,,,,68.0,245.0,699.0,726.0,60.0,8.0,97.0,93.0,3.0,4.0,1.0,,,,12.0,43.0,27.0,,,29.0,32.0,14.0,29.0,14.0,117.0,1.0,2.0,2.0,,9.0,,11.0,4.0,26.0,4.0,8.0,11.0,,1.0,,1.0,,,1.0,,,,,,,,,,,,1.0,,,,,,,,,,,,,,,,,,,,,
cpl::Football_Player::e7267f506fe9420b8f1529ab912d5a08,M. Hamilton,Cavalry,Defender,2019,defender,18,1275,0,2,4,0,1,2,19,13,12,4,1,0,70,85.0,12,0.85,2,0,1,0,0,0,0,0,0.0,0.0,0.0,0.0,0,0,0,0,0,0,0,0,0,0,0,0,0,,1275.0,,,2.0,578.0,5.0,114.0,226.0,12.0,1.0,24.0,176.0,293.0,67.0,1.0,,605.0,13.0,485.0,9.0,91.0,52.0,6.0,82.0,,,82.0,14.0,,30.0,925.0,18.0,7.0,,116.0,218.0,17.0,10.0,67.0,29.0,12.0,,,7.0,126.0,12.0,,,18.0,,,,56.0,221.0,490.0,514.0,10.0,5.0,59.0,60.0,3.0,3.0,,,,,15.0,33.0,30.0,,,19.0,8.0,11.0,3.0,14.0,100.0,4.0,3.0,4.0,2.0,3.0,,20.0,5.0,17.0,5.0,9.0,21.0,,,2.0,,1.0,1.0,2.0,4.0,,1.0,,,,,,,,,,,,,,,,,,,,,,,,,,,,,,
cpl::Football_Player::cfb4634bc5a0472c9999c3364d73937c,A. De Carolis,Wanderers,Defender,2019,defender,17,1246,0,0,10,0,4,0,21,14,7,1,3,0,46,71.0,21,1.52,8,0,1,0,0,0,0,0,0.0,0.0,0.0,0.0,0,0,0,0,0,0,0,0,0,0,0,0,0,,1246.0,,,6.0,440.0,8.0,92.0,137.0,23.0,3.0,51.0,249.0,200.0,85.0,,,468.0,14.0,304.0,17.0,136.0,112.0,11.0,104.0,,,79.0,15.0,,47.0,831.0,17.0,3.0,,105.0,244.0,10.0,10.0,64.0,28.0,7.0,,,15.0,137.0,35.0,,,17.0,,,,56.0,20.0,310.0,332.0,32.0,3.0,73.0,49.0,4.0,4.0,,,,,8.0,35.0,18.0,,,21.0,13.0,7.0,17.0,14.0,99.0,2.0,6.0,10.0,1.0,4.0,,8.0,5.0,51.0,3.0,12.0,15.0,1.0,,8.0,,2.0,,,1.0,4.0,4.0,3.0,,,,,,,,,,,,,,,,,,,,,,,,,,,,,
cpl::Football_Player::dbae960e1a0c4c7ba2104c9a904d6ab5,K. Awuah,Forge,Defender,2019,defender,27,1975,0,5,5,0,1,5,43,30,22,3,4,0,44,80.0,18,0.82,1,0,0,0,0,0,0,0,0.0,0.0,0.0,0.0,0,0,0,0,0,0,0,0,0,0,0,0,0,,1975.0,,,5.0,1022.0,7.0,180.0,481.0,22.0,4.0,57.0,409.0,365.0,162.0,2.0,,1054.0,30.0,788.0,15.0,219.0,356.0,24.0,183.0,,,164.0,22.0,,61.0,1670.0,27.0,15.0,,230.0,396.0,27.0,10.0,131.0,47.0,22.0,,,21.0,277.0,19.0,,,27.0,,,,120.0,122.0,804.0,835.0,47.0,9.0,146.0,110.0,3.0,5.0,,,,,27.0,61.0,35.0,2.0,,43.0,41.0,15.0,26.0,18.0,162.0,5.0,4.0,5.0,1.0,4.0,1.0,25.0,11.0,28.0,11.0,27.0,25.0,,5.0,1.0,,,3.0,5.0,3.0,,1.0,,,,,,,,,,1.0,,,,,,,,,,,,,,,,,,,,
cpl::Football_Player::1669b606345b4345b00d59de89c1c7eb,D. Abzi,Blainville,Defender,2019,defender,24,1814,1,4,23,0,10,4,33,29,16,2,3,0,59,79.0,22,1.09,1,0,0,0,0,0,0,0,0.0,0.0,0.0,0.0,0,0,0,0,0,0,0,0,0,0,0,0,0,,1814.0,1.0,1.0,9.0,962.0,25.0,166.0,319.0,31.0,3.0,74.0,444.0,472.0,142.0,1.0,,993.0,29.0,714.0,15.0,216.0,446.0,19.0,202.0,,,157.0,21.0,,73.0,1728.0,24.0,11.0,,227.0,350.0,59.0,10.0,138.0,63.0,16.0,,,26.0,271.0,31.0,,,24.0,,,,115.0,31.0,747.0,777.0,44.0,5.0,133.0,112.0,7.0,2.0,,,,,52.0,45.0,52.0,3.0,,33.0,49.0,18.0,18.0,12.0,180.0,3.0,13.0,23.0,6.0,5.0,,58.0,14.0,25.0,14.0,49.0,59.0,,,1.0,,1.0,2.0,4.0,2.0,,10.0,,1.0,,1.0,,,,1.0,,,,,,,,,,,,,,,,,,,,,,
cpl::Football_Player::e326249a70d9429ea38dcc14c036af89,M. Arguiñarena,Valour,Defender,2019,defender,18,1534,0,1,8,0,2,1,34,14,32,0,1,0,54,76.0,26,1.53,6,0,0,0,0,0,0,0,0.0,0.0,0.0,0.0,0,0,0,0,0,0,0,0,0,0,0,0,0,,1534.0,,1.0,9.0,608.0,7.0,82.0,266.0,27.0,1.0,56.0,230.0,231.0,100.0,2.0,,642.0,14.0,432.0,22.0,156.0,214.0,12.0,139.0,,,84.0,17.0,,45.0,1094.0,18.0,8.0,,149.0,326.0,4.0,10.0,117.0,54.0,32.0,,,17.0,180.0,19.0,,,18.0,,,,49.0,20.0,460.0,486.0,31.0,3.0,63.0,100.0,4.0,1.0,,,,,13.0,55.0,28.0,1.0,,34.0,36.0,12.0,14.0,21.0,155.0,1.0,6.0,8.0,2.0,6.0,2.0,23.0,11.0,19.0,8.0,4.0,28.0,,,6.0,,3.0,1.0,1.0,,2.0,2.0,3.0,,,,,,,,,,,,,,,,,,,,,,,,,,,,,
cpl::Football_Player::3a791a9f988043e08a7483106f92c55c,O.Oyegunle,Forge,Defender,2019,defender,1,38,0,0,0,0,0,0,0,1,1,0,0,0,0,58.0,3,7.11,0,0,0,0,0,0,0,0,0.0,0.0,0.0,0.0,0,0,0,0,0,0,0,0,0,0,0,0,0,,38.0,,,,7.0,,1.0,1.0,,,,8.0,3.0,3.0,,,7.0,1.0,3.0,2.0,3.0,3.0,,5.0,,,,,,,22.0,1.0,,,2.0,3.0,,10.0,2.0,1.0,1.0,,,,3.0,1.0,,,1.0,,,,,,4.0,4.0,1.0,,1.0,2.0,1.0,,,,,,,1.0,4.0,,,,1.0,1.0,1.0,1.0,4.0,1.0,,,,,,2.0,,3.0,,,2.0,,,,,,,,,,,,,,,,,,,,,,,,,,,,,,,,,,,,,,,,
cpl::Football_Player::d673ea35954f4370867e9810a89a6902,C. Hocine,Wanderers,Defender,2019,defender,4,352,0,0,0,0,0,0,2,7,1,0,1,0,66,75.0,5,1.28,0,0,0,0,0,0,0,0,0.0,0.0,0.0,0.0,0,0,0,0,0,0,0,0,0,0,0,0,0,,352.0,,,2.0,123.0,,8.0,23.0,4.0,1.0,18.0,35.0,71.0,15.0,1.0,,127.0,7.0,84.0,3.0,33.0,26.0,,20.0,,,16.0,4.0,,13.0,161.0,4.0,3.0,,10.0,60.0,,10.0,9.0,10.0,1.0,,,6.0,19.0,12.0,,,4.0,,,,7.0,33.0,92.0,94.0,9.0,1.0,10.0,3.0,2.0,1.0,,,,,,2.0,1.0,,,2.0,8.0,,3.0,,1.0,,,,,7.0,2.0,,,,,,,,,,,,,,,,,,,,,,,,,,,,,,,,,,,,,,,,,,,,,,
cpl::Football_Player::3d491de2b55343c2990181e2b04da353,M. Doner,York,Defender,2019,defender,25,2250,1,4,2,0,1,4,29,23,35,2,3,0,59,81.0,32,1.28,1,0,0,0,0,0,0,0,0.0,0.0,0.0,0.0,0,0,0,0,0,0,0,0,0,0,0,0,0,,2250.0,,,7.0,1024.0,10.0,188.0,400.0,25.0,3.0,52.0,370.0,458.0,153.0,1.0,,1046.0,23.0,778.0,23.0,205.0,46.0,12.0,185.0,,,158.0,25.0,,75.0,1719.0,25.0,10.0,,180.0,362.0,18.0,10.0,146.0,63.0,35.0,,,37.0,242.0,38.0,,,25.0,,,,71.0,450.0,819.0,841.0,62.0,6.0,96.0,109.0,9.0,,,,,,34.0,42.0,50.0,1.0,,29.0,29.0,14.0,25.0,13.0,226.0,,1.0,2.0,1.0,14.0,1.0,55.0,17.0,24.0,17.0,19.0,55.0,,1.0,1.0,,,4.0,4.0,2.0,,1.0,,1.0,1.0,1.0,,,,,,,,,,,,,,,,,,,,,,,,,,
cpl::Football_Player::edf6ef9ee973485dbbf8b5123cf83a94,K. Chung,Pacific,Defender,2019,defender,24,2032,1,2,3,0,1,2,41,16,10,2,2,0,51,79.0,34,1.51,0,0,0,0,0,0,0,0,0.0,0.0,0.0,0.0,0,0,0,0,0,0,0,0,0,0,0,0,0,,2032.0,,,7.0,836.0,6.0,170.0,286.0,25.0,2.0,54.0,320.0,396.0,133.0,4.0,,854.0,16.0,611.0,28.0,187.0,62.0,14.0,152.0,,,141.0,24.0,,69.0,1415.0,24.0,16.0,,157.0,343.0,13.0,10.0,111.0,56.0,10.0,,,23.0,202.0,41.0,,,24.0,,,,69.0,279.0,650.0,667.0,45.0,5.0,91.0,88.0,6.0,4.0,,,,,22.0,57.0,35.0,,,41.0,31.0,17.0,22.0,16.0,175.0,,2.0,3.0,5.0,10.0,1.0,34.0,15.0,29.0,15.0,16.0,34.0,,,,,,,2.0,2.0,,1.0,,1.0,,1.0,1.0,,,1.0,,,,,,,,,,,,,,,,,,,,,,
cpl::Football_Player::3aaf25a2f090423584d5e9d492e5ca42,J. Grant,Atlético,Defender,2019,defender,13,882,1,1,5,0,2,1,23,15,7,0,2,0,43,70.0,8,0.82,0,0,0,0,0,0,0,0,0.0,0.0,0.0,0.0,0,0,0,0,0,0,0,0,0,0,0,0,0,,882.0,,1.0,3.0,357.0,9.0,79.0,144.0,17.0,2.0,26.0,204.0,109.0,84.0,2.0,,360.0,15.0,235.0,7.0,110.0,5.0,6.0,96.0,,,40.0,12.0,,34.0,638.0,13.0,10.0,,107.0,142.0,39.0,10.0,59.0,15.0,7.0,,,10.0,130.0,15.0,,,13.0,,,,58.0,134.0,248.0,250.0,23.0,1.0,71.0,49.0,1.0,6.0,,,,,12.0,31.0,22.0,,,23.0,15.0,8.0,13.0,8.0,63.0,1.0,3.0,5.0,3.0,2.0,,20.0,3.0,16.0,3.0,18.0,20.0,,,,,,1.0,1.0,,,2.0,,1.0,,1.0,,,,1.0,,,,,,,,,,,,,,,,,,,,,,
cpl::Football_Player::fd03514f423c4cf7b7ff6fc6b9d2536d,Y. Le Bourhis,Valour,Defender,2019,defender,8,720,0,0,2,0,1,0,11,9,2,0,0,0,45,67.0,20,2.5,0,0,0,0,0,0,0,0,0.0,0.0,0.0,0.0,0,0,0,0,0,0,0,0,0,0,0,0,0,,720.0,,,4.0,243.0,1.0,14.0,48.0,17.0,,45.0,102.0,118.0,40.0,2.0,,251.0,9.0,146.0,19.0,85.0,72.0,,47.0,,,30.0,8.0,,38.0,363.0,8.0,6.0,,32.0,130.0,2.0,10.0,31.0,20.0,2.0,,,14.0,63.0,41.0,,,8.0,,,,15.0,35.0,161.0,166.0,31.0,2.0,32.0,17.0,1.0,,,,,,1.0,14.0,6.0,,,11.0,5.0,3.0,17.0,3.0,9.0,,1.0,2.0,,2.0,,,,6.0,,,,,,,,,,,,,1.0,,,,,,,,,,,,,,,,,,,,,,,,,,,,,,
cpl::Football_Player::1ada73d8bf034890ab66cfbd681d0f7c,C. N'Sa,Wanderers,Defender,2019,defender,18,1217,0,0,3,0,1,0,18,18,17,0,5,0,68,75.0,19,1.41,0,0,0,0,0,0,0,0,0.0,0.0,0.0,0.0,0,0,0,0,0,0,0,0,0,0,0,0,0,,1217.0,,1.0,7.0,470.0,1.0,58.0,90.0,27.0,5.0,59.0,172.0,280.0,65.0,1.0,,493.0,18.0,336.0,14.0,124.0,113.0,2.0,77.0,,,84.0,14.0,,51.0,752.0,18.0,11.0,,80.0,202.0,4.0,10.0,74.0,33.0,17.0,,,26.0,118.0,45.0,,,18.0,,,,32.0,120.0,351.0,369.0,38.0,2.0,44.0,48.0,5.0,2.0,,,,,5.0,26.0,15.0,1.0,1.0,18.0,25.0,5.0,12.0,8.0,39.0,4.0,2.0,3.0,4.0,9.0,,4.0,1.0,11.0,1.0,5.0,4.0,,,,,,,,,,1.0,,,,,,,,,,,,,,,,,,,,,,,,,,,,,,
cpl::Football_Player::79d4e376b2c74a5fbcb22b655feaae51,M. de Jong,Whitecaps,Defender,2019,defender,2,50,0,0,1,0,1,0,3,0,1,0,0,0,50,74.0,0,0.0,1,0,0,0,0,0,0,0,0.0,0.0,0.0,0.0,0,0,0,0,0,0,0,0,0,0,0,0,0,,50.0,,,,19.0,1.0,2.0,9.0,,,1.0,13.0,5.0,4.0,,,19.0,,14.0,,5.0,12.0,1.0,10.0,,,2.0,,,1.0,39.0,2.0,,,5.0,4.0,4.0,10.0,5.0,,1.0,,,1.0,7.0,2.0,,,2.0,,,,1.0,1.0,14.0,14.0,2.0,,2.0,4.0,,,,,,,,3.0,4.0,,,3.0,,2.0,1.0,,1.0,2.0,,1.0,1.0,,,5.0,,,,1.0,6.0,,,1.0,,1.0,,,,,1.0,,,,,,,,,,,,,,,,,,,,,,,,,,,,,,
cpl::Football_Player::f3ffebc2701c4e608f9f5055198c5ec9,D. Norman,Vancouver FC,Defender,2019,defender,8,596,0,0,2,0,1,0,10,8,14,0,2,0,27,80.0,6,0.91,2,0,0,0,0,0,0,0,0.0,0.0,0.0,0.0,0,0,0,0,0,0,0,0,0,0,0,0,0,,596.0,,,1.0,286.0,3.0,37.0,106.0,1.0,2.0,19.0,88.0,130.0,41.0,1.0,,296.0,8.0,223.0,5.0,60.0,69.0,4.0,46.0,,,36.0,7.0,,18.0,407.0,8.0,5.0,,58.0,105.0,4.0,10.0,43.0,13.0,14.0,,,8.0,87.0,9.0,,,8.0,,,,23.0,85.0,228.0,236.0,29.0,2.0,44.0,35.0,1.0,3.0,,,,,3.0,19.0,11.0,,,10.0,8.0,6.0,21.0,9.0,4.0,1.0,1.0,2.0,4.0,3.0,,1.0,,,,2.0,4.0,2.0,1.0,2.0,,2.0,,,,,1.0,2.0,,,,,,,,1.0,,,,,,,,,,,,,,,,,,,,,
cpl::Football_Player::01179385d09040b79164226957eb778f,A. Mitter,Valour,Defender,2019,defender,20,1513,0,0,1,0,0,0,13,23,7,0,4,1,51,84.0,34,2.02,0,0,0,0,0,0,0,0,0.0,0.0,0.0,0.0,0,0,0,0,0,0,0,0,0,0,0,0,0,,1513.0,,3.0,6.0,586.0,1.0,49.0,96.0,15.0,4.0,53.0,108.0,422.0,50.0,4.0,,621.0,23.0,471.0,32.0,103.0,188.0,2.0,69.0,,,46.0,19.0,,34.0,760.0,20.0,7.0,,47.0,236.0,2.0,10.0,63.0,47.0,7.0,,,39.0,123.0,50.0,,,20.0,,,,23.0,148.0,488.0,518.0,76.0,2.0,60.0,24.0,2.0,5.0,1.0,1.0,,,,17.0,4.0,4.0,,13.0,29.0,3.0,37.0,4.0,2.0,1.0,1.0,1.0,,13.0,,,,1.0,,,,,,,,,,,,,,,,,,,,,,,,,,,,,,,,,,,,,,,,,,,
cpl::Football_Player::00cb81880a254ba7957fdb6ee6eec8a8,M. Trafford,Cavalry,Defender,2019,defender,22,1891,0,0,6,0,3,0,6,12,12,2,2,0,55,84.0,18,0.86,1,0,0,0,0,0,0,0,0.0,0.0,0.0,0.0,0,0,0,0,0,0,0,0,0,0,0,0,0,,1891.0,,,13.0,1001.0,3.0,48.0,207.0,25.0,2.0,91.0,177.0,668.0,76.0,2.0,,1042.0,12.0,776.0,15.0,167.0,346.0,5.0,108.0,,,78.0,21.0,,61.0,1192.0,22.0,3.0,,38.0,452.0,13.0,10.0,51.0,99.0,12.0,,,30.0,92.0,54.0,,,22.0,,,,17.0,196.0,845.0,875.0,54.0,6.0,41.0,21.0,3.0,,,,,,2.0,11.0,4.0,1.0,,6.0,14.0,,24.0,5.0,7.0,1.0,3.0,6.0,,14.0,,2.0,,,,,2.0,,,1.0,,,,,2.0,,3.0,1.0,,,,,,,,,,,,,,,,,,,,,,,,,,,,,
cpl::Football_Player::692d080cedb84a6cb1424836cc8e6daf,R. Garcia,Valour,Defender,2019,defender,16,943,0,2,1,0,1,2,36,16,8,1,2,0,45,78.0,21,2.0,0,0,0,0,0,0,0,0,0.0,0.0,0.0,0.0,0,0,0,0,0,0,0,0,0,0,0,0,0,,943.0,,,8.0,377.0,4.0,88.0,145.0,15.0,2.0,36.0,144.0,157.0,52.0,2.0,,387.0,16.0,277.0,21.0,88.0,37.0,7.0,74.0,,,44.0,10.0,,27.0,677.0,16.0,15.0,,119.0,167.0,11.0,10.0,77.0,22.0,8.0,,,9.0,139.0,20.0,,,16.0,,,,51.0,95.0,290.0,299.0,20.0,2.0,62.0,68.0,,6.0,,,,,5.0,55.0,26.0,,,36.0,10.0,12.0,11.0,19.0,90.0,6.0,,1.0,2.0,2.0,,13.0,3.0,16.0,3.0,7.0,13.0,,,,,,1.0,2.0,1.0,,1.0,,,,,,,,,,,,,,,,,,,,,,,,,,,,,,
cpl::Football_Player::404c4508ec1c45d681dab3a6b1037802,S. Thomas,Valour,Defender,2019,defender,22,1894,0,1,12,0,3,1,23,24,7,1,5,0,63,79.0,34,1.62,0,0,0,0,0,0,0,0,0.0,0.0,0.0,0.0,0,0,0,0,0,0,0,0,0,0,0,0,0,,1894.0,,1.0,10.0,834.0,1.0,62.0,184.0,51.0,5.0,95.0,206.0,482.0,92.0,4.0,,853.0,24.0,598.0,30.0,187.0,162.0,7.0,127.0,,,101.0,21.0,,61.0,1112.0,22.0,12.0,,84.0,396.0,23.0,10.0,111.0,68.0,7.0,,,65.0,186.0,99.0,,,22.0,,,,38.0,233.0,648.0,666.0,102.0,4.0,75.0,46.0,4.0,1.0,,,,,4.0,35.0,18.0,1.0,,23.0,23.0,10.0,37.0,12.0,9.0,1.0,9.0,12.0,2.0,20.0,1.0,1.0,,2.0,,,1.0,,,,,,1.0,1.0,1.0,,3.0,,,,,,,,,1.0,,,,,,,,,,,,,,,,,,,,,
cpl::Football_Player::c00d4fd76cbb495c81cd71ee768b1239,J. Büscher,Cavalry,Midfielder,2019,midfielder,25,1768,5,4,27,0,13,4,44,51,50,2,5,0,31,77.0,10,0.51,68,0,0,1,0,0,0,0,0.0,0.0,0.0,0.0,0,0,0,0,0,0,0,0,0,0,0,0,0,,1768.0,,,5.0,972.0,10.0,209.0,420.0,26.0,5.0,92.0,417.0,396.0,154.0,1.0,,1026.0,51.0,697.0,10.0,246.0,247.0,37.0,297.0,,,187.0,21.0,,35.0,1511.0,25.0,34.0,,268.0,359.0,24.0,10.0,135.0,83.0,50.0,,,12.0,306.0,15.0,,,25.0,,,,145.0,211.0,742.0,780.0,38.0,4.0,171.0,123.0,,12.0,,,,,13.0,62.0,50.0,2.0,,44.0,29.0,23.0,26.0,18.0,7.0,4.0,14.0,27.0,5.0,4.0,,29.0,36.0,,8.0,8.0,86.0,2.0,11.0,68.0,,40.0,4.0,4.0,2.0,21.0,13.0,12.0,5.0,5.0,2.0,,,3.0,,,,1.0,1.0,,,,,,,,,,,,,,,,,,
cpl::Football_Player::b78b9cf10b374d23824749c6e410990c,E. Adekugbe,York,Midfielder,2019,midfielder,19,1575,1,4,8,0,1,4,26,36,39,0,6,0,54,86.0,10,0.57,2,0,0,0,0,0,0,0,0.0,0.0,0.0,0.0,0,0,0,0,0,0,0,0,0,0,0,0,0,,1575.0,,,4.0,919.0,1.0,204.0,312.0,8.0,6.0,39.0,188.0,503.0,104.0,1.0,,956.0,36.0,729.0,10.0,143.0,252.0,8.0,123.0,,,120.0,17.0,,28.0,1196.0,19.0,19.0,,166.0,284.0,3.0,10.0,117.0,84.0,39.0,,,18.0,199.0,17.0,,,19.0,,,,67.0,216.0,780.0,813.0,33.0,9.0,82.0,99.0,,1.0,,,,,21.0,41.0,30.0,2.0,,26.0,18.0,17.0,15.0,15.0,,2.0,7.0,8.0,1.0,2.0,,5.0,2.0,,2.0,2.0,8.0,2.0,14.0,2.0,,2.0,3.0,4.0,,,1.0,,1.0,,,1.0,,1.0,1.0,,,,,,,,,,,,,,,,,,,,,,
cpl::Football_Player::3f9fd29f429f4cf7838256806a93e993,N. Ledgerwood,Cavalry,Midfielder,2019,midfielder,20,1317,3,1,17,0,9,1,26,29,25,3,4,0,52,64.0,9,0.62,25,0,0,2,2,0,0,0,0.0,0.0,0.0,0.0,0,0,0,0,0,0,0,0,0,0,0,0,0,,1317.0,,,6.0,500.0,4.0,79.0,170.0,32.0,4.0,77.0,257.0,172.0,111.0,1.0,,517.0,29.0,292.0,9.0,188.0,89.0,15.0,180.0,,,116.0,15.0,,36.0,779.0,20.0,21.0,,134.0,260.0,18.0,10.0,87.0,37.0,25.0,,,18.0,168.0,13.0,,,20.0,,,,65.0,89.0,318.0,329.0,34.0,2.0,81.0,69.0,,9.0,,,,,3.0,43.0,25.0,,,26.0,23.0,12.0,16.0,17.0,1.0,5.0,8.0,17.0,4.0,3.0,,16.0,13.0,1.0,,4.0,28.0,,6.0,25.0,,9.0,1.0,1.0,3.0,13.0,9.0,,3.0,3.0,3.0,,,,,,,,2.0,2.0,,,,,,,,,,,,,,,,,
cpl::Football_Player::2e1e79cce5ce42688603ef02e9ccf402,Z. Sukunda,Valour,Midfielder,2019,midfielder,17,841,0,0,5,0,2,0,7,9,10,1,0,0,33,78.0,16,1.71,0,0,0,0,0,0,0,0,0.0,0.0,0.0,0.0,0,0,0,0,0,0,0,0,0,0,0,0,0,,841.0,,,1.0,251.0,5.0,75.0,113.0,8.0,,13.0,119.0,85.0,44.0,,,254.0,9.0,191.0,14.0,57.0,38.0,6.0,51.0,,,39.0,10.0,,15.0,408.0,17.0,6.0,,61.0,76.0,9.0,10.0,30.0,6.0,10.0,,,5.0,76.0,11.0,,,17.0,,,,36.0,65.0,194.0,197.0,15.0,,46.0,25.0,2.0,7.0,,,,,9.0,8.0,13.0,,,7.0,10.0,7.0,10.0,1.0,8.0,7.0,3.0,5.0,2.0,,,9.0,1.0,2.0,1.0,3.0,9.0,1.0,1.0,,,,,,1.0,,2.0,,,,,,,,,,,,,,,,,,,,,,,,,,,,,,
cpl::Football_Player::9a6571b3737143b79989244b08fbd50d,S. Camargo,Cavalry,Midfielder,2019,midfielder,20,1260,6,3,18,0,11,3,8,10,15,7,1,0,33,76.0,9,0.64,6,0,0,0,0,0,0,0,0.0,0.0,0.0,0.0,0,0,0,0,0,0,0,0,0,0,0,0,0,,1260.0,,,1.0,376.0,12.0,103.0,204.0,1.0,1.0,6.0,202.0,92.0,89.0,,,388.0,10.0,283.0,9.0,95.0,113.0,19.0,102.0,,,68.0,15.0,,12.0,630.0,20.0,6.0,,122.0,96.0,77.0,10.0,61.0,10.0,15.0,,,9.0,149.0,4.0,,,20.0,,,,70.0,76.0,282.0,293.0,27.0,2.0,88.0,52.0,,8.0,,,,,20.0,18.0,26.0,1.0,,8.0,8.0,11.0,18.0,10.0,3.0,5.0,7.0,18.0,6.0,1.0,,17.0,3.0,1.0,2.0,19.0,19.0,1.0,7.0,6.0,,2.0,3.0,3.0,7.0,1.0,11.0,,6.0,5.0,6.0,,,,1.0,,,,,,,,,,,,,,,,,,,,,,
cpl::Football_Player::025b3abb0a9541f29ad82d9cd2eb8335,J. Escalante,Cavalry,Midfielder,2019,midfielder,24,1613,4,4,33,0,16,4,24,24,45,10,3,1,40,71.0,12,0.67,54,0,4,1,1,0,0,0,0.0,0.0,0.0,0.0,0,0,0,0,0,0,0,0,0,0,0,0,0,,1613.0,,,5.0,427.0,22.0,115.0,234.0,11.0,3.0,39.0,320.0,124.0,97.0,2.0,,456.0,24.0,296.0,12.0,136.0,154.0,24.0,184.0,,,84.0,18.0,,31.0,918.0,24.0,14.0,,185.0,133.0,63.0,10.0,108.0,24.0,45.0,,,18.0,230.0,10.0,,,24.0,,,,95.0,54.0,297.0,320.0,45.0,4.0,122.0,90.0,,6.0,1.0,1.0,,,13.0,33.0,43.0,,,24.0,9.0,22.0,27.0,9.0,24.0,6.0,17.0,33.0,10.0,,,40.0,38.0,3.0,15.0,29.0,79.0,,3.0,54.0,,26.0,4.0,4.0,10.0,17.0,16.0,5.0,4.0,,2.0,,,2.0,4.0,1.0,1.0,1.0,1.0,1.0,,,,,,,,,,,,,,,,,
cpl::Football_Player::f77e3806065040479a624ed8a41a3971,S. Firth,Wanderers,Midfielder,2019,midfielder,8,287,0,0,3,0,2,0,2,1,0,0,0,0,60,86.0,7,2.2,9,0,0,0,0,0,0,0,0.0,0.0,0.0,0.0,0,0,0,0,0,0,0,0,0,0,0,0,0,,287.0,,,1.0,107.0,1.0,22.0,41.0,4.0,,8.0,43.0,53.0,8.0,1.0,,110.0,1.0,88.0,5.0,16.0,26.0,1.0,17.0,,,15.0,2.0,,7.0,166.0,8.0,1.0,,25.0,39.0,,10.0,14.0,6.0,,,,3.0,30.0,3.0,,,8.0,,,,14.0,23.0,92.0,94.0,5.0,,16.0,11.0,2.0,,,,,,1.0,10.0,1.0,,,2.0,4.0,1.0,2.0,8.0,,6.0,1.0,3.0,1.0,1.0,,,,,,2.0,8.0,,1.0,9.0,,7.0,,,,,2.0,3.0,,,,,,,,,,,,,,,,,,,,,,,,,,,,,
cpl::Football_Player::3c502e89633840d7a81049bf39c404ca,A. González,Pacific,Midfielder,2019,midfielder,20,1746,0,2,14,0,4,2,29,34,31,0,4,1,44,86.0,32,1.65,0,0,0,0,0,0,0,0,0.0,0.0,0.0,0.0,0,0,0,0,0,0,0,0,0,0,0,0,0,,1746.0,,,6.0,1200.0,2.0,155.0,415.0,13.0,4.0,53.0,229.0,664.0,123.0,4.0,,1253.0,34.0,993.0,28.0,176.0,367.0,6.0,123.0,,,163.0,20.0,,57.0,1505.0,20.0,22.0,,178.0,393.0,3.0,10.0,118.0,84.0,31.0,,,17.0,216.0,15.0,,,20.0,,,,77.0,338.0,1031.0,1077.0,38.0,3.0,98.0,101.0,4.0,3.0,1.0,1.0,,,26.0,46.0,21.0,2.0,,29.0,22.0,12.0,21.0,17.0,5.0,,10.0,14.0,1.0,3.0,,4.0,2.0,,2.0,4.0,4.0,1.0,6.0,,,,2.0,2.0,,,4.0,,,,,,,,,,,,,,,,,,,,,,,,,,,,,,
cpl::Football_Player::5d77e0485af444f69dabfd3ef4a8ffdf,J. Marcelin,Edmonton,Midfielder,2019,midfielder,21,1699,0,0,3,0,2,0,19,24,17,1,2,0,67,83.0,22,1.17,0,0,0,0,0,0,0,0,0.0,0.0,0.0,0.0,0,0,0,0,0,0,0,0,0,0,0,0,0,,1699.0,,1.0,14.0,838.0,,82.0,249.0,29.0,2.0,68.0,200.0,467.0,85.0,5.0,,868.0,24.0,640.0,18.0,153.0,209.0,7.0,97.0,,,124.0,18.0,,61.0,1107.0,21.0,15.0,,117.0,313.0,16.0,10.0,90.0,75.0,17.0,,,35.0,169.0,52.0,,,21.0,,,,62.0,264.0,691.0,715.0,52.0,5.0,79.0,55.0,4.0,1.0,,,,,13.0,26.0,21.0,1.0,,19.0,29.0,5.0,17.0,7.0,2.0,3.0,1.0,3.0,4.0,7.0,,5.0,1.0,,1.0,5.0,5.0,,3.0,,,,,,1.0,,2.0,,,,,,,,,,,,,,,,,,,,,,,,,,,,,,
cpl::Football_Player::b4a952aa612a4f45a9de62c3212b6d42,T. Tchani,Edmonton,Midfielder,2019,midfielder,5,192,0,0,5,0,2,0,2,8,2,0,0,0,88,79.0,3,1.41,0,0,0,0,0,0,0,0,0.0,0.0,0.0,0.0,0,0,0,0,0,0,0,0,0,0,0,0,0,,192.0,,,,134.0,,28.0,65.0,2.0,,6.0,39.0,46.0,24.0,1.0,,141.0,8.0,103.0,2.0,30.0,28.0,1.0,26.0,,,23.0,2.0,,6.0,186.0,5.0,7.0,,31.0,46.0,3.0,10.0,24.0,8.0,2.0,,,8.0,40.0,3.0,,,5.0,,,,15.0,39.0,104.0,111.0,9.0,,16.0,16.0,1.0,1.0,,,,,11.0,3.0,2.0,,,2.0,3.0,1.0,1.0,1.0,,3.0,3.0,5.0,1.0,2.0,,2.0,,,,1.0,2.0,,1.0,,,,,,,,2.0,,,,,,,,,,,,,,,,,,,,,,,,,,,,,,
cpl::Football_Player::5e944a82a82b42b483bed288bb7633a8,M. Aparicio,Atlético,Midfielder,2019,midfielder,25,2159,2,2,33,0,12,2,32,55,37,1,5,1,33,78.0,30,1.25,10,0,0,0,0,0,0,0,0.0,0.0,0.0,0.0,0,0,0,0,0,0,0,0,0,0,0,0,0,,2159.0,,,3.0,1248.0,11.0,210.0,616.0,19.0,5.0,77.0,476.0,395.0,211.0,1.0,,1289.0,55.0,923.0,24.0,288.0,300.0,37.0,266.0,,,164.0,25.0,,53.0,1825.0,25.0,34.0,,325.0,473.0,49.0,10.0,154.0,78.0,37.0,,,13.0,364.0,8.0,,,25.0,,,,184.0,306.0,964.0,1001.0,39.0,3.0,210.0,141.0,6.0,6.0,1.0,,,,46.0,58.0,54.0,1.0,,32.0,31.0,20.0,26.0,26.0,33.0,,21.0,33.0,8.0,,,26.0,10.0,2.0,8.0,42.0,31.0,2.0,25.0,10.0,1.0,5.0,2.0,2.0,1.0,2.0,12.0,2.0,2.0,2.0,,1.0,,2.0,,,,1.0,,,,,,,,,,,,,,,,,,,
cpl::Football_Player::82ff8e880ba54f74a34fe1f8165f3b46,Matthew Baldisimo,York,Midfielder,2019,midfielder,22,1809,0,0,5,0,2,0,28,34,23,0,5,1,44,85.0,32,1.59,0,0,0,0,0,0,0,0,0.0,0.0,0.0,0.0,0,0,0,0,0,0,0,0,0,0,0,0,0,,1809.0,,,5.0,903.0,1.0,108.0,264.0,12.0,5.0,57.0,209.0,511.0,90.0,4.0,,921.0,34.0,710.0,28.0,147.0,259.0,12.0,112.0,,,107.0,21.0,,42.0,1172.0,22.0,27.0,,180.0,350.0,6.0,10.0,104.0,64.0,23.0,,,22.0,230.0,29.0,,,22.0,,,,98.0,204.0,758.0,774.0,50.0,2.0,126.0,82.0,4.0,7.0,1.0,,,,13.0,47.0,16.0,,,28.0,26.0,10.0,28.0,19.0,2.0,1.0,3.0,5.0,2.0,3.0,,7.0,1.0,,1.0,5.0,7.0,,3.0,,1.0,,,,,,2.0,,,,,1.0,,,,,,,,,,,,,,,,,,,,,,,,,
cpl::Football_Player::0193e9b2803b43938a676ad9232cede8,N. Verhoeven,Atlético,Midfielder,2019,midfielder,24,1850,0,1,8,0,4,1,18,16,32,1,1,0,37,82.0,39,1.9,36,0,0,0,0,0,0,0,0.0,0.0,0.0,0.0,0,0,0,0,0,0,0,0,0,0,0,0,0,,1850.0,,,6.0,887.0,11.0,164.0,416.0,21.0,1.0,56.0,346.0,354.0,115.0,4.0,,924.0,16.0,710.0,33.0,171.0,239.0,24.0,186.0,,,134.0,21.0,,42.0,1343.0,24.0,6.0,,172.0,318.0,16.0,10.0,91.0,43.0,32.0,,,9.0,196.0,8.0,,,24.0,,,,90.0,203.0,720.0,753.0,24.0,3.0,105.0,82.0,6.0,4.0,,,,,25.0,26.0,29.0,1.0,,18.0,12.0,17.0,15.0,8.0,47.0,3.0,4.0,8.0,7.0,2.0,,23.0,17.0,8.0,8.0,25.0,57.0,4.0,9.0,36.0,,21.0,1.0,1.0,1.0,7.0,4.0,1.0,,,,2.0,,,,,,,,,,,,,,,,,,,,,,,,,
cpl::Football_Player::eab0ad0262a74f8b93974c91a77742b0,L. Béland-Goyette,Montréal,Midfielder,2019,midfielder,21,1772,1,3,9,0,2,3,40,34,32,0,5,0,42,85.0,38,1.93,1,0,0,0,0,0,0,0,0.0,0.0,0.0,0.0,0,0,0,0,0,0,0,0,0,0,0,0,0,,1772.0,,,2.0,828.0,3.0,114.0,383.0,4.0,5.0,49.0,210.0,357.0,86.0,5.0,,873.0,34.0,652.0,34.0,135.0,258.0,25.0,113.0,,,142.0,21.0,,28.0,1154.0,21.0,27.0,,199.0,300.0,4.0,10.0,104.0,86.0,32.0,,,8.0,218.0,19.0,,,21.0,,,,103.0,201.0,697.0,738.0,19.0,4.0,114.0,96.0,4.0,3.0,,,,,9.0,55.0,17.0,,,40.0,32.0,6.0,11.0,15.0,1.0,,7.0,9.0,4.0,5.0,,5.0,2.0,,2.0,10.0,6.0,2.0,1.0,1.0,,,1.0,3.0,,,2.0,,1.0,1.0,,,,1.0,,,,,,,,,,,,,,,,,,,,,,,
cpl::Football_Player::3b2b76d0e95d43c49e03ac674ada8e99,E. Estevez,York,Midfielder,2019,midfielder,18,627,1,1,9,0,6,1,8,12,24,1,2,0,11,79.0,7,1.0,1,0,0,0,0,0,0,0,0.0,0.0,0.0,0.0,0,0,0,0,0,0,0,0,0,0,0,0,0,,627.0,,,,213.0,3.0,39.0,108.0,1.0,2.0,9.0,131.0,62.0,38.0,,,215.0,12.0,166.0,6.0,47.0,70.0,5.0,42.0,,,46.0,5.0,,11.0,393.0,18.0,4.0,,105.0,62.0,24.0,10.0,46.0,2.0,24.0,,,1.0,114.0,1.0,,,18.0,,,,60.0,44.0,166.0,168.0,9.0,,68.0,45.0,1.0,4.0,,,,,13.0,8.0,11.0,3.0,,8.0,4.0,3.0,8.0,,4.0,13.0,3.0,9.0,3.0,,,5.0,2.0,,2.0,23.0,6.0,1.0,2.0,1.0,,1.0,1.0,1.0,1.0,,6.0,,1.0,,1.0,1.0,,,1.0,,,,,,,,,,,,,,,,,,,,,,
cpl::Football_Player::2fdee78c278446efafb1161f66676b0f,P. Lincourt-Joseph,Edmonton,Midfielder,2019,midfielder,11,346,0,0,2,0,1,0,6,1,8,1,0,1,33,76.0,5,1.3,0,0,0,0,0,0,0,0,0.0,0.0,0.0,0.0,0,0,0,0,0,0,0,0,0,0,0,0,0,,346.0,,,1.0,141.0,,33.0,60.0,1.0,,7.0,58.0,49.0,28.0,2.0,,143.0,1.0,102.0,4.0,35.0,27.0,3.0,29.0,,,22.0,3.0,,8.0,214.0,11.0,1.0,,43.0,54.0,,10.0,28.0,6.0,8.0,,,3.0,52.0,4.0,,,11.0,,,,18.0,29.0,107.0,108.0,9.0,,24.0,25.0,1.0,2.0,1.0,1.0,,,5.0,12.0,5.0,,,6.0,3.0,3.0,6.0,6.0,,8.0,1.0,2.0,2.0,,,2.0,1.0,,,1.0,2.0,,,,,,,,1.0,,1.0,1.0,,,,,,,,,,,,,,,,,,,,,,,,,,,,,
cpl::Football_Player::d3094fbcd4f4424d9d3311ab5dd5dc24,N. Galvis,Valour,Midfielder,2019,midfielder,11,488,0,0,5,0,0,0,2,11,4,0,1,0,45,76.0,8,1.48,2,0,0,0,0,0,0,0,0.0,0.0,0.0,0.0,0,0,0,0,0,0,0,0,0,0,0,0,0,,488.0,,,1.0,197.0,3.0,44.0,82.0,6.0,1.0,12.0,97.0,74.0,37.0,2.0,,203.0,11.0,147.0,7.0,49.0,72.0,3.0,40.0,,,31.0,7.0,,19.0,331.0,11.0,9.0,,49.0,56.0,9.0,10.0,22.0,7.0,4.0,,,5.0,60.0,3.0,,,11.0,,,,32.0,31.0,149.0,154.0,11.0,,38.0,17.0,1.0,7.0,,,,,9.0,4.0,16.0,,,2.0,9.0,3.0,6.0,2.0,22.0,4.0,5.0,5.0,2.0,,,7.0,2.0,5.0,2.0,3.0,10.0,,,2.0,,2.0,,,,,,,,,,,,,,,,,,,,,,,,,,,,,,,,,,,
cpl::Football_Player::a8f970587d494acfb868d781b9732883,J.Stoddart,Forge,Midfielder,2019,midfielder,1,14,0,0,0,0,0,0,1,0,0,0,0,0,0,84.0,0,0.0,0,0,0,0,0,0,0,0,0.0,0.0,0.0,0.0,0,0,0,0,0,0,0,0,0,0,0,0,0,,14.0,,,,6.0,,2.0,3.0,,,,3.0,2.0,1.0,,,6.0,,5.0,,1.0,1.0,,1.0,,,1.0,,,,10.0,1.0,,,4.0,2.0,,10.0,2.0,,,,,,5.0,,,,1.0,,,,2.0,1.0,5.0,5.0,1.0,,3.0,2.0,,,,,,,,2.0,,,,1.0,,,1.0,1.0,,1.0,,,,,,,,,,,,,,,,,,,,,,,,,,,,,,,,,,,,,,,,,,,,,,,,,,,
cpl::Football_Player::c3a357530ca345ee801114eea7ffc636,Soria,Edmonton,Midfielder,2019,midfielder,23,2011,1,3,13,0,4,3,25,18,10,1,3,0,53,77.0,23,1.03,50,0,1,0,0,0,0,0,0.0,0.0,0.0,0.0,0,0,0,0,0,0,0,0,0,0,0,0,0,,2011.0,,,9.0,1033.0,7.0,135.0,435.0,30.0,3.0,102.0,365.0,425.0,157.0,4.0,,1085.0,18.0,750.0,20.0,259.0,275.0,26.0,245.0,,,141.0,22.0,,65.0,1399.0,23.0,9.0,,98.0,405.0,9.0,10.0,80.0,76.0,10.0,,,28.0,150.0,27.0,,,23.0,,,,46.0,270.0,793.0,826.0,52.0,8.0,70.0,52.0,3.0,,,,,,5.0,39.0,22.0,2.0,,25.0,32.0,6.0,24.0,14.0,6.0,1.0,9.0,13.0,,6.0,,11.0,34.0,1.0,5.0,2.0,51.0,2.0,9.0,50.0,,24.0,3.0,3.0,1.0,24.0,4.0,4.0,1.0,,,2.0,,1.0,1.0,,1.0,1.0,,,,,,,,,,,,,,,,,,,
cpl::Football_Player::6a778700603244eeabcce04c59c6ccc0,A. Hojabrpour,Forge,Midfielder,2019,midfielder,22,1731,0,0,9,0,2,0,38,26,16,1,4,0,47,86.0,31,1.61,1,0,0,0,0,0,0,0,0.0,0.0,0.0,0.0,0,0,0,0,0,0,0,0,0,0,0,0,0,,1731.0,,,1.0,894.0,3.0,116.0,307.0,9.0,4.0,50.0,175.0,469.0,86.0,4.0,,910.0,26.0,694.0,27.0,136.0,230.0,12.0,99.0,,,96.0,20.0,,39.0,1165.0,22.0,19.0,,146.0,286.0,8.0,10.0,100.0,80.0,16.0,,,19.0,186.0,42.0,,,22.0,,,,65.0,278.0,759.0,774.0,40.0,2.0,86.0,81.0,4.0,4.0,,,,,7.0,59.0,21.0,1.0,,38.0,20.0,17.0,21.0,21.0,2.0,2.0,7.0,9.0,5.0,11.0,,2.0,2.0,,,3.0,2.0,3.0,5.0,1.0,,,,,1.0,1.0,2.0,,,,,1.0,,,,,,,,,,,,,,,,,,,,,,,,,
cpl::Football_Player::33b0cf3a477d454f96fe4f14c3b6125c,A. Achinioti-Jönsson,Forge,Midfielder,2019,midfielder,25,1761,0,2,5,0,1,2,30,29,35,0,0,0,55,82.0,15,0.77,0,0,1,0,0,0,0,0,0.0,0.0,0.0,0.0,0,0,0,0,0,0,0,0,0,0,0,0,0,,1761.0,,,3.0,824.0,2.0,112.0,284.0,21.0,,36.0,181.0,412.0,118.0,1.0,,850.0,29.0,645.0,13.0,154.0,235.0,4.0,101.0,,,113.0,20.0,,53.0,1103.0,25.0,14.0,,147.0,233.0,7.0,10.0,128.0,51.0,35.0,,,33.0,206.0,36.0,,,25.0,,,,52.0,270.0,671.0,696.0,59.0,9.0,78.0,95.0,2.0,4.0,,,,,20.0,43.0,21.0,1.0,,30.0,44.0,7.0,26.0,13.0,1.0,5.0,4.0,5.0,,5.0,,,,,,4.0,,1.0,1.0,,,,,2.0,,,1.0,,,,,,,,,,,,,,,,,,,,,,,,,,,,,,
cpl::Football_Player::3b2542a004d146b1bf7e3ef7f0ec811f,B. Zebie,Edmonton,Midfielder,2019,midfielder,23,1767,1,0,14,0,6,0,29,17,24,4,2,0,43,83.0,22,1.12,0,0,2,0,0,0,0,0,0.0,0.0,0.0,0.0,0,0,0,0,0,0,0,0,0,0,0,0,0,,1767.0,,,5.0,670.0,5.0,185.0,277.0,10.0,2.0,17.0,250.0,290.0,101.0,3.0,,685.0,17.0,548.0,20.0,118.0,193.0,9.0,107.0,,,92.0,20.0,,38.0,1065.0,23.0,10.0,,174.0,206.0,29.0,10.0,105.0,19.0,24.0,,,16.0,211.0,14.0,,,23.0,,,,85.0,101.0,552.0,567.0,37.0,6.0,106.0,89.0,2.0,7.0,,,,,19.0,48.0,33.0,1.0,,29.0,21.0,14.0,21.0,19.0,43.0,3.0,8.0,14.0,4.0,6.0,1.0,26.0,,7.0,,17.0,27.0,,12.0,,,,,,4.0,,6.0,,1.0,,1.0,2.0,,,1.0,,,,,,,,,,,,,,,,,,,,,,
cpl::Football_Player::316e45756fc44527ada7b1ea025918b0,J. Di Chiara,York,Midfielder,2019,midfielder,23,1755,2,1,17,0,5,1,33,38,50,1,6,0,44,89.0,27,1.38,0,0,0,2,2,0,0,0,0.0,0.0,0.0,0.0,0,0,0,0,0,0,0,0,0,0,0,0,0,,1755.0,,,3.0,967.0,8.0,179.0,421.0,10.0,6.0,29.0,198.0,471.0,92.0,1.0,,1012.0,38.0,840.0,18.0,121.0,255.0,16.0,88.0,,,125.0,20.0,,35.0,1366.0,23.0,21.0,,229.0,275.0,39.0,10.0,143.0,51.0,50.0,,,16.0,265.0,17.0,,,23.0,,,,102.0,303.0,847.0,891.0,36.0,3.0,122.0,127.0,9.0,6.0,,,,,25.0,53.0,44.0,,,33.0,31.0,25.0,20.0,20.0,5.0,3.0,12.0,17.0,9.0,4.0,,2.0,1.0,,1.0,14.0,2.0,2.0,18.0,,,,,1.0,1.0,,5.0,2.0,2.0,2.0,2.0,3.0,,,,1.0,,,2.0,2.0,,,,,,,,,,,,,,,,,
cpl::Football_Player::d63d5cf0c66246d98d2023f78014180a,M. Eustáquio,Cavalry,Midfielder,2019,midfielder,10,533,0,0,2,0,1,0,11,16,11,0,2,1,55,77.0,7,1.18,1,0,0,0,0,0,0,0,0.0,0.0,0.0,0.0,0,0,0,0,0,0,0,0,0,0,0,0,0,,533.0,,,2.0,340.0,1.0,43.0,116.0,11.0,2.0,29.0,106.0,160.0,56.0,2.0,,360.0,16.0,238.0,4.0,85.0,90.0,2.0,61.0,,,43.0,5.0,,29.0,457.0,10.0,8.0,,65.0,128.0,,10.0,44.0,37.0,11.0,,,15.0,92.0,9.0,,,10.0,,,,36.0,99.0,257.0,275.0,27.0,2.0,48.0,29.0,3.0,,1.0,1.0,,,2.0,17.0,9.0,1.0,,11.0,11.0,5.0,12.0,6.0,2.0,5.0,1.0,2.0,1.0,1.0,,3.0,1.0,1.0,1.0,3.0,5.0,,1.0,1.0,,1.0,,,,,1.0,,,,,,,,,,,,,,,,,,,,,,,,,,,,,,
cpl::Football_Player::d80c8273244649a0841591e849fc3590,D. Gutiérrez,Cavalry,Midfielder,2019,midfielder,23,1605,0,1,7,0,3,1,28,14,27,0,4,0,44,79.0,32,1.79,1,0,0,0,0,0,0,0,0.0,0.0,0.0,0.0,0,0,0,0,0,0,0,0,0,0,0,0,0,,1605.0,,,4.0,805.0,5.0,151.0,351.0,22.0,4.0,56.0,266.0,320.0,128.0,4.0,,850.0,14.0,609.0,27.0,184.0,146.0,19.0,136.0,,,139.0,18.0,,57.0,1223.0,23.0,8.0,,163.0,312.0,19.0,10.0,119.0,57.0,27.0,,,16.0,199.0,21.0,,,23.0,,,,60.0,241.0,630.0,666.0,36.0,3.0,80.0,103.0,5.0,7.0,,,,,32.0,44.0,36.0,,,28.0,21.0,13.0,20.0,16.0,68.0,5.0,4.0,7.0,3.0,4.0,,9.0,5.0,14.0,5.0,10.0,9.0,2.0,7.0,1.0,,,1.0,1.0,,1.0,3.0,4.0,,,,,,,,1.0,,,,,,,,,,,,,,,,,,,,,
cpl::Football_Player::392be6a9c97c4804a198cd3b34e93705,D. Carreiro,Vaughan,Midfielder,2019,midfielder,23,1441,2,2,22,0,9,2,10,19,31,8,3,0,20,76.0,32,2.0,16,0,1,0,0,0,0,0,0.0,0.0,0.0,0.0,0,0,0,0,0,0,0,0,0,0,0,0,0,,1441.0,,,,518.0,9.0,97.0,261.0,1.0,3.0,33.0,235.0,156.0,101.0,3.0,,544.0,19.0,381.0,28.0,134.0,158.0,23.0,146.0,,,78.0,15.0,,14.0,788.0,23.0,7.0,,123.0,167.0,38.0,10.0,64.0,29.0,31.0,,,5.0,148.0,2.0,,,23.0,,,,64.0,122.0,390.0,410.0,25.0,1.0,84.0,59.0,4.0,6.0,,,,,13.0,15.0,22.0,2.0,,10.0,4.0,5.0,20.0,5.0,10.0,8.0,13.0,22.0,10.0,1.0,,15.0,7.0,1.0,1.0,13.0,26.0,2.0,6.0,16.0,,7.0,1.0,2.0,8.0,5.0,9.0,3.0,2.0,2.0,1.0,1.0,,1.0,,1.0,,,,,,,,,,,,,,,,,,,,,
cpl::Football_Player::8a1540634bea4bb2ab53a066c4d95f14,G. Frano,Forge,Midfielder,2019,midfielder,26,1964,1,0,11,0,2,0,40,35,13,0,6,0,66,79.0,20,0.92,0,0,0,0,0,0,0,0,0.0,0.0,0.0,0.0,0,0,0,0,0,0,0,0,0,0,0,0,0,,1964.0,,,6.0,1113.0,6.0,109.0,459.0,23.0,6.0,78.0,370.0,436.0,172.0,1.0,,1143.0,35.0,822.0,17.0,250.0,183.0,12.0,188.0,,,150.0,20.0,,72.0,1618.0,26.0,21.0,,178.0,459.0,18.0,10.0,133.0,71.0,13.0,,,41.0,240.0,34.0,,,26.0,,,,86.0,392.0,864.0,893.0,62.0,9.0,107.0,92.0,3.0,3.0,,,,,19.0,62.0,34.0,2.0,,40.0,40.0,23.0,21.0,22.0,93.0,6.0,9.0,11.0,2.0,14.0,,9.0,2.0,42.0,2.0,10.0,10.0,1.0,2.0,,,,,,,,2.0,,1.0,,1.0,1.0,1.0,,,,,,,,,,,,,,,,,,,,,,,,
cpl::Football_Player::0e6d9987204441a9a9d05ed9f620ce78,W. Murofushi,York,Midfielder,2019,midfielder,23,1718,3,0,13,0,9,0,29,30,34,3,3,0,53,86.0,23,1.2,7,0,0,1,1,0,0,0,0.0,0.0,0.0,0.0,0,0,0,0,0,0,0,0,0,0,0,0,0,,1718.0,,,2.0,1050.0,4.0,154.0,429.0,4.0,3.0,28.0,216.0,498.0,123.0,1.0,,1075.0,30.0,873.0,18.0,151.0,307.0,23.0,127.0,,,151.0,20.0,,35.0,1330.0,23.0,25.0,,172.0,311.0,28.0,10.0,105.0,51.0,34.0,,,8.0,187.0,2.0,,,23.0,,,,75.0,303.0,899.0,924.0,15.0,1.0,82.0,97.0,5.0,13.0,,,,,19.0,44.0,24.0,1.0,,29.0,18.0,12.0,7.0,15.0,5.0,3.0,4.0,13.0,4.0,8.0,,6.0,3.0,1.0,2.0,5.0,11.0,3.0,3.0,7.0,,5.0,,,3.0,1.0,9.0,,3.0,3.0,3.0,,,,,1.0,,,1.0,1.0,,,,,,,,,,,,,,,,,
cpl::Football_Player::a7d8b842c6cf4d9899c79a10b51475bb,G. Muenkat,Valour,Midfielder,2019,midfielder,13,365,0,0,6,0,2,0,4,7,7,0,0,0,8,67.0,5,1.23,0,0,0,0,0,0,0,0,0.0,0.0,0.0,0.0,0,0,0,0,0,0,0,0,0,0,0,0,0,,365.0,,,,85.0,1.0,20.0,41.0,1.0,,3.0,65.0,16.0,26.0,,,86.0,7.0,57.0,3.0,29.0,22.0,3.0,27.0,,,17.0,2.0,,6.0,179.0,13.0,3.0,,50.0,29.0,16.0,10.0,24.0,,7.0,,,1.0,62.0,,,,13.0,,,,27.0,15.0,57.0,57.0,12.0,,38.0,23.0,2.0,1.0,,,,,10.0,6.0,8.0,,,4.0,5.0,3.0,11.0,2.0,9.0,11.0,4.0,6.0,2.0,1.0,,4.0,,3.0,,7.0,4.0,,,,,,,,,,2.0,,,,,,,,,1.0,,,,,,,,,,,,,,,,,,,,,
cpl::Football_Player::635e5049325f4750a08ca52440ff5651,D. Sacramento,Valour,Midfielder,2019,midfielder,18,1135,1,1,20,0,6,1,19,22,21,1,0,0,28,73.0,19,1.51,9,0,1,0,0,0,0,0,0.0,0.0,0.0,0.0,0,0,0,0,0,0,0,0,0,0,0,0,0,,1135.0,,,2.0,447.0,5.0,75.0,215.0,5.0,,17.0,215.0,129.0,112.0,2.0,,468.0,22.0,324.0,16.0,129.0,122.0,15.0,114.0,,,75.0,12.0,,26.0,718.0,18.0,12.0,,130.0,162.0,23.0,10.0,72.0,15.0,21.0,,,10.0,165.0,11.0,,,18.0,,,,68.0,109.0,321.0,339.0,35.0,2.0,93.0,62.0,3.0,8.0,,,,,13.0,28.0,24.0,3.0,,19.0,11.0,14.0,25.0,9.0,5.0,6.0,14.0,20.0,5.0,,,5.0,5.0,1.0,2.0,18.0,11.0,4.0,12.0,9.0,,6.0,,1.0,1.0,3.0,6.0,2.0,1.0,1.0,,,,1.0,,,1.0,,,,,,,,,,,,,,,,,,,,
cpl::Football_Player::3f6a675727214bcc96972b28a2e3dbf8,José Galán,Valour,Midfielder,2019,midfielder,13,901,0,0,9,0,1,0,16,31,18,0,5,0,28,82.0,21,2.1,1,0,0,0,0,0,0,0,0.0,0.0,0.0,0.0,0,0,0,0,0,0,0,0,0,0,0,0,0,,901.0,,2.0,1.0,481.0,1.0,62.0,194.0,6.0,5.0,22.0,121.0,211.0,67.0,3.0,,494.0,31.0,375.0,21.0,89.0,151.0,9.0,61.0,,,69.0,11.0,,33.0,644.0,13.0,22.0,,102.0,152.0,,10.0,55.0,30.0,18.0,,,7.0,127.0,15.0,,,13.0,,,,54.0,129.0,393.0,405.0,25.0,2.0,72.0,48.0,,6.0,,,,,4.0,26.0,18.0,2.0,,16.0,4.0,11.0,18.0,10.0,1.0,2.0,8.0,9.0,,7.0,1.0,4.0,,,,1.0,5.0,,,1.0,,,,,,,1.0,2.0,,,,,,,,,,,,,,,,,,,,,,,,,,,,,
cpl::Football_Player::847957cccc8242d3b03dd683f45f083f,J. Gutiérrez,Wanderers,Midfielder,2019,midfielder,19,1240,2,0,12,0,5,0,15,25,39,4,3,0,44,78.0,15,1.09,37,0,0,0,0,0,0,0,0.0,0.0,0.0,0.0,0,0,0,0,0,0,0,0,0,0,0,0,0,,1240.0,,,2.0,340.0,7.0,95.0,191.0,,3.0,16.0,210.0,97.0,62.0,1.0,,354.0,25.0,261.0,11.0,78.0,42.0,12.0,105.0,,,76.0,14.0,,14.0,648.0,19.0,16.0,,166.0,133.0,20.0,10.0,87.0,15.0,39.0,,,13.0,195.0,5.0,,,19.0,,,,92.0,84.0,265.0,276.0,29.0,2.0,108.0,74.0,4.0,7.0,,,,,13.0,23.0,11.0,3.0,,15.0,10.0,5.0,16.0,8.0,7.0,5.0,7.0,12.0,4.0,5.0,1.0,12.0,12.0,3.0,1.0,19.0,41.0,,3.0,37.0,,25.0,,,4.0,10.0,5.0,1.0,2.0,,1.0,,1.0,1.0,1.0,,,,,,,,,,,,,,,,,,,,,,
cpl::Football_Player::cb63f715ae9044639eb7eebd00a93a9b,E. John,Wanderers,Midfielder,2019,midfielder,18,1435,0,1,7,0,3,1,29,30,17,0,4,0,58,77.0,18,1.13,0,0,0,0,0,0,0,0,0.0,0.0,0.0,0.0,0,0,0,0,0,0,0,0,0,0,0,0,0,,1435.0,,,1.0,575.0,1.0,52.0,226.0,13.0,4.0,38.0,183.0,226.0,103.0,1.0,,592.0,30.0,426.0,15.0,141.0,135.0,6.0,95.0,,,106.0,17.0,,48.0,825.0,18.0,19.0,,140.0,229.0,5.0,10.0,89.0,25.0,17.0,,,24.0,181.0,29.0,,,18.0,,,,75.0,176.0,435.0,451.0,41.0,3.0,92.0,65.0,3.0,4.0,,,,,4.0,44.0,36.0,1.0,,29.0,21.0,19.0,17.0,15.0,,1.0,4.0,7.0,3.0,10.0,,2.0,1.0,,1.0,1.0,2.0,,1.0,,,,1.0,1.0,,,3.0,,,,,,,,,,,,,,,,,,,,,,,,,,,,,,
cpl::Football_Player::6bda12878690489697b20b110e311ad1,E. Simmons,Vancouver FC,Midfielder,2019,midfielder,13,969,0,0,3,0,0,0,18,14,7,0,2,0,55,82.0,10,0.93,18,0,0,0,0,0,0,0,0.0,0.0,0.0,0.0,0,0,0,0,0,0,0,0,0,0,0,0,0,,969.0,,,1.0,470.0,1.0,51.0,181.0,3.0,2.0,23.0,125.0,222.0,65.0,1.0,,485.0,14.0,365.0,9.0,88.0,122.0,9.0,73.0,,,98.0,10.0,,30.0,641.0,13.0,13.0,,98.0,173.0,,10.0,52.0,32.0,7.0,,,5.0,107.0,13.0,,,13.0,,,,51.0,139.0,384.0,397.0,9.0,2.0,55.0,47.0,1.0,2.0,,,,,12.0,28.0,29.0,,,18.0,18.0,17.0,4.0,10.0,,3.0,3.0,3.0,,1.0,,2.0,6.0,,,2.0,15.0,,2.0,18.0,,10.0,,,,6.0,,,,,,,,,,,,,,,,,,,,,,,,,,,,,,,
cpl::Football_Player::9530e64bf7744102b3eeecd7fcf46c34,E. Cissé,Forge,Midfielder,2019,midfielder,23,1731,2,2,17,0,9,2,31,28,18,2,0,0,33,86.0,16,0.83,1,0,0,0,0,0,0,0,0.0,0.0,0.0,0.0,0,0,0,0,0,0,0,0,0,0,0,0,0,,1731.0,,,3.0,754.0,7.0,161.0,408.0,5.0,,13.0,205.0,251.0,101.0,1.0,,772.0,28.0,619.0,13.0,114.0,221.0,10.0,95.0,,,151.0,21.0,,23.0,1088.0,23.0,16.0,,182.0,198.0,40.0,10.0,106.0,39.0,18.0,,,20.0,241.0,17.0,,,23.0,,,,96.0,192.0,641.0,658.0,59.0,4.0,135.0,86.0,3.0,11.0,,,,,19.0,49.0,29.0,3.0,,31.0,31.0,15.0,39.0,18.0,5.0,2.0,8.0,17.0,4.0,4.0,,3.0,1.0,,1.0,13.0,4.0,1.0,11.0,1.0,,,2.0,2.0,2.0,,9.0,,2.0,2.0,2.0,,,,,,,,,,,,,,,,,,,,,,,,,,
cpl::Football_Player::dd4f4492d8c24742a0221478a33737d8,Son Yong-Chan,Edmonton,Midfielder,2019,midfielder,14,952,0,1,1,0,1,1,19,16,12,0,1,0,28,76.0,11,1.04,14,0,0,0,0,0,0,0,0.0,0.0,0.0,0.0,0,0,0,0,0,0,0,0,0,0,0,0,0,,952.0,,,5.0,303.0,9.0,58.0,123.0,14.0,1.0,27.0,171.0,119.0,50.0,2.0,,311.0,16.0,207.0,9.0,77.0,56.0,15.0,67.0,,,50.0,11.0,,32.0,556.0,14.0,9.0,,77.0,121.0,9.0,10.0,48.0,27.0,12.0,,,7.0,102.0,3.0,,,14.0,,,,36.0,76.0,227.0,234.0,25.0,1.0,54.0,41.0,2.0,6.0,,,,,,29.0,22.0,1.0,,19.0,8.0,11.0,18.0,10.0,58.0,3.0,,1.0,1.0,,,15.0,8.0,41.0,4.0,5.0,22.0,,1.0,14.0,,7.0,1.0,1.0,,4.0,1.0,,,,,,,,,,,,,,,,,,,,,,,,,,,,,,
cpl::Football_Player::88ac022bf06149f1be2ce2ab7f3c087c,Z. Verhoven,Vancouver FC,Midfielder,2019,midfielder,22,1285,2,2,23,0,10,2,34,26,23,3,1,0,36,71.0,24,1.68,15,0,1,0,0,0,0,0,0.0,0.0,0.0,0.0,0,0,0,0,0,0,0,0,0,0,0,0,0,,1285.0,,,4.0,373.0,14.0,56.0,163.0,16.0,1.0,30.0,305.0,119.0,83.0,2.0,,380.0,26.0,245.0,22.0,113.0,37.0,18.0,131.0,,,92.0,12.0,,28.0,903.0,22.0,14.0,,251.0,180.0,63.0,10.0,138.0,22.0,23.0,,,7.0,270.0,27.0,,,22.0,,,,120.0,107.0,261.0,267.0,19.0,1.0,132.0,131.0,2.0,3.0,,,,,62.0,47.0,44.0,3.0,,34.0,19.0,26.0,12.0,13.0,43.0,10.0,13.0,23.0,8.0,3.0,,35.0,15.0,14.0,9.0,37.0,46.0,,,15.0,,10.0,2.0,2.0,3.0,5.0,10.0,,2.0,2.0,1.0,,,1.0,,1.0,,,,,,,,,,,,,,,,,,,,,
cpl::Football_Player::423863e33e8f4745b70e6092f11a184d,B. Fisk,Vancouver FC,Midfielder,2019,midfielder,24,1662,6,5,32,0,19,5,22,23,11,13,1,0,7,78.0,28,1.52,25,0,1,1,0,0,0,0,0.0,0.0,0.0,0.0,0,0,0,0,0,0,0,0,0,0,0,0,0,,1662.0,,,4.0,527.0,12.0,125.0,271.0,14.0,1.0,41.0,263.0,169.0,79.0,4.0,,544.0,23.0,396.0,26.0,120.0,130.0,24.0,134.0,,,89.0,19.0,,34.0,855.0,24.0,15.0,,145.0,168.0,53.0,10.0,56.0,28.0,11.0,,,1.0,159.0,10.0,,,24.0,,,,90.0,121.0,411.0,424.0,14.0,3.0,103.0,55.0,2.0,14.0,,,,,15.0,29.0,23.0,1.0,,22.0,2.0,11.0,13.0,7.0,7.0,5.0,13.0,32.0,11.0,2.0,,31.0,16.0,,7.0,16.0,48.0,,8.0,25.0,,13.0,3.0,5.0,13.0,8.0,19.0,2.0,6.0,5.0,5.0,,,1.0,1.0,,,,1.0,,,,,,,,,,,,,,,,,,
cpl::Football_Player::d069182d8eb04822aaaa25098cf0e87d,J. Golubar,Valour,Midfielder,2019,midfielder,3,255,0,0,1,0,1,0,2,8,3,0,0,0,25,79.0,3,1.06,0,0,0,0,0,0,0,0,0.0,0.0,0.0,0.0,0,0,0,0,0,0,0,0,0,0,0,0,0,,255.0,,,,110.0,2.0,34.0,50.0,2.0,,4.0,38.0,38.0,20.0,,,112.0,8.0,87.0,3.0,24.0,26.0,3.0,20.0,,,15.0,3.0,,4.0,146.0,3.0,5.0,,28.0,33.0,6.0,10.0,14.0,1.0,3.0,,,1.0,32.0,1.0,,,3.0,,,,15.0,19.0,86.0,88.0,4.0,,18.0,13.0,,1.0,,,,,6.0,4.0,7.0,,,2.0,1.0,1.0,3.0,2.0,1.0,,,1.0,1.0,,,,,1.0,,1.0,,,2.0,,,,,,,,1.0,,,,,,,,,,,,,,,,,,,,,,,,,,,,,,
cpl::Football_Player::0e2b6aa5fbdf49f399441b22b356d14c,K. Bekker,Forge,Midfielder,2019,midfielder,28,2444,4,5,45,0,18,5,14,29,11,4,2,0,38,82.0,24,0.88,90,0,2,1,0,0,0,0,0.0,0.0,0.0,0.0,0,0,0,0,0,0,0,0,0,0,0,0,0,,2444.0,,,2.0,1323.0,25.0,295.0,712.0,22.0,2.0,69.0,413.0,438.0,183.0,3.0,,1385.0,29.0,1025.0,20.0,252.0,350.0,41.0,280.0,,,164.0,27.0,,55.0,1785.0,28.0,18.0,,139.0,393.0,39.0,10.0,61.0,108.0,11.0,,,16.0,181.0,20.0,,,28.0,,,,94.0,347.0,1079.0,1133.0,42.0,11.0,120.0,45.0,4.0,2.0,,,,,12.0,23.0,30.0,1.0,,14.0,17.0,19.0,26.0,9.0,6.0,1.0,27.0,45.0,18.0,2.0,,20.0,17.0,3.0,3.0,13.0,83.0,6.0,19.0,90.0,,56.0,5.0,5.0,4.0,18.0,18.0,11.0,4.0,1.0,3.0,1.0,,1.0,3.0,,,1.0,1.0,,,,,,,,,,,,,,,,,,
cpl::Football_Player::2a0dc42d1dba4748a99b39aa920f7497,J. Brown,Cavalry,Forward,2019,forward,25,1397,4,1,29,0,13,1,15,34,7,5,2,0,33,77.0,8,0.52,0,0,0,0,0,0,0,0,0.0,0.0,0.0,0.0,0,0,0,0,0,0,0,0,0,0,0,0,0,,1397.0,,,1.0,288.0,13.0,107.0,151.0,4.0,2.0,8.0,181.0,80.0,63.0,,,297.0,34.0,222.0,7.0,71.0,77.0,16.0,80.0,,,57.0,15.0,,8.0,549.0,25.0,11.0,,133.0,64.0,70.0,10.0,67.0,4.0,7.0,,,21.0,196.0,4.0,,,25.0,,,,87.0,49.0,217.0,226.0,63.0,7.0,129.0,46.0,1.0,5.0,,,,,13.0,26.0,28.0,3.0,,15.0,2.0,12.0,42.0,11.0,,10.0,16.0,29.0,13.0,,,17.0,5.0,,5.0,15.0,17.0,,7.0,,,,1.0,1.0,5.0,,13.0,,4.0,2.0,3.0,1.0,1.0,1.0,1.0,,,,,,,,,,,,,,,,,,,,,,
cpl::Football_Player::ce28065c8a3b4288ba09d3e26cc5e4fd,O.Fakunle,Cavalry,Forward,2019,forward,2,9,0,0,0,0,0,0,0,0,0,0,0,0,0,100.0,1,10.0,0,0,0,0,0,0,0,0,0.0,0.0,0.0,0.0,0,0,0,0,0,0,0,0,0,0,0,0,0,,9.0,,,,3.0,,1.0,2.0,,,,3.0,1.0,,,,3.0,,3.0,1.0,,1.0,,2.0,,,1.0,,,,10.0,2.0,,,,1.0,,10.0,,,,,,,,,,,2.0,,,,,,3.0,3.0,,,,,,,,,,,,,2.0,,,,,2.0,,,,2.0,,,,,,2.0,,,,,2.0,,,,,,,,,,,,,,,,,,,,,,,,,,,,,,,,,,,,,,,,
cpl::Football_Player::56a1c426e347456e875c52b4e799f2ea,N. Pasquotti,Cavalry,Forward,2019,forward,25,1943,5,3,29,0,16,3,29,45,49,2,6,0,42,73.0,12,0.56,0,0,1,0,0,0,0,0,0.0,0.0,0.0,0.0,0,0,0,0,0,0,0,0,0,0,0,0,0,,1943.0,,,3.0,479.0,38.0,142.0,235.0,6.0,6.0,15.0,450.0,122.0,119.0,1.0,,483.0,45.0,343.0,12.0,134.0,37.0,22.0,177.0,,,119.0,22.0,,20.0,1197.0,25.0,29.0,,316.0,153.0,100.0,10.0,191.0,6.0,49.0,,,37.0,403.0,11.0,,,25.0,,,,162.0,151.0,345.0,349.0,87.0,7.0,212.0,154.0,,5.0,,,,,59.0,48.0,38.0,2.0,,29.0,13.0,16.0,50.0,19.0,91.0,3.0,13.0,29.0,6.0,1.0,,63.0,8.0,71.0,8.0,49.0,63.0,1.0,3.0,,,,3.0,3.0,2.0,,16.0,,5.0,2.0,5.0,,1.0,,2.0,1.0,1.0,,,,,,,,,,,,,,,,,,,,
cpl::Football_Player::4a3790eed104423781b21001cbce69e9,A. García,Wanderers,Forward,2019,forward,24,2082,7,0,35,0,23,0,17,34,45,16,2,0,19,80.0,24,1.04,1,0,0,0,0,0,0,0,0.0,0.0,0.0,0.0,0,0,0,0,0,0,0,0,0,0,0,0,0,,2082.0,,,,381.0,28.0,126.0,204.0,,2.0,7.0,253.0,112.0,75.0,2.0,,397.0,34.0,309.0,19.0,82.0,80.0,15.0,81.0,,,96.0,23.0,,20.0,757.0,24.0,10.0,,205.0,98.0,79.0,10.0,107.0,6.0,45.0,,,9.0,252.0,5.0,,,24.0,,,,107.0,93.0,301.0,315.0,47.0,6.0,145.0,98.0,5.0,4.0,,,,,29.0,24.0,30.0,6.0,,17.0,2.0,7.0,38.0,7.0,7.0,1.0,12.0,35.0,4.0,,,18.0,1.0,1.0,1.0,20.0,19.0,1.0,9.0,1.0,,1.0,,,16.0,,23.0,,7.0,4.0,6.0,2.0,,1.0,3.0,1.0,,,,,,,,,,,,,,,,,,,,,
cpl::Football_Player::c314da16fc8343e497f44db035a9f413,D. Malonga,Cavalry,Forward,2019,forward,26,1961,11,1,59,0,34,1,1,11,35,16,1,0,44,82.0,17,0.78,0,0,2,2,1,0,0,0,0.0,0.0,0.0,0.0,0,0,0,0,0,0,0,0,0,0,0,0,0,,1961.0,,,,486.0,13.0,174.0,286.0,,1.0,1.0,207.0,126.0,93.0,2.0,,505.0,11.0,405.0,14.0,94.0,141.0,18.0,86.0,,,51.0,23.0,,12.0,785.0,26.0,4.0,,105.0,100.0,101.0,10.0,90.0,6.0,35.0,,,46.0,208.0,13.0,,,26.0,,,,61.0,90.0,392.0,411.0,103.0,1.0,118.0,44.0,3.0,12.0,,,,,9.0,2.0,14.0,2.0,,1.0,2.0,2.0,57.0,1.0,1.0,3.0,25.0,59.0,10.0,2.0,,4.0,1.0,1.0,1.0,11.0,4.0,,10.0,,,,1.0,1.0,16.0,,34.0,,11.0,9.0,10.0,3.0,1.0,1.0,,,,,2.0,1.0,1.0,,,,,,,,,,,,,,,,
cpl::Football_Player::1b5317cdeb7f40dd8a7eccc207d46158,A. Pepple,Cavalry,Forward,2019,forward,8,61,0,0,0,0,0,0,1,4,1,2,0,0,40,78.0,1,1.48,0,0,0,0,0,0,0,0,0.0,0.0,0.0,0.0,0,0,0,0,0,0,0,0,0,0,0,0,0,,61.0,,,,9.0,,4.0,6.0,,,,10.0,1.0,2.0,,,9.0,4.0,7.0,1.0,2.0,2.0,,2.0,,,3.0,,,,21.0,8.0,1.0,,7.0,,,10.0,4.0,,1.0,,,2.0,12.0,,,,8.0,,,,5.0,3.0,7.0,7.0,5.0,,8.0,2.0,,,,,,,,1.0,1.0,,,1.0,,1.0,3.0,,,8.0,,,,,,,,,,,,,,,,,,,2.0,,,,,,,,,,,,,,,,,,,,,,,,,,,,,,,,
cpl::Football_Player::49bd7ec1be034a33a576d28b705b3611,T. Ameobi,Edmonton,Forward,2019,forward,23,1860,4,0,22,0,10,0,16,49,31,5,4,0,50,74.0,22,1.06,0,0,1,1,1,0,0,0,0.0,0.0,0.0,0.0,0,0,0,0,0,0,0,0,0,0,0,0,0,,1860.0,,,,499.0,8.0,146.0,255.0,2.0,4.0,9.0,250.0,125.0,127.0,4.0,,515.0,49.0,369.0,21.0,136.0,112.0,23.0,109.0,,,66.0,21.0,,29.0,790.0,23.0,18.0,,167.0,137.0,59.0,10.0,136.0,10.0,31.0,,,76.0,317.0,15.0,,,23.0,,,,107.0,120.0,364.0,379.0,150.0,2.0,181.0,60.0,1.0,6.0,,,,,7.0,25.0,21.0,3.0,,16.0,7.0,9.0,74.0,9.0,3.0,2.0,12.0,22.0,1.0,1.0,,2.0,1.0,,1.0,10.0,2.0,1.0,18.0,,,,,,5.0,,10.0,,4.0,3.0,4.0,2.0,1.0,,,1.0,,,1.0,1.0,,,,,,,,,,,,,,,,,
cpl::Football_Player::e8e645fea075440a9f8568e37b9bd5e2,R. Edwini-Bonsu,Edmonton,Forward,2019,forward,12,363,0,1,9,0,6,1,5,9,13,1,1,0,40,65.0,5,1.24,10,0,0,0,0,0,0,0,0.0,0.0,0.0,0.0,0,0,0,0,0,0,0,0,0,0,0,0,0,,363.0,,,,80.0,3.0,17.0,44.0,3.0,1.0,4.0,75.0,17.0,25.0,,,82.0,9.0,52.0,3.0,29.0,24.0,9.0,40.0,,,21.0,3.0,,3.0,184.0,12.0,8.0,,54.0,28.0,14.0,10.0,26.0,1.0,13.0,,,2.0,59.0,1.0,,,12.0,,,,30.0,13.0,51.0,53.0,5.0,,33.0,24.0,2.0,3.0,,,,,5.0,7.0,3.0,,,5.0,3.0,1.0,3.0,2.0,1.0,9.0,3.0,9.0,,,,8.0,8.0,,2.0,3.0,14.0,1.0,,10.0,,5.0,1.0,1.0,1.0,5.0,6.0,1.0,,,,,,,,,,,,,,,,,,,,,,,,,,,,,
cpl::Football_Player::0d06cd6c87bb4d4f84bc157902b8b11b,Ahmed Al Ghamdi,Pacific,Forward,2019,forward,8,330,1,0,7,0,4,0,7,4,2,0,0,0,16,85.0,9,2.45,0,0,0,0,0,0,0,0,0.0,0.0,0.0,0.0,0,0,0,0,0,0,0,0,0,0,0,0,0,,330.0,,,,216.0,1.0,40.0,98.0,,,6.0,52.0,88.0,29.0,,,221.0,4.0,179.0,9.0,35.0,42.0,2.0,26.0,,,12.0,4.0,,9.0,285.0,8.0,2.0,,38.0,69.0,5.0,10.0,21.0,7.0,2.0,,,1.0,44.0,3.0,,,8.0,,,,18.0,70.0,181.0,186.0,6.0,,23.0,20.0,,4.0,,,,,9.0,9.0,7.0,,,7.0,1.0,2.0,5.0,2.0,2.0,4.0,3.0,7.0,3.0,,,,,,,6.0,,,1.0,,,,,,,,4.0,,1.0,1.0,,,,1.0,,,,,,,,,,,,,,,,,,,,,,,
cpl::Football_Player::ee8bab3f6a2e4ca6a0f2d7fb78444601,L. Perea,Wanderers,Forward,2019,forward,15,1014,3,1,15,0,11,1,6,11,12,4,2,0,41,75.0,17,1.51,0,0,1,2,2,0,0,0,0.0,0.0,0.0,0.0,0,0,0,0,0,0,0,0,0,0,0,0,0,,1014.0,,,,291.0,5.0,87.0,147.0,,2.0,4.0,132.0,80.0,74.0,2.0,,304.0,11.0,221.0,15.0,78.0,84.0,11.0,68.0,,,36.0,12.0,,13.0,442.0,15.0,5.0,,75.0,74.0,33.0,10.0,41.0,5.0,12.0,,,10.0,99.0,1.0,,,15.0,,,,44.0,59.0,213.0,226.0,24.0,1.0,58.0,31.0,2.0,6.0,,,,,9.0,10.0,16.0,1.0,,6.0,2.0,10.0,14.0,4.0,3.0,3.0,4.0,15.0,3.0,,,3.0,1.0,1.0,1.0,6.0,3.0,,9.0,,,,1.0,1.0,4.0,,11.0,,3.0,3.0,3.0,2.0,,,,,,,2.0,2.0,,,,,,,,,,,,,,,,,
cpl::Football_Player::04cd976c461148d79ab8cafc0bf69c62,D. Choinière,Forge,Forward,2019,forward,18,998,2,2,15,0,8,2,14,15,27,0,1,0,0,82.0,13,1.17,6,0,0,1,0,0,0,0,0.0,0.0,0.0,0.0,0,0,0,0,0,0,0,0,0,0,0,0,0,,998.0,,,1.0,356.0,9.0,102.0,217.0,3.0,1.0,11.0,164.0,81.0,56.0,3.0,,363.0,15.0,275.0,11.0,67.0,80.0,8.0,73.0,,,84.0,11.0,,7.0,594.0,18.0,7.0,,151.0,97.0,42.0,10.0,65.0,21.0,27.0,,,,156.0,1.0,,,18.0,,,,86.0,84.0,289.0,296.0,5.0,1.0,91.0,65.0,2.0,7.0,,,,,14.0,24.0,28.0,,,14.0,3.0,16.0,5.0,10.0,7.0,7.0,7.0,15.0,5.0,,,12.0,2.0,,1.0,12.0,13.0,2.0,2.0,6.0,,1.0,2.0,2.0,,1.0,8.0,,2.0,2.0,2.0,,,,,,,,1.0,,,,,,,,,,,,,,,,,,
cpl::Football_Player::32ac22e018504c2f98dc4d3c64e42803,J. Hernández,Scottish,Forward,2019,forward,19,652,1,2,11,0,7,2,17,25,18,6,2,0,32,78.0,11,1.52,1,0,0,0,0,0,0,0,0.0,0.0,0.0,0.0,0,0,0,0,0,0,0,0,0,0,0,0,0,,652.0,,,,177.0,5.0,65.0,95.0,,2.0,3.0,123.0,49.0,39.0,1.0,,185.0,25.0,139.0,9.0,42.0,49.0,4.0,35.0,,,39.0,6.0,,10.0,379.0,19.0,13.0,,124.0,38.0,30.0,10.0,62.0,4.0,18.0,,,13.0,164.0,4.0,,,19.0,,,,75.0,33.0,135.0,143.0,40.0,,102.0,49.0,2.0,5.0,,,,,9.0,22.0,16.0,2.0,,17.0,5.0,11.0,27.0,5.0,3.0,13.0,4.0,11.0,8.0,,,2.0,1.0,,1.0,12.0,3.0,,2.0,1.0,,1.0,1.0,2.0,6.0,,7.0,,1.0,,1.0,1.0,1.0,,,,,,,,,,,,,,,,,,,,,,,,
cpl::Football_Player::55dd391822fa4ee9a317707f26e1ddc9,C. Nanco,Forge,Forward,2019,forward,26,1496,4,2,25,0,12,2,9,26,20,14,1,0,36,73.0,15,0.9,2,0,2,0,0,0,0,0,0.0,0.0,0.0,0.0,0,0,0,0,0,0,0,0,0,0,0,0,0,,1496.0,,,2.0,379.0,25.0,95.0,214.0,12.0,1.0,20.0,305.0,70.0,85.0,3.0,,386.0,26.0,274.0,11.0,105.0,108.0,19.0,105.0,,,92.0,15.0,,19.0,774.0,26.0,9.0,,198.0,104.0,77.0,10.0,73.0,7.0,20.0,,,8.0,220.0,6.0,,,26.0,,,,133.0,79.0,274.0,281.0,22.0,3.0,147.0,65.0,4.0,7.0,,,,,23.0,22.0,26.0,3.0,,9.0,13.0,13.0,14.0,13.0,23.0,11.0,13.0,25.0,5.0,1.0,,19.0,3.0,9.0,3.0,40.0,19.0,1.0,5.0,2.0,,,2.0,2.0,14.0,,12.0,,4.0,2.0,4.0,,,,2.0,,2.0,,,,,,,,,,,,,,,,,,,,
cpl::Football_Player::5caf5069370145c293932a8d757afa03,O. Diouck,Edmonton,Forward,2019,forward,26,1977,6,2,34,0,16,2,24,62,45,18,6,0,25,77.0,22,1.0,9,0,1,0,0,0,0,0,0.0,0.0,0.0,0.0,0,0,0,0,0,0,0,0,0,0,0,0,0,,1977.0,,,1.0,556.0,18.0,160.0,294.0,4.0,6.0,29.0,293.0,169.0,106.0,6.0,,582.0,62.0,407.0,20.0,135.0,175.0,28.0,150.0,,,101.0,22.0,,23.0,992.0,26.0,33.0,,247.0,131.0,73.0,10.0,120.0,40.0,45.0,,,8.0,278.0,6.0,,,26.0,,,,135.0,116.0,432.0,447.0,31.0,4.0,158.0,112.0,2.0,9.0,,,,,30.0,38.0,25.0,6.0,,24.0,4.0,11.0,23.0,14.0,9.0,4.0,18.0,34.0,11.0,,,23.0,16.0,1.0,10.0,22.0,38.0,,3.0,9.0,,6.0,2.0,2.0,18.0,3.0,16.0,6.0,6.0,5.0,5.0,1.0,1.0,1.0,,,,,,,,,,,,,,,,,,,,,,,
cpl::Football_Player::0a9e81414bcf48d388274099578d7521,M. Haber,Pacific,Forward,2019,forward,13,704,3,0,19,0,6,0,2,13,10,9,0,0,66,60.0,14,1.79,0,0,2,1,1,0,0,0,0.0,0.0,0.0,0.0,0,0,0,0,0,0,0,0,0,0,0,0,0,,704.0,,,,161.0,4.0,60.0,69.0,,,2.0,104.0,38.0,70.0,3.0,,178.0,13.0,106.0,11.0,72.0,45.0,9.0,65.0,,,21.0,6.0,,11.0,270.0,13.0,1.0,,33.0,39.0,38.0,10.0,74.0,,10.0,,,63.0,128.0,11.0,,,13.0,,,,22.0,34.0,89.0,106.0,95.0,1.0,54.0,11.0,3.0,1.0,,,,,,2.0,5.0,,,2.0,1.0,2.0,32.0,,,7.0,13.0,19.0,,1.0,,4.0,1.0,,1.0,,4.0,,7.0,,,,,,9.0,,6.0,,3.0,1.0,3.0,2.0,2.0,,,1.0,,,1.0,1.0,,,,,,,,,,,,,,,,,
cpl::Football_Player::52ee822ec2ea43bc844f27d96e16334b,Víctor Blasco,Pacific,Forward,2019,forward,25,1586,6,3,30,0,18,3,29,51,42,6,4,0,46,77.0,30,1.7,16,0,3,0,0,0,0,0,0.0,0.0,0.0,0.0,0,0,0,0,0,0,0,0,0,0,0,0,0,,1586.0,,,1.0,588.0,9.0,141.0,299.0,1.0,4.0,18.0,334.0,165.0,125.0,,,596.0,51.0,439.0,27.0,143.0,195.0,23.0,160.0,,,95.0,20.0,,19.0,1051.0,25.0,31.0,,298.0,160.0,56.0,10.0,171.0,14.0,42.0,,,27.0,356.0,3.0,,,25.0,,,,154.0,100.0,447.0,453.0,58.0,,185.0,144.0,3.0,13.0,,,,,57.0,46.0,36.0,3.0,,29.0,2.0,23.0,31.0,17.0,15.0,5.0,12.0,30.0,4.0,,,19.0,11.0,1.0,4.0,31.0,36.0,2.0,12.0,16.0,,13.0,3.0,3.0,6.0,2.0,18.0,5.0,6.0,6.0,2.0,1.0,,4.0,,,,2.0,,,,,,,,,,,,,,,,,,,
cpl::Football_Player::2a2dcc3d5b52458b87405d47509cd686,M. Zajac,Forge,Forward,2019,forward,22,1073,1,3,21,0,11,3,10,15,23,7,3,0,27,81.0,11,0.92,0,0,0,0,0,0,0,0,0.0,0.0,0.0,0.0,0,0,0,0,0,0,0,0,0,0,0,0,0,,1073.0,,1.0,,270.0,11.0,113.0,170.0,1.0,3.0,2.0,139.0,64.0,53.0,2.0,,288.0,15.0,226.0,9.0,55.0,87.0,10.0,55.0,,,52.0,12.0,,5.0,494.0,22.0,5.0,,110.0,37.0,60.0,10.0,61.0,7.0,23.0,,,13.0,157.0,4.0,,,22.0,,,,62.0,51.0,215.0,233.0,47.0,2.0,96.0,48.0,2.0,8.0,,,,,12.0,13.0,20.0,1.0,,10.0,4.0,13.0,34.0,3.0,5.0,10.0,10.0,21.0,9.0,,,5.0,1.0,,1.0,8.0,5.0,,8.0,,,,2.0,3.0,7.0,,11.0,,1.0,,1.0,,1.0,,,,,,,,,,,,,,,,,,,,,,,,
cpl::Football_Player::3a40cda943824387943792e6a62fee0f,R. Telfer,Wanderers,Forward,2019,forward,26,2216,8,1,50,0,29,1,36,24,45,13,2,0,46,78.0,33,1.34,86,0,0,0,0,0,0,0,0.0,0.0,0.0,0.0,0,0,0,0,0,0,0,0,0,0,0,0,0,,2216.0,,,,785.0,31.0,181.0,447.0,5.0,2.0,49.0,475.0,254.0,140.0,1.0,,840.0,24.0,610.0,24.0,189.0,190.0,65.0,275.0,,,133.0,24.0,,27.0,1550.0,26.0,13.0,,322.0,251.0,125.0,10.0,209.0,41.0,45.0,,,27.0,380.0,7.0,,,26.0,,,,140.0,218.0,608.0,651.0,58.0,4.0,171.0,182.0,9.0,2.0,,,,,85.0,53.0,34.0,1.0,,36.0,20.0,10.0,31.0,17.0,44.0,2.0,21.0,50.0,17.0,,,49.0,50.0,7.0,18.0,46.0,113.0,1.0,12.0,86.0,,50.0,1.0,1.0,13.0,29.0,29.0,5.0,8.0,4.0,6.0,2.0,1.0,2.0,3.0,1.0,,,,,,,,,,,,,,,,,,,,,
cpl::Football_Player::2da9cef1b6384242b55b25f827780c21,M. Paolucci,Valour,Forward,2019,forward,15,1139,3,2,20,0,11,2,6,15,26,19,2,0,24,65.0,23,1.82,0,0,1,0,0,0,0,0,0.0,0.0,0.0,0.0,0,0,0,0,0,0,0,0,0,0,0,0,0,,1139.0,,,,162.0,9.0,59.0,67.0,5.0,2.0,15.0,120.0,58.0,53.0,2.0,,193.0,15.0,122.0,23.0,68.0,44.0,5.0,61.0,,,23.0,13.0,,11.0,347.0,15.0,9.0,,81.0,50.0,54.0,10.0,60.0,3.0,26.0,,,21.0,166.0,9.0,,,15.0,,,,42.0,40.0,95.0,125.0,85.0,1.0,106.0,39.0,,6.0,,,,,8.0,7.0,8.0,2.0,,6.0,,4.0,64.0,1.0,1.0,2.0,9.0,20.0,9.0,1.0,,4.0,,,,3.0,4.0,1.0,6.0,,,,1.0,2.0,19.0,,11.0,,3.0,1.0,2.0,1.0,,1.0,2.0,,,,,,,,,,,,,,,,,,,,,,
cpl::Football_Player::1ece129a4fee46d18322a9312200459f,A. Ricci,Vancouver FC,Forward,2019,forward,9,199,0,1,3,0,0,1,1,13,3,1,0,0,55,58.0,5,2.26,2,0,0,0,0,0,0,0,0.0,0.0,0.0,0.0,0,0,0,0,0,0,0,0,0,0,0,0,0,,199.0,,,,72.0,5.0,15.0,26.0,,,4.0,56.0,16.0,27.0,,,73.0,13.0,39.0,3.0,31.0,20.0,3.0,28.0,,,13.0,2.0,,8.0,139.0,9.0,7.0,,38.0,26.0,13.0,10.0,21.0,3.0,3.0,,,5.0,47.0,1.0,,,9.0,,,,22.0,12.0,41.0,42.0,9.0,,26.0,16.0,2.0,2.0,,,,,8.0,5.0,10.0,2.0,,1.0,3.0,5.0,4.0,4.0,2.0,7.0,3.0,3.0,3.0,,,4.0,,,,5.0,5.0,2.0,,2.0,,1.0,,1.0,1.0,1.0,,,,,,,,,,,,,,,,,,,,,,,,,,,,,,,
cpl::Football_Player::7423a2b022b44034b86aacf18f4f0fe8,S. Lamanna,York,Forward,2019,forward,6,77,0,1,2,0,0,1,0,1,2,1,0,0,50,76.0,2,2.34,0,0,0,0,0,0,0,0,0.0,0.0,0.0,0.0,0,0,0,0,0,0,0,0,0,0,0,0,0,,77.0,,,,29.0,1.0,9.0,11.0,,,,16.0,11.0,7.0,1.0,,29.0,1.0,21.0,2.0,7.0,4.0,,6.0,,,10.0,,,1.0,54.0,6.0,1.0,,15.0,9.0,5.0,10.0,7.0,1.0,2.0,,,1.0,17.0,,,,6.0,,,,9.0,7.0,22.0,22.0,2.0,,10.0,6.0,,,,,,,2.0,2.0,1.0,,,,,1.0,1.0,2.0,,6.0,2.0,2.0,,,,,,,,5.0,,,,,,,,1.0,1.0,,,,,,,,,,,,,,,,,,,,,,,,,,,,,,,,
cpl::Football_Player::6140d85c2a6949b78d0577605544363e,R. Gattas,York,Forward,2019,forward,28,1958,9,0,61,0,36,0,14,25,21,16,2,0,50,77.0,28,1.29,0,0,1,4,2,0,0,0,0.0,0.0,0.0,0.0,0,0,0,0,0,0,0,0,0,0,0,0,0,,1958.0,,,,724.0,19.0,172.0,362.0,3.0,2.0,35.0,288.0,212.0,139.0,,,738.0,25.0,486.0,21.0,174.0,177.0,22.0,163.0,,,89.0,22.0,,38.0,1088.0,28.0,12.0,,141.0,139.0,89.0,10.0,100.0,78.0,21.0,,,41.0,223.0,10.0,,,28.0,,,,82.0,250.0,550.0,564.0,82.0,3.0,123.0,59.0,7.0,8.0,,,,,20.0,19.0,30.0,3.0,,14.0,13.0,11.0,41.0,5.0,13.0,6.0,25.0,61.0,15.0,2.0,,27.0,10.0,,10.0,16.0,27.0,2.0,24.0,,,,,,16.0,,36.0,2.0,9.0,2.0,8.0,2.0,2.0,1.0,4.0,1.0,,,4.0,2.0,1.0,1.0,,,,,,,,,,,,,,,
cpl::Football_Player::6b4eacbe43c74851b749376f0640fc6b,C. Rollocks,York,Forward,2019,forward,9,292,0,0,5,0,0,0,2,5,6,1,0,0,20,53.0,5,1.54,0,0,0,0,0,0,0,0,0.0,0.0,0.0,0.0,0,0,0,0,0,0,0,0,0,0,0,0,0,,292.0,,,1.0,41.0,3.0,13.0,11.0,,,2.0,59.0,12.0,19.0,,,44.0,5.0,21.0,3.0,21.0,7.0,4.0,23.0,,,9.0,3.0,,5.0,117.0,9.0,2.0,,36.0,15.0,12.0,10.0,12.0,2.0,6.0,,,2.0,46.0,1.0,,,9.0,,,,26.0,9.0,20.0,23.0,10.0,,34.0,10.0,2.0,2.0,,,,,1.0,3.0,4.0,,,2.0,5.0,1.0,8.0,1.0,1.0,6.0,5.0,5.0,1.0,,,7.0,,,,7.0,7.0,,2.0,,,,,,1.0,,,,,,,2.0,,,,,,,,,,,,,,,,,,,,,,,,,
cpl::Football_Player::a3da6283599541849144b5b108dbc67b,K. Porter,Ottawa Fury,Forward,2019,forward,25,1916,2,4,26,0,20,4,35,21,28,4,1,0,53,80.0,25,1.17,41,0,0,1,0,0,0,0,0.0,0.0,0.0,0.0,0,0,0,0,0,0,0,0,0,0,0,0,0,,1916.0,,,2.0,703.0,17.0,172.0,373.0,6.0,1.0,26.0,304.0,233.0,127.0,1.0,,736.0,21.0,555.0,19.0,153.0,206.0,26.0,177.0,,,101.0,23.0,,43.0,1143.0,25.0,12.0,,176.0,197.0,54.0,10.0,111.0,28.0,28.0,,,25.0,223.0,12.0,,,25.0,,,1.0,90.0,161.0,557.0,583.0,47.0,3.0,112.0,86.0,6.0,13.0,,,,,12.0,48.0,45.0,2.0,,35.0,21.0,16.0,22.0,13.0,25.0,2.0,6.0,26.0,8.0,2.0,,35.0,23.0,2.0,1.0,13.0,67.0,3.0,9.0,41.0,,17.0,3.0,4.0,4.0,17.0,20.0,1.0,2.0,1.0,2.0,,1.0,,,1.0,,,1.0,,,,,,,,,,,,,,,,,,
cpl::Football_Player::91a915f684dc4b769c0cf45719f2a87e,M. Bustos,Pacific,Forward,2019,forward,25,2249,7,3,44,0,27,3,19,24,57,5,3,0,31,84.0,48,1.92,64,0,3,2,2,0,0,0,0.0,0.0,0.0,0.0,0,0,0,0,0,0,0,0,0,0,0,0,0,,2249.0,,,1.0,860.0,21.0,263.0,549.0,2.0,3.0,28.0,375.0,225.0,124.0,6.0,,909.0,24.0,718.0,44.0,152.0,150.0,41.0,186.0,,,106.0,25.0,,23.0,1415.0,25.0,16.0,,267.0,215.0,76.0,10.0,145.0,39.0,57.0,,,11.0,302.0,3.0,,,25.0,,,,133.0,281.0,717.0,757.0,35.0,5.0,157.0,134.0,4.0,1.0,,,,,55.0,22.0,32.0,1.0,,19.0,11.0,8.0,24.0,3.0,16.0,,17.0,44.0,17.0,,,14.0,17.0,1.0,3.0,34.0,57.0,1.0,8.0,64.0,,30.0,3.0,3.0,5.0,11.0,27.0,5.0,7.0,,6.0,1.0,,1.0,7.0,1.0,,,2.0,2.0,,,,,,,,,,,,,,,,,
cpl::Football_Player::337fb1e9243f40eeacf44fe5123d4089,A. Novak,Forge,Forward,2019,forward,18,1113,6,3,19,0,14,3,7,11,19,2,4,0,26,67.0,7,0.57,2,0,1,0,0,0,0,0,0.0,0.0,0.0,0.0,0,0,0,0,0,0,0,0,0,0,0,0,0,,1113.0,,,,226.0,11.0,91.0,117.0,2.0,4.0,4.0,189.0,47.0,80.0,1.0,,248.0,11.0,164.0,7.0,84.0,57.0,11.0,76.0,,,28.0,14.0,,11.0,457.0,18.0,3.0,,102.0,41.0,59.0,10.0,62.0,,19.0,,,23.0,190.0,9.0,,,18.0,,,,63.0,59.0,143.0,164.0,88.0,,128.0,39.0,,10.0,,,,,12.0,10.0,14.0,1.0,,7.0,1.0,3.0,65.0,3.0,1.0,4.0,5.0,19.0,6.0,2.0,,3.0,,,,16.0,3.0,,10.0,2.0,,,2.0,3.0,2.0,,14.0,,6.0,3.0,6.0,9.0,,,3.0,,,,,,,,,,,,,,,,,,,,,,
cpl::Football_Player::4feb899db58341fb9d242a518bac60ad,K. Thomas,Forge,Forward,2019,forward,15,542,3,1,10,0,7,1,13,12,11,2,4,0,27,75.0,4,0.66,1,0,0,0,0,0,0,0,0.0,0.0,0.0,0.0,0,0,0,0,0,0,0,0,0,0,0,0,0,,542.0,,,3.0,183.0,7.0,50.0,101.0,4.0,4.0,8.0,127.0,38.0,38.0,,,184.0,12.0,132.0,4.0,46.0,49.0,3.0,48.0,,,44.0,5.0,,11.0,361.0,15.0,6.0,,102.0,50.0,26.0,10.0,47.0,6.0,11.0,,,3.0,113.0,2.0,,,15.0,,,,58.0,35.0,137.0,138.0,11.0,,66.0,44.0,,4.0,,,,,15.0,18.0,22.0,,,13.0,3.0,12.0,8.0,5.0,1.0,10.0,3.0,10.0,2.0,,,13.0,1.0,1.0,1.0,14.0,13.0,1.0,3.0,1.0,,,1.0,1.0,2.0,,7.0,,3.0,3.0,3.0,,,,,,,,,,,,,,,,,,,,,,,,,,
cpl::Football_Player::603d3d0c356448a9abd8659b8b5ab74f,M. Cox,Scottish,Forward,2019,forward,5,184,0,0,4,0,1,0,1,4,4,0,0,0,41,88.0,3,1.47,0,0,0,0,0,0,0,0,0.0,0.0,0.0,0.0,0,0,0,0,0,0,0,0,0,0,0,0,0,,184.0,,,,26.0,3.0,10.0,18.0,,,,19.0,9.0,4.0,,,31.0,4.0,27.0,3.0,4.0,5.0,2.0,3.0,,,3.0,2.0,,1.0,61.0,5.0,2.0,,15.0,6.0,8.0,10.0,10.0,,4.0,,,5.0,27.0,,,,5.0,,,,10.0,10.0,22.0,27.0,12.0,,17.0,5.0,,2.0,,,,,,1.0,2.0,1.0,,1.0,,,7.0,,,3.0,3.0,4.0,2.0,,,,,,,2.0,,,1.0,,,,,,,,1.0,,,,,,,,,,,,,,,,,,,,,,,,,,,,,,
cpl::Football_Player::61aad3218c184a6192b0b6b07356ec32,S. Karlsson Adjei,York,Forward,2019,forward,24,1422,7,2,40,0,17,2,9,19,18,10,0,0,41,74.0,20,1.27,0,0,1,0,0,0,0,0,0.0,0.0,0.0,0.0,0,0,0,0,0,0,0,0,0,0,0,0,0,,1422.0,,,,310.0,9.0,141.0,160.0,4.0,,6.0,189.0,93.0,84.0,,,342.0,19.0,248.0,13.0,90.0,56.0,19.0,83.0,,,29.0,16.0,,10.0,586.0,24.0,4.0,,114.0,66.0,76.0,10.0,87.0,4.0,18.0,,,43.0,217.0,8.0,,,24.0,,,,70.0,79.0,220.0,252.0,103.0,2.0,130.0,44.0,7.0,10.0,,,,,12.0,14.0,12.0,1.0,,9.0,2.0,6.0,60.0,5.0,1.0,8.0,23.0,40.0,13.0,1.0,,3.0,1.0,,1.0,8.0,3.0,,24.0,,,,2.0,2.0,10.0,,17.0,1.0,7.0,5.0,6.0,6.0,,1.0,2.0,,,,,,,,,,,,,,,,,,,,,,
cpl::Football_Player::982a96a792e04404805090a131cb95df,T. Campbell,Vancouver FC,Forward,2019,forward,28,2334,11,2,46,0,22,2,26,31,20,10,0,0,27,78.0,44,1.7,0,0,1,2,1,0,0,0,0.0,0.0,0.0,0.0,0,0,0,0,0,0,0,0,0,0,0,0,0,,2334.0,,,,528.0,9.0,184.0,301.0,2.0,,10.0,308.0,143.0,121.0,4.0,,571.0,31.0,427.0,39.0,131.0,90.0,29.0,140.0,,,78.0,27.0,,16.0,967.0,28.0,15.0,,203.0,113.0,77.0,10.0,121.0,13.0,20.0,,,34.0,328.0,4.0,,,28.0,,,,116.0,184.0,397.0,440.0,125.0,2.0,207.0,87.0,5.0,11.0,,,,,28.0,40.0,23.0,,,26.0,7.0,9.0,91.0,14.0,10.0,1.0,24.0,46.0,6.0,,,25.0,4.0,,4.0,16.0,25.0,4.0,13.0,,,,2.0,2.0,10.0,,22.0,3.0,11.0,1.0,10.0,5.0,4.0,1.0,6.0,,,,2.0,1.0,,,,,,,,,,,,,,,,,
cpl::Football_Player::01e4dc8e491d40f5aa24f147fe23b6e1,Oliver Minatel,Cavalry,Forward,2019,forward,24,1467,7,1,30,0,12,1,14,31,42,3,4,0,41,76.0,14,0.86,0,0,0,0,0,0,0,0,0.0,0.0,0.0,0.0,0,0,0,0,0,0,0,0,0,0,0,0,0,,1467.0,,,1.0,350.0,12.0,87.0,174.0,4.0,4.0,10.0,152.0,101.0,78.0,2.0,,356.0,31.0,256.0,12.0,88.0,77.0,16.0,85.0,,,57.0,16.0,,17.0,603.0,24.0,16.0,,139.0,101.0,70.0,10.0,94.0,12.0,42.0,,,24.0,197.0,9.0,,,24.0,,,,69.0,91.0,262.0,268.0,58.0,3.0,103.0,70.0,2.0,7.0,,,,,2.0,28.0,23.0,2.0,,14.0,13.0,11.0,34.0,14.0,1.0,8.0,18.0,30.0,9.0,2.0,,14.0,7.0,1.0,7.0,6.0,14.0,1.0,7.0,,,,,1.0,3.0,,12.0,,7.0,4.0,7.0,,2.0,,1.0,2.0,,,,,,,,,,,,,,,,,,,,,
cpl::Football_Player::173356433c6f483aaba147abb7afcd4c,I. Nakajima-Farran,Pacific,Forward,2019,forward,18,252,1,0,9,0,5,0,3,9,3,0,1,0,16,72.0,7,2.5,0,0,0,0,0,0,0,0,0.0,0.0,0.0,0.0,0,0,0,0,0,0,0,0,0,0,0,0,0,,252.0,,,,74.0,4.0,16.0,34.0,1.0,1.0,3.0,52.0,20.0,18.0,1.0,,74.0,9.0,50.0,6.0,21.0,17.0,2.0,15.0,,,15.0,1.0,,7.0,147.0,18.0,2.0,,36.0,21.0,21.0,10.0,16.0,3.0,3.0,,,3.0,54.0,1.0,,,18.0,,,,23.0,20.0,53.0,53.0,18.0,,38.0,13.0,1.0,1.0,,,,,3.0,7.0,2.0,,,3.0,2.0,2.0,15.0,4.0,1.0,17.0,4.0,9.0,5.0,,,1.0,1.0,,1.0,4.0,1.0,,,,,,,,,,5.0,4.0,1.0,1.0,,1.0,,1.0,,,,1.0,,,,,,,,,,,,,,,,,,,
cpl::Football_Player::4677d430ee38453e9a424d4e8c1cc96b,T. Borges,Forge,Forward,2019,forward,27,1974,13,5,47,0,37,5,40,38,52,10,2,1,37,77.0,17,0.78,62,0,1,4,3,0,0,0,0.0,0.0,0.0,0.0,0,0,0,0,0,0,0,0,0,0,0,0,0,,1974.0,,,4.0,668.0,33.0,154.0,411.0,7.0,2.0,30.0,461.0,134.0,137.0,1.0,,699.0,38.0,499.0,14.0,167.0,140.0,40.0,204.0,,,144.0,22.0,,31.0,1360.0,27.0,20.0,,348.0,215.0,122.0,10.0,190.0,33.0,52.0,,,11.0,377.0,,,,27.0,,,,169.0,190.0,505.0,532.0,29.0,6.0,187.0,179.0,3.0,7.0,1.0,1.0,,,65.0,62.0,40.0,4.0,,40.0,24.0,19.0,18.0,22.0,11.0,5.0,10.0,47.0,9.0,1.0,,20.0,13.0,2.0,4.0,60.0,68.0,2.0,9.0,62.0,,40.0,4.0,5.0,10.0,8.0,37.0,2.0,13.0,,11.0,,,2.0,13.0,1.0,,,4.0,3.0,,,,,,,,,,,,,,,,,
cpl::Football_Player::a0c39d4aadea4642ba22743b4c68b23a,E. Ongaro,Edmonton,Forward,2019,forward,21,1167,10,2,35,0,21,2,2,11,12,2,1,0,42,75.0,19,1.47,0,0,0,0,0,0,0,0,0.0,0.0,0.0,0.0,0,0,0,0,0,0,0,0,0,0,0,0,0,,1167.0,,,,235.0,8.0,64.0,130.0,3.0,1.0,4.0,177.0,53.0,60.0,4.0,,247.0,11.0,182.0,15.0,64.0,62.0,9.0,63.0,,,44.0,11.0,,7.0,479.0,21.0,2.0,,103.0,58.0,65.0,10.0,69.0,1.0,12.0,,,37.0,191.0,7.0,,,21.0,,,,71.0,63.0,171.0,183.0,88.0,2.0,122.0,32.0,4.0,3.0,,,,,18.0,4.0,17.0,3.0,,2.0,1.0,7.0,51.0,2.0,,10.0,14.0,35.0,3.0,2.0,,6.0,,,,22.0,6.0,,11.0,,,,1.0,2.0,2.0,,21.0,2.0,10.0,2.0,10.0,,3.0,,5.0,,,,,,,,,,,,,,,,,,,,,,
cpl::Football_Player::23c92ceb8bee415a886f16e93c507c65,M. Carducci,Cavalry,Goalkeeper,2020,goalkeeper,9,810,0,0,0,0,0,0,0,1,1,0,1,0,0,69.0,10,1.11,0,0,0,0,0,0,0,0,0.0,0.0,0.0,0.0,0,0,0,0,0,0,0,0,0,0,0,0,0,10.0,810.0,86.0,1.0,19.0,183.0,1.0,,33.0,52.0,1.0,89.0,90.0,157.0,,2.0,1.0,279.0,1.0,139.0,9.0,89.0,57.0,,68.0,,3.0,68.0,9.0,1.0,21.0,339.0,9.0,1.0,,3.0,173.0,,10.0,2.0,51.0,1.0,4.0,1.0,,3.0,5.0,6.0,2.0,9.0,,,14.0,1.0,49.0,128.0,190.0,,3.0,1.0,2.0,1.0,,,,,,,,,,,,,,,,,,,,,,,,,,,,,,,,,,,,,,,,,,,,,,,,,,,,,,0.0,,,,,,,,,,,,,,
cpl::Football_Player::47dc6e2b3ef94651abd804e8ba91936c,J. Beaulieu,Wanderers,Goalkeeper,2020,goalkeeper,4,360,0,0,0,0,0,0,0,2,3,0,1,0,100,68.0,10,2.5,0,0,0,0,0,0,0,0,0.0,0.0,0.0,0.0,0,0,0,0,0,0,0,0,0,0,0,0,0,10.0,360.0,42.0,1.0,4.0,63.0,,,11.0,15.0,1.0,33.0,35.0,60.0,1.0,1.0,3.0,105.0,2.0,54.0,9.0,34.0,18.0,,23.0,,,40.0,4.0,1.0,11.0,150.0,4.0,1.0,,3.0,65.0,,10.0,4.0,17.0,3.0,4.0,4.0,2.0,5.0,4.0,6.0,1.0,4.0,,,6.0,1.0,22.0,42.0,71.0,2.0,,1.0,2.0,1.0,,,,,,,,,1.0,,,,,,,,,,,,,,,,,,,,,,,,,,,,,,,,,,,,,,,,,,,,,0.0,0.0,0.0,,,,,,,,,,,,
cpl::Football_Player::73977448c290436b91cca653ba3a2c13,J. Williams,Wanderers,Goalkeeper,2020,goalkeeper,0,0,0,0,0,0,0,0,0,0,0,0,0,0,0,,0,,0,0,0,0,0,0,0,0,0.0,0.0,0.0,0.0,0,0,0,0,0,0,0,0,0,0,0,0,0,,,,,,,,,,,,,,,,,,,,,,,,,,,,,,,,,,,,,,,,,,,,,,,,,,,,,,,,,,,,,,,,,,,,,,,,,,,,,,,,,,,,,,,,,,,,,,,,,,,,,,,,,,,,,,,,,,,,,,,,,,,,,,,,,,
cpl::Football_Player::ed6b655ed6bb4c7baedb0fe8fc42495d,C. Irving,Vancouver FC,Goalkeeper,2020,goalkeeper,6,540,0,0,0,0,0,0,0,0,2,0,1,0,83,72.0,8,1.33,0,0,0,0,0,0,0,0,0.0,0.0,0.0,0.0,0,0,0,0,0,0,0,0,0,0,0,0,0,22.0,540.0,79.0,,9.0,138.0,,,16.0,28.0,1.0,61.0,62.0,136.0,1.0,3.0,5.0,214.0,,121.0,8.0,62.0,53.0,,54.0,1.0,,79.0,6.0,3.0,8.0,307.0,6.0,,5.0,2.0,102.0,,10.0,6.0,31.0,2.0,6.0,3.0,5.0,8.0,11.0,15.0,4.0,6.0,1.0,,14.0,1.0,59.0,110.0,152.0,6.0,1.0,2.0,1.0,,,,,,,,1.0,,,,,,,1.0,1.0,,,,,,,,,,,,,,,,,,,,,,,,,,,,,,,,,,,,,,,0.0,,,,,,,,,,,,,,
cpl::Football_Player::d7a3107cbc0c426399a5c65c18e39d14,N. Giantsopoulos,Vancouver FC,Goalkeeper,2020,goalkeeper,1,90,0,0,0,0,0,0,0,0,0,0,0,0,100,58.0,1,1.0,0,0,0,0,0,0,0,0,0.0,0.0,0.0,0.0,0,0,0,0,0,0,0,0,0,0,0,0,0,2.0,90.0,6.0,,1.0,15.0,,,1.0,5.0,,8.0,10.0,11.0,1.0,1.0,1.0,21.0,,11.0,1.0,9.0,6.0,,5.0,,,7.0,1.0,,4.0,30.0,1.0,,1.0,,11.0,,10.0,1.0,1.0,,,2.0,1.0,1.0,1.0,2.0,1.0,1.0,,,2.0,,4.0,10.0,12.0,1.0,,,,,,,,,,,,,,,,,,,,,,,,,,,,,,,,,,,,,,,,,,,,,,,,,,,,,,,,,,0.0,,,,,,,,,,,,,,
cpl::Football_Player::7517829ba9bc4c5f89f19a60bcaa4cc8,D. Powley,Edmonton,Goalkeeper,2020,goalkeeper,1,90,0,0,0,0,0,0,0,0,0,0,0,0,0,78.0,1,1.0,0,0,0,0,0,0,0,0,0.0,0.0,0.0,0.0,0,0,0,0,0,0,0,0,0,0,0,0,0,3.0,90.0,10.0,,1.0,18.0,,,3.0,3.0,,6.0,7.0,21.0,1.0,,,31.0,,19.0,,7.0,5.0,,5.0,,,7.0,1.0,,2.0,38.0,1.0,,,1.0,12.0,,10.0,1.0,5.0,,2.0,2.0,,1.0,,1.0,,1.0,,,1.0,,14.0,14.0,24.0,,,,1.0,1.0,,,,,,1.0,,,,,,,,,,,,,,,,,,,,,,,,,,,,,,,,,,,,,,,,,,,,,,,,0.0,,,,,,,,,,,,,,
cpl::Football_Player::e19c5e780a7347dcbb948ca726281b33,E. Carrasco,York,Goalkeeper,2020,goalkeeper,1,90,0,0,0,0,0,0,0,0,0,0,0,0,0,87.0,1,1.0,0,0,0,0,0,0,0,0,0.0,0.0,0.0,0.0,0,0,0,0,0,0,0,0,0,0,0,0,0,1.0,90.0,13.0,,,8.0,,,1.0,1.0,,3.0,3.0,18.0,,,,22.0,,16.0,,3.0,9.0,,1.0,,,5.0,1.0,,2.0,25.0,1.0,,,,8.0,,10.0,,3.0,,,,,,,1.0,,1.0,,,1.0,,5.0,6.0,19.0,,,,,1.0,,,,,,,,,,,,,,,,,,,,,,,,,,,,,,,,,,,,,,,,,,,,,,,,,,,,,,0.0,,,,,,,,,,,,,,
cpl::Football_Player::f93dee067b364c69b3a231cfb723817f,B. Maan,Valour,Goalkeeper,2020,goalkeeper,1,90,0,0,0,0,0,0,0,0,2,0,0,0,100,74.0,2,2.0,0,0,0,0,0,0,0,0,0.0,0.0,0.0,0.0,0,0,0,0,0,0,0,0,0,0,0,0,0,6.0,90.0,11.0,,,15.0,,,1.0,3.0,,7.0,8.0,18.0,,,2.0,26.0,,16.0,2.0,7.0,4.0,,5.0,,,11.0,1.0,,2.0,45.0,1.0,,1.0,,12.0,,10.0,2.0,3.0,2.0,3.0,2.0,2.0,2.0,3.0,3.0,,1.0,,,2.0,,10.0,12.0,19.0,2.0,,,,,,,,,,,,,,,,,,,,,,,,,,,,,,,,,,,,,,,,,,,,,,,,,,,,,,,,,,0.0,0.0,0.0,,,,,,,,,,,,
cpl::Football_Player::7c054612559b45f2a7ef690616b61862,T. Henry,Forge,Goalkeeper,2020,goalkeeper,10,900,0,0,0,0,0,0,0,0,6,0,0,0,100,85.0,8,0.8,0,0,0,0,0,0,0,0,0.0,0.0,0.0,0.0,0,0,0,0,0,0,0,0,0,0,0,0,0,23.0,900.0,133.0,,10.0,140.0,,,14.0,20.0,,40.0,45.0,207.0,2.0,2.0,4.0,263.0,,191.0,7.0,42.0,65.0,,29.0,,1.0,79.0,10.0,,13.0,369.0,10.0,,8.0,4.0,95.0,,10.0,12.0,30.0,6.0,7.0,9.0,8.0,12.0,8.0,15.0,2.0,10.0,,,11.0,,103.0,120.0,221.0,8.0,5.0,,4.0,1.0,,,,,,,,,,,,,,,,,,,,,,,,,,,,,,,,,,,,,,,,,,,,,,,,,,,,,,0.0,0.0,0.0,,,,,,,,,,,,
cpl::Football_Player::beca7bab90be4d31a7ff77853f824bea,H. Sobze Zemo,Atlético,Goalkeeper,2020,goalkeeper,0,0,0,0,0,0,0,0,0,0,0,0,0,0,0,,0,,0,0,0,0,0,0,0,0,0.0,0.0,0.0,0.0,0,0,0,0,0,0,0,0,0,0,0,0,0,,,,,,,,,,,,,,,,,,,,,,,,,,,,,,,,,,,,,,,,,,,,,,,,,,,,,,,,,,,,,,,,,,,,,,,,,,,,,,,,,,,,,,,,,,,,,,,,,,,,,,,,,,,,,,,,,,,,,,,,,,,,,,,,,,
cpl::Football_Player::7c327d61caf549ff8299ec42bacce566,Nacho Zabal,Atlético,Goalkeeper,2020,goalkeeper,7,630,0,0,0,0,0,0,0,0,1,0,0,0,100,63.0,12,1.71,0,0,0,0,0,0,0,0,0.0,0.0,0.0,0.0,0,0,0,0,0,0,0,0,0,0,0,0,0,24.0,630.0,87.0,,15.0,124.0,,,35.0,37.0,,89.0,98.0,117.0,3.0,2.0,1.0,244.0,,100.0,10.0,92.0,40.0,,73.0,,,74.0,7.0,1.0,19.0,321.0,7.0,,2.0,,158.0,,10.0,2.0,52.0,1.0,9.0,6.0,2.0,2.0,6.0,15.0,2.0,7.0,,,29.0,,46.0,81.0,152.0,2.0,2.0,,,2.0,,,,1.0,,,,,,,,,,,,,,,,,,,,,,,,,,,,,,,,,,,,,,,,,,,,,,,,,,0.0,,,,,,,,,,,,,,
cpl::Football_Player::6157ad2ed4f14fa1a4a7327dbeed8aba,R. Gomes,Atlético,Goalkeeper,2020,goalkeeper,0,0,0,0,0,0,0,0,0,0,0,0,0,0,0,,0,,0,0,0,0,0,0,0,0,0.0,0.0,0.0,0.0,0,0,0,0,0,0,0,0,0,0,0,0,0,,,,,,,,,,,,,,,,,,,,,,,,,,,,,,,,,,,,,,,,,,,,,,,,,,,,,,,,,,,,,,,,,,,,,,,,,,,,,,,,,,,,,,,,,,,,,,,,,,,,,,,,,,,,,,,,,,,,,,,,,,,,,,,,,,
cpl::Football_Player::364352c812a14e868234e4883c9bd4e0,N. Ingham,Atlético,Goalkeeper,2020,goalkeeper,6,540,0,0,0,0,0,0,0,0,1,0,0,0,50,76.0,6,1.0,0,0,0,0,0,0,0,0,0.0,0.0,0.0,0.0,0,0,0,0,0,0,0,0,0,0,0,0,0,13.0,540.0,76.0,,8.0,63.0,,,21.0,15.0,,35.0,38.0,88.0,,,2.0,144.0,,74.0,6.0,35.0,22.0,1.0,33.0,,,43.0,6.0,,2.0,194.0,6.0,,2.0,1.0,94.0,,10.0,3.0,35.0,1.0,5.0,6.0,2.0,5.0,5.0,7.0,,6.0,,1.0,8.0,,28.0,48.0,109.0,4.0,2.0,2.0,1.0,,,,,,,,,,,,,,,2.0,,,,,,,,,,,,,,,,,,,,,,,,,,,,,,,,,,,,,,,,0.0,,,,,,,,,,,,,,
cpl::Football_Player::16b384ec036b4bccb9be3e98bf2b8088,M. Village,Pacific,Goalkeeper,2020,goalkeeper,0,0,0,0,0,0,0,0,0,0,0,0,0,0,0,,0,,0,0,0,0,0,0,0,0,0.0,0.0,0.0,0.0,0,0,0,0,0,0,0,0,0,0,0,0,0,,,,,,,,,,,,,,,,,,,,,,,,,,,,,,,,,,,,,,,,,,,,,,,,,,,,,,,,,,,,,,,,,,,,,,,,,,,,,,,,,,,,,,,,,,,,,,,,,,,,,,,,,,,,,,,,,,,,,,,,,,,,,,,,,,
cpl::Football_Player::0043bfae03d74a4da54333508b314ace,J. Pantemis,Montréal,Goalkeeper,2020,goalkeeper,7,630,0,0,0,0,0,0,0,0,1,0,0,0,100,74.0,9,1.29,0,0,0,0,0,0,0,0,0.0,0.0,0.0,0.0,0,0,0,0,0,0,0,0,0,0,0,0,0,19.0,630.0,78.0,,5.0,85.0,1.0,,8.0,19.0,,43.0,47.0,115.0,1.0,1.0,4.0,167.0,,99.0,8.0,44.0,40.0,1.0,36.0,,1.0,61.0,7.0,,8.0,241.0,7.0,,3.0,1.0,80.0,,10.0,3.0,24.0,1.0,5.0,7.0,2.0,3.0,6.0,14.0,1.0,7.0,,,14.0,,47.0,69.0,123.0,2.0,2.0,,1.0,1.0,,,,,,,,,,,,,,,,,,,,,,,,,,,,,,,,,,,,,,,,,,,,,,,,,,,,,,0.0,,,,,,,,,,,,,,
cpl::Football_Player::0665c6ea0ce84bd49b9ebba2cf80c8e2,N. Wirth,Pacific,Goalkeeper,2020,goalkeeper,4,360,0,0,0,0,0,0,0,1,3,0,0,0,100,73.0,5,1.25,0,0,0,0,0,0,0,0,0.0,0.0,0.0,0.0,0,0,0,0,0,0,0,0,0,0,0,0,0,9.0,360.0,52.0,1.0,4.0,81.0,,,11.0,15.0,,33.0,39.0,87.0,5.0,2.0,2.0,136.0,1.0,75.0,5.0,38.0,34.0,,21.0,,1.0,43.0,4.0,,17.0,181.0,4.0,1.0,,3.0,54.0,,10.0,4.0,23.0,3.0,4.0,1.0,2.0,5.0,4.0,5.0,2.0,4.0,,,8.0,1.0,48.0,65.0,98.0,2.0,1.0,1.0,2.0,,,,,,,,,1.0,,,,,,,,,,,,,,,,,,,,,,,,,,,,,,,,,,,,,,,,,,,,,,0.0,,,,,,,,,,,,,,
cpl::Football_Player::c838c44902a6469485723a328e0d5531,M. Silva,York,Goalkeeper,2020,goalkeeper,0,0,0,0,0,0,0,0,0,0,0,0,0,0,0,,0,,0,0,0,0,0,0,0,0,0.0,0.0,0.0,0.0,0,0,0,0,0,0,0,0,0,0,0,0,0,,,,,,,,,,,,,,,,,,,,,,,,,,,,,,,,,,,,,,,,,,,,,,,,,,,,,,,,,,,,,,,,,,,,,,,,,,,,,,,,,,,,,,,,,,,,,,,,,,,,,,,,,,,,,,,,,,,,,,,,,,,,,,,,,,
cpl::Football_Player::859df54960ef45ef98a04d967baa8d96,R. Boskovic,Ottawa Fury,Defender,2020,defender,6,479,0,0,3,0,0,0,4,7,4,1,2,0,62,81.0,5,0.94,0,0,0,0,0,0,0,0,0.0,0.0,0.0,0.0,0,0,0,0,0,0,0,0,0,0,0,0,0,,479.0,,,2.0,325.0,,30.0,88.0,5.0,2.0,34.0,76.0,180.0,32.0,2.0,,334.0,7.0,238.0,5.0,66.0,112.0,,47.0,,,32.0,6.0,,19.0,397.0,6.0,4.0,,27.0,146.0,3.0,10.0,25.0,30.0,4.0,,,10.0,43.0,8.0,,,6.0,,,,12.0,46.0,260.0,268.0,16.0,2.0,18.0,15.0,,2.0,,,,,1.0,10.0,9.0,,,4.0,10.0,4.0,6.0,6.0,3.0,,3.0,3.0,,1.0,,,,4.0,,1.0,,,,,,,,,1.0,,,,,,,,,,,,,,,,,,0.0,,,2.0,,,,,,,,,,,
cpl::Football_Player::cfb4634bc5a0472c9999c3364d73937c,A. De Carolis,Wanderers,Defender,2020,defender,6,371,1,0,2,0,1,0,5,6,4,1,1,0,62,73.0,8,1.94,5,0,0,0,0,0,0,0,0.0,0.0,0.0,0.0,0,0,0,0,0,0,0,0,0,0,0,0,0,,371.0,,,1.0,90.0,2.0,19.0,36.0,3.0,1.0,10.0,47.0,37.0,16.0,1.0,,96.0,6.0,65.0,7.0,26.0,28.0,3.0,23.0,,,15.0,5.0,,9.0,187.0,6.0,4.0,,27.0,44.0,6.0,10.0,23.0,5.0,4.0,,,5.0,35.0,8.0,,,6.0,,,,9.0,5.0,65.0,70.0,8.0,1.0,12.0,18.0,1.0,3.0,,,,,5.0,9.0,7.0,,,5.0,5.0,3.0,3.0,4.0,22.0,1.0,1.0,2.0,,1.0,,3.0,3.0,8.0,1.0,1.0,6.0,,,5.0,,1.0,,,1.0,2.0,1.0,1.0,1.0,,,,,1.0,1.0,,,1.0,,,,,1.0,0.0,1.0,1.0,,,,,,,,,,,
cpl::Football_Player::528b48f0adc7452ea0b4d13358823c87,N. Mavila,Cavalry,Defender,2020,defender,9,709,3,1,10,0,6,1,6,21,11,0,1,0,60,73.0,9,1.14,10,0,0,2,2,0,0,0,0.0,0.0,0.0,0.0,0,0,0,0,0,0,0,0,0,0,0,0,0,,709.0,,,4.0,244.0,5.0,72.0,78.0,14.0,1.0,29.0,155.0,117.0,40.0,1.0,,255.0,21.0,160.0,8.0,69.0,83.0,10.0,84.0,,,42.0,8.0,,22.0,497.0,9.0,10.0,,74.0,100.0,12.0,10.0,42.0,26.0,11.0,,,12.0,94.0,6.0,,,9.0,,,,44.0,,176.0,186.0,20.0,2.0,52.0,30.0,1.0,3.0,,,,,10.0,10.0,20.0,,,6.0,10.0,9.0,8.0,4.0,60.0,1.0,4.0,10.0,,1.0,,27.0,9.0,18.0,4.0,9.0,37.0,1.0,,10.0,,7.0,,1.0,,3.0,6.0,2.0,3.0,1.0,2.0,,,1.0,2.0,,,,2.0,2.0,,,0.0,,,18.0,,,,,,,,,,,
cpl::Football_Player::340468323f3841eb8a68a4adfc0f1a9f,J. Geffrard,Wanderers,Defender,2020,defender,11,945,0,0,3,0,2,0,4,8,5,0,1,0,59,82.0,15,1.43,0,0,0,0,0,0,0,0,0.0,0.0,0.0,0.0,0,0,0,0,0,0,0,0,0,0,0,0,0,,945.0,,,9.0,351.0,,28.0,53.0,18.0,1.0,36.0,73.0,247.0,33.0,2.0,,369.0,8.0,270.0,11.0,69.0,132.0,1.0,38.0,,,37.0,11.0,,31.0,468.0,11.0,4.0,,22.0,172.0,4.0,10.0,27.0,30.0,5.0,,,13.0,44.0,40.0,,,11.0,,,,8.0,37.0,285.0,300.0,22.0,2.0,17.0,14.0,4.0,1.0,,,,,2.0,7.0,6.0,1.0,,4.0,14.0,2.0,9.0,3.0,1.0,,1.0,3.0,,7.0,,,,,,,,,,,,,,,,,2.0,,,,,,,,,,,,,,,,0.0,0.0,0.0,,,,,,,,,,,,
cpl::Football_Player::9872d0a42804454098f50f548fd3f290,P. Schaale,Wanderers,Defender,2020,defender,10,900,0,0,3,0,0,0,11,9,4,0,3,0,51,70.0,11,1.1,0,0,0,0,0,0,0,0,0.0,0.0,0.0,0.0,0,0,0,0,0,0,0,0,0,0,0,0,0,,900.0,,,5.0,382.0,2.0,22.0,107.0,15.0,3.0,78.0,142.0,179.0,50.0,2.0,,414.0,9.0,235.0,7.0,128.0,22.0,3.0,94.0,,,39.0,10.0,,34.0,545.0,10.0,7.0,,46.0,265.0,5.0,10.0,46.0,51.0,4.0,,,21.0,87.0,56.0,,,10.0,,,,21.0,105.0,264.0,286.0,41.0,2.0,41.0,25.0,4.0,,,,,,3.0,19.0,5.0,,,11.0,10.0,2.0,20.0,8.0,,,3.0,3.0,,6.0,,,,1.0,,1.0,,,,,,,,,,,,1.0,,,,,,,,,,,,,,,0.0,0.0,0.0,6.0,,,,,,,,,,,
cpl::Football_Player::907ea07d836b4d78a6fd1c95e7081ee6,D. Zator,Cavalry,Defender,2020,defender,10,900,1,0,8,0,4,0,12,9,11,0,0,0,56,79.0,11,1.1,0,0,0,0,0,0,0,0,0.0,0.0,0.0,0.0,0,0,0,0,0,0,0,0,0,0,0,0,0,,900.0,,,8.0,652.0,3.0,56.0,180.0,23.0,,61.0,169.0,354.0,84.0,3.0,,675.0,9.0,475.0,10.0,145.0,69.0,4.0,98.0,,,48.0,10.0,,51.0,815.0,10.0,3.0,,44.0,301.0,20.0,10.0,52.0,55.0,11.0,,,22.0,83.0,21.0,,,10.0,,,,14.0,249.0,509.0,530.0,39.0,3.0,31.0,30.0,1.0,,,,,1.0,4.0,15.0,11.0,,,12.0,6.0,4.0,17.0,3.0,24.0,,4.0,8.0,2.0,5.0,,4.0,4.0,11.0,4.0,,4.0,1.0,,,,,,,,,4.0,,1.0,,1.0,,1.0,,,,,,,,,,0.0,,,2.0,,,,,,,,,,,
cpl::Football_Player::915deb7a225b43bf96bef5524d31ce6e,D. Kinumbe,Ottawa Fury,Defender,2020,defender,4,208,0,0,1,0,0,0,2,1,4,2,0,0,57,69.0,7,3.03,0,0,0,0,0,0,0,0,0.0,0.0,0.0,0.0,0,0,0,0,0,0,0,0,0,0,0,0,0,,208.0,,,2.0,63.0,,14.0,20.0,2.0,,5.0,28.0,24.0,15.0,2.0,,64.0,1.0,41.0,7.0,20.0,23.0,1.0,12.0,,,12.0,3.0,,8.0,109.0,4.0,,,18.0,22.0,3.0,10.0,16.0,3.0,4.0,,,4.0,25.0,1.0,,,4.0,,,,6.0,5.0,43.0,44.0,7.0,,9.0,12.0,,3.0,,,,,6.0,2.0,8.0,,,2.0,7.0,5.0,3.0,,3.0,1.0,1.0,1.0,1.0,1.0,,,,,,,,,1.0,,,,,,2.0,,,,,,,,,,,,,,,,,,0.0,0.0,0.0,3.0,,,,,,,,,,,
cpl::Football_Player::14db7405a9c04988b3f8c7e7462ccab0,D. Northover,Cavalry,Defender,2020,defender,7,355,0,0,0,0,0,0,4,8,13,0,0,0,46,64.0,5,1.27,0,0,0,0,0,0,0,0,0.0,0.0,0.0,0.0,0,0,0,0,0,0,0,0,0,0,0,0,0,,355.0,,,2.0,141.0,,27.0,45.0,6.0,,15.0,78.0,49.0,38.0,3.0,,146.0,8.0,84.0,5.0,53.0,3.0,1.0,41.0,,,17.0,4.0,,14.0,256.0,7.0,4.0,,38.0,72.0,1.0,10.0,30.0,9.0,13.0,,,6.0,51.0,5.0,,,7.0,,,,14.0,44.0,88.0,93.0,13.0,1.0,21.0,24.0,,1.0,,,,,4.0,7.0,8.0,,,4.0,10.0,2.0,7.0,3.0,34.0,3.0,,,1.0,1.0,,2.0,1.0,8.0,1.0,2.0,2.0,,,,,,,,,,,,,,,,,,,,,,,,,,0.0,,,5.0,,,,,,,,,,,
cpl::Football_Player::00cb81880a254ba7957fdb6ee6eec8a8,M. Trafford,Cavalry,Defender,2020,defender,8,720,0,0,2,0,1,0,8,8,5,0,0,0,52,86.0,8,1.0,0,0,0,0,0,0,0,0,0.0,0.0,0.0,0.0,0,0,0,0,0,0,0,0,0,0,0,0,0,,720.0,,,4.0,428.0,1.0,34.0,66.0,12.0,,40.0,70.0,312.0,25.0,,,442.0,8.0,344.0,7.0,65.0,161.0,3.0,46.0,,,31.0,8.0,,19.0,515.0,8.0,1.0,,26.0,139.0,6.0,10.0,25.0,33.0,5.0,,,10.0,45.0,24.0,,,8.0,,,,11.0,108.0,366.0,377.0,19.0,3.0,20.0,15.0,1.0,,,,,,,10.0,1.0,1.0,,8.0,10.0,1.0,9.0,2.0,3.0,,1.0,2.0,,2.0,,,1.0,,1.0,1.0,,,,,,,,,,,1.0,,,,,,,,,,,,,,,,0.0,,,1.0,,,,,,,,,,,
cpl::Football_Player::65d2bf4929274b6f94dbbb949093b783,J. Wheeldon,Cavalry,Defender,2020,defender,6,459,0,0,1,0,0,0,2,10,2,0,1,1,60,83.0,6,1.18,0,0,0,0,0,0,0,0,0.0,0.0,0.0,0.0,0,0,0,0,0,0,0,0,0,0,0,0,0,,459.0,,2.0,2.0,272.0,1.0,17.0,61.0,11.0,1.0,30.0,53.0,173.0,20.0,1.0,,284.0,10.0,205.0,5.0,50.0,65.0,,34.0,,,21.0,6.0,,16.0,334.0,6.0,7.0,,15.0,120.0,,10.0,17.0,29.0,2.0,,,12.0,35.0,23.0,,,6.0,,,,10.0,82.0,225.0,234.0,20.0,,18.0,5.0,1.0,1.0,1.0,,,,,3.0,1.0,1.0,,2.0,7.0,1.0,8.0,1.0,,,1.0,1.0,,3.0,,,,,,,,,,,1.0,,,,,,,,,,,,,,,,,,,,,,0.0,,,,,,,,,,,,,,
cpl::Football_Player::6085b5eefe2b42e6810a6fd5a6b07c43,M. Restrepo,Wanderers,Defender,2020,defender,10,626,0,0,0,0,0,0,21,14,5,0,1,0,70,70.0,8,1.15,0,0,0,0,0,0,0,0,0.0,0.0,0.0,0.0,0,0,0,0,0,0,0,0,0,0,0,0,0,,626.0,,,,232.0,,43.0,79.0,12.0,1.0,22.0,94.0,92.0,53.0,1.0,,243.0,14.0,161.0,4.0,75.0,90.0,2.0,43.0,,,38.0,6.0,,35.0,407.0,10.0,6.0,,63.0,103.0,2.0,10.0,47.0,7.0,5.0,,,12.0,80.0,20.0,,,10.0,,,,28.0,7.0,159.0,168.0,17.0,1.0,33.0,35.0,4.0,1.0,,,,,,31.0,17.0,1.0,,21.0,17.0,8.0,5.0,10.0,46.0,4.0,,,,,,3.0,3.0,7.0,3.0,2.0,3.0,,,,,,,,,,,,,,,,,,,,,,,,,,0.0,0.0,0.0,4.0,,,,,,,,,,,
cpl::Football_Player::1ada73d8bf034890ab66cfbd681d0f7c,C. N'Sa,Wanderers,Defender,2020,defender,9,738,0,0,2,0,0,0,16,10,17,1,0,0,47,73.0,9,1.1,0,0,0,0,0,0,0,0,0.0,0.0,0.0,0.0,0,0,0,0,0,0,0,0,0,0,0,0,0,,738.0,,1.0,3.0,235.0,4.0,50.0,93.0,8.0,,25.0,135.0,83.0,41.0,1.0,,241.0,10.0,156.0,5.0,66.0,14.0,1.0,56.0,,,37.0,8.0,,26.0,511.0,9.0,4.0,,82.0,109.0,8.0,10.0,59.0,19.0,17.0,,,8.0,99.0,24.0,,,9.0,,,,31.0,68.0,172.0,175.0,17.0,1.0,40.0,51.0,4.0,2.0,,,,,11.0,23.0,23.0,1.0,,16.0,17.0,11.0,9.0,7.0,74.0,1.0,2.0,2.0,1.0,4.0,1.0,16.0,1.0,17.0,1.0,7.0,16.0,1.0,,,,,,,1.0,,,,,,,,,,,,,,,,,,0.0,0.0,0.0,19.0,,,,,,,,,,,
cpl::Football_Player::7efa8b85b3504cb88554fb705dcc5e4a,M. Farsi,Columbus,Defender,2020,defender,10,611,1,1,3,0,2,1,8,7,20,0,2,0,53,75.0,7,1.03,1,0,0,0,0,0,0,0,0.0,0.0,0.0,0.0,0,0,0,0,0,0,0,0,0,0,0,0,0,,611.0,,,2.0,244.0,9.0,86.0,104.0,8.0,2.0,19.0,138.0,95.0,47.0,3.0,,255.0,7.0,177.0,6.0,66.0,28.0,5.0,79.0,,,49.0,7.0,,13.0,487.0,10.0,4.0,,64.0,80.0,19.0,10.0,48.0,12.0,20.0,,,8.0,79.0,10.0,,,10.0,,,,24.0,61.0,178.0,189.0,15.0,1.0,31.0,40.0,1.0,3.0,,,,,5.0,15.0,22.0,1.0,,8.0,11.0,8.0,7.0,7.0,54.0,3.0,1.0,3.0,1.0,,,25.0,10.0,10.0,10.0,7.0,26.0,1.0,,1.0,,1.0,1.0,1.0,,,2.0,,1.0,1.0,1.0,,,,,1.0,,,,,,,0.0,,,12.0,,,,,,,,,,,
cpl::Football_Player::d1f7a45d1b0d48fa84ac505abc9a8a91,M. Temguia,Edmonton,Defender,2020,defender,5,450,0,0,3,0,1,0,10,13,7,0,0,0,60,85.0,11,2.2,0,0,0,0,0,0,0,0,0.0,0.0,0.0,0.0,0,0,0,0,0,0,0,0,0,0,0,0,0,,450.0,,1.0,1.0,259.0,,20.0,73.0,6.0,,20.0,49.0,155.0,21.0,1.0,,269.0,13.0,214.0,10.0,41.0,46.0,,28.0,,,34.0,5.0,,14.0,353.0,5.0,6.0,,46.0,119.0,8.0,10.0,33.0,14.0,7.0,,,6.0,56.0,15.0,,,5.0,,,,19.0,84.0,220.0,228.0,10.0,,23.0,27.0,1.0,,,,,,4.0,16.0,5.0,,1.0,10.0,12.0,2.0,4.0,6.0,3.0,,2.0,3.0,2.0,3.0,,1.0,,,,2.0,1.0,,,,,,,,,,1.0,,,,,,,,,,,,,,,,0.0,,,5.0,,,,,,,,,,,
cpl::Football_Player::d46e06f14e0d47e58d6f5f00e1eabfa9,T. Meilleur-Giguère,Wanderers,Defender,2020,defender,10,900,0,0,2,0,2,0,3,5,1,1,1,0,53,87.0,13,1.3,0,0,1,0,0,0,0,0,0.0,0.0,0.0,0.0,0,0,0,0,0,0,0,0,0,0,0,0,0,,900.0,1.0,,6.0,606.0,,46.0,108.0,27.0,1.0,54.0,87.0,423.0,28.0,5.0,,613.0,5.0,465.0,13.0,82.0,194.0,1.0,56.0,,,54.0,10.0,,26.0,727.0,10.0,5.0,,16.0,223.0,7.0,10.0,22.0,66.0,1.0,,,15.0,44.0,48.0,,,10.0,,,,9.0,150.0,525.0,531.0,28.0,2.0,22.0,7.0,,,,,,,1.0,5.0,8.0,,,3.0,25.0,7.0,13.0,2.0,1.0,,,2.0,1.0,4.0,1.0,,,,,1.0,,,,,,,,,1.0,,2.0,,,,,,,,,,,,,,,,0.0,,,1.0,,,,,,,,,,,
cpl::Football_Player::94c3ab35a187436683aa1e7c720bf37a,D. Lee,Wanderers,Defender,2020,defender,2,123,0,0,0,0,0,0,3,1,1,0,1,0,50,83.0,3,2.2,0,0,0,0,0,0,0,0,0.0,0.0,0.0,0.0,0,0,0,0,0,0,0,0,0,0,0,0,0,,123.0,,,,57.0,,14.0,17.0,2.0,1.0,3.0,24.0,32.0,7.0,,,58.0,1.0,47.0,3.0,10.0,26.0,,6.0,,,12.0,2.0,,5.0,112.0,2.0,,,18.0,15.0,,10.0,16.0,1.0,1.0,,,4.0,26.0,3.0,,,2.0,,,,6.0,3.0,47.0,48.0,8.0,,10.0,12.0,,2.0,,,,,5.0,6.0,4.0,1.0,,3.0,2.0,,4.0,3.0,13.0,,,,,,,1.0,1.0,4.0,1.0,,1.0,,,,,,,,,,,,,,,,,,,,,,,,,,0.0,,,4.0,,,,,,,,,,,
cpl::Football_Player::fd9ddb9946a84feeb1b5e9a8dd531160,A. Samaké,Valour,Defender,2020,defender,3,89,0,0,0,0,0,0,1,2,0,0,0,0,33,81.0,2,2.02,0,0,0,0,0,0,0,0,0.0,0.0,0.0,0.0,0,0,0,0,0,0,0,0,0,0,0,0,0,,89.0,,1.0,,59.0,,7.0,12.0,1.0,,7.0,12.0,37.0,5.0,1.0,,61.0,2.0,45.0,2.0,12.0,9.0,,7.0,,,5.0,2.0,,5.0,72.0,3.0,1.0,,4.0,26.0,,10.0,3.0,4.0,,,,1.0,7.0,2.0,,,3.0,,,,2.0,19.0,47.0,49.0,3.0,,4.0,2.0,,2.0,,,,,,2.0,1.0,,,1.0,3.0,1.0,2.0,1.0,,1.0,,,,1.0,,,,,,,,,,,,,,,,,,,,,,,,,,,,,,,,,0.0,,,,,,,,,,,,,,
cpl::Football_Player::29e56c09baf549469b4a5934262e3dbf,J. Ruby,Wanderers,Defender,2020,defender,8,312,0,0,2,0,2,0,6,5,9,1,1,0,80,72.0,9,2.6,0,0,0,0,0,0,0,0,0.0,0.0,0.0,0.0,0,0,0,0,0,0,0,0,0,0,0,0,0,,312.0,,1.0,2.0,131.0,1.0,32.0,45.0,5.0,1.0,11.0,64.0,51.0,27.0,1.0,,134.0,5.0,91.0,9.0,38.0,2.0,1.0,29.0,,,25.0,3.0,,12.0,250.0,8.0,3.0,,39.0,59.0,7.0,10.0,32.0,5.0,9.0,,,8.0,49.0,10.0,,,8.0,,,,15.0,41.0,94.0,96.0,10.0,,17.0,24.0,,,,,,,2.0,13.0,6.0,1.0,,6.0,6.0,4.0,2.0,7.0,32.0,5.0,,2.0,1.0,1.0,,3.0,,12.0,,2.0,3.0,,1.0,,,,,,1.0,,2.0,,,,,,,,,,,,,,,,0.0,0.0,0.0,4.0,,,,,,,,,,,
cpl::Football_Player::b81cbecf6fd24278954a45cb13e12632,K. Moses,Edmonton,Defender,2020,defender,4,140,0,0,3,0,0,0,1,3,1,0,0,0,20,81.0,5,3.21,0,0,1,0,0,0,0,0,0.0,0.0,0.0,0.0,0,0,0,0,0,0,0,0,0,0,0,0,0,,140.0,,,1.0,34.0,,4.0,9.0,3.0,,5.0,8.0,20.0,2.0,1.0,,36.0,3.0,26.0,5.0,7.0,7.0,,6.0,,,4.0,2.0,,1.0,62.0,4.0,1.0,,7.0,13.0,3.0,10.0,5.0,3.0,1.0,,,1.0,12.0,10.0,,,4.0,,,,3.0,12.0,27.0,29.0,5.0,,7.0,4.0,,1.0,,,,1.0,,3.0,,,,1.0,1.0,,4.0,2.0,,2.0,3.0,3.0,,,,,,,,,,,,,,,,,,,,,,,,,,,,,,,,,,,0.0,,,,,,,,,,,,,,
cpl::Football_Player::edf6ef9ee973485dbbf8b5123cf83a94,K. Chung,Pacific,Defender,2020,defender,9,765,0,1,0,0,0,1,16,4,7,0,1,0,56,83.0,11,1.29,0,0,0,0,0,0,0,0,0.0,0.0,0.0,0.0,0,0,0,0,0,0,0,0,0,0,0,0,0,,765.0,,1.0,2.0,411.0,8.0,90.0,165.0,11.0,1.0,31.0,127.0,185.0,45.0,4.0,,423.0,4.0,314.0,11.0,76.0,8.0,6.0,71.0,,,52.0,9.0,,27.0,638.0,9.0,3.0,,65.0,163.0,3.0,10.0,49.0,33.0,7.0,,,9.0,81.0,13.0,,,9.0,,,,25.0,162.0,336.0,347.0,16.0,2.0,32.0,40.0,,1.0,,,,,10.0,23.0,12.0,,,16.0,10.0,4.0,7.0,7.0,77.0,,,,,5.0,,22.0,3.0,7.0,3.0,4.0,22.0,1.0,,,,,,1.0,,,,,,,,,,,,,,,,,,,0.0,,,11.0,,,,,,,,,,,
cpl::Football_Player::4d80c00c2a1f41918fca2b04e26b6034,D. Edgar,Ottawa Fury,Defender,2020,defender,10,900,0,0,3,0,2,0,5,12,3,0,4,0,72,82.0,8,0.8,0,0,0,0,0,0,0,0,0.0,0.0,0.0,0.0,0,0,0,0,0,0,0,0,0,0,0,0,0,,900.0,,,5.0,456.0,1.0,25.0,132.0,27.0,4.0,57.0,95.0,263.0,35.0,2.0,,487.0,12.0,349.0,7.0,92.0,45.0,2.0,59.0,,,41.0,10.0,,33.0,597.0,10.0,3.0,,27.0,241.0,6.0,10.0,32.0,46.0,3.0,,,18.0,52.0,53.0,,,10.0,,,,13.0,176.0,371.0,395.0,25.0,5.0,20.0,14.0,1.0,,,,,,3.0,8.0,4.0,,,5.0,14.0,1.0,7.0,3.0,1.0,,1.0,3.0,2.0,8.0,,,,,,,,,,,,,,,,,2.0,,,,,,,,,,,,,,,,0.0,0.0,0.0,,,,,,,,,,,,
cpl::Football_Player::4a6631a1e64048b684e1097684c7e88b,L. Gasparotto,York,Defender,2020,defender,7,630,0,0,6,0,2,0,5,5,2,0,2,0,76,84.0,7,1.0,0,0,0,0,0,0,0,0,0.0,0.0,0.0,0.0,0,0,0,0,0,0,0,0,0,0,0,0,0,,630.0,,,3.0,296.0,1.0,16.0,54.0,17.0,2.0,26.0,54.0,202.0,24.0,,,306.0,5.0,239.0,6.0,50.0,95.0,,22.0,,,20.0,7.0,,28.0,398.0,7.0,4.0,,20.0,145.0,7.0,10.0,34.0,17.0,2.0,,,23.0,50.0,43.0,,,7.0,,,,9.0,50.0,249.0,256.0,30.0,2.0,16.0,11.0,1.0,,,,,,,9.0,5.0,,,5.0,14.0,3.0,7.0,4.0,3.0,,4.0,6.0,1.0,4.0,,,,1.0,,,,,,,,,,,,,2.0,,,,,,,,,,,,,,,,0.0,,,2.0,,,,,,,,,,,
cpl::Football_Player::8d7834c08c834b28a4daef064d1e6041,D. Krutzen,Forge,Defender,2020,defender,11,961,2,0,10,0,3,0,10,14,18,0,2,0,60,78.0,10,0.94,4,0,1,1,1,0,0,0,0.0,0.0,0.0,0.0,0,0,0,0,0,0,0,0,0,0,0,0,0,,961.0,,1.0,6.0,616.0,2.0,27.0,152.0,33.0,2.0,93.0,168.0,357.0,50.0,2.0,,650.0,14.0,420.0,9.0,143.0,202.0,4.0,106.0,,,52.0,11.0,,46.0,819.0,11.0,8.0,,55.0,339.0,11.0,10.0,58.0,87.0,18.0,,,24.0,95.0,38.0,,,11.0,,,,21.0,82.0,479.0,507.0,40.0,5.0,37.0,34.0,1.0,1.0,,,,,3.0,15.0,3.0,1.0,,10.0,34.0,2.0,16.0,5.0,1.0,,7.0,10.0,3.0,4.0,,4.0,2.0,,1.0,2.0,9.0,,,4.0,,4.0,,,,,3.0,5.0,2.0,,2.0,,1.0,,1.0,,,,1.0,1.0,,,2.0,1.0,1.0,2.0,,,,,,,,,,,
cpl::Football_Player::5dd63e2f035e4b68a7987b7a747ecd51,L. MacNaughton,,Defender,2020,defender,8,720,1,0,7,0,1,0,9,15,10,0,0,0,70,82.0,9,1.12,0,0,0,0,0,0,0,0,0.0,0.0,0.0,0.0,0,0,0,0,0,0,0,0,0,0,0,0,0,,720.0,,2.0,3.0,462.0,,40.0,85.0,15.0,,44.0,102.0,315.0,48.0,4.0,,492.0,15.0,339.0,9.0,92.0,88.0,1.0,59.0,,,41.0,8.0,,34.0,599.0,8.0,5.0,,44.0,204.0,9.0,10.0,47.0,61.0,10.0,,,21.0,74.0,30.0,,,8.0,,,,18.0,160.0,373.0,400.0,30.0,2.0,27.0,26.0,,,,,,,3.0,13.0,5.0,,,9.0,12.0,3.0,9.0,4.0,4.0,,6.0,7.0,,5.0,,1.0,,,,2.0,1.0,,,,,,,,,,1.0,,1.0,,1.0,,1.0,,,,,,,,,,0.0,,,3.0,,,,,,,,,,,
cpl::Football_Player::46e85b6f18f042fe837554290482828b,A. Đidić,Atlético,Defender,2020,defender,3,241,0,0,1,0,0,0,3,1,0,0,0,0,70,84.0,4,1.49,0,0,1,0,0,0,0,0,0.0,0.0,0.0,0.0,0,0,0,0,0,0,0,0,0,0,0,0,0,,241.0,,,2.0,142.0,2.0,7.0,35.0,6.0,,11.0,25.0,87.0,13.0,,,146.0,1.0,105.0,2.0,24.0,21.0,,15.0,,,9.0,3.0,,9.0,181.0,3.0,1.0,,6.0,63.0,3.0,10.0,11.0,17.0,,,,7.0,16.0,14.0,,,3.0,,,,2.0,55.0,118.0,122.0,10.0,,5.0,4.0,2.0,1.0,,,,,,4.0,4.0,,,3.0,2.0,4.0,3.0,1.0,,,1.0,1.0,1.0,6.0,,,,,,,,,,,,,,,,,,1.0,,,,,,,,,,,,,,,0.0,,,,,,,,,,,,,,
cpl::Football_Player::79d4e376b2c74a5fbcb22b655feaae51,M. de Jong,Whitecaps,Defender,2020,defender,7,442,0,0,6,0,2,0,9,3,4,0,0,0,75,73.0,6,1.22,7,0,0,0,0,0,0,0,0.0,0.0,0.0,0.0,0,0,0,0,0,0,0,0,0,0,0,0,0,,442.0,,,2.0,247.0,7.0,23.0,106.0,13.0,,35.0,106.0,86.0,35.0,2.0,,257.0,3.0,165.0,6.0,70.0,75.0,9.0,68.0,,,22.0,6.0,,21.0,410.0,7.0,2.0,,26.0,152.0,6.0,10.0,23.0,22.0,4.0,,,6.0,34.0,14.0,,,7.0,,,,9.0,7.0,179.0,187.0,8.0,,11.0,17.0,,4.0,,,,,4.0,9.0,13.0,,,9.0,10.0,3.0,2.0,,50.0,1.0,4.0,6.0,1.0,3.0,,15.0,5.0,6.0,4.0,3.0,19.0,,,7.0,,4.0,,,,1.0,2.0,1.0,,,,,,,,,,,,,,,0.0,,,5.0,,,,,,,,,,,
cpl::Football_Player::dbd655d062324c56adb1ab7d3e8ef373,M. Arnone,Atlético,Defender,2020,defender,2,62,0,0,0,0,0,0,1,1,1,0,0,0,0,80.0,3,4.35,0,0,0,0,0,0,0,0,0.0,0.0,0.0,0.0,0,0,0,0,0,0,0,0,0,0,0,0,0,,62.0,,,,22.0,,4.0,6.0,1.0,,1.0,6.0,13.0,4.0,,,24.0,1.0,19.0,3.0,5.0,6.0,,3.0,,,6.0,1.0,,2.0,32.0,2.0,1.0,,3.0,9.0,,10.0,2.0,,1.0,,,,3.0,1.0,,,2.0,,,,1.0,5.0,17.0,19.0,,,1.0,2.0,,1.0,,,,,,1.0,,,,1.0,2.0,,,,,1.0,,,,,,,,,,,,,,,,,,,,,,,,,,,,,,,,,,,,,0.0,,,,,,,,,,,,,,
cpl::Football_Player::1669b606345b4345b00d59de89c1c7eb,D. Abzi,Blainville,Defender,2020,defender,5,438,0,0,7,0,2,0,6,5,6,0,0,0,50,70.0,4,0.82,3,0,0,0,0,0,0,0,0.0,0.0,0.0,0.0,0,0,0,0,0,0,0,0,0,0,0,0,0,,438.0,,,1.0,153.0,7.0,24.0,63.0,8.0,,20.0,98.0,49.0,28.0,,,156.0,5.0,96.0,4.0,48.0,77.0,7.0,48.0,,,29.0,5.0,,16.0,306.0,5.0,3.0,,46.0,48.0,15.0,10.0,23.0,12.0,6.0,,,2.0,50.0,8.0,,,5.0,,,,25.0,7.0,107.0,108.0,4.0,,27.0,21.0,,3.0,,,,,7.0,8.0,10.0,,,6.0,7.0,6.0,2.0,2.0,31.0,,5.0,7.0,4.0,,,14.0,4.0,9.0,3.0,10.0,16.0,,,3.0,,2.0,,,,1.0,2.0,,,,,,,,,,,,,,,,0.0,,,17.0,,,,,,,,,,,
cpl::Football_Player::ebfeb9e972964148846658f57142a247,R. Thompson,York,Defender,2020,defender,7,630,0,0,2,0,0,0,4,5,2,0,0,0,74,77.0,7,1.0,0,0,0,0,0,0,0,0,0.0,0.0,0.0,0.0,0,0,0,0,0,0,0,0,0,0,0,0,0,,630.0,,,1.0,374.0,2.0,8.0,123.0,14.0,,45.0,95.0,177.0,47.0,,,392.0,5.0,260.0,6.0,92.0,60.0,6.0,71.0,,,32.0,7.0,,22.0,460.0,7.0,3.0,,23.0,221.0,12.0,10.0,32.0,40.0,2.0,,,20.0,50.0,28.0,,,7.0,,,1.0,11.0,103.0,286.0,300.0,27.0,2.0,18.0,12.0,1.0,,,,,,1.0,10.0,6.0,,,4.0,13.0,2.0,7.0,6.0,1.0,,2.0,2.0,,2.0,,1.0,,,,,1.0,,,,,,,,,,,,,,,,,,,,,,,,,,0.0,,,1.0,,,,,,,,,,,
cpl::Football_Player::dbae960e1a0c4c7ba2104c9a904d6ab5,K. Awuah,Forge,Defender,2020,defender,11,842,1,0,2,0,2,0,16,11,11,1,1,0,63,72.0,7,0.75,0,0,0,0,0,0,0,0,0.0,0.0,0.0,0.0,0,0,0,0,0,0,0,0,0,0,0,0,0,,842.0,,,6.0,356.0,5.0,67.0,155.0,12.0,1.0,26.0,168.0,110.0,78.0,1.0,,368.0,11.0,240.0,6.0,104.0,101.0,4.0,87.0,,,51.0,9.0,,38.0,628.0,11.0,6.0,,75.0,168.0,8.0,10.0,54.0,24.0,11.0,,,14.0,97.0,12.0,,,11.0,,,,35.0,32.0,252.0,264.0,22.0,4.0,43.0,40.0,1.0,,,,,,8.0,22.0,23.0,,,16.0,14.0,6.0,8.0,6.0,98.0,2.0,,2.0,,4.0,1.0,21.0,1.0,10.0,1.0,6.0,21.0,,,,,,,,1.0,,2.0,,1.0,,,,,1.0,1.0,1.0,,,,,,,1.0,1.0,0.0,19.0,,,,,,,,,,,
cpl::Football_Player::41f23e52e26541bca62d8378fafc1953,F. Aird,Cavalry,Defender,2020,defender,6,453,1,0,9,0,7,0,2,10,5,0,3,0,40,76.0,7,1.39,8,0,0,1,1,0,0,0,0.0,0.0,0.0,0.0,0,0,0,0,0,0,0,0,0,0,0,0,0,,453.0,,,1.0,157.0,5.0,36.0,95.0,4.0,3.0,14.0,82.0,34.0,26.0,1.0,,164.0,10.0,113.0,6.0,40.0,19.0,8.0,51.0,,,22.0,6.0,,10.0,262.0,6.0,6.0,,28.0,54.0,7.0,10.0,10.0,11.0,5.0,,,2.0,33.0,5.0,,,6.0,,,,20.0,55.0,119.0,124.0,5.0,,23.0,8.0,1.0,4.0,,,,,1.0,2.0,18.0,,,2.0,,10.0,3.0,,11.0,,2.0,9.0,2.0,1.0,,11.0,5.0,5.0,3.0,3.0,21.0,1.0,2.0,8.0,,6.0,,,,1.0,7.0,2.0,1.0,1.0,1.0,,,,,,,,1.0,1.0,,,1.0,,,6.0,,,,,,,,,,,
cpl::Football_Player::8a6c8e7f553849f9a237ca5dd408e66d,B. Levis,Atlético,Defender,2020,defender,5,383,0,2,2,0,2,2,8,9,9,0,1,0,60,84.0,5,1.17,7,0,1,0,0,0,0,0,0.0,0.0,0.0,0.0,0,0,0,0,0,0,0,0,0,0,0,0,0,,383.0,,,2.0,179.0,4.0,44.0,85.0,7.0,1.0,13.0,55.0,76.0,18.0,1.0,,186.0,9.0,146.0,4.0,31.0,77.0,3.0,27.0,,,32.0,5.0,,10.0,301.0,5.0,7.0,,50.0,60.0,5.0,10.0,32.0,9.0,9.0,,,3.0,55.0,4.0,,,5.0,,,,21.0,5.0,150.0,155.0,5.0,1.0,23.0,29.0,1.0,2.0,,,,,9.0,12.0,5.0,1.0,,8.0,9.0,2.0,2.0,4.0,30.0,,,2.0,,2.0,,2.0,6.0,3.0,2.0,5.0,6.0,,1.0,7.0,,2.0,2.0,2.0,,4.0,2.0,,,,,,,,,,,,,,,,0.0,,,8.0,,,,,,,,,,,
cpl::Football_Player::7b0f6d51a0774b0691b240a3a96bc0ee,M. de Brienne,Atlético,Defender,2020,defender,0,0,0,0,0,0,0,0,0,0,0,0,0,0,0,,0,,0,0,0,0,0,0,0,0,0.0,0.0,0.0,0.0,0,0,0,0,0,0,0,0,0,0,0,0,0,,,,,,,,,,,,,,,,,,,,,,,,,,,,,,,,,,,,,,,,,,,,,,,,,,,,,,,,,,,,,,,,,,,,,,,,,,,,,,,,,,,,,,,,,,,,,,,,,,,,,,,,,,,,,,,,,,,,,,,,,,,,,,,,,,
cpl::Football_Player::9743204ff22741e9958a22019e709346,S. Cebara,Valour,Defender,2020,defender,6,458,0,0,2,0,1,0,6,6,5,0,1,0,40,79.0,7,1.38,0,0,1,0,0,0,0,0,0.0,0.0,0.0,0.0,0,0,0,0,0,0,0,0,0,0,0,0,0,,458.0,,,1.0,197.0,1.0,51.0,70.0,1.0,1.0,6.0,80.0,88.0,38.0,1.0,,202.0,6.0,151.0,6.0,44.0,5.0,4.0,30.0,,,31.0,6.0,,16.0,309.0,6.0,2.0,,36.0,72.0,10.0,10.0,21.0,7.0,5.0,,,4.0,46.0,7.0,,,6.0,,,,19.0,74.0,154.0,158.0,10.0,,25.0,17.0,1.0,3.0,,,,,5.0,7.0,7.0,2.0,,6.0,7.0,1.0,6.0,1.0,26.0,,1.0,2.0,,,,2.0,,5.0,,10.0,2.0,,,,,,,,,,1.0,,,,,,,,,1.0,,,,,,,0.0,,,13.0,,,,,,,,,,,
cpl::Football_Player::5f53ec18a0924d87ad1584a54346e758,J. Dunstan,Forge,Defender,2020,defender,6,254,0,0,0,0,0,0,3,7,2,0,0,0,68,77.0,2,0.71,0,0,0,0,0,0,0,0,0.0,0.0,0.0,0.0,0,0,0,0,0,0,0,0,0,0,0,0,0,,254.0,,,,100.0,1.0,15.0,29.0,2.0,,8.0,43.0,51.0,17.0,,,105.0,7.0,69.0,2.0,25.0,26.0,1.0,17.0,,,6.0,2.0,,10.0,166.0,6.0,5.0,,18.0,56.0,3.0,10.0,17.0,11.0,2.0,,,11.0,34.0,13.0,,,6.0,,,,12.0,8.0,75.0,80.0,16.0,1.0,17.0,6.0,,,,,,,2.0,4.0,3.0,,,3.0,6.0,2.0,5.0,1.0,11.0,4.0,,,,1.0,,2.0,,9.0,,1.0,2.0,,,,,,,,,,,,,,,,,,,,,,,,,,0.0,0.0,0.0,4.0,,,,,,,,,,,
cpl::Football_Player::270eb17b99df4a3ea3a65d918a9c385e,A. Bouka,Valour,Defender,2020,defender,2,70,0,0,0,0,0,0,1,1,2,0,0,0,33,53.0,3,3.86,0,0,0,0,0,0,0,0,0.0,0.0,0.0,0.0,0,0,0,0,0,0,0,0,0,0,0,0,0,,70.0,,,1.0,17.0,,2.0,6.0,1.0,,2.0,16.0,3.0,6.0,1.0,,17.0,1.0,8.0,3.0,8.0,1.0,,3.0,,,4.0,1.0,,6.0,34.0,2.0,,,8.0,13.0,,10.0,5.0,1.0,2.0,,,1.0,11.0,,,,2.0,,,,4.0,1.0,9.0,9.0,3.0,,6.0,4.0,,2.0,,,,,,2.0,,,,1.0,1.0,,2.0,1.0,3.0,1.0,,,,,,1.0,,2.0,,2.0,1.0,,,,,,,,,,,,,,,,,,,,,,,,,,0.0,,,3.0,,,,,,,,,,,
cpl::Football_Player::360a1cff07aa439cb939b0d0d222b08c,J. Dunn,Wanderers,Defender,2020,defender,7,630,0,0,0,0,0,0,8,8,3,0,0,0,65,82.0,9,1.29,0,0,0,0,0,0,0,0,0.0,0.0,0.0,0.0,0,0,0,0,0,0,0,0,0,0,0,0,0,,630.0,,,5.0,270.0,2.0,7.0,55.0,11.0,,26.0,73.0,172.0,26.0,1.0,,279.0,8.0,204.0,8.0,52.0,48.0,2.0,37.0,,,31.0,7.0,,16.0,381.0,7.0,5.0,,42.0,141.0,11.0,10.0,39.0,23.0,3.0,,,17.0,68.0,24.0,,,7.0,,,,20.0,83.0,218.0,227.0,26.0,2.0,29.0,22.0,1.0,,,,,,2.0,17.0,5.0,,,8.0,13.0,3.0,9.0,9.0,1.0,,,,,7.0,,1.0,,1.0,,3.0,1.0,,,,,,,,,,,,,,,,,,,,,,,,,,0.0,,,9.0,,,,,,,,,,,
cpl::Football_Player::9fa7232743934bf2a022c4fe6a62c1b6,J. Haynes,Valour,Defender,2020,defender,8,465,0,0,0,0,0,0,7,4,5,0,2,0,68,71.0,8,1.55,0,0,0,0,0,0,0,0,0.0,0.0,0.0,0.0,0,0,0,0,0,0,0,0,0,0,0,0,0,,465.0,,1.0,4.0,289.0,,32.0,96.0,22.0,2.0,45.0,103.0,118.0,44.0,4.0,,301.0,4.0,186.0,8.0,89.0,98.0,1.0,55.0,,,31.0,4.0,,38.0,429.0,8.0,3.0,,28.0,160.0,,10.0,32.0,26.0,5.0,,,15.0,50.0,15.0,,,8.0,,,,11.0,11.0,202.0,212.0,22.0,,18.0,17.0,,,,,,,2.0,12.0,21.0,,,7.0,7.0,7.0,7.0,5.0,52.0,4.0,,,,2.0,,4.0,2.0,5.0,2.0,,4.0,,,,,,,,,,,,,,,,,,,,,,,,,,0.0,,,,,,,,,,,,,,
cpl::Football_Player::5f585afd80bf4da49e777b319b807047,M. Djaozandry,Atlético,Defender,2020,defender,1,6,0,0,0,0,0,0,1,0,0,0,0,0,0,100.0,1,15.0,0,0,0,0,0,0,0,0,0.0,0.0,0.0,0.0,0,0,0,0,0,0,0,0,0,0,0,0,0,,6.0,,,,2.0,,,,,,,1.0,2.0,,,,2.0,,2.0,1.0,,2.0,,,,,,,,,5.0,1.0,,,2.0,,,10.0,1.0,,,,,,2.0,,,,1.0,,,,1.0,,2.0,2.0,,,1.0,1.0,,,,,,,,1.0,,,,1.0,,,,,1.0,1.0,,,,,,,,,,,,,,,,,,,,,,,,,,,,,,,,,,,,,0.0,,,,,,,,,,,,,,
cpl::Football_Player::d29736b5baf24409acfa96d3a52436e1,A. Jean-Baptiste,Valour,Defender,2020,defender,6,462,1,0,2,0,1,0,5,8,5,0,0,0,53,81.0,5,0.97,0,0,0,0,0,0,0,0,0.0,0.0,0.0,0.0,0,0,0,0,0,0,0,0,0,0,0,0,0,,462.0,,1.0,,225.0,1.0,9.0,68.0,9.0,,27.0,49.0,114.0,18.0,1.0,,227.0,8.0,147.0,5.0,45.0,64.0,,30.0,,,16.0,6.0,,16.0,281.0,6.0,3.0,,17.0,117.0,5.0,10.0,19.0,35.0,5.0,,,8.0,32.0,19.0,,,6.0,,,,6.0,37.0,180.0,182.0,15.0,2.0,13.0,11.0,,1.0,,,,,1.0,5.0,,3.0,,5.0,8.0,,7.0,,1.0,,1.0,2.0,,2.0,,1.0,,,,1.0,1.0,,,,,,,,,,1.0,,1.0,,1.0,,1.0,,,,,,,,,,0.0,,,1.0,,,,,,,,,,,
cpl::Football_Player::5a3736a2d77f4ba6b4815db18ecee270,V. Neufville,Atlético,Defender,2020,defender,5,241,0,1,0,0,0,1,1,9,6,1,0,1,57,63.0,3,1.12,0,0,0,0,0,0,0,0,0.0,0.0,0.0,0.0,0,0,0,0,0,0,0,0,0,0,0,0,0,,241.0,,,1.0,85.0,,14.0,33.0,5.0,,11.0,53.0,21.0,22.0,,,87.0,9.0,52.0,2.0,33.0,22.0,1.0,30.0,,,15.0,3.0,,12.0,148.0,5.0,4.0,,22.0,50.0,5.0,10.0,13.0,2.0,6.0,,,4.0,29.0,2.0,,,5.0,,,,13.0,1.0,53.0,54.0,7.0,,16.0,9.0,1.0,1.0,1.0,,,,2.0,1.0,4.0,,,1.0,6.0,,3.0,,18.0,2.0,,,,1.0,,9.0,,2.0,,2.0,9.0,,,,1.0,,1.0,1.0,1.0,,,,,,,,,,,,,,,,,,0.0,,,3.0,,,,,,,,,,,
cpl::Football_Player::3aaf25a2f090423584d5e9d492e5ca42,J. Grant,Atlético,Defender,2020,defender,4,274,0,0,2,0,0,0,1,15,3,2,2,0,40,62.0,1,0.33,0,0,0,0,0,0,0,0,0.0,0.0,0.0,0.0,0,0,0,0,0,0,0,0,0,0,0,0,0,,274.0,,,,76.0,2.0,21.0,29.0,6.0,2.0,11.0,50.0,18.0,19.0,,,77.0,15.0,44.0,1.0,30.0,6.0,2.0,30.0,,,18.0,4.0,,5.0,139.0,4.0,12.0,,37.0,34.0,8.0,10.0,13.0,3.0,3.0,,,4.0,47.0,6.0,,,4.0,,,,28.0,16.0,47.0,47.0,10.0,,34.0,9.0,,4.0,,,,,5.0,1.0,7.0,,,1.0,7.0,3.0,6.0,,8.0,,2.0,2.0,,,,5.0,,,,5.0,5.0,,,,,,,,2.0,,,,,,,,,,,1.0,,,,,,,0.0,0.0,0.0,7.0,,,,,,,,,,,
cpl::Football_Player::6e1b99de8a2449b280f5b03505b74f6e,J. Phillips,Vaughan,Defender,2020,defender,5,290,0,0,0,0,0,0,7,2,4,0,0,0,0,65.0,4,1.24,0,0,0,0,0,0,0,0,0.0,0.0,0.0,0.0,0,0,0,0,0,0,0,0,0,0,0,0,0,,290.0,,1.0,4.0,77.0,,16.0,23.0,7.0,,13.0,58.0,29.0,15.0,1.0,,80.0,2.0,44.0,4.0,28.0,19.0,,21.0,,,10.0,3.0,,13.0,173.0,5.0,2.0,,31.0,42.0,,10.0,14.0,8.0,4.0,,,,33.0,6.0,,,5.0,,,,17.0,3.0,50.0,52.0,2.0,,19.0,14.0,,3.0,,,,,2.0,8.0,3.0,,,7.0,6.0,1.0,2.0,1.0,26.0,2.0,,,,3.0,,6.0,,16.0,,3.0,6.0,,,,,,,,,,,,,,,,,,,,,,,,,,0.0,,,4.0,,,,,,,,,,,
cpl::Football_Player::d673ea35954f4370867e9810a89a6902,C. Hocine,Wanderers,Defender,2020,defender,1,66,0,0,1,0,0,0,1,3,1,0,0,0,40,79.0,2,2.73,0,0,0,0,0,0,0,0,0.0,0.0,0.0,0.0,0,0,0,0,0,0,0,0,0,0,0,0,0,,66.0,,,,22.0,,2.0,3.0,,,1.0,6.0,15.0,4.0,,,23.0,3.0,18.0,1.0,5.0,6.0,,2.0,,,2.0,,,3.0,29.0,1.0,1.0,,4.0,9.0,1.0,10.0,4.0,,1.0,,,2.0,9.0,2.0,,,1.0,,,,2.0,6.0,17.0,18.0,5.0,,5.0,2.0,1.0,1.0,,,,,,1.0,1.0,,,1.0,,,3.0,,,1.0,1.0,1.0,,,,,,,,,,,,,,,,,,,,,,,,,,,,,,,,,,,0.0,,,,,,,,,,,,,,
cpl::Football_Player::aafb864d45ab43e8849d3cff096d5c07,J. Dixon,Ottawa Fury,Defender,2020,defender,9,616,1,0,4,0,2,0,9,17,5,0,3,0,44,79.0,10,1.46,0,0,0,0,0,0,0,0,0.0,0.0,0.0,0.0,0,0,0,0,0,0,0,0,0,0,0,0,0,,616.0,,,,189.0,2.0,44.0,90.0,7.0,3.0,13.0,60.0,60.0,28.0,4.0,,191.0,17.0,136.0,10.0,41.0,56.0,5.0,33.0,,,28.0,8.0,,8.0,271.0,9.0,10.0,,58.0,55.0,7.0,10.0,34.0,14.0,5.0,,,4.0,67.0,9.0,,,9.0,,,,28.0,36.0,148.0,150.0,9.0,,33.0,30.0,,5.0,,,,,6.0,19.0,13.0,2.0,,9.0,4.0,6.0,5.0,10.0,,1.0,2.0,4.0,1.0,,,,,,,3.0,,,1.0,,,,,,,,2.0,,1.0,1.0,1.0,,,,,,,,,,,,0.0,,,10.0,,,,,,,,,,,
cpl::Football_Player::0437038bc2254a4a93d8d74d4278c768,M. Mohsen,Forge,Defender,2020,defender,3,208,0,0,0,0,0,0,4,0,10,1,0,0,0,84.0,4,1.73,3,0,0,0,0,0,0,0,0.0,0.0,0.0,0.0,0,0,0,0,0,0,0,0,0,0,0,0,0,,208.0,,,,42.0,,9.0,23.0,1.0,,3.0,30.0,14.0,4.0,,,42.0,,33.0,4.0,7.0,15.0,3.0,13.0,,,6.0,3.0,,1.0,101.0,3.0,,,29.0,17.0,5.0,10.0,19.0,2.0,10.0,,,,31.0,3.0,,,3.0,,,,10.0,1.0,35.0,35.0,2.0,1.0,12.0,19.0,,2.0,,,,,5.0,4.0,3.0,,,4.0,1.0,2.0,2.0,,3.0,,,,,,,4.0,2.0,2.0,1.0,1.0,7.0,,,3.0,,2.0,,,1.0,1.0,,,,,,,,,,,,,,,,,0.0,0.0,0.0,6.0,,,,,,,,,,,
cpl::Football_Player::a766cd1734d84307a9ace241b64d8ed2,J. Esua,Edmonton,Defender,2020,defender,7,617,0,0,4,0,1,0,3,6,17,2,1,0,81,82.0,14,2.04,0,0,0,0,0,0,0,0,0.0,0.0,0.0,0.0,0,0,0,0,0,0,0,0,0,0,0,0,0,,617.0,,1.0,5.0,269.0,4.0,50.0,102.0,14.0,1.0,24.0,111.0,124.0,27.0,1.0,,275.0,6.0,200.0,12.0,51.0,13.0,3.0,63.0,,,54.0,7.0,,11.0,472.0,7.0,3.0,,55.0,102.0,4.0,10.0,43.0,24.0,17.0,,,9.0,66.0,24.0,,,7.0,,,,21.0,110.0,218.0,224.0,11.0,,23.0,34.0,2.0,1.0,,,,,12.0,5.0,11.0,,,3.0,12.0,4.0,2.0,2.0,43.0,,3.0,4.0,,1.0,,23.0,2.0,15.0,2.0,9.0,23.0,,,,,,,,2.0,,1.0,,,,,,,,,,,,,,,,0.0,,,13.0,,,,,,,,,,,
cpl::Football_Player::6256907c7f33461b865ece1a719ff279,F. Segawa,York,Defender,2020,defender,5,353,0,0,0,0,0,0,7,6,9,0,1,0,28,86.0,4,1.02,0,0,0,0,0,0,0,0,0.0,0.0,0.0,0.0,0,0,0,0,0,0,0,0,0,0,0,0,0,,353.0,,,1.0,171.0,1.0,36.0,66.0,9.0,1.0,12.0,45.0,86.0,14.0,,,178.0,6.0,148.0,3.0,26.0,74.0,2.0,19.0,,,18.0,4.0,,12.0,268.0,5.0,4.0,,30.0,64.0,3.0,10.0,21.0,4.0,9.0,,,2.0,37.0,8.0,,,5.0,,,,11.0,4.0,146.0,152.0,7.0,1.0,16.0,19.0,1.0,1.0,,,,,2.0,8.0,6.0,1.0,,7.0,7.0,1.0,5.0,1.0,28.0,1.0,,,1.0,,,5.0,,7.0,,,5.0,,,,,,,,,,,,,,,,,,,,,,,,,,0.0,,,3.0,,,,,,,,,,,
cpl::Football_Player::d1433885dbb94149b5acefd04d818f56,B. John,Atlético,Defender,2020,defender,7,618,0,0,0,0,0,0,5,11,14,0,2,0,62,80.0,12,1.75,0,0,0,0,0,0,0,0,0.0,0.0,0.0,0.0,0,0,0,0,0,0,0,0,0,0,0,0,0,,618.0,,,4.0,235.0,,29.0,47.0,8.0,2.0,34.0,62.0,145.0,17.0,2.0,,243.0,11.0,174.0,10.0,51.0,29.0,2.0,39.0,,,17.0,7.0,,13.0,315.0,7.0,7.0,,32.0,104.0,1.0,10.0,30.0,18.0,14.0,,,10.0,48.0,23.0,,,7.0,,,,12.0,81.0,185.0,192.0,16.0,1.0,18.0,20.0,2.0,1.0,,,,,,6.0,4.0,,,5.0,8.0,2.0,6.0,1.0,2.0,,,,,2.0,,1.0,,7.0,,,1.0,,,,,,,,,,,,,,,,,,,,,,,,,,0.0,,,,,,,,,,,,,,
cpl::Football_Player::fc30920bb1964b1abda3a2fa7dbe8fd6,T. Mohammed,York,Defender,2020,defender,5,303,0,1,1,0,0,1,10,9,8,0,1,1,50,77.0,7,2.08,0,0,0,0,0,0,0,0,0.0,0.0,0.0,0.0,0,0,0,0,0,0,0,0,0,0,0,0,0,,303.0,,,2.0,92.0,,23.0,36.0,1.0,1.0,7.0,59.0,36.0,15.0,,,92.0,9.0,61.0,6.0,22.0,27.0,,24.0,,,14.0,3.0,,6.0,206.0,5.0,4.0,,47.0,38.0,5.0,10.0,26.0,9.0,8.0,,,2.0,51.0,11.0,,,5.0,,,,23.0,4.0,70.0,70.0,4.0,,25.0,24.0,1.0,,1.0,1.0,,,2.0,14.0,7.0,,,10.0,4.0,,2.0,4.0,27.0,2.0,1.0,1.0,,1.0,,8.0,2.0,8.0,2.0,3.0,8.0,1.0,,,,,1.0,1.0,,,,1.0,,,,,,,,,,,,,,,0.0,,,6.0,,,,,,,,,,,
cpl::Football_Player::fd03514f423c4cf7b7ff6fc6b9d2536d,Y. Le Bourhis,Valour,Defender,2020,defender,1,90,1,0,2,0,2,0,0,2,0,0,0,0,66,75.0,2,2.0,0,0,0,0,0,0,0,0,0.0,0.0,0.0,0.0,0,0,0,0,0,0,0,0,0,0,0,0,0,,90.0,,,,34.0,,,7.0,,,1.0,9.0,20.0,8.0,,,36.0,2.0,24.0,2.0,9.0,12.0,,4.0,,,4.0,1.0,,5.0,44.0,1.0,1.0,,1.0,21.0,4.0,10.0,4.0,3.0,,,,4.0,7.0,1.0,,,1.0,,,,1.0,3.0,25.0,27.0,6.0,,3.0,,,,,,,,,,4.0,,,,,2.0,2.0,,,,,2.0,,1.0,,,,,,,,,,,,,,,,,2.0,,1.0,,1.0,,1.0,,,,,,,,,,0.0,,,,,,,,,,,,,,
cpl::Football_Player::3d491de2b55343c2990181e2b04da353,M. Doner,York,Defender,2020,defender,7,630,0,0,0,0,0,0,4,4,6,0,0,0,37,83.0,7,1.0,0,0,0,0,0,0,0,0,0.0,0.0,0.0,0.0,0,0,0,0,0,0,0,0,0,0,0,0,0,,630.0,,,2.0,278.0,2.0,59.0,126.0,10.0,,14.0,98.0,112.0,35.0,,,283.0,4.0,224.0,6.0,49.0,14.0,6.0,45.0,,,35.0,7.0,,21.0,467.0,7.0,2.0,,32.0,100.0,4.0,10.0,20.0,10.0,6.0,,,3.0,40.0,10.0,,,7.0,,,,15.0,110.0,229.0,234.0,8.0,2.0,20.0,17.0,1.0,,,,,,6.0,5.0,13.0,,,4.0,12.0,4.0,5.0,1.0,72.0,,,,,2.0,,17.0,4.0,12.0,4.0,5.0,17.0,,,,,,,,,,,,,,,,,,,,,,,,,,0.0,,,9.0,,,,,,,,,,,
cpl::Football_Player::692d080cedb84a6cb1424836cc8e6daf,R. Garcia,Valour,Defender,2020,defender,1,26,0,0,1,0,1,0,0,0,0,0,0,0,0,100.0,1,3.46,0,0,0,0,0,0,0,0,0.0,0.0,0.0,0.0,0,0,0,0,0,0,0,0,0,0,0,0,0,,26.0,,,,6.0,1.0,2.0,3.0,,,,1.0,3.0,,,,6.0,,6.0,1.0,,3.0,,,,,1.0,,,,14.0,1.0,,,3.0,1.0,1.0,10.0,2.0,,,,,,4.0,1.0,,,1.0,,,,1.0,,6.0,6.0,1.0,,2.0,2.0,,,,,,,,2.0,1.0,,,,1.0,1.0,1.0,2.0,1.0,1.0,,1.0,,,,,,,,,,,,,,,,,,,1.0,,,,,,,,,,,,,,,,0.0,,,,,,,,,,,,,,
cpl::Football_Player::8c250cb48a3648f2bfe78681f613b119,G. Facchineri,Valour,Defender,2020,defender,5,206,0,0,1,0,0,0,8,5,2,0,0,0,100,82.0,7,3.06,0,0,0,0,0,0,0,0,0.0,0.0,0.0,0.0,0,0,0,0,0,0,0,0,0,0,0,0,0,,206.0,,,1.0,52.0,1.0,8.0,16.0,5.0,,7.0,14.0,27.0,3.0,1.0,,53.0,5.0,38.0,6.0,10.0,11.0,,5.0,,,8.0,2.0,,5.0,89.0,5.0,1.0,,20.0,30.0,1.0,10.0,12.0,5.0,2.0,,,1.0,21.0,10.0,,,5.0,,,,9.0,4.0,42.0,43.0,1.0,,9.0,11.0,1.0,,,,,,,9.0,1.0,1.0,,8.0,2.0,1.0,,1.0,4.0,3.0,1.0,1.0,,1.0,,,,,,1.0,,,,,,,,,,,,,,,,,,,,,,,,,,,0.0,,,2.0,,,,,,,,,,,
cpl::Football_Player::88981199ee1c47cbb911a6b22266e324,M. Tissot,Atlético,Defender,2020,defender,11,394,1,2,5,0,3,2,5,4,4,1,1,0,30,75.0,4,0.91,12,0,0,0,0,0,0,0,0.0,0.0,0.0,0.0,0,0,0,0,0,0,0,0,0,0,0,0,0,,394.0,,,2.0,169.0,6.0,39.0,78.0,11.0,1.0,19.0,79.0,64.0,26.0,2.0,,179.0,4.0,128.0,3.0,45.0,50.0,7.0,46.0,,,20.0,3.0,,14.0,271.0,11.0,2.0,,30.0,61.0,10.0,10.0,16.0,6.0,4.0,,,4.0,43.0,6.0,,,11.0,,,,18.0,29.0,126.0,134.0,13.0,,27.0,12.0,1.0,3.0,,,,,2.0,6.0,8.0,,,5.0,4.0,1.0,9.0,1.0,8.0,8.0,2.0,5.0,4.0,2.0,,5.0,8.0,1.0,3.0,3.0,15.0,,,12.0,,6.0,2.0,2.0,1.0,3.0,3.0,5.0,1.0,,,,,1.0,1.0,,,1.0,,,,,0.0,1.0,0.0,10.0,,,,,,,,,,,
cpl::Football_Player::a75ac9bdd7fe4c87bd657f07db89d6e2,M. Kapor,Atlético,Defender,2020,defender,6,495,0,0,0,0,0,0,1,8,4,0,1,1,60,87.0,6,1.09,0,0,0,0,0,0,0,0,0.0,0.0,0.0,0.0,0,0,0,0,0,0,0,0,0,0,0,0,0,,495.0,,1.0,1.0,206.0,,17.0,45.0,8.0,1.0,18.0,34.0,143.0,12.0,1.0,,218.0,8.0,163.0,5.0,30.0,90.0,1.0,17.0,,,18.0,6.0,,13.0,272.0,6.0,3.0,,16.0,70.0,1.0,10.0,13.0,25.0,4.0,,,9.0,31.0,26.0,,,6.0,,,,12.0,41.0,177.0,188.0,15.0,2.0,18.0,4.0,1.0,1.0,1.0,,,,,1.0,3.0,1.0,,1.0,7.0,2.0,6.0,,1.0,,,,,6.0,,,,,,,,,,,1.0,,,,,,,,,,,,,,,,,,,,,,0.0,,,1.0,,,,,,,,,,,
cpl::Football_Player::e7267f506fe9420b8f1529ab912d5a08,M. Hamilton,Cavalry,Defender,2020,defender,7,630,0,1,0,0,0,1,7,10,3,0,0,0,57,82.0,12,1.71,0,0,0,0,0,0,0,0,0.0,0.0,0.0,0.0,0,0,0,0,0,0,0,0,0,0,0,0,0,,630.0,,,,267.0,4.0,46.0,125.0,7.0,,11.0,103.0,101.0,39.0,2.0,,272.0,10.0,211.0,10.0,50.0,8.0,4.0,48.0,,,44.0,7.0,,24.0,427.0,7.0,4.0,,43.0,130.0,3.0,10.0,22.0,11.0,3.0,,,4.0,50.0,12.0,,,7.0,,,,25.0,88.0,218.0,222.0,7.0,2.0,28.0,18.0,2.0,,,,,,2.0,13.0,15.0,1.0,,7.0,9.0,5.0,3.0,6.0,39.0,,,,,,,22.0,4.0,13.0,4.0,3.0,22.0,,,,,,1.0,1.0,,,,,,,,,,,,,,,,,,,0.0,,,7.0,,,,,,,,,,,
cpl::Football_Player::347018d8099042888a6076bd0cea0744,K. Çela,Forge,Defender,2020,defender,2,2,0,0,0,0,0,0,0,1,0,0,1,0,0,0.0,0,0.0,0,0,0,0,0,0,0,0,0.0,0.0,0.0,0.0,0,0,0,0,0,0,0,0,0,0,0,0,0,,2.0,,,,1.0,,1.0,,,1.0,,2.0,,1.0,,,1.0,1.0,,,1.0,,,1.0,,,,,,,2.0,2.0,1.0,,2.0,,,10.0,,,,,,,2.0,,,,2.0,,,,2.0,,,,,,2.0,,,,,,,,,,,,,,,,,,,2.0,,,,,,,,,,,,,,,,,,,,,,,,,,,,,,,,,,,,,0.0,0.0,0.0,1.0,,,,,,,,,,,
cpl::Football_Player::6981001867ad42d9b6d9bfc216cfab71,D. Samuel,Forge,Defender,2020,defender,10,721,0,0,2,0,0,0,7,12,17,0,2,0,80,76.0,8,1.0,0,0,0,0,0,0,0,0,0.0,0.0,0.0,0.0,0,0,0,0,0,0,0,0,0,0,0,0,0,,721.0,,1.0,3.0,268.0,2.0,41.0,106.0,12.0,2.0,22.0,117.0,105.0,46.0,2.0,,277.0,12.0,195.0,8.0,68.0,15.0,2.0,52.0,,,31.0,8.0,,23.0,491.0,10.0,9.0,,71.0,144.0,7.0,10.0,59.0,14.0,17.0,,,17.0,92.0,20.0,,,10.0,,,,29.0,77.0,201.0,209.0,21.0,4.0,33.0,42.0,,2.0,,,,,11.0,16.0,8.0,2.0,,7.0,10.0,5.0,4.0,9.0,73.0,2.0,2.0,2.0,,2.0,,7.0,2.0,12.0,2.0,5.0,7.0,,,,,,,,,,,,,,,,,,,,,,,,,,0.0,0.0,0.0,15.0,,,,,,,,,,,
cpl::Football_Player::b78b9cf10b374d23824749c6e410990c,E. Adekugbe,York,Midfielder,2020,midfielder,9,638,1,1,5,0,4,1,9,7,20,1,2,0,43,86.0,10,1.41,24,0,0,0,0,0,0,0,0.0,0.0,0.0,0.0,0,0,0,0,0,0,0,0,0,0,0,0,0,,638.0,,,,396.0,3.0,91.0,165.0,5.0,2.0,18.0,99.0,205.0,45.0,3.0,,421.0,7.0,337.0,10.0,63.0,123.0,13.0,73.0,,,41.0,7.0,,10.0,547.0,9.0,5.0,,52.0,121.0,2.0,10.0,47.0,21.0,20.0,,,10.0,75.0,5.0,,,9.0,,,,15.0,86.0,335.0,358.0,23.0,,28.0,37.0,,3.0,,,,,6.0,11.0,11.0,,,9.0,10.0,8.0,13.0,2.0,1.0,2.0,1.0,5.0,,2.0,,3.0,12.0,1.0,2.0,1.0,20.0,,5.0,24.0,,12.0,1.0,1.0,1.0,7.0,4.0,1.0,1.0,,1.0,,,,1.0,,,,,,,,1.0,,,5.0,,,,,,,,,,,
cpl::Football_Player::9a6571b3737143b79989244b08fbd50d,S. Camargo,Cavalry,Midfielder,2020,midfielder,2,130,1,0,3,0,1,0,0,1,1,1,1,0,0,80.0,2,1.38,0,0,0,1,1,0,0,0,0.0,0.0,0.0,0.0,0,0,0,0,0,0,0,0,0,0,0,0,0,,130.0,,,,38.0,1.0,13.0,20.0,,1.0,,18.0,11.0,8.0,,,39.0,1.0,30.0,2.0,8.0,10.0,1.0,12.0,,,6.0,2.0,,,64.0,2.0,1.0,,10.0,7.0,8.0,10.0,7.0,1.0,1.0,,,,11.0,,,,2.0,,,,3.0,9.0,30.0,31.0,1.0,,4.0,7.0,,2.0,,,,,3.0,3.0,3.0,,,,,2.0,1.0,3.0,,,2.0,3.0,1.0,,,4.0,,,,1.0,4.0,,,,,,,,1.0,,1.0,,1.0,1.0,1.0,,,,,,,,1.0,1.0,,,0.0,,,2.0,,,,,,,,,,,
cpl::Football_Player::c3a357530ca345ee801114eea7ffc636,Soria,Edmonton,Midfielder,2020,midfielder,7,630,0,0,1,0,0,0,5,7,4,2,1,0,73,82.0,14,2.0,1,0,0,0,0,0,0,0,0.0,0.0,0.0,0.0,0,0,0,0,0,0,0,0,0,0,0,0,0,,630.0,,,5.0,398.0,2.0,21.0,113.0,10.0,1.0,43.0,88.0,225.0,34.0,1.0,,415.0,7.0,305.0,12.0,77.0,132.0,3.0,56.0,,,40.0,7.0,,26.0,485.0,7.0,2.0,,29.0,210.0,2.0,10.0,29.0,33.0,4.0,,,14.0,48.0,18.0,,,7.0,,,,14.0,52.0,321.0,338.0,19.0,,19.0,15.0,2.0,,,,,,1.0,10.0,5.0,,,5.0,7.0,2.0,5.0,5.0,4.0,,1.0,1.0,1.0,3.0,,3.0,,,,,5.0,,,1.0,,1.0,,,2.0,,,,,,,,,,,,,,,,,,0.0,,,,,,,,,,,,,,
cpl::Football_Player::dd4f4492d8c24742a0221478a33737d8,Son Yong-Chan,Edmonton,Midfielder,2020,midfielder,4,303,0,0,0,0,0,0,2,8,3,0,0,0,50,83.0,6,1.78,1,0,0,0,0,0,0,0,0.0,0.0,0.0,0.0,0,0,0,0,0,0,0,0,0,0,0,0,0,,303.0,,,2.0,113.0,1.0,31.0,46.0,1.0,,3.0,39.0,51.0,17.0,,,115.0,8.0,88.0,4.0,20.0,29.0,4.0,18.0,,,12.0,4.0,,5.0,172.0,4.0,2.0,,22.0,39.0,,10.0,10.0,7.0,3.0,,,3.0,28.0,3.0,,,4.0,,,,15.0,16.0,93.0,95.0,6.0,,18.0,7.0,2.0,2.0,,,,,1.0,3.0,6.0,,,2.0,5.0,3.0,3.0,1.0,13.0,,,,,1.0,,3.0,2.0,5.0,1.0,,3.0,1.0,,1.0,,,,,,1.0,,,,,,,,,,,,,,,,,0.0,,,4.0,,,,,,,,,,,
cpl::Football_Player::f77e3806065040479a624ed8a41a3971,S. Firth,Wanderers,Midfielder,2020,midfielder,2,98,0,0,0,0,0,0,1,0,3,0,0,0,0,87.0,6,5.51,0,0,0,0,0,0,0,0,0.0,0.0,0.0,0.0,0,0,0,0,0,0,0,0,0,0,0,0,0,,98.0,,,,52.0,,14.0,20.0,,,2.0,15.0,25.0,5.0,,,52.0,,45.0,5.0,7.0,15.0,1.0,6.0,,,7.0,1.0,,1.0,71.0,2.0,,,9.0,12.0,,10.0,5.0,,3.0,,,,9.0,,,,2.0,,,,4.0,11.0,45.0,45.0,,,4.0,5.0,1.0,,,,,,,2.0,1.0,,,1.0,3.0,1.0,,1.0,,1.0,,,,,,,,,,,,,,,,,,,,,,,,,,,,,,,,,,,,,0.0,0.0,0.0,1.0,,,,,,,,,,,
cpl::Football_Player::669592045b2e47929154e4fd2bbb5bdc,E. Zetterberg,Edmonton,Midfielder,2020,midfielder,7,465,0,0,4,0,1,0,4,6,7,0,2,0,0,80.0,13,2.52,8,0,0,0,0,0,0,0,0.0,0.0,0.0,0.0,0,0,0,0,0,0,0,0,0,0,0,0,0,,465.0,,,2.0,249.0,1.0,36.0,111.0,5.0,2.0,26.0,79.0,100.0,27.0,1.0,,261.0,6.0,168.0,11.0,53.0,79.0,8.0,54.0,,,29.0,6.0,,10.0,334.0,7.0,4.0,,40.0,97.0,,10.0,18.0,40.0,7.0,,,,41.0,,,,7.0,,,,22.0,49.0,199.0,208.0,1.0,,23.0,18.0,2.0,2.0,,,,,3.0,8.0,10.0,,,4.0,9.0,5.0,1.0,4.0,,1.0,3.0,4.0,1.0,,,,3.0,,,4.0,11.0,,1.0,8.0,,7.0,,,,1.0,1.0,3.0,,,,,,,,,,,,,,,0.0,,,10.0,,,,,,,,,,,
cpl::Football_Player::eab0ad0262a74f8b93974c91a77742b0,L. Béland-Goyette,Montréal,Midfielder,2020,midfielder,10,648,0,0,2,0,0,0,9,23,3,0,3,0,60,79.0,13,1.81,1,0,0,0,0,0,0,0,0.0,0.0,0.0,0.0,0,0,0,0,0,0,0,0,0,0,0,0,0,,648.0,,,4.0,339.0,1.0,40.0,125.0,1.0,3.0,22.0,103.0,149.0,51.0,2.0,,347.0,23.0,250.0,10.0,73.0,105.0,8.0,63.0,,,54.0,7.0,,16.0,441.0,10.0,13.0,,74.0,128.0,1.0,10.0,27.0,24.0,3.0,,,3.0,79.0,9.0,,,10.0,,,,50.0,74.0,267.0,274.0,5.0,1.0,52.0,24.0,3.0,3.0,,,,,8.0,13.0,16.0,1.0,,9.0,13.0,5.0,2.0,4.0,,3.0,2.0,2.0,2.0,2.0,,4.0,,,,3.0,6.0,,1.0,1.0,,1.0,,,,,,,,,,,,,,,,,,,,,0.0,0.0,0.0,11.0,,,,,,,,,,,
cpl::Football_Player::0193e9b2803b43938a676ad9232cede8,N. Verhoeven,Atlético,Midfielder,2020,midfielder,3,173,0,0,2,0,2,0,3,2,1,2,0,0,0,74.0,3,1.56,2,0,0,0,0,0,0,0,0.0,0.0,0.0,0.0,0,0,0,0,0,0,0,0,0,0,0,0,0,,173.0,,,,83.0,1.0,24.0,39.0,,,2.0,29.0,26.0,20.0,1.0,,84.0,2.0,59.0,3.0,22.0,16.0,3.0,21.0,,,8.0,2.0,,3.0,115.0,3.0,2.0,,17.0,28.0,2.0,10.0,11.0,3.0,1.0,,,,17.0,,,,3.0,,,,6.0,16.0,61.0,62.0,,,6.0,11.0,,2.0,,,,,7.0,3.0,9.0,,,3.0,1.0,1.0,,,3.0,1.0,,2.0,,,,2.0,3.0,,2.0,1.0,2.0,,,2.0,,,,,2.0,1.0,2.0,,,,,,,,,,,,,,,,0.0,,,3.0,,,,,,,,,,,
cpl::Football_Player::0e2b6aa5fbdf49f399441b22b356d14c,K. Bekker,Forge,Midfielder,2020,midfielder,11,879,3,1,9,0,5,1,6,14,15,0,1,0,47,77.0,9,0.92,34,0,1,0,0,0,0,0,0.0,0.0,0.0,0.0,0,0,0,0,0,0,0,0,0,0,0,0,0,,879.0,,,5.0,375.0,9.0,88.0,176.0,5.0,1.0,23.0,154.0,131.0,71.0,1.0,,394.0,14.0,269.0,8.0,94.0,105.0,12.0,108.0,,,58.0,11.0,,28.0,556.0,11.0,11.0,,70.0,130.0,13.0,10.0,40.0,31.0,15.0,,,8.0,87.0,18.0,,,11.0,,,,38.0,71.0,281.0,300.0,17.0,3.0,47.0,32.0,1.0,5.0,,,,,4.0,13.0,19.0,,,6.0,11.0,8.0,9.0,7.0,4.0,,4.0,9.0,5.0,2.0,,10.0,7.0,,,2.0,42.0,,4.0,34.0,,27.0,1.0,1.0,,5.0,5.0,2.0,3.0,1.0,3.0,1.0,1.0,,1.0,,,,,,,,1.0,3.0,0.0,9.0,,,,,,,,,,,
cpl::Football_Player::03b82a7bcff7496e991befe586fcc2c9,S. Young,Pacific,Midfielder,2020,midfielder,9,462,0,0,2,0,1,0,7,12,5,1,1,0,43,83.0,5,0.97,0,0,0,0,0,0,0,0,0.0,0.0,0.0,0.0,0,0,0,0,0,0,0,0,0,0,0,0,0,,462.0,,,,199.0,1.0,44.0,82.0,1.0,1.0,4.0,50.0,85.0,31.0,3.0,,201.0,12.0,147.0,5.0,35.0,54.0,6.0,22.0,,,34.0,6.0,,13.0,272.0,9.0,3.0,,45.0,57.0,8.0,10.0,30.0,19.0,5.0,,,7.0,61.0,7.0,,,9.0,,,,22.0,46.0,164.0,166.0,16.0,2.0,31.0,23.0,,4.0,,,,,6.0,12.0,5.0,1.0,,7.0,6.0,2.0,9.0,5.0,,3.0,1.0,2.0,2.0,1.0,,,1.0,,1.0,1.0,,,1.0,,,,,,1.0,,1.0,,,,,,,,,,,,,,,,0.0,,,7.0,,,,,,,,,,,
cpl::Football_Player::6bda12878690489697b20b110e311ad1,E. Simmons,Vancouver FC,Midfielder,2020,midfielder,10,627,0,0,1,0,0,0,6,9,1,0,1,0,46,82.0,7,1.0,1,0,0,0,0,0,0,0,0.0,0.0,0.0,0.0,0,0,0,0,0,0,0,0,0,0,0,0,0,,627.0,,,1.0,368.0,3.0,55.0,147.0,4.0,1.0,15.0,92.0,160.0,53.0,3.0,,373.0,9.0,291.0,6.0,68.0,87.0,6.0,46.0,,,58.0,6.0,,25.0,457.0,10.0,8.0,,54.0,130.0,,10.0,25.0,14.0,1.0,,,7.0,69.0,1.0,,,10.0,,,,36.0,101.0,301.0,305.0,15.0,2.0,44.0,18.0,1.0,,,,,,6.0,11.0,13.0,,,6.0,13.0,8.0,8.0,5.0,1.0,4.0,1.0,1.0,1.0,1.0,,,2.0,,2.0,3.0,3.0,1.0,2.0,1.0,,1.0,,,,,,,,,,,,,,,,,,,,,0.0,,,9.0,,,,,,,,,,,
cpl::Football_Player::3b2542a004d146b1bf7e3ef7f0ec811f,B. Zebie,Edmonton,Midfielder,2020,midfielder,10,480,0,0,5,0,1,0,9,10,11,0,0,0,0,82.0,6,1.12,0,0,0,0,0,0,0,0,0.0,0.0,0.0,0.0,0,0,0,0,0,0,0,0,0,0,0,0,0,,480.0,,,,162.0,1.0,58.0,58.0,7.0,,9.0,55.0,80.0,22.0,2.0,,169.0,10.0,133.0,6.0,31.0,35.0,2.0,28.0,,,25.0,5.0,,6.0,255.0,10.0,6.0,,57.0,42.0,9.0,10.0,31.0,5.0,11.0,,,,67.0,4.0,,,10.0,,,,26.0,34.0,131.0,138.0,10.0,,36.0,31.0,,5.0,,,,,7.0,13.0,8.0,,,9.0,2.0,6.0,10.0,4.0,1.0,5.0,4.0,5.0,,,,3.0,,,,6.0,3.0,,2.0,,,,,,,,1.0,,,,,,,,,1.0,,,,,,,0.0,,,10.0,,,,,,,,,,,
cpl::Football_Player::88ac022bf06149f1be2ce2ab7f3c087c,Z. Verhoven,Vancouver FC,Midfielder,2020,midfielder,9,308,1,1,4,0,2,1,5,16,4,1,1,0,12,78.0,5,1.46,8,0,0,0,0,0,0,0,0.0,0.0,0.0,0.0,0,0,0,0,0,0,0,0,0,0,0,0,0,,308.0,,,2.0,126.0,7.0,32.0,68.0,3.0,1.0,6.0,85.0,39.0,23.0,2.0,,128.0,16.0,90.0,5.0,29.0,15.0,11.0,40.0,,,15.0,2.0,,7.0,262.0,9.0,8.0,,73.0,47.0,10.0,10.0,30.0,9.0,4.0,,,1.0,81.0,,,,9.0,,,,44.0,34.0,98.0,99.0,8.0,,51.0,29.0,,1.0,,,,,14.0,11.0,11.0,1.0,,5.0,5.0,2.0,7.0,6.0,15.0,7.0,2.0,4.0,2.0,,,13.0,8.0,2.0,3.0,13.0,18.0,,,8.0,,3.0,,1.0,1.0,4.0,2.0,,1.0,1.0,1.0,,,,,,,,,,,,0.0,,,19.0,,,,,,,,,,,
cpl::Football_Player::3f9fd29f429f4cf7838256806a93e993,N. Ledgerwood,Cavalry,Midfielder,2020,midfielder,7,411,1,1,4,0,2,1,7,13,10,0,1,0,33,72.0,5,1.09,21,0,0,1,1,0,0,0,0.0,0.0,0.0,0.0,0,0,0,0,0,0,0,0,0,0,0,0,0,,411.0,,,1.0,150.0,4.0,32.0,78.0,7.0,1.0,17.0,80.0,50.0,30.0,1.0,,163.0,13.0,104.0,4.0,47.0,29.0,6.0,62.0,,,26.0,5.0,,5.0,253.0,7.0,12.0,,45.0,65.0,6.0,10.0,26.0,12.0,10.0,,,3.0,54.0,3.0,,,7.0,,,,22.0,37.0,106.0,116.0,9.0,1.0,28.0,23.0,1.0,4.0,,,,,1.0,12.0,8.0,,,7.0,4.0,5.0,6.0,5.0,,2.0,2.0,4.0,1.0,,,4.0,12.0,,3.0,3.0,20.0,1.0,1.0,21.0,,12.0,1.0,1.0,,8.0,2.0,,1.0,1.0,1.0,,,,,,,,1.0,1.0,,,0.0,,,6.0,,,,,,,,,,,
cpl::Football_Player::bab7421be1524ee7869d7eb277c88bb8,O. Kreim,Blainville,Midfielder,2020,midfielder,10,372,1,0,1,0,1,0,7,3,11,0,0,0,7,77.0,10,2.42,1,0,0,0,0,0,0,0,0.0,0.0,0.0,0.0,0,0,0,0,0,0,0,0,0,0,0,0,0,,372.0,,,,121.0,2.0,41.0,66.0,2.0,,2.0,72.0,32.0,27.0,1.0,,124.0,3.0,93.0,8.0,29.0,23.0,5.0,29.0,,,24.0,4.0,,5.0,237.0,10.0,3.0,,61.0,36.0,16.0,10.0,35.0,2.0,11.0,,,1.0,75.0,2.0,,,10.0,,,,27.0,24.0,92.0,95.0,14.0,,40.0,34.0,2.0,3.0,,,,,10.0,13.0,11.0,,,7.0,6.0,4.0,13.0,6.0,,6.0,,1.0,5.0,1.0,,4.0,3.0,,3.0,7.0,5.0,,1.0,1.0,,1.0,,,,,1.0,1.0,1.0,,,,,1.0,1.0,,,1.0,,,,,0.0,1.0,0.0,18.0,,,,,,,,,,,
cpl::Football_Player::0f2270114a7f4e83a73a34f161dc9e16,F. Acuña,Atlético,Midfielder,2020,midfielder,7,531,2,2,3,0,3,2,8,4,8,3,2,0,0,84.0,4,0.68,4,0,0,0,0,0,0,0,0.0,0.0,0.0,0.0,0,0,0,0,0,0,0,0,0,0,0,0,0,,531.0,,,,228.0,2.0,50.0,142.0,,2.0,2.0,97.0,57.0,37.0,,,237.0,4.0,192.0,3.0,39.0,66.0,9.0,48.0,,,33.0,7.0,,6.0,352.0,7.0,3.0,,66.0,62.0,12.0,10.0,31.0,6.0,8.0,,,,69.0,,,,7.0,,,,35.0,59.0,189.0,198.0,3.0,1.0,38.0,31.0,1.0,4.0,,,,,12.0,11.0,11.0,,,8.0,2.0,4.0,3.0,3.0,6.0,,,3.0,,,,4.0,1.0,,1.0,7.0,15.0,2.0,3.0,4.0,,4.0,2.0,2.0,3.0,,3.0,,2.0,2.0,2.0,,,,,,,,,,,,0.0,,,21.0,,,,,,,,,,,
cpl::Football_Player::ce3fbd6fe22a4e729054951b2effe079,M. Kacher,Valour,Midfielder,2020,midfielder,6,360,1,0,4,0,1,0,1,2,6,1,1,0,50,75.0,3,0.75,11,0,0,0,0,0,0,0,0.0,0.0,0.0,0.0,0,0,0,0,0,0,0,0,0,0,0,0,0,,360.0,,,1.0,118.0,5.0,30.0,59.0,1.0,1.0,4.0,61.0,36.0,27.0,,,123.0,2.0,83.0,2.0,31.0,42.0,7.0,32.0,,,19.0,4.0,,6.0,184.0,6.0,1.0,,25.0,34.0,9.0,10.0,12.0,9.0,6.0,,,1.0,27.0,,,,6.0,,,,14.0,17.0,87.0,92.0,2.0,1.0,15.0,11.0,1.0,3.0,,,,,4.0,1.0,7.0,,,1.0,2.0,3.0,1.0,,,2.0,3.0,4.0,3.0,,,2.0,3.0,1.0,1.0,5.0,7.0,,1.0,11.0,,5.0,,,1.0,2.0,1.0,,1.0,1.0,1.0,,,,,,,,,,,,1.0,,,10.0,,,,,,,,,,,
cpl::Football_Player::9530e64bf7744102b3eeecd7fcf46c34,E. Cissé,Forge,Midfielder,2020,midfielder,8,539,0,0,5,0,3,0,12,10,12,1,0,0,55,80.0,7,1.17,2,0,0,0,0,0,0,0,0.0,0.0,0.0,0.0,0,0,0,0,0,0,0,0,0,0,0,0,0,,539.0,,,1.0,207.0,6.0,43.0,99.0,2.0,,9.0,82.0,74.0,34.0,1.0,,213.0,10.0,163.0,6.0,43.0,28.0,3.0,41.0,,,45.0,6.0,,7.0,356.0,8.0,4.0,,74.0,67.0,13.0,10.0,46.0,7.0,12.0,,,5.0,83.0,9.0,,,8.0,,,,33.0,75.0,165.0,170.0,9.0,1.0,37.0,41.0,1.0,1.0,,,,,12.0,17.0,14.0,,,12.0,4.0,8.0,4.0,5.0,18.0,2.0,2.0,5.0,,,,4.0,3.0,1.0,2.0,10.0,5.0,,,2.0,,1.0,,,1.0,1.0,3.0,,,,,,,,,,,,,,,,0.0,0.0,0.0,17.0,,,,,,,,,,,
cpl::Football_Player::5ce4b7ace82243faa7b342751ac3a642,K. Alemán,Scrosoppi,Midfielder,2020,midfielder,7,537,1,0,7,0,1,0,8,6,18,1,1,0,33,82.0,11,1.84,9,0,0,0,0,0,0,0,0.0,0.0,0.0,0.0,0,0,0,0,0,0,0,0,0,0,0,0,0,,537.0,,,1.0,193.0,3.0,73.0,104.0,,1.0,6.0,94.0,77.0,34.0,,,214.0,6.0,157.0,9.0,40.0,43.0,8.0,47.0,,,29.0,7.0,,6.0,342.0,7.0,2.0,,76.0,46.0,12.0,10.0,42.0,17.0,18.0,,,3.0,85.0,2.0,,,7.0,,,,37.0,52.0,159.0,174.0,9.0,,43.0,39.0,2.0,4.0,,,,,13.0,9.0,7.0,1.0,,8.0,1.0,3.0,6.0,1.0,2.0,,6.0,7.0,4.0,,,4.0,7.0,,,15.0,13.0,,2.0,9.0,,5.0,,,1.0,3.0,1.0,,1.0,,1.0,1.0,,,1.0,,,,,,,,0.0,,,25.0,,,,,,,,,,,
cpl::Football_Player::b34859d026f14f39b1d8a7e139f53ed1,A. Khabra,Edmonton,Midfielder,2020,midfielder,6,308,0,0,0,0,0,0,3,12,3,1,1,0,33,87.0,9,2.63,0,0,0,0,0,0,0,0,0.0,0.0,0.0,0.0,0,0,0,0,0,0,0,0,0,0,0,0,0,,308.0,,,1.0,134.0,,19.0,62.0,3.0,1.0,4.0,28.0,55.0,15.0,2.0,,136.0,12.0,113.0,8.0,19.0,43.0,1.0,14.0,,,19.0,4.0,,6.0,166.0,6.0,9.0,,27.0,44.0,3.0,10.0,11.0,4.0,3.0,,,3.0,36.0,4.0,,,6.0,,,,19.0,30.0,115.0,117.0,9.0,,25.0,8.0,1.0,3.0,,,,,,5.0,3.0,,,3.0,,2.0,6.0,2.0,,2.0,,,2.0,1.0,,1.0,,,,,1.0,,,,,,,,1.0,,,,,,,,,,,,,,,,,,0.0,,,3.0,,,,,,,,,,,
cpl::Football_Player::316e45756fc44527ada7b1ea025918b0,J. Di Chiara,York,Midfielder,2020,midfielder,6,540,3,0,8,0,6,0,9,15,20,1,5,0,26,87.0,7,1.17,5,0,0,2,2,0,0,0,0.0,0.0,0.0,0.0,0,0,0,0,0,0,0,0,0,0,0,0,0,,540.0,,,,278.0,6.0,46.0,144.0,,5.0,5.0,66.0,108.0,34.0,,,285.0,15.0,231.0,6.0,39.0,85.0,5.0,32.0,,,38.0,6.0,,10.0,392.0,6.0,7.0,,71.0,74.0,22.0,10.0,42.0,15.0,20.0,,,4.0,86.0,7.0,,,6.0,,,,33.0,80.0,239.0,246.0,15.0,1.0,44.0,38.0,1.0,,,,,,5.0,13.0,9.0,1.0,,9.0,6.0,4.0,11.0,4.0,,,2.0,8.0,4.0,3.0,,2.0,6.0,,2.0,6.0,3.0,,3.0,5.0,,1.0,,,1.0,3.0,6.0,1.0,3.0,2.0,3.0,,1.0,,,1.0,,,2.0,2.0,,,1.0,,,13.0,,,,,,,,,,,
cpl::Football_Player::b38a140a30ab499ba3bc6aa4ad4d07a1,Viti Martínez,Atlético,Midfielder,2020,midfielder,6,540,1,0,7,0,4,0,7,12,5,0,2,0,50,79.0,10,1.67,0,0,0,0,0,0,0,0,0.0,0.0,0.0,0.0,0,0,0,0,0,0,0,0,0,0,0,0,0,,540.0,,,1.0,238.0,1.0,23.0,81.0,5.0,2.0,25.0,70.0,112.0,28.0,2.0,,246.0,12.0,174.0,8.0,53.0,83.0,,42.0,,,29.0,6.0,,13.0,326.0,6.0,9.0,,53.0,92.0,5.0,10.0,26.0,19.0,5.0,,,4.0,61.0,6.0,,,6.0,,,,31.0,48.0,186.0,193.0,8.0,2.0,35.0,22.0,2.0,,,,,,7.0,10.0,9.0,,,7.0,9.0,6.0,4.0,3.0,,,3.0,7.0,,5.0,,2.0,,,,5.0,2.0,,,,,,,,,,4.0,1.0,1.0,1.0,1.0,,,,,,,,,,,,1.0,,,9.0,,,,,,,,,,,
cpl::Football_Player::33a38df225e24270b44c1fdfde2eb7a9,C. Mannella,Ottawa Fury,Midfielder,2020,midfielder,2,100,0,0,0,0,0,0,4,3,3,0,1,0,0,76.0,1,0.9,0,0,0,0,0,0,0,0,0.0,0.0,0.0,0.0,0,0,0,0,0,0,0,0,0,0,0,0,0,,100.0,,,,46.0,,8.0,12.0,4.0,1.0,7.0,18.0,26.0,5.0,,,50.0,3.0,32.0,1.0,12.0,21.0,,9.0,,,12.0,1.0,,3.0,69.0,2.0,2.0,,19.0,10.0,,10.0,10.0,6.0,3.0,,,,21.0,,,,2.0,,,,9.0,11.0,35.0,38.0,2.0,,11.0,10.0,,1.0,,,,,1.0,6.0,,,,4.0,1.0,,2.0,2.0,,1.0,,,,,,,,,,,,,1.0,,,,,,,,,,,,,,,,,,,,,,,,0.0,,,3.0,,,,,,,,,,,
cpl::Football_Player::6a778700603244eeabcce04c59c6ccc0,A. Hojabrpour,Forge,Midfielder,2020,midfielder,10,385,0,0,3,0,0,0,11,5,2,0,0,0,37,80.0,7,1.64,0,0,0,0,0,0,0,0,0.0,0.0,0.0,0.0,0,0,0,0,0,0,0,0,0,0,0,0,0,,385.0,,,,154.0,,25.0,72.0,1.0,,6.0,43.0,53.0,26.0,1.0,,156.0,5.0,108.0,7.0,32.0,50.0,3.0,16.0,,,20.0,2.0,,16.0,214.0,10.0,4.0,,27.0,48.0,5.0,10.0,21.0,16.0,2.0,,,3.0,35.0,6.0,,,10.0,,,,9.0,33.0,122.0,124.0,8.0,,14.0,18.0,,1.0,,,,,3.0,13.0,5.0,,,11.0,4.0,4.0,5.0,2.0,1.0,8.0,3.0,3.0,2.0,1.0,1.0,,1.0,1.0,1.0,,,,1.0,,,,,,,,,,,,,,,,,,,,,,,,0.0,,,,,,,,,,,,,,
cpl::Football_Player::423863e33e8f4745b70e6092f11a184d,B. Fisk,Vancouver FC,Midfielder,2020,midfielder,7,601,1,0,8,0,5,0,7,4,5,0,1,0,27,79.0,7,1.05,3,0,1,0,0,0,0,0,0.0,0.0,0.0,0.0,0,0,0,0,0,0,0,0,0,0,0,0,0,,601.0,,,1.0,187.0,3.0,33.0,87.0,1.0,1.0,10.0,91.0,61.0,31.0,1.0,,188.0,4.0,138.0,6.0,41.0,73.0,5.0,43.0,,,27.0,7.0,,11.0,291.0,7.0,3.0,,56.0,54.0,14.0,10.0,20.0,9.0,5.0,,,3.0,67.0,5.0,,,7.0,,,,39.0,28.0,146.0,147.0,11.0,2.0,47.0,17.0,1.0,2.0,,,,,1.0,11.0,13.0,,,7.0,1.0,6.0,8.0,4.0,3.0,,3.0,8.0,1.0,,,9.0,1.0,1.0,1.0,8.0,13.0,2.0,4.0,3.0,,3.0,,,,,5.0,,1.0,1.0,1.0,,,,,,1.0,,,,,,1.0,,,19.0,,,,,,,,,,,
cpl::Football_Player::33b0cf3a477d454f96fe4f14c3b6125c,A. Achinioti-Jönsson,Forge,Midfielder,2020,midfielder,11,792,3,0,6,0,4,0,10,12,13,0,1,0,57,82.0,9,1.02,0,0,0,0,0,0,0,0,0.0,0.0,0.0,0.0,0,0,0,0,0,0,0,0,0,0,0,0,0,,792.0,,,3.0,329.0,2.0,51.0,113.0,12.0,1.0,24.0,73.0,165.0,38.0,2.0,,340.0,12.0,259.0,8.0,62.0,87.0,,38.0,,,40.0,9.0,,25.0,436.0,11.0,8.0,,50.0,112.0,9.0,10.0,48.0,19.0,13.0,,,16.0,78.0,6.0,,,11.0,,,,18.0,90.0,267.0,278.0,28.0,3.0,30.0,32.0,1.0,3.0,,,,,1.0,18.0,10.0,,,10.0,22.0,6.0,12.0,8.0,,2.0,2.0,6.0,,4.0,,1.0,,,,,1.0,,2.0,,,,,,,,4.0,,3.0,1.0,3.0,,2.0,,,,,,,,,,1.0,2.0,1.0,1.0,,,,,,,,,,,
cpl::Football_Player::5e944a82a82b42b483bed288bb7633a8,M. Aparicio,Atlético,Midfielder,2020,midfielder,6,530,2,0,9,0,3,0,9,14,10,2,2,0,0,79.0,4,0.68,3,0,1,0,0,0,0,0,0.0,0.0,0.0,0.0,0,0,0,0,0,0,0,0,0,0,0,0,0,,530.0,,,,260.0,,34.0,148.0,2.0,2.0,15.0,97.0,66.0,43.0,,,271.0,14.0,185.0,3.0,58.0,69.0,10.0,48.0,,,39.0,6.0,,18.0,379.0,6.0,9.0,,73.0,103.0,5.0,10.0,36.0,28.0,10.0,,,,76.0,,,,6.0,,,,37.0,65.0,203.0,213.0,3.0,2.0,40.0,36.0,1.0,2.0,,,,,12.0,14.0,11.0,,,9.0,8.0,1.0,3.0,5.0,3.0,,6.0,9.0,1.0,1.0,,4.0,1.0,,1.0,6.0,8.0,,2.0,3.0,,3.0,,,2.0,,3.0,3.0,2.0,2.0,,,,2.0,,,,2.0,,,,,1.0,,,16.0,,,,,,,,,,,
cpl::Football_Player::3f6a675727214bcc96972b28a2e3dbf8,José Galán,Valour,Midfielder,2020,midfielder,5,310,1,1,4,0,1,1,10,9,4,0,2,0,57,86.0,6,1.74,1,0,0,0,0,0,0,0,0.0,0.0,0.0,0.0,0,0,0,0,0,0,0,0,0,0,0,0,0,,310.0,,,2.0,196.0,,31.0,93.0,2.0,2.0,15.0,39.0,85.0,15.0,,,206.0,9.0,152.0,5.0,30.0,56.0,2.0,26.0,,,24.0,3.0,,5.0,260.0,5.0,6.0,,38.0,65.0,2.0,10.0,21.0,24.0,4.0,,,4.0,45.0,5.0,,,5.0,,,,21.0,54.0,168.0,176.0,7.0,,24.0,17.0,1.0,1.0,,,,,2.0,11.0,2.0,,,10.0,7.0,1.0,3.0,1.0,,2.0,3.0,4.0,1.0,1.0,,,2.0,,1.0,,1.0,,1.0,1.0,,,1.0,1.0,,1.0,1.0,,1.0,1.0,1.0,,,,,,,,,,,,0.0,,,3.0,,,,,,,,,,,
cpl::Football_Player::bcd2bd431fea40f2ad5e2cd7d95bef32,A. Sissoko,Atlético,Midfielder,2020,midfielder,10,707,0,0,4,0,1,0,16,10,11,0,0,0,33,83.0,8,1.02,0,0,0,0,0,0,0,0,0.0,0.0,0.0,0.0,0,0,0,0,0,0,0,0,0,0,0,0,0,,707.0,,,,388.0,2.0,40.0,163.0,9.0,,25.0,95.0,162.0,46.0,1.0,,396.0,10.0,304.0,5.0,71.0,99.0,3.0,53.0,,,52.0,8.0,,19.0,518.0,10.0,7.0,,77.0,152.0,7.0,10.0,46.0,21.0,11.0,,,5.0,92.0,13.0,,,10.0,,,,36.0,105.0,317.0,325.0,15.0,2.0,46.0,41.0,3.0,2.0,,,,,11.0,20.0,15.0,,,16.0,6.0,7.0,10.0,4.0,2.0,2.0,3.0,4.0,1.0,6.0,,1.0,,,,1.0,1.0,1.0,1.0,,,,,,,,1.0,,,,,,,,,,,,,,,,0.0,0.0,0.0,16.0,,,,,,,,,,,
cpl::Football_Player::8b3bce6c12a8410c97766fbccc51d981,A. Coupland,Whitecaps,Midfielder,2020,midfielder,3,97,0,0,0,0,0,0,2,4,2,0,1,0,100,75.0,7,6.49,0,0,0,0,0,0,0,0,0.0,0.0,0.0,0.0,0,0,0,0,0,0,0,0,0,0,0,0,0,,97.0,,,,12.0,,4.0,8.0,,1.0,,9.0,1.0,3.0,1.0,,12.0,4.0,9.0,6.0,3.0,3.0,,3.0,,,1.0,,,,30.0,3.0,2.0,,15.0,2.0,,10.0,9.0,,2.0,,,1.0,16.0,1.0,,,3.0,,,,7.0,3.0,9.0,9.0,1.0,,7.0,8.0,1.0,,,,,,2.0,4.0,1.0,1.0,,2.0,,1.0,,2.0,1.0,3.0,,,,,,,,,,,,,,,,,,,,,,,,,,,,,,,,,,,,,0.0,,,3.0,,,,,,,,,,,
cpl::Football_Player::0e6d9987204441a9a9d05ed9f620ce78,W. Murofushi,York,Midfielder,2020,midfielder,7,329,0,0,2,0,0,0,4,8,10,0,0,0,100,89.0,1,0.27,0,0,0,0,0,0,0,0,0.0,0.0,0.0,0.0,0,0,0,0,0,0,0,0,0,0,0,0,0,,329.0,,,,212.0,,32.0,106.0,2.0,,9.0,33.0,86.0,15.0,,,216.0,8.0,175.0,,24.0,69.0,3.0,18.0,,,23.0,3.0,,6.0,251.0,7.0,7.0,,30.0,52.0,3.0,10.0,16.0,17.0,10.0,,,1.0,31.0,2.0,,,7.0,,,,15.0,63.0,188.0,192.0,1.0,,15.0,15.0,1.0,3.0,,,,,1.0,4.0,8.0,,,4.0,1.0,3.0,,,,4.0,2.0,2.0,1.0,,,,,,,2.0,,1.0,1.0,,,,,,,,,,,,,,,,,,,,,,,,0.0,,,6.0,,,,,,,,,,,
cpl::Football_Player::82ff8e880ba54f74a34fe1f8165f3b46,Matthew Baldisimo,York,Midfielder,2020,midfielder,10,875,0,1,6,0,2,1,18,16,11,0,1,0,75,81.0,12,1.23,0,0,1,0,0,0,0,0,0.0,0.0,0.0,0.0,0,0,0,0,0,0,0,0,0,0,0,0,0,,875.0,,,4.0,425.0,3.0,50.0,134.0,9.0,1.0,42.0,105.0,218.0,43.0,5.0,,437.0,16.0,307.0,12.0,85.0,109.0,5.0,68.0,,,51.0,10.0,,20.0,554.0,10.0,9.0,,82.0,150.0,5.0,10.0,54.0,45.0,11.0,,,9.0,94.0,12.0,,,10.0,,,,37.0,128.0,341.0,352.0,12.0,2.0,40.0,45.0,,2.0,,,,,8.0,26.0,12.0,1.0,,18.0,15.0,8.0,3.0,8.0,,,4.0,6.0,,2.0,,3.0,,,,1.0,3.0,1.0,1.0,,,,1.0,1.0,,,2.0,,,,,,,,,,,,,,,,0.0,,,7.0,,,,,,,,,,,
cpl::Football_Player::4b6c1da63a144cfeb39e765ea2e3039c,B. McKendry,Atlético,Midfielder,2020,midfielder,7,408,0,0,1,0,1,0,16,9,2,0,2,0,60,79.0,7,1.54,0,0,0,0,0,0,0,0,0.0,0.0,0.0,0.0,0,0,0,0,0,0,0,0,0,0,0,0,0,,408.0,,,1.0,210.0,1.0,35.0,85.0,9.0,2.0,20.0,63.0,83.0,27.0,1.0,,215.0,9.0,151.0,5.0,47.0,60.0,1.0,38.0,,,28.0,4.0,,13.0,292.0,7.0,6.0,,55.0,71.0,1.0,10.0,34.0,17.0,2.0,,,6.0,65.0,5.0,,,7.0,,,,27.0,49.0,163.0,168.0,10.0,1.0,31.0,28.0,2.0,1.0,,,,,2.0,24.0,15.0,,,16.0,6.0,9.0,4.0,8.0,1.0,3.0,,1.0,2.0,,,4.0,,,,1.0,4.0,,,,,,,,,,1.0,,,,,,,,,,,,,,,,0.0,,,6.0,,,,,,,,,,,
cpl::Football_Player::d80c8273244649a0841591e849fc3590,D. Gutiérrez,Cavalry,Midfielder,2020,midfielder,7,489,0,0,1,0,0,0,7,10,6,0,1,0,60,84.0,4,0.74,2,0,0,0,0,0,0,0,0.0,0.0,0.0,0.0,0,0,0,0,0,0,0,0,0,0,0,0,0,,489.0,,,,293.0,2.0,54.0,141.0,1.0,1.0,14.0,70.0,121.0,36.0,,,309.0,10.0,240.0,4.0,50.0,84.0,2.0,45.0,,,36.0,5.0,,9.0,389.0,7.0,6.0,,41.0,93.0,5.0,10.0,20.0,19.0,6.0,,,3.0,46.0,3.0,,,7.0,,,,24.0,78.0,251.0,259.0,5.0,2.0,26.0,17.0,,1.0,,,,,3.0,9.0,9.0,1.0,,7.0,9.0,4.0,2.0,2.0,5.0,2.0,1.0,1.0,2.0,1.0,,,3.0,,2.0,2.0,4.0,,3.0,2.0,,2.0,,,,,,,,,,2.0,,,,,,,,,,,0.0,,,8.0,,,,,,,,,,,
cpl::Football_Player::392be6a9c97c4804a198cd3b34e93705,D. Carreiro,Vaughan,Midfielder,2020,midfielder,7,333,1,0,6,0,4,0,2,0,13,0,1,0,0,79.0,7,1.89,16,0,0,1,0,0,0,0,0.0,0.0,0.0,0.0,0,0,0,0,0,0,0,0,0,0,0,0,0,,333.0,,,,106.0,7.0,22.0,66.0,,1.0,5.0,49.0,34.0,21.0,1.0,,120.0,,80.0,6.0,26.0,28.0,7.0,34.0,,,12.0,3.0,,6.0,189.0,7.0,,,28.0,45.0,9.0,10.0,23.0,14.0,13.0,,,,30.0,,,,7.0,,,,5.0,25.0,82.0,94.0,2.0,,7.0,23.0,1.0,2.0,,,,,5.0,5.0,5.0,,,2.0,,,2.0,3.0,1.0,4.0,2.0,6.0,3.0,,,3.0,6.0,,2.0,,14.0,,1.0,16.0,,9.0,,,,6.0,4.0,,1.0,,,1.0,,1.0,1.0,,,,1.0,,,,0.0,,,3.0,,,,,,,,,,,
cpl::Football_Player::a4d26a57d62040df8359a9bc96b1db67,D. Campbell,Valour,Midfielder,2020,midfielder,5,227,0,0,0,0,0,0,5,4,4,0,1,0,60,73.0,5,1.98,0,0,0,0,0,0,0,0,0.0,0.0,0.0,0.0,0,0,0,0,0,0,0,0,0,0,0,0,0,,227.0,,,1.0,92.0,,10.0,36.0,4.0,1.0,8.0,45.0,32.0,18.0,1.0,,94.0,4.0,65.0,5.0,26.0,18.0,1.0,19.0,,,19.0,2.0,,8.0,158.0,5.0,3.0,,25.0,43.0,2.0,10.0,13.0,3.0,4.0,,,3.0,30.0,4.0,,,5.0,,,,15.0,23.0,67.0,68.0,5.0,,17.0,10.0,,2.0,,,,,,6.0,7.0,,,5.0,6.0,2.0,2.0,1.0,14.0,3.0,,,,2.0,,1.0,,5.0,,1.0,1.0,,,,,,,,,,,,,,,,,,,,,,,,,,0.0,,,5.0,,,,,,,,,,,
cpl::Football_Player::2a0dc42d1dba4748a99b39aa920f7497,J. Brown,Cavalry,Forward,2020,forward,10,657,3,0,13,0,7,0,2,13,5,2,0,0,22,82.0,8,1.1,1,0,1,1,1,0,0,0,0.0,0.0,0.0,0.0,0,0,0,0,0,0,0,0,0,0,0,0,0,,657.0,,,,103.0,8.0,52.0,53.0,2.0,,3.0,75.0,36.0,17.0,3.0,,108.0,13.0,87.0,7.0,20.0,19.0,4.0,28.0,,,13.0,7.0,,1.0,210.0,10.0,4.0,,46.0,17.0,31.0,10.0,17.0,1.0,5.0,,,4.0,64.0,3.0,,,10.0,,,,33.0,20.0,83.0,88.0,18.0,2.0,47.0,13.0,1.0,4.0,,,,,3.0,5.0,4.0,1.0,,2.0,,1.0,14.0,3.0,,3.0,6.0,13.0,6.0,,,8.0,1.0,1.0,1.0,8.0,9.0,,4.0,1.0,,1.0,,,2.0,,7.0,,3.0,1.0,3.0,,,,2.0,1.0,,,1.0,1.0,,,2.0,,,18.0,,,,,,,,,,,
cpl::Football_Player::0a9e81414bcf48d388274099578d7521,M. Haber,Pacific,Forward,2020,forward,9,507,2,0,14,0,8,0,0,16,9,2,1,0,55,62.0,5,0.89,0,0,0,0,0,0,0,0,0.0,0.0,0.0,0.0,0,0,0,0,0,0,0,0,0,0,0,0,0,,507.0,,,,119.0,8.0,38.0,58.0,,1.0,1.0,86.0,19.0,47.0,,,124.0,16.0,75.0,5.0,48.0,26.0,5.0,56.0,,,10.0,5.0,,4.0,202.0,9.0,2.0,,32.0,41.0,35.0,10.0,47.0,1.0,9.0,,,38.0,100.0,4.0,,,9.0,,,,23.0,19.0,71.0,76.0,68.0,,53.0,9.0,,4.0,,,,,1.0,1.0,5.0,2.0,,,,2.0,30.0,1.0,,4.0,6.0,14.0,,2.0,,12.0,1.0,,1.0,3.0,12.0,,2.0,,,,,,2.0,,8.0,,2.0,1.0,2.0,,1.0,,,,,,,,,,2.0,,,12.0,,,,,,,,,,,
cpl::Football_Player::597b3ee52baf4b08a34e62c2a682fa7f,J. Córdova,Cavalry,Forward,2020,forward,4,71,1,0,2,0,1,0,0,0,1,1,0,0,30,63.0,0,0.0,0,0,0,0,0,0,0,0,0.0,0.0,0.0,0.0,0,0,0,0,0,0,0,0,0,0,0,0,0,,71.0,,,,24.0,,3.0,12.0,,,1.0,10.0,3.0,8.0,,,24.0,,14.0,,9.0,3.0,1.0,8.0,,,5.0,,,1.0,32.0,4.0,,,3.0,10.0,5.0,10.0,4.0,1.0,1.0,,,3.0,13.0,1.0,,,4.0,,,,2.0,8.0,15.0,15.0,10.0,,9.0,1.0,,,,,,,,,1.0,,,,,1.0,7.0,,,4.0,1.0,2.0,,,,,,,,,,,,,,,,,1.0,,1.0,,1.0,,1.0,,,,1.0,,,,,,,,0.0,,,1.0,,,,,,,,,,,
cpl::Football_Player::ce28065c8a3b4288ba09d3e26cc5e4fd,O.Fakunle,Cavalry,Forward,2020,forward,1,7,0,0,1,0,0,0,0,0,0,0,0,0,0,67.0,0,0.0,0,0,0,0,0,0,0,0,0.0,0.0,0.0,0.0,0,0,0,0,0,0,0,0,0,0,0,0,0,,7.0,,,,3.0,,1.0,1.0,,,,2.0,1.0,1.0,,,3.0,,2.0,,1.0,1.0,,,,,,,,1.0,5.0,1.0,,,,,1.0,10.0,,,,,,,,,,,1.0,,,,,1.0,2.0,2.0,,,,,,,,,,,,,,,,,,,,,,1.0,1.0,1.0,,,,,,,,,,,,,,,,,,,,,,,,,,,,,,,,,,,0.0,,,,,,,,,,,,,,
cpl::Football_Player::c9180268639c4deab949baa197a52103,I. Sanoh,Wanderers,Forward,2020,forward,5,124,1,0,3,0,1,0,0,1,2,1,0,0,50,56.0,5,3.63,0,0,0,1,1,0,0,0,0.0,0.0,0.0,0.0,0,0,0,0,0,0,0,0,0,0,0,0,0,,124.0,,,1.0,27.0,2.0,11.0,11.0,,,,31.0,5.0,13.0,,,29.0,1.0,15.0,4.0,13.0,9.0,1.0,13.0,,,7.0,2.0,,1.0,58.0,5.0,1.0,,10.0,6.0,5.0,10.0,9.0,1.0,2.0,,,7.0,24.0,,,,5.0,,,,8.0,3.0,14.0,16.0,14.0,,15.0,2.0,1.0,2.0,,,,,,,4.0,,,,,2.0,7.0,,1.0,3.0,2.0,3.0,1.0,,,1.0,,,,2.0,1.0,,1.0,,,,,,1.0,,1.0,,1.0,1.0,1.0,,,,,,,,1.0,1.0,,,0.0,1.0,0.0,6.0,,,,,,,,,,,
cpl::Football_Player::3b722a31cec745c3be4c298eeeee5dbc,A. Marshsall,Wanderers,Forward,2020,forward,11,583,0,2,7,0,2,2,6,14,17,1,1,0,64,75.0,7,1.08,8,0,0,0,0,0,0,0,0.0,0.0,0.0,0.0,0,0,0,0,0,0,0,0,0,0,0,0,0,,583.0,,,3.0,176.0,5.0,26.0,95.0,2.0,1.0,7.0,96.0,42.0,38.0,,,180.0,14.0,119.0,5.0,45.0,20.0,4.0,53.0,,,37.0,5.0,,8.0,311.0,11.0,9.0,,77.0,62.0,12.0,10.0,49.0,16.0,17.0,,,9.0,91.0,2.0,,,11.0,,,,37.0,72.0,132.0,135.0,14.0,1.0,42.0,40.0,2.0,3.0,,,,,14.0,9.0,13.0,,,6.0,4.0,9.0,5.0,3.0,3.0,6.0,5.0,7.0,1.0,1.0,,6.0,2.0,,1.0,5.0,16.0,4.0,1.0,8.0,,8.0,2.0,2.0,1.0,,2.0,1.0,,,,,,,,,,,,,,,0.0,0.0,0.0,19.0,,,,,,,,,,,
cpl::Football_Player::91a915f684dc4b769c0cf45719f2a87e,M. Bustos,Pacific,Forward,2020,forward,10,849,5,3,19,0,11,3,3,12,35,2,3,0,66,85.0,11,1.17,11,0,0,0,0,0,0,0,0.0,0.0,0.0,0.0,0,0,0,0,0,0,0,0,0,0,0,0,0,,849.0,,,,308.0,4.0,114.0,193.0,6.0,3.0,17.0,124.0,96.0,33.0,4.0,,332.0,12.0,263.0,11.0,50.0,40.0,13.0,62.0,,,53.0,10.0,,11.0,528.0,10.0,9.0,,97.0,87.0,43.0,10.0,61.0,19.0,35.0,,,6.0,106.0,1.0,,,10.0,,,,42.0,91.0,259.0,282.0,9.0,1.0,45.0,55.0,,5.0,,,,,18.0,3.0,6.0,,,3.0,4.0,2.0,3.0,,11.0,,8.0,19.0,7.0,,,13.0,7.0,1.0,6.0,11.0,23.0,2.0,4.0,11.0,,7.0,2.0,3.0,2.0,1.0,11.0,,5.0,1.0,5.0,,1.0,,3.0,,,,,,,,1.0,,,23.0,,,,,,,,,,,
cpl::Football_Player::49bd7ec1be034a33a576d28b705b3611,T. Ameobi,Edmonton,Forward,2020,forward,7,287,0,0,3,0,2,0,1,8,5,2,2,0,62,75.0,8,2.51,0,0,1,1,0,0,0,0,0.0,0.0,0.0,0.0,0,0,0,0,0,0,0,0,0,0,0,0,0,,287.0,,,,74.0,2.0,24.0,31.0,1.0,2.0,1.0,35.0,26.0,19.0,,,77.0,8.0,56.0,8.0,20.0,21.0,2.0,17.0,,,12.0,3.0,,3.0,117.0,7.0,6.0,,27.0,13.0,10.0,10.0,27.0,1.0,5.0,,,17.0,54.0,2.0,,,7.0,,,,17.0,19.0,54.0,57.0,27.0,,27.0,10.0,,3.0,,,,,1.0,4.0,2.0,,,1.0,,2.0,10.0,3.0,,4.0,1.0,3.0,,,,,,,,,,,2.0,,,,,,2.0,,2.0,,,,,,,,,,,,1.0,,,,0.0,,,5.0,,,,,,,,,,,
cpl::Football_Player::c8dce536cf5f4f02be8d2f7ba48e6929,A. Riggi,Wanderers,Forward,2020,forward,8,471,1,1,6,0,5,1,7,7,7,2,0,0,0,74.0,2,0.38,2,0,0,0,0,0,0,0,0.0,0.0,0.0,0.0,0,0,0,0,0,0,0,0,0,0,0,0,0,,471.0,,,2.0,129.0,3.0,26.0,73.0,2.0,,4.0,67.0,26.0,31.0,,,133.0,7.0,93.0,1.0,35.0,51.0,6.0,41.0,,,22.0,6.0,,3.0,204.0,8.0,4.0,,45.0,46.0,5.0,10.0,19.0,5.0,7.0,,,,52.0,,,,8.0,,,,26.0,10.0,95.0,98.0,7.0,,33.0,19.0,1.0,6.0,,,,,2.0,10.0,3.0,,,7.0,3.0,1.0,7.0,3.0,3.0,2.0,1.0,6.0,2.0,,,7.0,1.0,,,2.0,9.0,2.0,1.0,2.0,,1.0,1.0,1.0,2.0,,5.0,,1.0,1.0,,,,1.0,,,,,,,,,0.0,1.0,0.0,10.0,,,,,,,,,,,
cpl::Football_Player::01e4dc8e491d40f5aa24f147fe23b6e1,Oliver Minatel,Cavalry,Forward,2020,forward,7,454,0,1,6,0,2,1,2,10,8,0,0,0,50,81.0,6,1.19,0,0,0,0,0,0,0,0,0.0,0.0,0.0,0.0,0,0,0,0,0,0,0,0,0,0,0,0,0,,454.0,,,,132.0,2.0,48.0,74.0,,,3.0,50.0,42.0,25.0,,,142.0,10.0,110.0,5.0,28.0,33.0,5.0,26.0,,,19.0,6.0,,6.0,201.0,7.0,6.0,,39.0,35.0,15.0,10.0,24.0,4.0,8.0,,,8.0,55.0,2.0,,,7.0,,,,23.0,26.0,104.0,114.0,16.0,,31.0,16.0,1.0,5.0,,,,,4.0,5.0,9.0,,,2.0,,4.0,8.0,3.0,,1.0,4.0,6.0,1.0,,,4.0,2.0,,2.0,1.0,4.0,1.0,6.0,,,,,1.0,,,2.0,,,,,1.0,,,,,,,,,,,0.0,,,4.0,,,,,,,,,,,
cpl::Football_Player::32ac22e018504c2f98dc4d3c64e42803,J. Hernández,Scottish,Forward,2020,forward,3,102,0,0,1,0,0,0,3,5,2,2,1,0,36,82.0,3,2.65,0,0,0,0,0,0,0,0,0.0,0.0,0.0,0.0,0,0,0,0,0,0,0,0,0,0,0,0,0,,102.0,,,,33.0,,6.0,21.0,,1.0,,24.0,6.0,6.0,3.0,,33.0,5.0,27.0,3.0,6.0,5.0,2.0,7.0,,,5.0,1.0,,,63.0,3.0,2.0,,20.0,14.0,4.0,10.0,10.0,,2.0,,,4.0,31.0,3.0,,,3.0,,,,14.0,8.0,27.0,27.0,11.0,,21.0,6.0,,1.0,,,,,,4.0,1.0,1.0,,3.0,,1.0,7.0,1.0,,2.0,1.0,1.0,,,,1.0,,,,,1.0,,,,,,,,2.0,,,,,,,,,,,,,,,,,,0.0,,,8.0,,,,,,,,,,,
cpl::Football_Player::1b5317cdeb7f40dd8a7eccc207d46158,A. Pepple,Cavalry,Forward,2020,forward,6,67,0,0,2,0,1,0,1,2,0,1,0,0,33,77.0,0,0.0,0,0,0,0,0,0,0,0,0.0,0.0,0.0,0.0,0,0,0,0,0,0,0,0,0,0,0,0,0,,67.0,,,,13.0,1.0,5.0,7.0,,,,21.0,3.0,3.0,,,13.0,2.0,10.0,,3.0,,1.0,4.0,,,4.0,,,,40.0,6.0,1.0,,13.0,6.0,6.0,10.0,4.0,,,,,1.0,16.0,,,,6.0,,,,10.0,2.0,10.0,10.0,3.0,,12.0,3.0,,,,,,,1.0,2.0,1.0,,,1.0,,1.0,2.0,1.0,,6.0,1.0,2.0,1.0,,,1.0,,,,2.0,1.0,,1.0,,,,,,1.0,,1.0,,,,,,,,,,,,,,,,0.0,,,7.0,,,,,,,,,,,
cpl::Football_Player::55dd391822fa4ee9a317707f26e1ddc9,C. Nanco,Forge,Forward,2020,forward,5,224,2,0,3,0,3,0,3,7,2,0,0,0,0,70.0,3,1.21,0,0,0,0,0,0,0,0,0.0,0.0,0.0,0.0,0,0,0,0,0,0,0,0,0,0,0,0,0,,224.0,,,,46.0,1.0,9.0,22.0,1.0,,1.0,33.0,11.0,13.0,1.0,,46.0,7.0,31.0,3.0,14.0,15.0,1.0,17.0,,,9.0,4.0,,1.0,87.0,5.0,4.0,,33.0,9.0,11.0,10.0,10.0,1.0,2.0,,,,37.0,1.0,,,5.0,,,,23.0,13.0,32.0,32.0,4.0,,27.0,10.0,,4.0,,,,,4.0,4.0,5.0,1.0,,3.0,,2.0,4.0,1.0,1.0,1.0,,3.0,1.0,,,4.0,1.0,1.0,1.0,7.0,4.0,,2.0,,,,,,,,3.0,,2.0,2.0,2.0,,,,,,,,,,,,0.0,1.0,1.0,11.0,,,,,,,,,,,
cpl::Football_Player::a0c39d4aadea4642ba22743b4c68b23a,E. Ongaro,Edmonton,Forward,2020,forward,7,480,3,0,8,0,3,0,1,4,5,2,0,0,37,77.0,9,1.69,0,0,0,0,0,0,0,0,0.0,0.0,0.0,0.0,0,0,0,0,0,0,0,0,0,0,0,0,0,,480.0,,,1.0,84.0,3.0,28.0,43.0,,,1.0,67.0,26.0,20.0,1.0,,89.0,4.0,66.0,7.0,21.0,22.0,5.0,23.0,,,13.0,5.0,,4.0,175.0,7.0,1.0,,38.0,14.0,24.0,10.0,26.0,2.0,5.0,,,13.0,73.0,,,,7.0,,,,25.0,25.0,64.0,68.0,35.0,,47.0,13.0,2.0,2.0,,,,,6.0,2.0,5.0,,,1.0,,3.0,22.0,1.0,1.0,2.0,5.0,8.0,2.0,,,6.0,1.0,,1.0,11.0,6.0,,3.0,,,,,,2.0,,3.0,1.0,3.0,,3.0,1.0,1.0,,2.0,,,,,,,,0.0,,,19.0,,,,,,,,,,,
cpl::Football_Player::6a7b9320483e458792ebd1f94a00baf0,C. Bent,Wanderers,Forward,2020,forward,10,500,1,0,3,0,1,0,3,9,14,5,0,0,33,63.0,6,1.08,7,0,0,0,0,0,0,0,0.0,0.0,0.0,0.0,0,0,0,0,0,0,0,0,0,0,0,0,0,,500.0,,,1.0,133.0,3.0,40.0,56.0,6.0,,11.0,98.0,32.0,41.0,1.0,,137.0,9.0,79.0,4.0,52.0,28.0,7.0,65.0,,,25.0,5.0,,7.0,243.0,10.0,8.0,,61.0,36.0,17.0,10.0,38.0,6.0,14.0,,,4.0,73.0,2.0,,,10.0,,,,27.0,33.0,82.0,85.0,12.0,,35.0,34.0,2.0,4.0,,,,,9.0,11.0,9.0,,,3.0,5.0,3.0,8.0,8.0,1.0,5.0,2.0,3.0,2.0,,,7.0,3.0,,3.0,8.0,20.0,2.0,1.0,7.0,,7.0,,,5.0,,1.0,,1.0,1.0,1.0,,,,,1.0,,,,,,,0.0,0.0,1.0,9.0,,,,,,,,,,,
cpl::Football_Player::982a96a792e04404805090a131cb95df,T. Campbell,Vancouver FC,Forward,2020,forward,10,480,1,1,10,0,3,1,4,13,3,3,0,0,30,67.0,6,1.12,0,0,3,0,0,0,0,0,0.0,0.0,0.0,0.0,0,0,0,0,0,0,0,0,0,0,0,0,0,,480.0,,,,124.0,3.0,41.0,53.0,,,1.0,96.0,31.0,42.0,1.0,,127.0,13.0,79.0,6.0,43.0,28.0,4.0,44.0,,,14.0,4.0,,4.0,228.0,10.0,3.0,,54.0,26.0,25.0,10.0,22.0,5.0,3.0,,,7.0,77.0,3.0,,,10.0,,,,39.0,32.0,81.0,84.0,23.0,1.0,55.0,15.0,,2.0,,,,,7.0,5.0,8.0,1.0,,4.0,,3.0,16.0,1.0,1.0,6.0,7.0,10.0,2.0,1.0,,5.0,,,,10.0,5.0,,5.0,,,,1.0,1.0,3.0,,3.0,,1.0,,1.0,,1.0,,,,,,,,,,1.0,,,26.0,,,,,,,,,,,
cpl::Football_Player::99a91175ff8e476ca86125ecab87f00b,Mo Babouli,Forge,Forward,2020,forward,10,455,1,2,5,0,4,2,3,9,8,4,0,0,31,69.0,3,0.59,2,0,0,0,0,0,0,0,0.0,0.0,0.0,0.0,0,0,0,0,0,0,0,0,0,0,0,0,0,,455.0,,,,119.0,6.0,35.0,63.0,3.0,,7.0,88.0,26.0,34.0,1.0,,129.0,9.0,79.0,3.0,41.0,31.0,7.0,41.0,,,17.0,4.0,,9.0,230.0,10.0,3.0,,55.0,42.0,22.0,10.0,34.0,9.0,8.0,,,5.0,71.0,2.0,,,10.0,,,,26.0,21.0,78.0,88.0,16.0,,37.0,29.0,,4.0,,,,,16.0,5.0,13.0,2.0,,3.0,1.0,5.0,11.0,2.0,1.0,6.0,1.0,5.0,2.0,,,8.0,1.0,,1.0,10.0,9.0,,3.0,2.0,,1.0,2.0,2.0,4.0,,4.0,,1.0,1.0,1.0,3.0,,,,,,,,,,,1.0,0.0,1.0,18.0,,,,,,,,,,,
cpl::Football_Player::56a1c426e347456e875c52b4e799f2ea,N. Pasquotti,Cavalry,Forward,2020,forward,8,537,0,0,6,0,2,0,7,6,11,2,0,0,64,77.0,5,0.84,0,0,0,0,0,0,0,0,0.0,0.0,0.0,0.0,0,0,0,0,0,0,0,0,0,0,0,0,0,,537.0,,,1.0,156.0,8.0,59.0,83.0,7.0,,8.0,117.0,37.0,29.0,,,157.0,6.0,111.0,4.0,37.0,27.0,6.0,47.0,,,31.0,7.0,,7.0,318.0,8.0,5.0,,66.0,41.0,25.0,10.0,42.0,9.0,11.0,,,11.0,83.0,1.0,,,8.0,,,,35.0,30.0,119.0,120.0,17.0,2.0,41.0,31.0,1.0,4.0,,,,,14.0,7.0,11.0,1.0,,7.0,4.0,5.0,6.0,,17.0,1.0,4.0,6.0,6.0,,,17.0,,15.0,,15.0,17.0,,4.0,,,,,,2.0,,2.0,,,,,2.0,,,,,,,,,,,0.0,,,25.0,,,,,,,,,,,
cpl::Football_Player::751e68a27d374a64b9646c08102f6daf,João Morelli,Wanderers,Forward,2020,forward,9,561,4,1,11,0,7,1,2,13,12,1,0,1,33,70.0,11,1.76,10,0,1,2,2,0,0,0,0.0,0.0,0.0,0.0,0,0,0,0,0,0,0,0,0,0,0,0,0,,561.0,,,,178.0,3.0,50.0,82.0,5.0,,17.0,111.0,54.0,40.0,1.0,,189.0,13.0,123.0,9.0,57.0,43.0,6.0,68.0,,,27.0,8.0,,3.0,319.0,9.0,7.0,,58.0,65.0,13.0,10.0,31.0,9.0,12.0,,,6.0,76.0,2.0,,,9.0,,,,33.0,31.0,125.0,132.0,18.0,,45.0,25.0,2.0,5.0,1.0,1.0,,,10.0,4.0,21.0,1.0,,2.0,3.0,13.0,12.0,2.0,4.0,1.0,4.0,11.0,6.0,,,1.0,4.0,,,5.0,14.0,,3.0,10.0,,6.0,1.0,1.0,1.0,4.0,7.0,2.0,4.0,3.0,4.0,1.0,,,1.0,1.0,,,2.0,2.0,,,2.0,1.0,3.0,16.0,,,,,,,,,,,
cpl::Football_Player::44fb3fb969744342bac4a9ebfa751e21,G. Wiethaeuper-Balbinotti,Ottawa Fury,Forward,2020,forward,6,203,0,0,5,0,1,0,2,8,3,3,1,0,28,62.0,3,1.33,0,0,0,0,0,0,0,0,0.0,0.0,0.0,0.0,0,0,0,0,0,0,0,0,0,0,0,0,0,,203.0,,,,30.0,3.0,10.0,13.0,1.0,1.0,2.0,26.0,9.0,12.0,,,36.0,8.0,20.0,3.0,14.0,7.0,,11.0,,,3.0,3.0,,3.0,66.0,6.0,6.0,,21.0,10.0,9.0,10.0,10.0,2.0,3.0,,,4.0,35.0,1.0,,,6.0,,,,15.0,9.0,17.0,22.0,14.0,,25.0,6.0,,3.0,,,,,2.0,2.0,2.0,,,2.0,1.0,2.0,10.0,,,3.0,4.0,5.0,,,,,,,,1.0,,,1.0,,,,,,3.0,,1.0,,,,,2.0,,,,,,,,,,,0.0,0.0,0.0,7.0,,,,,,,,,,,
cpl::Football_Player::c45fe355ff194e53bcb0907c5b08814c,J. Kotsopoulos,Forge,Forward,2020,forward,1,28,0,0,0,0,0,0,2,0,0,0,0,0,100,58.0,0,0.0,0,0,0,0,0,0,0,0,0.0,0.0,0.0,0.0,0,0,0,0,0,0,0,0,0,0,0,0,0,,28.0,,,,7.0,,3.0,2.0,,,,4.0,2.0,3.0,,,7.0,,4.0,,3.0,3.0,,2.0,,,1.0,,,1.0,11.0,1.0,,,3.0,,2.0,10.0,3.0,,,,,1.0,4.0,,,,1.0,,,,1.0,1.0,4.0,4.0,1.0,,1.0,2.0,,,,,,,,2.0,,,,2.0,,,,,,1.0,,,,,,,,,,,,,1.0,,,,,,,,,,,,,,,,,,,,,,,,0.0,,,1.0,,,,,,,,,,,
cpl::Football_Player::2a2dcc3d5b52458b87405d47509cd686,M. Zajac,Forge,Forward,2020,forward,4,237,0,0,3,0,1,0,4,6,5,2,2,0,33,80.0,4,1.52,0,0,0,0,0,0,0,0,0.0,0.0,0.0,0.0,0,0,0,0,0,0,0,0,0,0,0,0,0,,237.0,,,,57.0,,22.0,31.0,1.0,2.0,2.0,35.0,16.0,10.0,,,59.0,6.0,44.0,4.0,12.0,10.0,,11.0,,,13.0,4.0,,5.0,122.0,4.0,2.0,,39.0,17.0,10.0,10.0,17.0,3.0,5.0,,,3.0,48.0,1.0,,,4.0,,,,25.0,10.0,45.0,47.0,9.0,,31.0,14.0,,4.0,,,,,3.0,6.0,8.0,,,4.0,5.0,5.0,6.0,2.0,1.0,,2.0,3.0,2.0,1.0,,4.0,,,,1.0,4.0,,,,,,,,2.0,,1.0,,,,,,,,,,,,,,,,0.0,0.0,0.0,14.0,,,,,,,,,,,
cpl::Football_Player::06a7cbbdbcac4641ac0ddc55b4c05117,M. Dyer,Vancouver FC,Forward,2020,forward,6,272,1,0,8,0,2,0,3,10,12,2,0,0,66,81.0,2,0.66,0,0,0,0,0,0,0,0,0.0,0.0,0.0,0.0,0,0,0,0,0,0,0,0,0,0,0,0,0,,272.0,,,,69.0,2.0,14.0,43.0,,,4.0,37.0,15.0,10.0,,,72.0,10.0,51.0,2.0,14.0,18.0,3.0,15.0,,,10.0,3.0,,2.0,135.0,6.0,6.0,,40.0,22.0,12.0,10.0,27.0,7.0,12.0,,,4.0,46.0,2.0,,,6.0,,,,17.0,18.0,55.0,58.0,6.0,,19.0,23.0,,2.0,,,,,8.0,4.0,2.0,1.0,,3.0,3.0,1.0,2.0,1.0,,3.0,6.0,8.0,,,,3.0,,1.0,,4.0,3.0,,1.0,,,,,,2.0,,2.0,,1.0,,1.0,,1.0,,,,,,,,,,0.0,,,9.0,,,,,,,,,,,
cpl::Football_Player::48e58b3fa72f4f24ab03510e47ad2e6b,D. Fordyce,Valour,Forward,2020,forward,5,164,1,0,4,0,3,0,0,5,3,1,0,0,11,63.0,5,2.74,0,0,0,1,0,0,0,0,0.0,0.0,0.0,0.0,0,0,0,0,0,0,0,0,0,0,0,0,0,,164.0,,,,41.0,1.0,15.0,16.0,1.0,,4.0,21.0,11.0,12.0,1.0,,43.0,5.0,27.0,5.0,16.0,8.0,,14.0,,,3.0,2.0,,3.0,64.0,5.0,1.0,,12.0,11.0,5.0,10.0,8.0,,3.0,,,1.0,21.0,1.0,,,5.0,,,,5.0,9.0,25.0,27.0,9.0,,13.0,7.0,,2.0,,,,,2.0,2.0,3.0,,,,1.0,2.0,8.0,2.0,1.0,3.0,1.0,4.0,,,,1.0,,,,1.0,1.0,,1.0,,,,,,1.0,,3.0,1.0,1.0,1.0,1.0,,,,,,,,1.0,,,,0.0,,,1.0,,,,,,,,,,,
cpl::Football_Player::ba843603344f42e9b03b3fd297b2da9d,Álvaro Rivero,York,Forward,2020,forward,7,359,1,0,5,0,2,0,0,5,10,0,0,0,0,88.0,6,1.5,0,0,0,0,0,0,0,0,0.0,0.0,0.0,0.0,0,0,0,0,0,0,0,0,0,0,0,0,0,,359.0,,,,47.0,,27.0,32.0,,,,28.0,16.0,7.0,,,55.0,5.0,47.0,6.0,7.0,11.0,1.0,4.0,,,5.0,5.0,,3.0,103.0,7.0,2.0,,29.0,6.0,11.0,10.0,13.0,1.0,10.0,,,,33.0,1.0,,,7.0,,,,16.0,11.0,41.0,48.0,4.0,,20.0,13.0,,5.0,,,,,2.0,1.0,1.0,,,,,1.0,4.0,1.0,,2.0,3.0,5.0,1.0,,,,,,,3.0,,,2.0,,,,,,,,2.0,,1.0,,1.0,1.0,,,1.0,,,,,,,,0.0,,,11.0,,,,,,,,,,,
cpl::Football_Player::cd1e9f98817545a8904ffd9556963f44,A. Díaz,Vancouver FC,Forward,2020,forward,10,609,3,2,13,0,8,2,1,4,5,3,0,0,50,70.0,11,1.63,0,0,0,0,0,0,0,0,0.0,0.0,0.0,0.0,0,0,0,0,0,0,0,0,0,0,0,0,0,,609.0,,,1.0,156.0,6.0,54.0,82.0,,,8.0,90.0,39.0,44.0,4.0,,171.0,4.0,114.0,11.0,52.0,40.0,5.0,51.0,,,19.0,7.0,,7.0,260.0,10.0,1.0,,29.0,51.0,25.0,10.0,22.0,5.0,5.0,,,9.0,47.0,,,,10.0,,,,16.0,26.0,104.0,119.0,18.0,,25.0,13.0,,4.0,,,,,6.0,2.0,10.0,1.0,,1.0,4.0,6.0,9.0,1.0,,3.0,5.0,13.0,6.0,,,6.0,2.0,,2.0,4.0,6.0,,10.0,,,,2.0,2.0,3.0,,8.0,1.0,3.0,2.0,3.0,1.0,,,1.0,,,,,,,,2.0,,,12.0,,,,,,,,,,,
cpl::Football_Player::de9e3e4ab3ca41d7ac62dcd9bc72970a,H. Boakai,Edmonton,Forward,2020,forward,6,309,0,0,3,0,2,0,3,5,5,0,0,0,0,89.0,5,1.46,4,0,0,0,0,0,0,0,0.0,0.0,0.0,0.0,0,0,0,0,0,0,0,0,0,0,0,0,0,,309.0,,,,121.0,1.0,36.0,72.0,,,4.0,52.0,41.0,10.0,,,124.0,5.0,107.0,4.0,14.0,24.0,2.0,22.0,,,18.0,4.0,,1.0,206.0,6.0,4.0,,47.0,25.0,3.0,10.0,20.0,3.0,5.0,,,,50.0,1.0,,,6.0,,,,27.0,39.0,107.0,110.0,3.0,,30.0,20.0,1.0,3.0,,,,,9.0,6.0,9.0,,,3.0,1.0,8.0,3.0,3.0,,2.0,1.0,3.0,,1.0,,6.0,3.0,,2.0,5.0,9.0,,1.0,4.0,,3.0,,,,1.0,2.0,,,,,,,,,,,,,,,,0.0,,,13.0,,,,,,,,,,,
cpl::Football_Player::337fb1e9243f40eeacf44fe5123d4089,A. Novak,Forge,Forward,2020,forward,9,381,2,0,8,0,6,0,3,4,9,1,0,0,21,81.0,4,0.94,0,0,1,0,0,0,0,0,0.0,0.0,0.0,0.0,0,0,0,0,0,0,0,0,0,0,0,0,0,,381.0,,,,88.0,1.0,49.0,51.0,1.0,,1.0,47.0,29.0,18.0,1.0,,99.0,4.0,78.0,3.0,19.0,17.0,3.0,16.0,,,12.0,4.0,,3.0,166.0,9.0,2.0,,31.0,14.0,16.0,10.0,20.0,2.0,9.0,,,4.0,50.0,1.0,,,9.0,,,,15.0,19.0,69.0,80.0,19.0,,30.0,16.0,1.0,4.0,,,,,4.0,3.0,4.0,,,3.0,2.0,2.0,15.0,,,5.0,2.0,8.0,1.0,,,,,,,2.0,,,4.0,,,,,,1.0,,6.0,,2.0,1.0,2.0,1.0,,,1.0,,,,,,,,0.0,2.0,0.0,11.0,,,,,,,,,,,
cpl::Football_Player::a3da6283599541849144b5b108dbc67b,K. Porter,Ottawa Fury,Forward,2020,forward,6,372,1,1,3,0,2,1,2,4,4,1,0,0,37,86.0,4,0.97,11,0,0,0,0,0,0,0,0.0,0.0,0.0,0.0,0,0,0,0,0,0,0,0,0,0,0,0,0,,372.0,,,1.0,125.0,4.0,38.0,79.0,,,4.0,46.0,44.0,15.0,,,134.0,4.0,101.0,4.0,19.0,28.0,8.0,32.0,,,16.0,5.0,,2.0,199.0,6.0,2.0,,21.0,38.0,6.0,10.0,12.0,14.0,4.0,,,3.0,29.0,3.0,,,6.0,,,,12.0,30.0,108.0,115.0,8.0,,17.0,9.0,,4.0,,,,,2.0,4.0,4.0,,,2.0,3.0,1.0,5.0,2.0,3.0,1.0,1.0,3.0,,,,6.0,8.0,,2.0,,15.0,,2.0,11.0,,5.0,1.0,1.0,1.0,6.0,2.0,,1.0,1.0,1.0,1.0,,,,,,,,,,,0.0,,,7.0,,,,,,,,,,,
cpl::Football_Player::3a40cda943824387943792e6a62fee0f,R. Telfer,Wanderers,Forward,2020,forward,7,620,0,0,14,0,7,0,7,10,15,2,3,0,43,73.0,6,0.87,15,0,1,0,0,0,0,0,0.0,0.0,0.0,0.0,0,0,0,0,0,0,0,0,0,0,0,0,0,,620.0,,,,155.0,7.0,40.0,85.0,1.0,3.0,7.0,107.0,45.0,38.0,,,162.0,10.0,115.0,5.0,45.0,47.0,12.0,70.0,,,28.0,7.0,,5.0,317.0,7.0,9.0,,67.0,50.0,15.0,10.0,48.0,2.0,15.0,,,10.0,90.0,3.0,,,7.0,,,,29.0,25.0,112.0,117.0,23.0,2.0,42.0,38.0,1.0,1.0,,,,,14.0,9.0,10.0,,,7.0,6.0,4.0,13.0,2.0,,,7.0,14.0,5.0,,,15.0,13.0,,3.0,7.0,30.0,,1.0,15.0,,7.0,,,2.0,8.0,7.0,4.0,,,,1.0,,,,,,,,,,,0.0,,,14.0,,,,,,,,,,,
cpl::Football_Player::df0de20d12274b3d9549323a3547572b,J. Heard,Pacific,Forward,2020,forward,5,218,1,1,5,0,1,1,1,8,9,0,1,0,25,72.0,4,1.65,7,0,1,0,0,0,0,0,0.0,0.0,0.0,0.0,0,0,0,0,0,0,0,0,0,0,0,0,0,,218.0,1.0,,,45.0,6.0,21.0,22.0,1.0,1.0,1.0,39.0,13.0,12.0,1.0,,46.0,8.0,31.0,4.0,13.0,11.0,1.0,21.0,,,2.0,2.0,,2.0,102.0,5.0,6.0,,26.0,10.0,15.0,10.0,13.0,2.0,9.0,,,2.0,34.0,1.0,,,5.0,,,,15.0,4.0,32.0,33.0,8.0,,21.0,11.0,,2.0,,,,,2.0,1.0,6.0,,,1.0,1.0,1.0,6.0,,2.0,3.0,4.0,5.0,2.0,,,4.0,2.0,,1.0,2.0,10.0,,,7.0,,6.0,1.0,1.0,,1.0,1.0,,1.0,1.0,1.0,,,,,,,,,,,,0.0,,,6.0,,,,,,,,,,,
cpl::Football_Player::04cd976c461148d79ab8cafc0bf69c62,D. Choinière,Forge,Forward,2020,forward,11,598,1,1,4,0,3,1,5,6,14,4,0,0,50,81.0,6,0.9,0,0,0,0,0,0,0,0,0.0,0.0,0.0,0.0,0,0,0,0,0,0,0,0,0,0,0,0,0,,598.0,,,,171.0,8.0,66.0,112.0,3.0,,8.0,89.0,34.0,26.0,2.0,,172.0,6.0,131.0,5.0,34.0,30.0,4.0,40.0,,,31.0,6.0,,5.0,303.0,11.0,4.0,,72.0,32.0,31.0,10.0,33.0,7.0,14.0,,,1.0,74.0,3.0,,,11.0,,,,40.0,44.0,137.0,138.0,2.0,,41.0,32.0,1.0,5.0,,,,,11.0,7.0,16.0,,,5.0,3.0,6.0,1.0,2.0,,5.0,1.0,4.0,6.0,,,11.0,8.0,,8.0,11.0,11.0,,3.0,,,,1.0,1.0,4.0,,3.0,,1.0,,1.0,,,,1.0,,,,,,,,0.0,0.0,1.0,25.0,,,,,,,,,,,
cpl::Football_Player::0e88e595803f478f818bcdc64bd36b6d,M. Kourouma,Wanderers,Forward,2020,forward,7,617,1,0,11,0,6,0,7,12,12,0,1,0,21,78.0,11,1.6,18,0,2,0,0,0,0,0,0.0,0.0,0.0,0.0,0,0,0,0,0,0,0,0,0,0,0,0,0,,617.0,,,,233.0,6.0,67.0,126.0,6.0,1.0,11.0,111.0,64.0,43.0,2.0,,239.0,12.0,179.0,9.0,54.0,20.0,6.0,70.0,,,40.0,7.0,,11.0,384.0,7.0,6.0,,67.0,77.0,10.0,10.0,39.0,6.0,12.0,,,3.0,81.0,1.0,,,7.0,,,,31.0,75.0,180.0,185.0,14.0,2.0,42.0,36.0,2.0,1.0,,,,,11.0,14.0,19.0,2.0,,7.0,3.0,7.0,11.0,7.0,11.0,,5.0,11.0,3.0,,,13.0,5.0,1.0,,7.0,27.0,,6.0,18.0,,12.0,,,,4.0,6.0,4.0,1.0,,1.0,,,,1.0,,,,,,,,0.0,,,15.0,,,,,,,,,,,
cpl::Football_Player::3a8819a7f06c45a38e951d42d8743025,M. Shaw,Cavalry,Forward,2020,forward,7,595,2,1,12,0,6,1,3,17,19,5,0,0,37,81.0,10,1.51,0,0,0,0,0,0,0,0,0.0,0.0,0.0,0.0,0,0,0,0,0,0,0,0,0,0,0,0,0,,595.0,,,,108.0,7.0,50.0,64.0,1.0,,2.0,74.0,38.0,22.0,1.0,,125.0,17.0,100.0,8.0,24.0,32.0,2.0,24.0,,,10.0,7.0,,1.0,252.0,7.0,5.0,,63.0,16.0,29.0,10.0,39.0,1.0,19.0,,,17.0,108.0,7.0,,,7.0,,,,41.0,27.0,84.0,101.0,45.0,1.0,69.0,22.0,2.0,2.0,,,,,2.0,3.0,5.0,,,3.0,1.0,4.0,28.0,,,,6.0,12.0,5.0,2.0,,1.0,1.0,,1.0,7.0,1.0,,4.0,,,,1.0,1.0,5.0,,6.0,1.0,2.0,2.0,1.0,,,1.0,,,,,,,,,0.0,,,23.0,,,,,,,,,,,
cpl::Football_Player::5113470034d346478fcfd237037f2971,I. Halley,York,Forward,2020,forward,4,157,0,0,2,0,2,0,1,5,7,2,0,0,75,75.0,2,1.15,0,0,0,0,0,0,0,0,0.0,0.0,0.0,0.0,0,0,0,0,0,0,0,0,0,0,0,0,0,,157.0,,,,39.0,4.0,10.0,24.0,,,,33.0,7.0,10.0,,,40.0,5.0,29.0,2.0,10.0,10.0,3.0,11.0,,,7.0,2.0,,1.0,83.0,4.0,1.0,,27.0,7.0,7.0,10.0,14.0,1.0,7.0,,,3.0,31.0,1.0,,,4.0,,,,16.0,13.0,29.0,30.0,4.0,,17.0,11.0,,2.0,,,,,2.0,2.0,4.0,,,1.0,,1.0,1.0,1.0,1.0,2.0,,2.0,,,,2.0,1.0,,1.0,9.0,2.0,,1.0,,,,,,2.0,,2.0,,,,,,,,,,,,,,,,0.0,,,10.0,,,,,,,,,,,
cpl::Football_Player::1ece129a4fee46d18322a9312200459f,A. Ricci,Vancouver FC,Forward,2020,forward,6,365,0,0,8,0,5,0,5,9,9,1,3,0,0,59.0,4,0.99,0,0,0,0,0,0,0,0,0.0,0.0,0.0,0.0,0,0,0,0,0,0,0,0,0,0,0,0,0,,365.0,,,,49.0,6.0,9.0,27.0,,3.0,,52.0,6.0,22.0,,,53.0,9.0,29.0,3.0,22.0,16.0,3.0,23.0,,,8.0,4.0,,2.0,126.0,6.0,8.0,,44.0,17.0,29.0,10.0,20.0,2.0,9.0,,,,50.0,,,,6.0,,,,24.0,11.0,27.0,31.0,6.0,,30.0,20.0,1.0,3.0,,,,,5.0,6.0,3.0,,,5.0,,3.0,6.0,1.0,,2.0,3.0,8.0,1.0,1.0,,3.0,2.0,,2.0,8.0,3.0,,3.0,,,,,,1.0,,5.0,,,,,,,,,2.0,,,,,,,0.0,,,12.0,,,,,,,,,,,
cpl::Football_Player::9577790c0cf54495843d303127992c4d,S. Hundal,Valour,Forward,2020,forward,6,232,0,2,4,0,4,2,0,7,0,3,1,0,0,77.0,4,1.55,0,0,0,0,0,0,0,0,0.0,0.0,0.0,0.0,0,0,0,0,0,0,0,0,0,0,0,0,0,,232.0,,,,29.0,2.0,18.0,12.0,,1.0,2.0,27.0,14.0,6.0,1.0,,34.0,7.0,25.0,4.0,8.0,5.0,2.0,10.0,,,7.0,2.0,,,66.0,6.0,5.0,,19.0,6.0,8.0,10.0,4.0,1.0,,,,,29.0,,,,6.0,,,,15.0,5.0,21.0,26.0,10.0,,25.0,4.0,,1.0,,,,,3.0,1.0,3.0,,,,1.0,1.0,10.0,1.0,,4.0,,4.0,,1.0,,2.0,,,,2.0,2.0,,1.0,,,,1.0,2.0,3.0,,4.0,,,,,,,,,,,,,,,,0.0,,,6.0,,,,,,,,,,,
cpl::Football_Player::b65c33938a67445fa2637462ffcf71e2,P. Sabak,Forge,Forward,2020,forward,11,752,2,2,11,0,3,2,4,14,21,1,1,0,33,78.0,6,0.72,6,0,0,2,2,0,0,0,0.0,0.0,0.0,0.0,0,0,0,0,0,0,0,0,0,0,0,0,0,,752.0,,,2.0,326.0,6.0,57.0,163.0,8.0,1.0,19.0,107.0,97.0,58.0,1.0,,336.0,14.0,241.0,5.0,77.0,78.0,10.0,68.0,,,49.0,8.0,,17.0,449.0,11.0,6.0,,78.0,134.0,18.0,10.0,44.0,18.0,21.0,,,3.0,87.0,4.0,,,11.0,,,,37.0,67.0,250.0,259.0,9.0,1.0,43.0,41.0,1.0,6.0,,,,,13.0,8.0,18.0,1.0,,4.0,6.0,10.0,6.0,4.0,1.0,3.0,8.0,11.0,2.0,1.0,,7.0,1.0,,,6.0,8.0,1.0,4.0,6.0,,1.0,,2.0,1.0,1.0,3.0,1.0,2.0,2.0,2.0,,,,,,,,2.0,2.0,,,0.0,0.0,2.0,12.0,,,,,,,,,,,
cpl::Football_Player::636928fc1d194bd798a9ac73f086a9ba,S. Antwi,Valour,Forward,2020,forward,4,80,0,0,1,0,0,0,3,3,1,0,0,0,0,75.0,0,0.0,0,0,0,0,0,0,0,0,0.0,0.0,0.0,0.0,0,0,0,0,0,0,0,0,0,0,0,0,0,,80.0,,,,24.0,,11.0,11.0,,,,16.0,7.0,6.0,,,24.0,3.0,18.0,,6.0,9.0,,5.0,,,5.0,1.0,,1.0,44.0,4.0,2.0,,17.0,3.0,5.0,10.0,5.0,,1.0,,,,18.0,,,,4.0,,,,12.0,1.0,18.0,18.0,1.0,,13.0,5.0,,1.0,,,,,,4.0,2.0,,,3.0,1.0,1.0,1.0,1.0,,3.0,1.0,1.0,,,,,,,,2.0,,,,,,,,,,,,,,,,,,,,,,,,,,,0.0,,,4.0,,,,,,,,,,,
cpl::Football_Player::52ee822ec2ea43bc844f27d96e16334b,Víctor Blasco,Pacific,Forward,2020,forward,10,644,2,2,11,0,3,2,11,12,14,3,2,0,30,75.0,7,0.98,23,0,0,0,0,0,0,0,0.0,0.0,0.0,0.0,0,0,0,0,0,0,0,0,0,0,0,0,0,,644.0,,,1.0,233.0,10.0,70.0,136.0,1.0,2.0,8.0,147.0,56.0,53.0,4.0,,242.0,12.0,175.0,7.0,61.0,114.0,13.0,87.0,,,46.0,8.0,,4.0,441.0,10.0,8.0,,94.0,44.0,31.0,10.0,60.0,6.0,14.0,,,4.0,107.0,3.0,,,10.0,,,,38.0,14.0,175.0,181.0,13.0,1.0,47.0,56.0,,5.0,,,,,26.0,16.0,16.0,,,11.0,4.0,4.0,9.0,5.0,4.0,2.0,8.0,11.0,7.0,,,12.0,11.0,,3.0,10.0,30.0,,6.0,23.0,,12.0,2.0,2.0,3.0,8.0,3.0,2.0,2.0,2.0,2.0,,,,,,,,,,,,0.0,,,21.0,,,,,,,,,,,
cpl::Football_Player::54bd7a3f34314464b660277f9eadf394,Gabriel Vasconcelos,York,Forward,2020,forward,2,87,0,0,1,0,0,0,0,1,0,1,0,0,0,79.0,3,3.1,0,0,0,0,0,0,0,0,0.0,0.0,0.0,0.0,0,0,0,0,0,0,0,0,0,0,0,0,0,,87.0,,,,18.0,,6.0,11.0,,,,8.0,4.0,4.0,,,19.0,1.0,15.0,2.0,4.0,3.0,,4.0,,,2.0,1.0,,,28.0,2.0,,,4.0,8.0,2.0,10.0,1.0,,,,,,4.0,,,,2.0,,,,3.0,2.0,14.0,15.0,,,3.0,1.0,1.0,1.0,,,,,,1.0,,,,,,,,1.0,,1.0,1.0,1.0,,,,,,,,1.0,,,,,,,,,1.0,,,,,,,,,,,,,,,,,,0.0,,,2.0,,,,,,,,,,,
cpl::Football_Player::4feb899db58341fb9d242a518bac60ad,K. Thomas,Forge,Forward,2020,forward,9,283,0,1,3,0,1,1,11,11,7,3,1,0,20,74.0,2,0.64,0,0,0,0,0,0,0,0,0.0,0.0,0.0,0.0,0,0,0,0,0,0,0,0,0,0,0,0,0,,283.0,,,,64.0,2.0,15.0,34.0,,1.0,,56.0,13.0,17.0,1.0,,64.0,11.0,46.0,2.0,17.0,15.0,2.0,22.0,,,27.0,1.0,,5.0,151.0,9.0,9.0,,69.0,17.0,14.0,10.0,32.0,1.0,7.0,,,1.0,74.0,,,,9.0,,,,38.0,17.0,47.0,47.0,5.0,,42.0,31.0,,2.0,,,,,6.0,18.0,11.0,,,11.0,3.0,6.0,4.0,7.0,,8.0,2.0,3.0,1.0,,,10.0,,,,10.0,10.0,,,,,,1.0,1.0,3.0,,1.0,,,,,,,,,,,,,,,,0.0,0.0,0.0,18.0,,,,,,,,,,,
cpl::Football_Player::5cfbd430bf3149adb654cadb7f68b7c2,L. Wright,TSS Rovers,Forward,2020,forward,4,128,1,0,3,0,1,0,2,2,0,0,0,0,25,58.0,0,0.0,0,0,0,0,0,0,0,0,0.0,0.0,0.0,0.0,0,0,0,0,0,0,0,0,0,0,0,0,0,,128.0,,,,19.0,1.0,3.0,11.0,,,,17.0,,8.0,,,19.0,2.0,11.0,,8.0,8.0,,8.0,,,1.0,1.0,,,38.0,4.0,1.0,,10.0,3.0,7.0,10.0,4.0,,,,,1.0,14.0,2.0,,,4.0,,,,7.0,5.0,11.0,11.0,4.0,,10.0,3.0,,1.0,,,,,,3.0,1.0,,,2.0,,1.0,3.0,1.0,,3.0,2.0,3.0,,,,,,,,3.0,,,,,,,,,,,1.0,,1.0,1.0,1.0,1.0,,,,,,,,,,,0.0,,,5.0,,,,,,,,,,,
cpl::Football_Player::4a3790eed104423781b21001cbce69e9,A. García,Wanderers,Forward,2020,forward,10,758,6,0,19,0,11,0,0,17,24,13,0,0,28,81.0,10,1.19,0,0,0,2,2,0,0,0,0.0,0.0,0.0,0.0,0,0,0,0,0,0,0,0,0,0,0,0,0,,758.0,,,,123.0,3.0,52.0,76.0,,,2.0,74.0,38.0,25.0,2.0,,141.0,17.0,113.0,7.0,27.0,28.0,6.0,23.0,,,17.0,8.0,,5.0,258.0,10.0,8.0,,68.0,28.0,37.0,10.0,41.0,1.0,24.0,,,4.0,82.0,1.0,,,10.0,,,,31.0,33.0,96.0,114.0,14.0,1.0,41.0,37.0,3.0,5.0,,,,,8.0,5.0,3.0,1.0,,,,1.0,10.0,5.0,1.0,2.0,8.0,19.0,1.0,2.0,1.0,1.0,,,,8.0,1.0,1.0,5.0,,,,,,13.0,,11.0,,6.0,6.0,5.0,1.0,,1.0,,2.0,,,2.0,2.0,,,1.0,3.0,3.0,15.0,,,,,,,,,,,
cpl::Football_Player::96d163c606db462b80071516a2d4772b,J. Altobelli,York,Forward,2020,forward,0,0,0,0,0,0,0,0,0,0,0,0,0,0,0,,0,,0,0,0,0,0,0,0,0,0.0,0.0,0.0,0.0,0,0,0,0,0,0,0,0,0,0,0,0,0,,,,,,,,,,,,,,,,,,,,,,,,,,,,,,,,,,,,,,,,,,,,,,,,,,,,,,,,,,,,,,,,,,,,,,,,,,,,,,,,,,,,,,,,,,,,,,,,,,,,,,,,,,,,,,,,,,,,,,,,,,,,,,,,,,
cpl::Football_Player::fba3134832e445b5824410919421b981,M. Petrasso,Montréal,Forward,2020,forward,3,130,0,0,5,0,1,0,0,1,3,0,0,0,25,85.0,1,0.69,0,0,0,0,0,0,0,0,0.0,0.0,0.0,0.0,0,0,0,0,0,0,0,0,0,0,0,0,0,,130.0,,,,18.0,2.0,10.0,10.0,,,1.0,15.0,6.0,2.0,,,19.0,1.0,16.0,1.0,3.0,2.0,,6.0,,,3.0,2.0,,1.0,42.0,3.0,,,6.0,4.0,4.0,10.0,4.0,,3.0,,,1.0,10.0,2.0,,,3.0,,,,3.0,3.0,15.0,16.0,4.0,,6.0,3.0,,2.0,,,,,,,2.0,1.0,,,,1.0,3.0,,,1.0,4.0,5.0,,,,4.0,,,,1.0,4.0,,,,,,,,,,1.0,,,,,,,,,,,,,,,,0.0,,,3.0,,,,,,,,,,,
cpl::Football_Player::23c92ceb8bee415a886f16e93c507c65,M. Carducci,Cavalry,Goalkeeper,2021,goalkeeper,25,2280,0,0,0,0,0,0,0,1,3,0,1,0,100,66.0,31,1.22,0,0,0,0,0,0,0,0,0.0,0.0,0.0,0.0,0,0,0,0,0,0,0,0,0,0,0,0,0,57.0,2280.0,209.0,1.0,38.0,468.0,,,86.0,103.0,1.0,237.0,248.0,380.0,5.0,4.0,3.0,708.0,1.0,321.0,28.0,242.0,126.0,,189.0,,1.0,214.0,25.0,2.0,53.0,909.0,25.0,1.0,11.0,6.0,450.0,,10.0,7.0,145.0,3.0,16.0,13.0,4.0,10.0,17.0,39.0,4.0,25.0,,2.0,66.0,3.0,132.0,330.0,466.0,4.0,7.0,3.0,3.0,3.0,,,,,1.0,1.0,1.0,,,,,,,,1.0,,,,,,,,,,,,,,,,,,,,,,,,,,,,,,,,,,,,,,,0.0,0.0,0.0,,,,,,,,,,,,
cpl::Football_Player::1eb98b2bea804d4d8d782dc585fc4124,T. Farago,Valour,Goalkeeper,2021,goalkeeper,4,360,0,0,0,0,0,0,0,0,1,0,0,0,0,62.0,1,0.25,0,0,0,0,0,0,0,0,0.0,0.0,0.0,0.0,0,0,0,0,0,0,0,0,0,0,0,0,0,8.0,360.0,43.0,,3.0,59.0,,,12.0,12.0,,42.0,45.0,56.0,1.0,,,111.0,,50.0,1.0,43.0,13.0,,32.0,,1.0,36.0,4.0,1.0,11.0,154.0,4.0,,2.0,1.0,70.0,,10.0,1.0,18.0,1.0,5.0,4.0,,1.0,2.0,3.0,,4.0,,,13.0,,28.0,39.0,68.0,,3.0,,1.0,,,,,,,,,,,,,,,,,,,,,,,,,,,,,,,,,,,,,,,,,,,,,,,,,,,,,,,0.0,0.0,0.0,,,,,,,,,,,,
cpl::Football_Player::f7b3dd095e88450ca085f9cf8a12f3b0,K. Baskett,Wanderers,Goalkeeper,2021,goalkeeper,10,900,0,0,0,0,0,0,0,0,3,0,2,0,100,64.0,11,1.1,0,0,0,0,0,0,0,0,0.0,0.0,0.0,0.0,0,0,0,0,0,0,0,0,0,0,0,0,0,26.0,900.0,113.0,,7.0,97.0,1.0,,23.0,28.0,2.0,79.0,90.0,127.0,7.0,,2.0,236.0,,110.0,8.0,86.0,47.0,,65.0,1.0,1.0,79.0,10.0,1.0,21.0,330.0,10.0,,5.0,2.0,146.0,,10.0,7.0,40.0,3.0,12.0,8.0,5.0,7.0,4.0,14.0,1.0,10.0,1.0,1.0,37.0,,43.0,70.0,150.0,5.0,4.0,,2.0,3.0,,,,,,,,,,,,,,,,,,,,,,,,,,,,,,,,,,,,,,,,,,,,,,,,,,,,,,0.0,0.0,0.0,,,,,,,,,,,,
cpl::Football_Player::d3eccdc138364416ab9dd2b141d41e76,J. Holliday,Cavalry,Goalkeeper,2021,goalkeeper,0,0,0,0,0,0,0,0,0,0,0,0,0,0,0,,0,,0,0,0,0,0,0,0,0,0.0,0.0,0.0,0.0,0,0,0,0,0,0,0,0,0,0,0,0,0,,,,,,,,,,,,,,,,,,,,,,,,,,,,,,,,,,,,,,,,,,,,,,,,,,,,,,,,,,,,,,,,,,,,,,,,,,,,,,,,,,,,,,,,,,,,,,,,,,,,,,,,,,,,,,,,,,,,,,,,,,,,,,,,,,
cpl::Football_Player::72e65d5165df41d198c80f48acb6e327,D. Murasiranwa,Valour,Goalkeeper,2021,goalkeeper,5,431,0,0,0,0,0,0,0,1,0,0,0,0,100,47.0,5,1.04,0,0,0,0,0,0,0,0,0.0,0.0,0.0,0.0,0,0,0,0,0,0,0,0,0,0,0,0,0,14.0,431.0,44.0,1.0,4.0,35.0,,,10.0,14.0,,44.0,46.0,29.0,,1.0,3.0,83.0,1.0,21.0,4.0,44.0,8.0,,31.0,,2.0,41.0,5.0,,13.0,143.0,5.0,,4.0,4.0,65.0,,10.0,4.0,18.0,,2.0,6.0,2.0,6.0,8.0,12.0,1.0,5.0,,,23.0,2.0,10.0,22.0,39.0,2.0,1.0,2.0,2.0,1.0,1.0,,,,,,,,,,,,,,,,,,,,,,,,,,,,,,,,,,,,,,,,,,,,,,,,,,,,,0.0,0.0,0.0,,,,,,,,,,,,
cpl::Football_Player::7c054612559b45f2a7ef690616b61862,T. Henry,Forge,Goalkeeper,2021,goalkeeper,24,2160,0,0,0,0,0,0,0,1,11,0,5,0,90,80.0,22,0.92,0,0,0,0,0,0,0,0,0.0,0.0,0.0,0.0,0,0,0,0,0,0,0,0,0,0,0,0,0,55.0,2160.0,288.0,,12.0,261.0,1.0,,29.0,41.0,5.0,104.0,113.0,387.0,3.0,1.0,6.0,523.0,1.0,354.0,19.0,107.0,128.0,,79.0,,6.0,234.0,24.0,2.0,28.0,788.0,24.0,,17.0,10.0,225.0,,10.0,18.0,62.0,11.0,29.0,19.0,9.0,20.0,16.0,26.0,2.0,24.0,,,32.0,1.0,170.0,218.0,416.0,10.0,8.0,2.0,9.0,3.0,,,,1.0,,,,,1.0,,,1.0,,1.0,,,,,,,,,,,,,,,,,,,,,,,,,,,,,,,,,,,,,,,,0.0,,,,,,,,,,,,,,
cpl::Football_Player::c838c44902a6469485723a328e0d5531,M. Silva,York,Goalkeeper,2021,goalkeeper,4,360,0,0,0,0,0,0,0,0,2,0,0,0,100,66.0,5,1.25,0,0,0,0,0,0,0,0,0.0,0.0,0.0,0.0,0,0,0,0,0,0,0,0,0,0,0,0,0,14.0,360.0,49.0,,2.0,68.0,,,8.0,17.0,,42.0,44.0,71.0,,,,121.0,,57.0,4.0,42.0,31.0,,29.0,,,32.0,4.0,1.0,13.0,163.0,4.0,,2.0,2.0,62.0,,10.0,3.0,22.0,2.0,5.0,5.0,1.0,3.0,,9.0,,4.0,,1.0,15.0,,28.0,44.0,79.0,1.0,1.0,,2.0,1.0,,,,1.0,,,,,,,,,,,,,,,,,,,,,,,,,,,,,,,,,,,,,,,,,,,,,,,,,,0.0,0.0,0.0,,,,,,,,,,,,
cpl::Football_Player::364352c812a14e868234e4883c9bd4e0,N. Ingham,Atlético,Goalkeeper,2021,goalkeeper,22,1900,0,0,0,0,0,0,1,0,3,0,0,0,100,66.0,27,1.28,0,0,0,0,0,0,0,0,0.0,0.0,0.0,0.0,0,0,0,0,0,0,0,0,0,0,0,0,0,74.0,1900.0,240.0,,19.0,269.0,,,65.0,77.0,,194.0,207.0,311.0,4.0,3.0,7.0,574.0,,262.0,25.0,198.0,79.0,1.0,145.0,2.0,4.0,196.0,22.0,2.0,53.0,810.0,22.0,,4.0,4.0,377.0,,10.0,9.0,114.0,3.0,21.0,21.0,5.0,9.0,15.0,52.0,6.0,22.0,2.0,3.0,70.0,,118.0,189.0,376.0,5.0,5.0,,4.0,2.0,2.0,,,,,,1.0,,,,1.0,1.0,,,,,,,,,,,,,,,,,,,,,,,,,,,,,,,,,,,,,,,,,,0.0,,,,,,,,,,,,,,
cpl::Football_Player::ed6b655ed6bb4c7baedb0fe8fc42495d,C. Irving,Vancouver FC,Goalkeeper,2021,goalkeeper,27,2446,0,0,0,0,0,0,2,1,3,0,0,1,90,71.0,29,1.07,0,0,0,0,0,0,0,0,0.0,0.0,0.0,0.0,0,0,0,0,0,0,0,0,0,0,0,0,0,71.0,2446.0,250.0,,31.0,531.0,,,75.0,77.0,,234.0,245.0,510.0,5.0,4.0,10.0,824.0,1.0,397.0,25.0,239.0,172.0,,188.0,,2.0,234.0,27.0,4.0,51.0,1082.0,27.0,,19.0,4.0,411.0,,10.0,13.0,188.0,3.0,24.0,16.0,9.0,14.0,27.0,47.0,4.0,27.0,,3.0,65.0,,241.0,412.0,585.0,10.0,8.0,1.0,4.0,4.0,,1.0,1.0,,,,2.0,,1.0,,2.0,,,1.0,,,,,,,,,,,,,,,,,,,,,,,,,,,,,,,,,,,,,,,,0.0,0.0,0.0,,,,,,,,,,,,
cpl::Football_Player::f93dee067b364c69b3a231cfb723817f,B. Maan,Valour,Goalkeeper,2021,goalkeeper,6,540,0,0,0,0,0,0,0,1,1,0,1,0,100,82.0,4,0.67,0,0,0,0,0,0,0,0,0.0,0.0,0.0,0.0,0,0,0,0,0,0,0,0,0,0,0,0,0,11.0,540.0,69.0,,5.0,74.0,,,5.0,13.0,1.0,20.0,22.0,95.0,2.0,,1.0,122.0,1.0,81.0,3.0,22.0,32.0,,15.0,,1.0,51.0,6.0,1.0,7.0,181.0,6.0,,3.0,2.0,55.0,,10.0,2.0,19.0,1.0,2.0,4.0,1.0,3.0,4.0,9.0,,6.0,,,2.0,1.0,35.0,57.0,100.0,1.0,3.0,1.0,1.0,1.0,,,,1.0,,,,1.0,1.0,,,1.0,1.0,,,,,,,,,,,,,,,,,,,,,,,,,,,,,,,,,,,,,,,,,0.0,,,,,,,,,,,,,,
cpl::Football_Player::655a241e039a4965b7f38990c3f8d981,E. Himaras,Valour,Goalkeeper,2021,goalkeeper,0,0,0,0,0,0,0,0,0,0,0,0,0,0,0,,0,,0,0,0,0,0,0,0,0,0.0,0.0,0.0,0.0,0,0,0,0,0,0,0,0,0,0,0,0,0,,,,,,,,,,,,,,,,,,,,,,,,,,,,,,,,,,,,,,,,,,,,,,,,,,,,,,,,,,,,,,,,,,,,,,,,,,,,,,,,,,,,,,,,,,,,,,,,,,,,,,,,,,,,,,,,,,,,,,,,,,,,,,,,,,
cpl::Football_Player::2780a63e2bc74d368e239e9e42851d4c,J. Sirois,Montréal,Goalkeeper,2021,goalkeeper,24,2160,0,0,0,0,0,0,0,0,7,0,1,0,78,75.0,31,1.29,0,0,0,0,0,0,0,0,0.0,0.0,0.0,0.0,0,0,0,0,0,0,0,0,0,0,0,0,0,94.0,2160.0,315.0,,14.0,377.0,,,33.0,54.0,1.0,161.0,173.0,451.0,8.0,1.0,11.0,653.0,,392.0,28.0,169.0,171.0,,115.0,2.0,3.0,226.0,24.0,1.0,54.0,964.0,24.0,,20.0,6.0,337.0,,10.0,17.0,92.0,7.0,45.0,27.0,11.0,20.0,15.0,49.0,3.0,24.0,2.0,5.0,64.0,,145.0,301.0,484.0,14.0,9.0,3.0,6.0,3.0,,,,2.0,,,2.0,1.0,,,,1.0,1.0,3.0,2.0,,,,,,,,,,,,,,,,,,,,,,,,,,,,,,,,,,,,,,,0.0,0.0,0.0,,,,,,,,,,,,
cpl::Football_Player::0a71cc5786ac4cb6a42caa6d849c2129,C. Kalongo,Forge,Goalkeeper,2021,goalkeeper,0,0,0,0,0,0,0,0,0,0,0,0,0,0,0,,0,,0,0,0,0,0,0,0,0,0.0,0.0,0.0,0.0,0,0,0,0,0,0,0,0,0,0,0,0,0,,,,,,,,,,,,,,,,,,,,,,,,,,,,,,,,,,,,,,,,,,,,,,,,,,,,,,,,,,,,,,,,,,,,,,,,,,,,,,,,,,,,,,,,,,,,,,,,,,,,,,,,,,,,,,,,,,,,,,,,,,,,,,,,,,
cpl::Football_Player::16b384ec036b4bccb9be3e98bf2b8088,M. Village,Pacific,Goalkeeper,2021,goalkeeper,0,0,0,0,0,0,0,0,0,0,0,0,0,0,0,,0,,0,0,0,0,0,0,0,0,0.0,0.0,0.0,0.0,0,0,0,0,0,0,0,0,0,0,0,0,0,,,,,,,,,,,,,,,,,,,,,,,,,,,,,,,,,,,,,,,,,,,,,,,,,,,,,,,,,,,,,,,,,,,,,,,,,,,,,,,,,,,,,,,,,,,,,,,,,,,,,,,,,,,,,,,,,,,,,,,,,,,,,,,,,,
cpl::Football_Player::7517829ba9bc4c5f89f19a60bcaa4cc8,D. Powley,Edmonton,Goalkeeper,2021,goalkeeper,26,2340,0,0,0,0,0,0,0,1,2,0,1,0,91,63.0,43,1.65,0,0,0,0,0,0,0,0,0.0,0.0,0.0,0.0,0,0,0,0,0,0,0,0,0,0,0,0,0,93.0,2340.0,298.0,1.0,34.0,440.0,,,87.0,95.0,1.0,301.0,316.0,429.0,8.0,10.0,7.0,825.0,1.0,309.0,42.0,309.0,166.0,,209.0,1.0,3.0,267.0,26.0,2.0,100.0,1138.0,26.0,1.0,22.0,4.0,514.0,,10.0,13.0,207.0,2.0,37.0,14.0,11.0,16.0,20.0,55.0,11.0,26.0,1.0,5.0,98.0,2.0,145.0,307.0,516.0,12.0,3.0,3.0,2.0,1.0,,,,,,,,3.0,,,,2.0,1.0,1.0,,,,,,,,,,,,,,,,,,,,,,,,,,,,,1.0,,,,,,,,,,,0.0,0.0,0.0,,,,,,,,,,,,
cpl::Football_Player::d7a3107cbc0c426399a5c65c18e39d14,N. Giantsopoulos,Vancouver FC,Goalkeeper,2021,goalkeeper,9,710,0,0,0,0,0,0,0,0,1,0,3,0,100,75.0,15,1.9,0,0,0,0,0,0,0,0,0.0,0.0,0.0,0.0,0,0,0,0,0,0,0,0,0,0,0,0,0,31.0,710.0,113.0,,5.0,79.0,,,14.0,16.0,3.0,45.0,49.0,121.0,2.0,,8.0,182.0,,108.0,13.0,47.0,43.0,,37.0,,2.0,69.0,7.0,,10.0,288.0,9.0,,5.0,1.0,98.0,,10.0,5.0,27.0,1.0,12.0,8.0,5.0,6.0,12.0,17.0,,9.0,,1.0,21.0,1.0,41.0,63.0,135.0,5.0,,1.0,,2.0,,,,,,,,,,,,,,,,,2.0,,,,,,,,,,,,,,,,,,,,,,,,,,,,,,,,,,,,,0.0,,,1.0,,,,,,,,,,,
cpl::Football_Player::0665c6ea0ce84bd49b9ebba2cf80c8e2,N. Wirth,Pacific,Goalkeeper,2021,goalkeeper,3,193,0,0,0,0,0,0,0,0,0,0,0,0,0,80.0,4,1.87,0,0,0,0,0,0,0,0,0.0,0.0,0.0,0.0,0,0,0,0,0,0,0,0,0,0,0,0,0,3.0,193.0,18.0,,1.0,26.0,,,5.0,3.0,,7.0,8.0,27.0,1.0,,,40.0,,25.0,3.0,8.0,12.0,,5.0,,,13.0,2.0,,3.0,55.0,3.0,,2.0,1.0,17.0,,10.0,,7.0,,,,,1.0,1.0,3.0,,3.0,,,,1.0,11.0,20.0,32.0,,,1.0,,1.0,,,,,,,,,,,,,,,,,1.0,,,,,,,,,,,,,,,,,,,,,,,,,,,,,,,,,,,,,0.0,0.0,0.0,,,,,,,,,,,,
cpl::Football_Player::f2d1b3fafee545dc870861f57e84af06,I. Boehmer,Whitecaps,Goalkeeper,2021,goalkeeper,1,90,0,0,0,0,0,0,0,0,0,0,0,0,0,87.0,2,2.0,0,0,0,0,0,0,0,0,0.0,0.0,0.0,0.0,0,0,0,0,0,0,0,0,0,0,0,0,0,2.0,90.0,13.0,,,10.0,,,1.0,2.0,,2.0,2.0,12.0,,,,15.0,,11.0,2.0,2.0,3.0,,1.0,,,10.0,1.0,,1.0,25.0,1.0,,,,5.0,,10.0,,2.0,,2.0,1.0,,,,,,1.0,,,,,7.0,8.0,13.0,,,,,,,,,,,,,1.0,,,,,,,,,,,,,,,,,,,,,,,,,,,,,,,,,,,,,,,,,,,,,,0.0,0.0,0.0,,,,,,,,,,,,
cpl::Football_Player::fbb6f03bfc41445c8f91b34b2f4658e7,T.Obadal,Atlético,Goalkeeper,2021,goalkeeper,2,180,0,0,0,0,0,0,0,0,2,0,0,0,0,68.0,4,2.0,0,0,0,0,0,0,0,0,0.0,0.0,0.0,0.0,0,0,0,0,0,0,0,0,0,0,0,0,0,7.0,180.0,16.0,,,28.0,,,2.0,1.0,,13.0,15.0,29.0,2.0,1.0,,46.0,,26.0,4.0,15.0,12.0,,11.0,,,17.0,2.0,,4.0,64.0,2.0,,,2.0,23.0,,10.0,2.0,5.0,2.0,1.0,1.0,,2.0,,6.0,1.0,2.0,,,4.0,,11.0,22.0,31.0,,,,2.0,,,,,,,,,,,,,,,,,,,,,,,,,,,,,,,,,,,,,,,,,,,,,,,,,,,,,,,0.0,0.0,0.0,,,,,,,,,,,,
cpl::Football_Player::91fa3243affb434d91d89ae9820791de,N. Apostol,TSS Rovers,Defender,2021,defender,7,301,0,1,1,0,0,1,10,10,9,1,1,0,42,72.0,4,1.2,0,0,0,0,0,0,0,0,0.0,0.0,0.0,0.0,0,0,0,0,0,0,0,0,0,0,0,0,0,,301.0,,,2.0,112.0,2.0,27.0,26.0,7.0,1.0,15.0,48.0,57.0,17.0,,,114.0,10.0,74.0,4.0,32.0,1.0,1.0,27.0,,,11.0,3.0,,10.0,201.0,7.0,9.0,,44.0,53.0,3.0,10.0,28.0,8.0,9.0,,,3.0,51.0,4.0,,,7.0,,,,19.0,33.0,80.0,82.0,7.0,1.0,23.0,25.0,,2.0,,,,,3.0,13.0,7.0,,,10.0,3.0,4.0,4.0,3.0,24.0,4.0,1.0,1.0,,,,5.0,1.0,5.0,1.0,3.0,5.0,1.0,,,,,1.0,1.0,1.0,,,,,,,,,,,,,,,,,,0.0,0.0,0.0,4.0,,,,,,,,,,,
cpl::Football_Player::c314ef65be194ced895c50a72967def8,D. Klomp,Cavalry,Defender,2021,defender,24,2176,3,0,14,0,6,0,31,27,14,0,4,0,62,83.0,27,1.12,0,0,1,0,0,0,0,0,0.0,0.0,0.0,0.0,0,0,0,0,0,0,0,0,0,0,0,0,0,,2176.0,,,10.0,1350.0,13.0,98.0,424.0,33.0,4.0,105.0,329.0,739.0,138.0,4.0,,1404.0,27.0,1061.0,25.0,243.0,178.0,7.0,179.0,,,162.0,24.0,,75.0,1856.0,24.0,11.0,,141.0,604.0,36.0,10.0,140.0,100.0,14.0,,,61.0,239.0,67.0,,,24.0,,,,62.0,524.0,1113.0,1161.0,98.0,6.0,99.0,79.0,2.0,1.0,,,,,15.0,50.0,30.0,2.0,,31.0,53.0,17.0,37.0,19.0,85.0,,8.0,14.0,3.0,16.0,,11.0,2.0,24.0,2.0,9.0,11.0,2.0,,,,,,,,,6.0,,3.0,1.0,3.0,,2.0,,,,,,,,,,2.0,2.0,1.0,21.0,,,,,,,,,,,
cpl::Football_Player::04974dd93657419b8440025eca4e2ef0,T. Field,Cavalry,Defender,2021,defender,12,587,0,1,0,0,0,1,15,3,2,0,0,0,55,75.0,7,1.07,4,0,0,0,0,0,0,0,0.0,0.0,0.0,0.0,0,0,0,0,0,0,0,0,0,0,0,0,0,,587.0,,,3.0,261.0,3.0,43.0,102.0,11.0,,23.0,109.0,102.0,46.0,,,268.0,3.0,191.0,7.0,69.0,90.0,2.0,59.0,,,35.0,8.0,,27.0,453.0,12.0,3.0,,57.0,125.0,,10.0,50.0,8.0,2.0,,,10.0,75.0,12.0,,,12.0,,,,17.0,10.0,193.0,199.0,18.0,1.0,25.0,40.0,,7.0,,,,,5.0,33.0,14.0,,,15.0,11.0,5.0,8.0,18.0,56.0,4.0,,,,4.0,,13.0,5.0,7.0,4.0,4.0,17.0,,,4.0,,3.0,1.0,1.0,,1.0,,,,,,,,,,,1.0,,,,,,0.0,0.0,0.0,5.0,,,,,,,,,,,
cpl::Football_Player::29e56c09baf549469b4a5934262e3dbf,J. Ruby,Wanderers,Defender,2021,defender,16,1246,1,1,4,0,2,1,35,9,12,1,2,0,61,86.0,18,1.3,0,0,0,0,0,0,0,0,0.0,0.0,0.0,0.0,0,0,0,0,0,0,0,0,0,0,0,0,0,,1246.0,,,4.0,499.0,6.0,94.0,181.0,8.0,2.0,15.0,137.0,252.0,61.0,,,509.0,9.0,411.0,14.0,76.0,146.0,13.0,55.0,,,81.0,14.0,,32.0,829.0,16.0,7.0,,97.0,180.0,18.0,10.0,84.0,22.0,12.0,,,22.0,133.0,36.0,,,16.0,,,,35.0,89.0,424.0,433.0,36.0,3.0,49.0,62.0,4.0,3.0,,,,,9.0,41.0,23.0,1.0,,35.0,34.0,13.0,14.0,6.0,83.0,2.0,2.0,4.0,2.0,5.0,,11.0,,11.0,,5.0,11.0,3.0,,,,,1.0,1.0,1.0,,2.0,,1.0,,1.0,,1.0,,,,,,,,,,0.0,1.0,0.0,15.0,,,,,,,,,,,
cpl::Football_Player::f3ffebc2701c4e608f9f5055198c5ec9,D. Norman,Vancouver FC,Defender,2021,defender,24,1804,1,1,11,0,6,1,31,25,17,0,7,0,50,81.0,25,1.25,2,0,1,0,0,0,0,0,0.0,0.0,0.0,0.0,0,0,0,0,0,0,0,0,0,0,0,0,0,,1804.0,3.0,,12.0,1102.0,5.0,88.0,296.0,46.0,7.0,126.0,263.0,643.0,96.0,4.0,,1158.0,25.0,825.0,22.0,222.0,398.0,5.0,167.0,,,115.0,20.0,,65.0,1431.0,24.0,15.0,,113.0,473.0,10.0,10.0,97.0,111.0,17.0,,,33.0,179.0,41.0,,,24.0,,,,49.0,199.0,888.0,936.0,66.0,5.0,82.0,64.0,3.0,5.0,,,,,5.0,42.0,21.0,,,31.0,28.0,11.0,33.0,11.0,21.0,4.0,5.0,11.0,2.0,9.0,,4.0,3.0,2.0,1.0,4.0,10.0,,2.0,2.0,,1.0,1.0,1.0,,1.0,6.0,7.0,1.0,,,2.0,,1.0,1.0,,,1.0,,,,,1.0,1.0,0.0,7.0,,,,,,,,,,,
cpl::Football_Player::41f23e52e26541bca62d8378fafc1953,F. Aird,Cavalry,Defender,2021,defender,28,2206,5,5,27,0,11,5,33,33,11,2,3,0,36,69.0,36,1.47,100,0,1,3,3,0,0,0,0.0,0.0,0.0,0.0,0,0,0,0,0,0,0,0,0,0,0,0,0,,2206.0,,1.0,14.0,937.0,17.0,122.0,469.0,73.0,3.0,154.0,584.0,291.0,159.0,3.0,,999.0,33.0,571.0,30.0,313.0,83.0,50.0,401.0,,,139.0,24.0,,74.0,1745.0,28.0,18.0,,173.0,549.0,27.0,10.0,103.0,115.0,11.0,,,8.0,195.0,37.0,,,28.0,,,,78.0,245.0,645.0,686.0,22.0,3.0,92.0,95.0,6.0,6.0,,,,,24.0,60.0,46.0,4.0,,33.0,24.0,14.0,14.0,27.0,160.0,4.0,16.0,27.0,5.0,6.0,,82.0,74.0,42.0,24.0,19.0,162.0,4.0,5.0,100.0,,56.0,5.0,5.0,2.0,36.0,11.0,8.0,5.0,5.0,3.0,,,2.0,,,,,3.0,3.0,,,0.0,2.0,3.0,26.0,,,,,,,,,,,
cpl::Football_Player::00cb81880a254ba7957fdb6ee6eec8a8,M. Trafford,Cavalry,Defender,2021,defender,14,1182,0,0,7,0,1,0,7,9,9,1,3,0,56,84.0,10,0.76,0,0,0,0,0,0,0,0,0.0,0.0,0.0,0.0,0,0,0,0,0,0,0,0,0,0,0,0,0,,1182.0,5.0,,9.0,772.0,,51.0,142.0,23.0,3.0,81.0,137.0,534.0,48.0,,,805.0,9.0,603.0,7.0,129.0,308.0,1.0,99.0,,,49.0,14.0,,31.0,939.0,14.0,4.0,,38.0,309.0,12.0,10.0,47.0,73.0,9.0,,,21.0,75.0,40.0,,,14.0,,,,12.0,137.0,653.0,676.0,37.0,6.0,28.0,26.0,3.0,2.0,,,,,1.0,16.0,6.0,1.0,,7.0,18.0,5.0,16.0,9.0,9.0,,6.0,7.0,1.0,9.0,,1.0,,,,3.0,1.0,,,,,,,,1.0,,1.0,,,,,,,,,,,,,,,,0.0,0.0,0.0,3.0,,,,,,,,,,,
cpl::Football_Player::b131e479cff24c5f99ea9187ee25f527,Eriks Santos,Wanderers,Defender,2021,defender,18,1427,0,0,4,0,1,0,22,21,9,0,2,1,70,80.0,21,1.32,0,0,0,0,0,0,0,0,0.0,0.0,0.0,0.0,0,0,0,0,0,0,0,0,0,0,0,0,0,,1427.0,,1.0,5.0,679.0,3.0,37.0,176.0,18.0,2.0,63.0,178.0,383.0,83.0,,,705.0,21.0,524.0,16.0,146.0,230.0,1.0,92.0,,,103.0,16.0,,57.0,916.0,18.0,15.0,,92.0,353.0,8.0,10.0,73.0,35.0,9.0,,,24.0,126.0,43.0,,,18.0,,,,43.0,85.0,536.0,559.0,34.0,5.0,53.0,49.0,5.0,3.0,1.0,1.0,,,4.0,36.0,16.0,1.0,,22.0,23.0,8.0,10.0,14.0,16.0,2.0,3.0,4.0,1.0,6.0,1.0,3.0,,6.0,,2.0,3.0,1.0,,,,,,,,,1.0,,,,,,,,,,,,,,,,0.0,0.0,0.0,4.0,,,,,,,,,,,
cpl::Football_Player::3d491de2b55343c2990181e2b04da353,M. Doner,York,Defender,2021,defender,20,1776,0,3,5,0,4,3,21,9,49,1,3,0,55,87.0,26,1.32,2,0,1,0,0,0,0,0,0.0,0.0,0.0,0.0,0,0,0,0,0,0,0,0,0,0,0,0,0,,1776.0,,,4.0,763.0,20.0,217.0,345.0,9.0,3.0,21.0,255.0,354.0,84.0,1.0,,783.0,9.0,627.0,20.0,105.0,18.0,17.0,108.0,,,128.0,20.0,,49.0,1336.0,20.0,5.0,,167.0,214.0,26.0,10.0,123.0,51.0,49.0,,,16.0,196.0,19.0,,,20.0,,,,60.0,334.0,661.0,678.0,29.0,5.0,73.0,107.0,6.0,2.0,,,,,33.0,25.0,44.0,,,21.0,16.0,14.0,13.0,4.0,169.0,,1.0,5.0,,9.0,,50.0,21.0,13.0,21.0,24.0,52.0,,,2.0,,2.0,2.0,3.0,1.0,,4.0,,,,,,,,,,,,,,,,0.0,0.0,0.0,36.0,,,,,,,,,,,
cpl::Football_Player::9872d0a42804454098f50f548fd3f290,P. Schaale,Wanderers,Defender,2021,defender,21,1679,1,1,17,0,6,1,9,18,3,4,4,0,63,75.0,24,1.29,0,0,0,0,0,0,0,0,0.0,0.0,0.0,0.0,0,0,0,0,0,0,0,0,0,0,0,0,0,,1679.0,,,3.0,820.0,2.0,31.0,227.0,33.0,4.0,139.0,242.0,422.0,78.0,1.0,,866.0,18.0,558.0,17.0,217.0,115.0,6.0,168.0,,,72.0,18.0,,50.0,1112.0,21.0,10.0,,64.0,442.0,19.0,10.0,71.0,91.0,3.0,,,40.0,127.0,87.0,,,21.0,,,,33.0,278.0,614.0,649.0,63.0,6.0,56.0,31.0,7.0,1.0,,,,,2.0,26.0,16.0,,,9.0,26.0,9.0,23.0,17.0,1.0,3.0,11.0,17.0,1.0,21.0,1.0,1.0,,,,3.0,1.0,2.0,,,,,1.0,1.0,4.0,,6.0,3.0,1.0,,1.0,,1.0,,,,,,,,,,0.0,1.0,0.0,6.0,,,,,,,,,,,
cpl::Football_Player::7efa8b85b3504cb88554fb705dcc5e4a,M. Farsi,Columbus,Defender,2021,defender,26,2257,1,2,14,0,7,2,28,27,36,8,6,0,32,81.0,28,1.12,2,0,0,0,0,0,0,0,0.0,0.0,0.0,0.0,0,0,0,0,0,0,0,0,0,0,0,0,0,,2257.0,,,2.0,1003.0,27.0,280.0,470.0,20.0,6.0,45.0,402.0,376.0,159.0,4.0,,1033.0,27.0,791.0,26.0,204.0,55.0,24.0,203.0,,,132.0,24.0,,61.0,1662.0,26.0,16.0,,206.0,319.0,78.0,10.0,123.0,38.0,36.0,,,15.0,252.0,25.0,,,26.0,,,,98.0,379.0,803.0,829.0,46.0,7.0,129.0,108.0,2.0,1.0,,,,,30.0,42.0,45.0,1.0,,28.0,19.0,21.0,31.0,14.0,162.0,2.0,7.0,14.0,7.0,1.0,1.0,58.0,17.0,14.0,16.0,29.0,60.0,1.0,,2.0,,1.0,2.0,2.0,8.0,,7.0,,1.0,1.0,1.0,2.0,,,,1.0,,,,,,,1.0,1.0,0.0,52.0,,,,,,,,,,,
cpl::Football_Player::a766cd1734d84307a9ace241b64d8ed2,J. Esua,Edmonton,Defender,2021,defender,19,1101,1,0,9,0,4,0,10,7,7,2,1,1,72,79.0,16,1.31,0,0,0,0,0,0,0,0,0.0,0.0,0.0,0.0,0,0,0,0,0,0,0,0,0,0,0,0,0,,1101.0,,,7.0,353.0,10.0,91.0,161.0,11.0,1.0,20.0,184.0,129.0,57.0,,,355.0,7.0,247.0,14.0,77.0,27.0,11.0,99.0,,,77.0,8.0,,23.0,650.0,19.0,4.0,,67.0,96.0,19.0,10.0,49.0,31.0,7.0,,,13.0,85.0,21.0,,,19.0,,,,31.0,141.0,277.0,278.0,18.0,,36.0,36.0,2.0,2.0,1.0,1.0,,,18.0,11.0,25.0,,,10.0,14.0,9.0,5.0,1.0,63.0,11.0,5.0,9.0,1.0,1.0,,45.0,12.0,17.0,12.0,15.0,45.0,,,,,,,,2.0,,4.0,,1.0,1.0,,,,1.0,,,,,,,,,0.0,1.0,0.0,18.0,,,,,,,,,,,
cpl::Football_Player::4da84a61c12443e48f9c5d0dd8f2f3ae,K. Dada-Luke,Vancouver FC,Defender,2021,defender,21,971,0,2,2,0,1,2,17,11,25,0,2,0,50,81.0,13,1.2,1,0,0,0,0,0,0,0,0.0,0.0,0.0,0.0,0,0,0,0,0,0,0,0,0,0,0,0,0,,971.0,,,2.0,388.0,8.0,111.0,185.0,4.0,2.0,12.0,192.0,141.0,64.0,2.0,,395.0,11.0,305.0,13.0,76.0,14.0,9.0,83.0,,,63.0,10.0,,16.0,754.0,21.0,7.0,,144.0,107.0,24.0,10.0,100.0,14.0,25.0,,,14.0,172.0,17.0,,,21.0,,,,58.0,163.0,312.0,319.0,28.0,,72.0,86.0,,5.0,,,,,32.0,30.0,17.0,1.0,,17.0,20.0,12.0,14.0,13.0,69.0,11.0,1.0,2.0,1.0,1.0,,23.0,7.0,16.0,7.0,17.0,23.0,,,1.0,,,2.0,2.0,,,1.0,,,,,,,,,1.0,,,,,,,0.0,0.0,0.0,36.0,,,,,,,,,,,
cpl::Football_Player::edf6ef9ee973485dbbf8b5123cf83a94,K. Chung,Pacific,Defender,2021,defender,26,2279,1,1,4,0,2,1,40,26,18,0,3,0,33,88.0,27,1.07,2,0,0,0,0,0,0,0,0.0,0.0,0.0,0.0,0,0,0,0,0,0,0,0,0,0,0,0,0,,2279.0,,,5.0,1175.0,11.0,306.0,445.0,18.0,3.0,63.0,317.0,608.0,91.0,4.0,,1190.0,26.0,927.0,22.0,154.0,142.0,20.0,147.0,,,150.0,25.0,,52.0,1882.0,26.0,17.0,,189.0,361.0,4.0,10.0,121.0,109.0,18.0,,,11.0,222.0,39.0,,,26.0,,,,79.0,381.0,1022.0,1036.0,33.0,8.0,101.0,110.0,5.0,1.0,,,,,24.0,68.0,22.0,,,40.0,53.0,12.0,22.0,28.0,230.0,1.0,2.0,4.0,1.0,2.0,,44.0,17.0,42.0,16.0,20.0,45.0,1.0,4.0,2.0,,1.0,1.0,1.0,,1.0,2.0,,1.0,1.0,,,,1.0,,,,,,,,,1.0,0.0,1.0,33.0,,,,,,,,,,,
cpl::Football_Player::340468323f3841eb8a68a4adfc0f1a9f,J. Geffrard,Wanderers,Defender,2021,defender,11,990,0,0,0,0,0,0,9,6,7,0,2,0,53,89.0,17,1.55,0,0,0,0,0,0,0,0,0.0,0.0,0.0,0.0,0,0,0,0,0,0,0,0,0,0,0,0,0,,990.0,1.0,,3.0,459.0,1.0,14.0,90.0,7.0,2.0,22.0,62.0,337.0,34.0,1.0,,483.0,6.0,400.0,12.0,56.0,175.0,,26.0,,,51.0,11.0,,30.0,590.0,11.0,2.0,,30.0,187.0,4.0,10.0,28.0,27.0,7.0,,,8.0,45.0,32.0,,,11.0,,,,10.0,107.0,408.0,427.0,15.0,3.0,17.0,20.0,5.0,,,,,,,13.0,15.0,,,9.0,12.0,10.0,7.0,4.0,2.0,,,,1.0,11.0,,,,,,,,,,,,,,,,,,,,,,,,,,,,,,,,,0.0,0.0,0.0,,,,,,,,,,,,
cpl::Football_Player::5083b85e1cfb4d958a5c46dac093d7be,S. Mabussi,Edmonton,Defender,2021,defender,11,474,0,0,1,0,1,0,7,12,2,3,4,0,76,80.0,5,0.95,0,0,0,0,0,0,0,0,0.0,0.0,0.0,0.0,0,0,0,0,0,0,0,0,0,0,0,0,0,,474.0,,,,190.0,7.0,36.0,83.0,4.0,4.0,10.0,76.0,76.0,31.0,,,197.0,12.0,153.0,5.0,41.0,83.0,3.0,49.0,,,24.0,9.0,,9.0,322.0,11.0,6.0,,42.0,71.0,6.0,10.0,30.0,3.0,2.0,,,10.0,55.0,12.0,,,11.0,,,,22.0,7.0,150.0,156.0,13.0,,25.0,20.0,,9.0,,,,,7.0,11.0,4.0,,,7.0,13.0,,3.0,4.0,32.0,2.0,,1.0,,1.0,,17.0,3.0,4.0,3.0,4.0,17.0,,,,,,,,3.0,,1.0,,,,,,,,,,,,,,,,0.0,0.0,0.0,5.0,,,,,,,,,,,
cpl::Football_Player::ecffbc0545a44299817cde31dc6d3aa8,D. Kaiser,Cavalry,Defender,2021,defender,11,492,0,0,0,0,0,0,4,5,3,0,1,0,52,80.0,4,0.73,0,0,0,0,0,0,0,0,0.0,0.0,0.0,0.0,0,0,0,0,0,0,0,0,0,0,0,0,0,,492.0,,,,219.0,3.0,48.0,97.0,5.0,1.0,11.0,79.0,88.0,36.0,,,229.0,5.0,170.0,4.0,47.0,48.0,3.0,44.0,,,20.0,5.0,,12.0,353.0,11.0,4.0,,21.0,98.0,2.0,10.0,21.0,12.0,3.0,,,10.0,40.0,11.0,,,11.0,,,,10.0,35.0,174.0,182.0,19.0,,19.0,11.0,,4.0,,,,,2.0,6.0,8.0,1.0,,4.0,8.0,1.0,9.0,2.0,44.0,6.0,,,1.0,3.0,,9.0,3.0,15.0,3.0,,9.0,,1.0,,,,,,,,,,,,,1.0,,,,,1.0,,,,,,0.0,0.0,0.0,1.0,,,,,,,,,,,
cpl::Football_Player::64d83d0e50144cfa8a37d01e8c3108b5,H. Gorskie,Edmonton,Defender,2021,defender,25,2045,0,1,7,0,2,1,17,37,38,0,4,0,66,83.0,34,1.5,0,0,2,0,0,0,0,0,0.0,0.0,0.0,0.0,0,0,0,0,0,0,0,0,0,0,0,0,0,,2045.0,,,9.0,1019.0,1.0,118.0,408.0,24.0,4.0,81.0,215.0,465.0,103.0,1.0,,1057.0,37.0,743.0,30.0,184.0,272.0,12.0,135.0,,,129.0,23.0,,56.0,1301.0,25.0,15.0,,136.0,437.0,14.0,10.0,116.0,130.0,38.0,,,43.0,201.0,29.0,,,25.0,,,,63.0,230.0,840.0,873.0,65.0,4.0,85.0,73.0,4.0,6.0,,,,,7.0,30.0,27.0,,,17.0,25.0,10.0,22.0,13.0,11.0,2.0,5.0,7.0,,16.0,,7.0,,2.0,,,7.0,,3.0,,,,,1.0,,,2.0,,,,,,,,,1.0,,,,,,,0.0,0.0,0.0,11.0,,,,,,,,,,,
cpl::Football_Player::d1f7a45d1b0d48fa84ac505abc9a8a91,M. Temguia,Edmonton,Defender,2021,defender,21,1409,0,0,4,0,2,0,26,30,9,0,4,0,66,83.0,20,1.28,0,0,0,0,0,0,0,0,0.0,0.0,0.0,0.0,0,0,0,0,0,0,0,0,0,0,0,0,0,,1409.0,,1.0,8.0,639.0,2.0,33.0,120.0,22.0,4.0,68.0,139.0,426.0,46.0,2.0,,660.0,30.0,488.0,18.0,114.0,224.0,,67.0,,,107.0,16.0,,47.0,840.0,21.0,16.0,,102.0,256.0,9.0,10.0,68.0,58.0,9.0,,,16.0,126.0,36.0,,,21.0,,,,50.0,147.0,530.0,546.0,24.0,2.0,58.0,52.0,2.0,1.0,,,,,6.0,37.0,12.0,2.0,,26.0,24.0,9.0,8.0,11.0,2.0,5.0,2.0,4.0,2.0,10.0,,,,,,2.0,,,,,,,,,,,2.0,,,,,,,,,,,,,,,,0.0,0.0,0.0,11.0,,,,,,,,,,,
cpl::Football_Player::14ffd419a4894388b826c6cdf1faa89a,D. Jaković,Forge,Defender,2021,defender,5,403,0,0,1,0,0,0,1,5,4,0,2,0,72,84.0,3,0.67,0,0,0,0,0,0,0,0,0.0,0.0,0.0,0.0,0,0,0,0,0,0,0,0,0,0,0,0,0,,403.0,,1.0,,199.0,,11.0,56.0,3.0,2.0,8.0,38.0,120.0,27.0,1.0,,211.0,5.0,167.0,2.0,35.0,38.0,1.0,19.0,,,26.0,5.0,,16.0,250.0,5.0,3.0,,20.0,84.0,2.0,10.0,19.0,9.0,4.0,,,8.0,31.0,11.0,,,5.0,,,,9.0,78.0,166.0,176.0,11.0,2.0,12.0,11.0,1.0,2.0,,,,,1.0,6.0,3.0,,,1.0,3.0,1.0,3.0,5.0,,,1.0,1.0,,5.0,,,,,,1.0,,,,,,,,,,,,,,,,,,,,,,,,,,,0.0,,,1.0,,,,,,,,,,,
cpl::Football_Player::8d7834c08c834b28a4daef064d1e6041,D. Krutzen,Forge,Defender,2021,defender,20,1695,3,1,12,0,6,1,22,14,5,1,2,0,61,86.0,18,0.96,1,0,0,1,1,0,0,0,0.0,0.0,0.0,0.0,0,0,0,0,0,0,0,0,0,0,0,0,0,,1695.0,,,2.0,1230.0,6.0,71.0,449.0,26.0,2.0,92.0,206.0,650.0,88.0,1.0,,1278.0,14.0,965.0,15.0,180.0,414.0,6.0,133.0,,,123.0,19.0,,52.0,1507.0,20.0,11.0,,76.0,573.0,23.0,10.0,72.0,133.0,5.0,,,26.0,118.0,34.0,,,20.0,,,,30.0,220.0,1051.0,1098.0,42.0,6.0,46.0,46.0,3.0,1.0,,,,,4.0,37.0,15.0,,,22.0,43.0,12.0,16.0,15.0,12.0,1.0,6.0,12.0,4.0,10.0,,4.0,1.0,,1.0,1.0,5.0,,1.0,1.0,,,,1.0,1.0,,6.0,3.0,3.0,,3.0,,,,2.0,,,,1.0,1.0,1.0,,2.0,1.0,2.0,3.0,,,,,,,,,,,
cpl::Football_Player::91a17f348e28482898c8dbc5480ad503,P. Amedume,Pacific,Defender,2021,defender,2,18,0,0,0,0,0,0,0,1,0,0,0,0,0,63.0,1,5.0,0,0,0,0,0,0,0,0,0.0,0.0,0.0,0.0,0,0,0,0,0,0,0,0,0,0,0,0,0,,18.0,,,,8.0,1.0,,,2.0,,3.0,3.0,5.0,,1.0,,8.0,1.0,5.0,1.0,3.0,4.0,,2.0,,,1.0,,,1.0,11.0,2.0,1.0,,1.0,2.0,,10.0,,,,,,,1.0,1.0,,,2.0,,,,1.0,2.0,5.0,5.0,,,1.0,,,,,,,,,,,,,,,,,,,2.0,,,,2.0,,,,,,,,,,,,,,,,,,,,,,,,,,,,,,,,,0.0,0.0,0.0,,,,,,,,,,,,
cpl::Football_Player::870c9f9099fd40cab60d803b7adf2827,R. Reyes,Valour,Defender,2021,defender,17,1086,0,0,6,0,1,0,20,10,7,1,3,0,73,88.0,17,1.41,0,0,0,0,0,0,0,0,0.0,0.0,0.0,0.0,0,0,0,0,0,0,0,0,0,0,0,0,0,,1086.0,,,2.0,583.0,2.0,46.0,114.0,12.0,3.0,30.0,94.0,419.0,44.0,,,607.0,10.0,497.0,14.0,74.0,212.0,1.0,33.0,,,51.0,12.0,,41.0,778.0,17.0,7.0,,78.0,190.0,10.0,10.0,84.0,36.0,7.0,,,31.0,120.0,37.0,,,17.0,,,,25.0,159.0,510.0,533.0,42.0,2.0,36.0,53.0,3.0,1.0,,,,,9.0,37.0,1.0,1.0,1.0,20.0,16.0,,11.0,17.0,2.0,5.0,5.0,6.0,2.0,14.0,,,,,,5.0,,,,,,,,,1.0,,1.0,,,,,,,,,,,,,,,,0.0,0.0,0.0,9.0,,,,,,,,,,,
cpl::Football_Player::aafb864d45ab43e8849d3cff096d5c07,J. Dixon,Ottawa Fury,Defender,2021,defender,26,1927,0,0,4,0,1,0,31,56,13,0,6,1,56,86.0,24,1.12,0,0,0,0,0,0,0,0,0.0,0.0,0.0,0.0,0,0,0,0,0,0,0,0,0,0,0,0,0,,1927.0,,,1.0,858.0,2.0,197.0,379.0,12.0,6.0,44.0,189.0,358.0,84.0,1.0,,865.0,56.0,672.0,21.0,128.0,178.0,19.0,100.0,,,117.0,24.0,,32.0,1118.0,26.0,30.0,,189.0,215.0,11.0,10.0,106.0,65.0,13.0,,,25.0,233.0,32.0,,,26.0,,,,108.0,275.0,731.0,737.0,44.0,2.0,127.0,81.0,3.0,13.0,1.0,,,,16.0,52.0,24.0,3.0,,31.0,9.0,12.0,19.0,21.0,6.0,2.0,3.0,4.0,2.0,9.0,,4.0,,,,8.0,4.0,,8.0,,1.0,,,,,,1.0,,,,,1.0,,,,,1.0,,,,,,0.0,0.0,0.0,28.0,,,,,,,,,,,
cpl::Football_Player::efac3c458eb94aa3aa05a38036da1ee7,C. Lee,Pacific,Defender,2021,defender,3,237,0,0,0,0,0,0,3,3,0,0,1,0,50,82.0,2,0.76,6,0,0,0,0,0,0,0,0.0,0.0,0.0,0.0,0,0,0,0,0,0,0,0,0,0,0,0,0,,237.0,,,,170.0,,44.0,58.0,3.0,1.0,9.0,47.0,88.0,23.0,,,176.0,3.0,139.0,2.0,32.0,70.0,2.0,35.0,,,19.0,3.0,,5.0,240.0,3.0,2.0,,16.0,58.0,,10.0,8.0,5.0,,,,1.0,18.0,5.0,,,3.0,,,,9.0,4.0,140.0,144.0,2.0,1.0,10.0,7.0,,2.0,,,,,,7.0,5.0,,,3.0,5.0,3.0,1.0,4.0,21.0,,,,,,,3.0,2.0,3.0,1.0,1.0,8.0,,,6.0,,5.0,,,,1.0,,,,,,,,,,,,,,,,,0.0,0.0,0.0,3.0,,,,,,,,,,,
cpl::Football_Player::dbae960e1a0c4c7ba2104c9a904d6ab5,K. Awuah,Forge,Defender,2021,defender,26,2177,1,3,5,0,2,3,30,32,57,4,4,0,60,80.0,21,0.87,0,0,0,0,0,0,0,0,0.0,0.0,0.0,0.0,0,0,0,0,0,0,0,0,0,0,0,0,0,,2177.0,,,6.0,1255.0,14.0,272.0,622.0,22.0,4.0,74.0,446.0,433.0,193.0,1.0,,1309.0,32.0,986.0,17.0,267.0,449.0,14.0,244.0,,,163.0,25.0,,63.0,1942.0,26.0,16.0,,229.0,495.0,42.0,10.0,143.0,56.0,57.0,,,18.0,259.0,16.0,,,26.0,,,,104.0,93.0,994.0,1042.0,30.0,6.0,116.0,125.0,4.0,4.0,,,,,19.0,49.0,43.0,1.0,,30.0,30.0,9.0,12.0,19.0,207.0,1.0,3.0,5.0,2.0,5.0,,39.0,13.0,25.0,13.0,20.0,40.0,,1.0,,,,3.0,3.0,4.0,,2.0,,1.0,,,,,1.0,1.0,,,,,,,,0.0,1.0,0.0,57.0,,,,,,,,,,,
cpl::Football_Player::b43d9617e62047d7aa28b50e96d6379b,D. Beckie,Atlético,Defender,2021,defender,18,1589,1,1,8,0,4,1,22,16,15,1,8,0,57,84.0,30,1.7,0,0,0,0,0,0,0,0,0.0,0.0,0.0,0.0,0,0,0,0,0,0,0,0,0,0,0,0,0,,1589.0,2.0,,4.0,819.0,2.0,86.0,202.0,20.0,8.0,53.0,177.0,520.0,86.0,7.0,,861.0,16.0,666.0,29.0,139.0,211.0,,88.0,,,82.0,18.0,,59.0,1124.0,18.0,8.0,,90.0,321.0,23.0,10.0,82.0,56.0,15.0,,,27.0,137.0,61.0,,,18.0,,,3.0,35.0,243.0,690.0,722.0,47.0,2.0,55.0,55.0,1.0,2.0,,,,,5.0,35.0,23.0,1.0,,22.0,24.0,12.0,20.0,13.0,35.0,,4.0,8.0,,12.0,,8.0,,5.0,,4.0,8.0,1.0,,,,,1.0,1.0,1.0,,4.0,,1.0,1.0,1.0,,,,,,,,,,,,0.0,1.0,0.0,9.0,,,,,,,,,,,
cpl::Football_Player::9fa7232743934bf2a022c4fe6a62c1b6,J. Haynes,Valour,Defender,2021,defender,26,1938,0,1,2,0,1,1,37,34,26,0,4,0,50,76.0,25,1.16,0,0,0,0,0,0,0,0,0.0,0.0,0.0,0.0,0,0,0,0,0,0,0,0,0,0,0,0,0,,1938.0,,3.0,10.0,1026.0,1.0,146.0,348.0,48.0,4.0,113.0,350.0,463.0,141.0,3.0,,1057.0,34.0,729.0,20.0,254.0,401.0,5.0,188.0,,,144.0,20.0,,89.0,1553.0,26.0,16.0,,154.0,488.0,3.0,10.0,110.0,74.0,26.0,,,29.0,211.0,36.0,,,26.0,,,,73.0,22.0,778.0,803.0,57.0,5.0,101.0,81.0,5.0,2.0,,,,,6.0,50.0,52.0,5.0,,37.0,25.0,19.0,28.0,13.0,181.0,6.0,1.0,2.0,1.0,1.0,,23.0,8.0,26.0,8.0,10.0,23.0,,1.0,,,,1.0,1.0,,,1.0,,,,,,,,,,,,,,,,0.0,0.0,0.0,16.0,,,,,,,,,,,
cpl::Football_Player::1669b606345b4345b00d59de89c1c7eb,D. Abzi,Blainville,Defender,2021,defender,26,2307,6,3,33,0,16,3,35,28,39,3,9,0,44,74.0,40,1.56,1,0,1,0,0,0,0,0,0.0,0.0,0.0,0.0,0,0,0,0,0,0,0,0,0,0,0,0,0,,2307.0,,,4.0,855.0,26.0,140.0,327.0,26.0,9.0,78.0,482.0,350.0,153.0,3.0,,881.0,28.0,600.0,37.0,231.0,338.0,30.0,252.0,,,161.0,26.0,,65.0,1659.0,26.0,22.0,,283.0,355.0,77.0,10.0,164.0,50.0,39.0,,,19.0,326.0,38.0,,,26.0,,,,138.0,48.0,629.0,650.0,43.0,3.0,162.0,145.0,3.0,5.0,,,,1.0,60.0,46.0,53.0,,,35.0,36.0,25.0,24.0,11.0,136.0,,17.0,33.0,7.0,10.0,1.0,78.0,27.0,16.0,24.0,49.0,86.0,1.0,1.0,1.0,,1.0,3.0,3.0,3.0,,16.0,9.0,6.0,,4.0,2.0,1.0,2.0,5.0,1.0,,1.0,,,,,1.0,3.0,3.0,72.0,,,,,,,,,,,
cpl::Football_Player::b6597676a5e34edf998b3ef92a3c14d0,M. Campagna,Vancouver FC,Defender,2021,defender,5,288,0,0,0,0,0,0,3,4,3,0,1,0,75,86.0,6,1.88,0,0,0,0,0,0,0,0,0.0,0.0,0.0,0.0,0,0,0,0,0,0,0,0,0,0,0,0,0,,288.0,,1.0,1.0,134.0,,10.0,43.0,5.0,1.0,12.0,25.0,79.0,9.0,,,143.0,4.0,116.0,4.0,21.0,18.0,,13.0,,,20.0,3.0,,8.0,181.0,5.0,2.0,,18.0,67.0,1.0,10.0,11.0,6.0,3.0,,,3.0,22.0,7.0,,,5.0,,,,10.0,48.0,114.0,122.0,4.0,,11.0,8.0,2.0,,,,,,,5.0,,,,3.0,7.0,,1.0,2.0,,2.0,,,,3.0,,,,,,,,,,,,,,,,,,,,,,,,,,,,,,,,,0.0,,,1.0,,,,,,,,,,,
cpl::Football_Player::1ada73d8bf034890ab66cfbd681d0f7c,C. N'Sa,Wanderers,Defender,2021,defender,27,2354,1,0,15,0,3,0,39,42,53,2,7,0,50,84.0,37,1.41,1,0,2,0,0,0,0,0,0.0,0.0,0.0,0.0,0,0,0,0,0,0,0,0,0,0,0,0,0,,2354.0,,1.0,8.0,742.0,8.0,137.0,281.0,15.0,7.0,37.0,260.0,387.0,89.0,3.0,,782.0,42.0,629.0,33.0,126.0,61.0,11.0,92.0,,,148.0,26.0,,48.0,1372.0,27.0,26.0,,222.0,281.0,53.0,10.0,163.0,27.0,53.0,,,28.0,278.0,58.0,,,27.0,,,,87.0,303.0,621.0,656.0,56.0,6.0,115.0,135.0,4.0,2.0,,,,2.0,23.0,59.0,38.0,4.0,,39.0,34.0,20.0,28.0,20.0,115.0,1.0,12.0,15.0,8.0,11.0,1.0,14.0,12.0,39.0,12.0,13.0,14.0,3.0,,1.0,,,,,2.0,,3.0,,1.0,,1.0,,1.0,,,,,,,,,,0.0,0.0,1.0,30.0,,,,,,,,,,,
cpl::Football_Player::44afcd7647a14ba2bf6a8e37869641fe,Anthony Mikhael,Valour,Defender,2021,defender,12,562,0,0,1,0,0,0,7,5,4,0,3,0,68,79.0,9,1.44,0,0,0,0,0,0,0,0,0.0,0.0,0.0,0.0,0,0,0,0,0,0,0,0,0,0,0,0,0,,562.0,,,2.0,325.0,,22.0,69.0,15.0,3.0,38.0,83.0,197.0,33.0,,,337.0,5.0,237.0,9.0,71.0,101.0,,43.0,,,37.0,6.0,,28.0,427.0,12.0,4.0,,36.0,162.0,1.0,10.0,34.0,29.0,4.0,,,13.0,55.0,17.0,,,12.0,,,,15.0,52.0,256.0,266.0,19.0,1.0,21.0,21.0,,3.0,,,,,4.0,13.0,7.0,,,7.0,13.0,4.0,6.0,6.0,9.0,6.0,1.0,1.0,,2.0,,,,,,4.0,,,,,,,,,,,,,,,,,,,,,,,,,,,0.0,0.0,0.0,7.0,,,,,,,,,,,
cpl::Football_Player::1d6aeac7e2534a41a2bc992852faaf23,A. Soto,Valour,Defender,2021,defender,5,286,0,0,0,0,0,0,2,4,0,0,1,0,55,83.0,4,1.26,0,0,0,0,0,0,0,0,0.0,0.0,0.0,0.0,0,0,0,0,0,0,0,0,0,0,0,0,0,,286.0,,,3.0,132.0,,3.0,15.0,5.0,1.0,13.0,24.0,95.0,10.0,,,133.0,4.0,101.0,4.0,23.0,33.0,,14.0,,,8.0,4.0,,9.0,156.0,5.0,2.0,,16.0,49.0,,10.0,13.0,9.0,,,,5.0,25.0,9.0,,,5.0,,,,8.0,48.0,109.0,110.0,9.0,1.0,12.0,8.0,,2.0,,,,,,8.0,1.0,,,2.0,2.0,1.0,4.0,6.0,,1.0,,,,1.0,,,,,,1.0,,,,,,,,,,,,,,,,,,,,,,,,,,,0.0,0.0,0.0,1.0,,,,,,,,,,,
cpl::Football_Player::0437038bc2254a4a93d8d74d4278c768,M. Mohsen,Forge,Defender,2021,defender,8,230,0,0,1,0,0,0,2,3,1,0,0,0,16,77.0,2,0.78,3,0,0,0,0,0,0,0,0.0,0.0,0.0,0.0,0,0,0,0,0,0,0,0,0,0,0,0,0,,230.0,,,,62.0,2.0,20.0,31.0,1.0,,3.0,39.0,19.0,12.0,,,64.0,3.0,47.0,2.0,15.0,20.0,,16.0,,,8.0,2.0,,5.0,120.0,8.0,1.0,,28.0,19.0,5.0,10.0,11.0,2.0,1.0,,,1.0,34.0,1.0,,,8.0,,,,18.0,5.0,48.0,49.0,6.0,,23.0,10.0,,2.0,,,,,4.0,5.0,4.0,,,2.0,3.0,3.0,5.0,3.0,7.0,6.0,1.0,1.0,,,,4.0,1.0,1.0,1.0,5.0,6.0,,,3.0,,2.0,,,,,,,,,,,,,,,,,,,,,0.0,,,9.0,,,,,,,,,,,
cpl::Football_Player::fd9ddb9946a84feeb1b5e9a8dd531160,A. Samaké,Valour,Defender,2021,defender,25,2169,0,1,7,0,2,1,22,25,13,1,3,0,53,89.0,28,1.16,0,0,0,0,0,0,0,0,0.0,0.0,0.0,0.0,0,0,0,0,0,0,0,0,0,0,0,0,0,,2169.0,,,6.0,1622.0,2.0,48.0,392.0,37.0,3.0,93.0,208.0,1067.0,99.0,2.0,,1651.0,25.0,1309.0,24.0,192.0,604.0,5.0,121.0,,,129.0,25.0,,71.0,1885.0,25.0,10.0,,81.0,634.0,17.0,10.0,95.0,150.0,13.0,,,45.0,165.0,61.0,,,25.0,,,,31.0,365.0,1437.0,1459.0,84.0,5.0,70.0,50.0,4.0,4.0,,,,1.0,2.0,35.0,15.0,1.0,1.0,22.0,35.0,8.0,39.0,13.0,4.0,,5.0,7.0,3.0,13.0,,,,,,,,,,,,,,1.0,1.0,,2.0,,,,,,,,,,,,,,,,0.0,0.0,0.0,2.0,,,,,,,,,,,
cpl::Football_Player::270eb17b99df4a3ea3a65d918a9c385e,A. Bouka,Valour,Defender,2021,defender,14,1007,0,0,1,0,0,0,11,11,17,1,1,0,53,76.0,18,1.61,0,0,0,0,0,0,0,0,0.0,0.0,0.0,0.0,0,0,0,0,0,0,0,0,0,0,0,0,0,,1007.0,,,2.0,474.0,5.0,90.0,171.0,22.0,1.0,39.0,197.0,204.0,83.0,1.0,,493.0,11.0,353.0,16.0,122.0,150.0,3.0,85.0,,,65.0,11.0,,56.0,781.0,14.0,6.0,,81.0,235.0,5.0,10.0,66.0,18.0,17.0,,,17.0,113.0,20.0,,,14.0,,,,32.0,18.0,356.0,371.0,32.0,2.0,47.0,49.0,2.0,2.0,,,,,13.0,19.0,31.0,2.0,,11.0,10.0,14.0,15.0,8.0,84.0,3.0,1.0,1.0,,2.0,,19.0,4.0,22.0,4.0,11.0,19.0,,,,,,,,1.0,,,,,,,,,,,,,,,,,,0.0,0.0,0.0,16.0,,,,,,,,,,,
cpl::Football_Player::5dd63e2f035e4b68a7987b7a747ecd51,L. MacNaughton,,Defender,2021,defender,26,2340,2,1,18,0,6,1,10,22,18,2,8,0,71,86.0,30,1.15,0,0,1,1,0,0,0,0,0.0,0.0,0.0,0.0,0,0,0,0,0,0,0,0,0,0,0,0,0,,2340.0,,,22.0,1880.0,9.0,100.0,522.0,44.0,8.0,135.0,295.0,1140.0,136.0,4.0,,1931.0,22.0,1481.0,25.0,271.0,338.0,9.0,185.0,,,177.0,26.0,,90.0,2209.0,26.0,8.0,,83.0,753.0,36.0,10.0,121.0,179.0,18.0,,,75.0,188.0,72.0,,,26.0,,,,37.0,740.0,1618.0,1660.0,105.0,8.0,67.0,46.0,5.0,,,,,,8.0,21.0,10.0,,,10.0,49.0,3.0,30.0,11.0,11.0,,12.0,18.0,6.0,17.0,1.0,4.0,2.0,,2.0,2.0,4.0,1.0,,,,,,1.0,2.0,,6.0,,2.0,2.0,1.0,,,1.0,,,,,1.0,,,,0.0,1.0,1.0,6.0,,,,,,,,,,,
cpl::Football_Player::6085b5eefe2b42e6810a6fd5a6b07c43,M. Restrepo,Wanderers,Defender,2021,defender,12,877,0,0,0,0,0,0,8,10,3,0,2,0,61,85.0,11,1.13,0,0,0,0,0,0,0,0,0.0,0.0,0.0,0.0,0,0,0,0,0,0,0,0,0,0,0,0,0,,877.0,,,9.0,491.0,3.0,37.0,124.0,8.0,2.0,40.0,86.0,310.0,39.0,,,513.0,10.0,403.0,8.0,79.0,93.0,1.0,56.0,,,43.0,11.0,,24.0,632.0,12.0,7.0,,45.0,221.0,3.0,10.0,42.0,31.0,3.0,,,16.0,71.0,29.0,,,12.0,,,,19.0,162.0,414.0,434.0,26.0,2.0,29.0,26.0,3.0,3.0,,,,,2.0,21.0,10.0,,,8.0,25.0,5.0,10.0,13.0,8.0,1.0,,,1.0,7.0,,1.0,,,,1.0,1.0,1.0,,,,,,,,,,,,,,,,,,,,,,,,,0.0,0.0,0.0,1.0,,,,,,,,,,,
cpl::Football_Player::dbd655d062324c56adb1ab7d3e8ef373,M. Arnone,Atlético,Defender,2021,defender,14,1146,1,0,5,0,1,0,9,6,5,0,0,1,50,90.0,21,1.65,0,0,0,0,0,0,0,0,0.0,0.0,0.0,0.0,0,0,0,0,0,0,0,0,0,0,0,0,0,,1146.0,,,3.0,622.0,,59.0,115.0,7.0,,26.0,75.0,458.0,38.0,6.0,,637.0,6.0,543.0,20.0,64.0,244.0,1.0,29.0,,,38.0,13.0,,35.0,770.0,14.0,5.0,,34.0,239.0,10.0,10.0,34.0,30.0,5.0,,,13.0,60.0,51.0,,,14.0,,,,13.0,95.0,559.0,573.0,26.0,,26.0,21.0,1.0,6.0,1.0,,,,1.0,15.0,11.0,,,9.0,11.0,8.0,13.0,6.0,,1.0,4.0,5.0,1.0,6.0,1.0,,,1.0,,1.0,,,,,1.0,,,,,,1.0,,1.0,,1.0,,1.0,,,,,,,,,,0.0,0.0,1.0,5.0,,,,,,,,,,,
cpl::Football_Player::b7be868af7ae4f3580a90e50f070a34d,S. Frias,Forge,Defender,2021,defender,2,20,0,0,0,0,0,0,0,1,1,0,0,0,33,82.0,0,0.0,0,0,0,0,0,0,0,0,0.0,0.0,0.0,0.0,0,0,0,0,0,0,0,0,0,0,0,0,0,,20.0,,,,15.0,,,3.0,,,,3.0,10.0,3.0,,,16.0,1.0,12.0,,3.0,5.0,,1.0,,,2.0,,,2.0,23.0,2.0,1.0,,5.0,6.0,,10.0,4.0,1.0,1.0,,,1.0,8.0,,,,2.0,,,,2.0,5.0,12.0,13.0,3.0,,4.0,3.0,,,,,,,,2.0,3.0,,,,1.0,2.0,2.0,2.0,,2.0,,,,,,,,,,,,,,,,,,,,,,,,,,,,,,,,,,,,,0.0,,,,,,,,,,,,,,
cpl::Football_Player::641f7b9c46174788a95afabcf0167f13,M. Cornwall,Atlético,Defender,2021,defender,2,58,0,0,1,0,1,0,0,1,0,0,0,0,0,68.0,2,3.1,0,0,0,0,0,0,0,0,0.0,0.0,0.0,0.0,0,0,0,0,0,0,0,0,0,0,0,0,0,,58.0,,,,27.0,1.0,7.0,6.0,,,2.0,14.0,13.0,7.0,1.0,,28.0,1.0,17.0,2.0,9.0,7.0,,11.0,,,3.0,1.0,,1.0,38.0,2.0,1.0,,1.0,11.0,1.0,10.0,,2.0,,,,,2.0,,,,2.0,,,,1.0,3.0,18.0,19.0,1.0,,2.0,,,1.0,,,,,,,1.0,,,,,,1.0,,4.0,1.0,,1.0,,,,3.0,,,,,3.0,,,,,,,,,,1.0,,,,,,,,,,,,,,,,0.0,0.0,0.0,,,,,,,,,,,,
cpl::Football_Player::a742bcbb546f417d9003cfe9bf5e3676,N. Higgins,York,Defender,2021,defender,8,458,0,0,1,0,0,0,4,7,1,0,1,1,40,90.0,9,1.77,0,0,0,0,0,0,0,0,0.0,0.0,0.0,0.0,0,0,0,0,0,0,0,0,0,0,0,0,0,,458.0,,1.0,1.0,254.0,1.0,21.0,53.0,10.0,1.0,19.0,29.0,180.0,9.0,2.0,,261.0,7.0,219.0,9.0,28.0,97.0,,13.0,,,20.0,5.0,,15.0,312.0,8.0,4.0,,16.0,71.0,1.0,10.0,12.0,14.0,1.0,,,4.0,26.0,21.0,,,8.0,,,,8.0,72.0,227.0,233.0,10.0,,14.0,8.0,,1.0,1.0,,,,,7.0,6.0,1.0,,4.0,6.0,5.0,6.0,3.0,1.0,3.0,1.0,1.0,,5.0,,,,,,,,,,,1.0,,,,,,,,,,,,,,,,,,,,,,0.0,0.0,0.0,,,,,,,,,,,,
cpl::Football_Player::242992e119ea4cf3b76878a2029dddac,P. Gee,Vancouver FC,Defender,2021,defender,27,2016,0,0,15,0,6,0,42,31,22,3,3,0,65,77.0,28,1.25,1,0,0,0,0,0,0,0,0.0,0.0,0.0,0.0,0,0,0,0,0,0,0,0,0,0,0,0,0,,2016.0,,,7.0,815.0,10.0,130.0,369.0,28.0,3.0,68.0,363.0,291.0,133.0,3.0,,838.0,31.0,578.0,25.0,201.0,300.0,27.0,194.0,,,136.0,22.0,,64.0,1425.0,27.0,19.0,,201.0,345.0,15.0,10.0,126.0,59.0,22.0,,,21.0,233.0,36.0,,,27.0,,,,96.0,63.0,617.0,637.0,32.0,5.0,107.0,105.0,3.0,7.0,,,,,25.0,58.0,29.0,,,42.0,25.0,11.0,11.0,16.0,169.0,5.0,9.0,15.0,3.0,4.0,,57.0,23.0,20.0,23.0,34.0,57.0,1.0,,1.0,,,,,3.0,,6.0,,,,,,,,,,,,,,,,0.0,0.0,0.0,43.0,,,,,,,,,,,
cpl::Football_Player::5a3736a2d77f4ba6b4815db18ecee270,V. Neufville,Atlético,Defender,2021,defender,13,785,0,1,2,0,0,1,12,14,14,0,4,0,50,77.0,16,1.83,0,0,0,0,0,0,0,0,0.0,0.0,0.0,0.0,0,0,0,0,0,0,0,0,0,0,0,0,0,,785.0,,2.0,7.0,260.0,4.0,57.0,70.0,13.0,4.0,26.0,135.0,136.0,38.0,3.0,,270.0,14.0,185.0,15.0,64.0,102.0,1.0,55.0,,,52.0,10.0,,24.0,510.0,13.0,1.0,,92.0,106.0,10.0,10.0,51.0,21.0,14.0,,,3.0,98.0,16.0,,,13.0,,,,44.0,5.0,198.0,206.0,6.0,1.0,47.0,48.0,1.0,5.0,,,,,14.0,20.0,17.0,3.0,,12.0,12.0,10.0,3.0,8.0,65.0,3.0,2.0,2.0,,3.0,,13.0,,8.0,,12.0,15.0,1.0,,,,,1.0,1.0,,,,,,,,,,,,1.0,,,,,,,0.0,0.0,0.0,23.0,,,,,,,,,,,
cpl::Football_Player::3aaf25a2f090423584d5e9d492e5ca42,J. Grant,Atlético,Defender,2021,defender,19,1279,0,1,3,0,2,1,17,19,12,3,4,0,51,79.0,11,0.77,0,0,0,0,0,0,0,0,0.0,0.0,0.0,0.0,0,0,0,0,0,0,0,0,0,0,0,0,0,,1279.0,,1.0,,625.0,10.0,152.0,328.0,8.0,4.0,34.0,246.0,182.0,102.0,1.0,,641.0,19.0,487.0,10.0,136.0,48.0,4.0,135.0,,,73.0,15.0,,26.0,1006.0,19.0,10.0,,107.0,255.0,31.0,10.0,69.0,18.0,12.0,,,17.0,140.0,22.0,,,19.0,,,,55.0,186.0,489.0,505.0,33.0,6.0,71.0,52.0,1.0,8.0,,,,,14.0,26.0,28.0,1.0,,17.0,20.0,9.0,16.0,9.0,104.0,4.0,1.0,3.0,3.0,7.0,,25.0,5.0,13.0,5.0,18.0,25.0,2.0,,,,,1.0,1.0,3.0,,2.0,,,,,,,,,,,,,,,,0.0,,,28.0,,,,,,,,,,,
cpl::Football_Player::9743204ff22741e9958a22019e709346,S. Cebara,Valour,Defender,2021,defender,26,2186,1,2,5,0,2,2,21,9,27,3,3,0,71,89.0,30,1.24,0,0,0,0,0,0,0,0,0.0,0.0,0.0,0.0,0,0,0,0,0,0,0,0,0,0,0,0,0,,2186.0,,,12.0,1148.0,4.0,128.0,262.0,21.0,3.0,47.0,215.0,791.0,92.0,1.0,,1189.0,9.0,986.0,26.0,139.0,189.0,7.0,82.0,,,163.0,24.0,,62.0,1576.0,26.0,4.0,,134.0,414.0,13.0,10.0,104.0,64.0,27.0,,,20.0,162.0,60.0,,,26.0,,,,50.0,458.0,1017.0,1050.0,28.0,9.0,58.0,84.0,4.0,1.0,,,,,29.0,29.0,14.0,1.0,,21.0,36.0,7.0,8.0,8.0,65.0,2.0,3.0,5.0,1.0,7.0,,5.0,3.0,10.0,3.0,22.0,5.0,1.0,1.0,,,,2.0,2.0,3.0,,2.0,,1.0,,1.0,,1.0,,,,,,,,,,1.0,1.0,0.0,28.0,,,,,,,,,,,
cpl::Football_Player::907ea07d836b4d78a6fd1c95e7081ee6,D. Zator,Cavalry,Defender,2021,defender,25,2136,1,0,15,0,6,0,20,14,16,0,2,1,78,84.0,33,1.39,0,0,0,0,0,0,0,0,0.0,0.0,0.0,0.0,0,0,0,0,0,0,0,0,0,0,0,0,0,,2136.0,,,6.0,1148.0,3.0,68.0,193.0,43.0,2.0,103.0,222.0,795.0,96.0,3.0,,1186.0,14.0,917.0,30.0,199.0,400.0,9.0,125.0,,,142.0,24.0,,75.0,1489.0,25.0,5.0,,80.0,444.0,29.0,10.0,114.0,70.0,16.0,,,64.0,162.0,94.0,,,25.0,,,,30.0,274.0,955.0,987.0,82.0,4.0,48.0,50.0,3.0,,1.0,1.0,,,4.0,31.0,23.0,,,20.0,39.0,16.0,18.0,11.0,4.0,1.0,9.0,15.0,5.0,29.0,,1.0,1.0,,1.0,,1.0,,,,,,,,,,6.0,,1.0,,1.0,,1.0,,,,,,,,,,1.0,1.0,0.0,5.0,,,,,,,,,,,
cpl::Football_Player::ddaa28ce30bc4ad8888405cb267a86cc,Miguel Acosta,Atlético,Defender,2021,defender,27,2430,2,1,5,0,2,1,41,24,19,2,7,0,50,77.0,46,1.7,1,0,1,0,0,0,0,0,0.0,0.0,0.0,0.0,0,0,0,0,0,0,0,0,0,0,0,0,0,,2430.0,,1.0,14.0,963.0,13.0,213.0,365.0,45.0,7.0,82.0,398.0,396.0,151.0,11.0,,988.0,24.0,707.0,45.0,233.0,228.0,11.0,192.0,,,133.0,27.0,,98.0,1643.0,27.0,12.0,,225.0,425.0,17.0,10.0,130.0,48.0,19.0,,,13.0,251.0,59.0,,,27.0,,,,108.0,122.0,735.0,755.0,26.0,3.0,121.0,117.0,1.0,,,,,,24.0,75.0,66.0,4.0,,41.0,22.0,18.0,13.0,34.0,204.0,,3.0,5.0,3.0,7.0,,57.0,6.0,31.0,6.0,20.0,57.0,,2.0,1.0,,,1.0,1.0,2.0,,2.0,,2.0,1.0,2.0,,,,1.0,,,,,,,,0.0,2.0,0.0,37.0,,,,,,,,,,,
cpl::Football_Player::347018d8099042888a6076bd0cea0744,K. Çela,Forge,Defender,2021,defender,6,200,0,0,1,0,0,0,1,5,2,0,2,0,50,90.0,2,0.9,0,0,0,0,0,0,0,0,0.0,0.0,0.0,0.0,0,0,0,0,0,0,0,0,0,0,0,0,0,,200.0,,,,119.0,1.0,16.0,33.0,4.0,2.0,5.0,28.0,79.0,8.0,,,124.0,5.0,108.0,2.0,13.0,35.0,,16.0,,,8.0,2.0,,4.0,166.0,6.0,4.0,,16.0,21.0,4.0,10.0,10.0,3.0,2.0,,,3.0,22.0,5.0,,,6.0,,,,9.0,52.0,106.0,111.0,6.0,,12.0,7.0,,1.0,,,,,2.0,3.0,1.0,,,1.0,1.0,,3.0,2.0,6.0,4.0,1.0,1.0,1.0,1.0,,7.0,1.0,,1.0,1.0,7.0,,,,,,,,,,,,,,,,,,,,,,,,,,0.0,,,2.0,,,,,,,,,,,
cpl::Football_Player::ebfeb9e972964148846658f57142a247,R. Thompson,York,Defender,2021,defender,9,546,0,0,3,0,0,0,8,5,0,1,1,0,59,85.0,8,1.32,0,0,0,0,0,0,0,0,0.0,0.0,0.0,0.0,0,0,0,0,0,0,0,0,0,0,0,0,0,,546.0,,,1.0,310.0,1.0,9.0,83.0,9.0,1.0,27.0,59.0,184.0,23.0,,,317.0,5.0,236.0,6.0,50.0,93.0,5.0,35.0,,,31.0,7.0,,15.0,392.0,9.0,3.0,,23.0,158.0,4.0,10.0,31.0,31.0,,,,19.0,55.0,15.0,,,9.0,,,,11.0,57.0,260.0,267.0,32.0,1.0,24.0,12.0,2.0,3.0,,,,,,12.0,4.0,,,8.0,14.0,4.0,13.0,4.0,10.0,2.0,3.0,3.0,,2.0,,,,3.0,,,,,,,,,,,1.0,,,,,,,,,,,,,,,,,,0.0,,,3.0,,,,,,,,,,,
cpl::Football_Player::6981001867ad42d9b6d9bfc216cfab71,D. Samuel,Forge,Defender,2021,defender,28,2138,0,0,5,0,1,0,16,24,35,0,5,0,67,88.0,20,0.84,0,0,0,0,0,0,0,0,0.0,0.0,0.0,0.0,0,0,0,0,0,0,0,0,0,0,0,0,0,,2138.0,,,3.0,1230.0,,45.0,420.0,19.0,5.0,61.0,204.0,699.0,98.0,,,1278.0,24.0,1065.0,17.0,159.0,367.0,2.0,100.0,,,141.0,23.0,,60.0,1531.0,28.0,12.0,,125.0,527.0,8.0,10.0,120.0,54.0,35.0,,,44.0,190.0,38.0,,,28.0,,,,49.0,339.0,1073.0,1119.0,65.0,9.0,70.0,76.0,3.0,2.0,,,,,23.0,18.0,21.0,,,16.0,14.0,7.0,21.0,2.0,20.0,5.0,4.0,5.0,1.0,13.0,,1.0,,,,5.0,1.0,1.0,1.0,,,,,,,,1.0,,,,,,,,,,,,,,,,0.0,,,20.0,,,,,,,,,,,
cpl::Football_Player::c182423a01294fc4a488163b7c07b7f4,G. Metusala,Forge,Defender,2021,defender,25,1861,2,0,8,0,3,0,28,18,14,1,1,0,58,83.0,20,0.97,0,0,0,0,0,0,0,0,0.0,0.0,0.0,0.0,0,0,0,0,0,0,0,0,0,0,0,0,0,,1861.0,,,4.0,1016.0,8.0,114.0,328.0,9.0,1.0,66.0,273.0,525.0,118.0,,,1035.0,18.0,784.0,17.0,184.0,258.0,10.0,135.0,,,110.0,21.0,,64.0,1384.0,25.0,7.0,,122.0,374.0,26.0,10.0,99.0,67.0,14.0,,,29.0,172.0,39.0,,,25.0,,,,52.0,289.0,836.0,851.0,50.0,6.0,73.0,70.0,3.0,3.0,,,,,14.0,42.0,21.0,,1.0,28.0,23.0,8.0,21.0,14.0,68.0,4.0,5.0,8.0,4.0,8.0,,15.0,2.0,35.0,2.0,5.0,15.0,,,,,,,,1.0,,3.0,,2.0,,2.0,,1.0,,1.0,,,,,,,,0.0,1.0,1.0,14.0,,,,,,,,,,,
cpl::Football_Player::a22a6c20e107412398d843c4ab034577,R. Romeo,Valour,Defender,2021,defender,16,1439,2,0,10,0,4,0,13,19,3,2,6,1,69,86.0,26,1.63,0,0,0,0,0,0,0,0,0.0,0.0,0.0,0.0,0,0,0,0,0,0,0,0,0,0,0,0,0,,1439.0,,2.0,9.0,846.0,2.0,29.0,152.0,24.0,6.0,65.0,138.0,595.0,61.0,1.0,,873.0,19.0,654.0,23.0,126.0,289.0,3.0,80.0,,,85.0,16.0,,47.0,1048.0,16.0,6.0,,55.0,327.0,17.0,10.0,62.0,93.0,3.0,,,37.0,108.0,68.0,,,16.0,,,,30.0,228.0,728.0,747.0,53.0,4.0,46.0,25.0,3.0,,1.0,1.0,,,2.0,20.0,8.0,1.0,,13.0,16.0,5.0,16.0,7.0,3.0,,6.0,10.0,2.0,11.0,,1.0,,1.0,,3.0,1.0,,,,,,,,2.0,,4.0,,2.0,1.0,2.0,,1.0,,,,,,,,,,0.0,1.0,1.0,5.0,,,,,,,,,,,
cpl::Football_Player::46e85b6f18f042fe837554290482828b,A. Đidić,Atlético,Defender,2021,defender,24,2084,3,1,21,0,8,1,19,19,6,0,4,0,72,81.0,35,1.51,0,0,0,0,0,0,0,0,0.0,0.0,0.0,0.0,0,0,0,0,0,0,0,0,0,0,0,0,0,,2084.0,,,14.0,1034.0,3.0,39.0,296.0,46.0,4.0,96.0,224.0,566.0,106.0,3.0,,1063.0,19.0,727.0,29.0,202.0,153.0,6.0,136.0,,,132.0,23.0,,66.0,1396.0,24.0,8.0,,71.0,464.0,34.0,10.0,101.0,134.0,6.0,,,63.0,158.0,147.0,,,24.0,,,,33.0,407.0,837.0,861.0,87.0,5.0,57.0,38.0,6.0,,,,,,4.0,28.0,19.0,2.0,,19.0,57.0,9.0,24.0,9.0,3.0,1.0,13.0,21.0,2.0,15.0,,,1.0,1.0,1.0,2.0,,,,,,,,1.0,,,8.0,1.0,3.0,,3.0,,3.0,,,,,,,,,,0.0,3.0,0.0,6.0,,,,,,,,,,,
cpl::Football_Player::859df54960ef45ef98a04d967baa8d96,R. Boskovic,Ottawa Fury,Defender,2021,defender,5,195,0,0,0,0,0,0,4,5,2,0,0,0,75,80.0,4,1.85,0,0,0,0,0,0,0,0,0.0,0.0,0.0,0.0,0,0,0,0,0,0,0,0,0,0,0,0,0,,195.0,,,2.0,141.0,,10.0,48.0,3.0,,11.0,37.0,66.0,18.0,,,143.0,5.0,100.0,4.0,29.0,56.0,,16.0,,,9.0,3.0,,13.0,180.0,5.0,4.0,,17.0,68.0,,10.0,10.0,14.0,2.0,,,3.0,21.0,2.0,,,5.0,,,,10.0,9.0,112.0,114.0,4.0,,11.0,7.0,,3.0,,,,,1.0,4.0,3.0,,,4.0,3.0,1.0,1.0,,12.0,2.0,,,,1.0,,,,3.0,,1.0,,,,,,,,,,,,,,,,,,,,,,,,,,,0.0,0.0,0.0,1.0,,,,,,,,,,,
cpl::Football_Player::8a6c8e7f553849f9a237ca5dd408e66d,B. Levis,Atlético,Defender,2021,defender,16,960,1,0,12,0,4,0,26,22,24,2,4,0,48,83.0,18,1.69,5,0,0,0,0,0,0,0,0.0,0.0,0.0,0.0,0,0,0,0,0,0,0,0,0,0,0,0,0,,960.0,,,1.0,430.0,1.0,107.0,200.0,4.0,4.0,11.0,132.0,174.0,65.0,1.0,,442.0,22.0,350.0,14.0,76.0,142.0,12.0,62.0,,,77.0,14.0,,24.0,677.0,16.0,18.0,,151.0,136.0,12.0,10.0,93.0,16.0,24.0,,,13.0,178.0,13.0,,,16.0,,,,71.0,57.0,357.0,366.0,27.0,1.0,85.0,80.0,4.0,11.0,,,,,23.0,33.0,15.0,,,26.0,7.0,6.0,14.0,7.0,24.0,2.0,8.0,12.0,2.0,2.0,,6.0,8.0,7.0,5.0,14.0,10.0,1.0,,5.0,,2.0,,,2.0,3.0,4.0,,1.0,1.0,1.0,,,,,,,,,,,,0.0,0.0,1.0,25.0,,,,,,,,,,,
cpl::Football_Player::1b51a11201234c7ea6415ff935930a82,A. Baquero,Valour,Defender,2021,defender,23,1830,1,0,12,0,5,0,34,35,15,3,4,0,52,83.0,23,1.13,11,0,0,0,0,0,0,0,0.0,0.0,0.0,0.0,0,0,0,0,0,0,0,0,0,0,0,0,0,,1830.0,,,2.0,1051.0,7.0,164.0,390.0,23.0,4.0,57.0,307.0,510.0,133.0,1.0,,1082.0,35.0,814.0,21.0,190.0,72.0,15.0,155.0,,,138.0,19.0,,60.0,1575.0,23.0,23.0,,193.0,410.0,19.0,10.0,105.0,78.0,15.0,,,9.0,210.0,33.0,,,23.0,,,,97.0,436.0,864.0,892.0,17.0,5.0,105.0,96.0,2.0,5.0,,,,,20.0,62.0,40.0,1.0,,34.0,36.0,14.0,8.0,28.0,125.0,4.0,7.0,12.0,8.0,5.0,,19.0,8.0,21.0,4.0,16.0,25.0,4.0,1.0,11.0,,5.0,,,3.0,4.0,5.0,1.0,1.0,1.0,,,,1.0,,,,,,,,,0.0,0.0,1.0,39.0,,,,,,,,,,,
cpl::Football_Player::d1433885dbb94149b5acefd04d818f56,B. John,Atlético,Defender,2021,defender,5,147,0,0,1,0,1,0,2,2,4,0,0,0,100,76.0,3,1.84,0,0,0,0,0,0,0,0,0.0,0.0,0.0,0.0,0,0,0,0,0,0,0,0,0,0,0,0,0,,147.0,,,1.0,64.0,,8.0,11.0,2.0,,9.0,17.0,38.0,7.0,1.0,,65.0,2.0,44.0,3.0,16.0,12.0,1.0,12.0,,,4.0,2.0,,4.0,76.0,5.0,1.0,,7.0,19.0,1.0,10.0,6.0,5.0,4.0,,,1.0,8.0,1.0,,,5.0,,,,2.0,26.0,48.0,49.0,1.0,,2.0,5.0,,2.0,,,,,,2.0,1.0,,,2.0,1.0,,,,,3.0,,1.0,,,,,,1.0,,,,,,,,,,,,,1.0,,,,,,,,,,,,,,,,0.0,0.0,0.0,,,,,,,,,,,,
cpl::Football_Player::a75ac9bdd7fe4c87bd657f07db89d6e2,M. Kapor,Atlético,Defender,2021,defender,21,1756,0,0,3,0,0,0,7,17,6,0,4,0,43,88.0,28,1.44,0,0,0,0,0,0,0,0,0.0,0.0,0.0,0.0,0,0,0,0,0,0,0,0,0,0,0,0,0,,1756.0,,2.0,12.0,885.0,1.0,46.0,162.0,20.0,4.0,73.0,125.0,639.0,45.0,9.0,,919.0,17.0,707.0,28.0,118.0,225.0,1.0,85.0,,,59.0,20.0,,34.0,1096.0,21.0,6.0,,50.0,298.0,11.0,10.0,48.0,94.0,6.0,,,23.0,103.0,62.0,,,21.0,,,2.0,25.0,350.0,778.0,801.0,53.0,2.0,55.0,25.0,,3.0,,,,,2.0,17.0,10.0,2.0,,7.0,31.0,7.0,30.0,10.0,2.0,1.0,3.0,3.0,4.0,15.0,,1.0,,,,,1.0,,,,,,,,,,,,,,,,,,,,1.0,,,,,,0.0,0.0,0.0,2.0,,,,,,,,,,,
cpl::Football_Player::3ebb1a23b8bf4400bf5519f616825cad,K. Sow,Wanderers,Defender,2021,defender,11,900,0,0,0,0,0,0,14,6,5,0,0,0,64,87.0,11,1.1,0,0,0,0,0,0,0,0,0.0,0.0,0.0,0.0,0,0,0,0,0,0,0,0,0,0,0,0,0,,900.0,1.0,,1.0,524.0,1.0,40.0,134.0,6.0,,31.0,92.0,333.0,43.0,1.0,,539.0,6.0,431.0,9.0,74.0,187.0,2.0,38.0,,,55.0,10.0,,38.0,650.0,11.0,3.0,,53.0,222.0,3.0,10.0,41.0,34.0,5.0,,,9.0,67.0,24.0,,,11.0,,,,21.0,90.0,450.0,465.0,14.0,2.0,26.0,32.0,2.0,1.0,,,,,4.0,23.0,7.0,,,14.0,11.0,3.0,5.0,9.0,7.0,1.0,,,,2.0,,2.0,2.0,,2.0,1.0,2.0,,,,,,,,,,,,,,,,,,,,,,,,,,0.0,0.0,0.0,4.0,,,,,,,,,,,
cpl::Football_Player::d46e06f14e0d47e58d6f5f00e1eabfa9,T. Meilleur-Giguère,Wanderers,Defender,2021,defender,10,745,0,0,4,0,1,0,7,1,3,0,1,0,58,84.0,8,0.97,0,0,0,0,0,0,0,0,0.0,0.0,0.0,0.0,0,0,0,0,0,0,0,0,0,0,0,0,0,,745.0,,,5.0,527.0,2.0,18.0,107.0,27.0,1.0,59.0,96.0,340.0,30.0,1.0,,536.0,1.0,388.0,8.0,89.0,161.0,1.0,63.0,,,41.0,7.0,,26.0,635.0,10.0,,,23.0,195.0,8.0,10.0,34.0,59.0,3.0,,,17.0,52.0,34.0,,,10.0,,,,6.0,162.0,440.0,447.0,29.0,2.0,18.0,17.0,,,,,,,3.0,12.0,9.0,,,7.0,14.0,7.0,12.0,5.0,,3.0,3.0,4.0,1.0,2.0,,,,,,2.0,,,,,,,,,,,1.0,,,,,,,,,,,,,,,,0.0,0.0,0.0,2.0,,,,,,,,,,,
cpl::Football_Player::88981199ee1c47cbb911a6b22266e324,M. Tissot,Atlético,Defender,2021,defender,13,547,0,1,6,0,1,1,2,10,10,1,3,0,58,86.0,3,0.49,5,0,1,0,0,0,0,0,0.0,0.0,0.0,0.0,0,0,0,0,0,0,0,0,0,0,0,0,0,,547.0,,,3.0,299.0,2.0,51.0,121.0,7.0,3.0,27.0,55.0,150.0,19.0,,,313.0,10.0,235.0,3.0,46.0,98.0,1.0,36.0,,,30.0,4.0,,13.0,379.0,13.0,5.0,,33.0,105.0,1.0,10.0,26.0,32.0,10.0,,,7.0,45.0,11.0,,,13.0,,,,14.0,59.0,253.0,267.0,12.0,1.0,19.0,19.0,,2.0,,,,,3.0,7.0,10.0,,,2.0,4.0,3.0,5.0,5.0,1.0,9.0,5.0,6.0,2.0,2.0,,2.0,4.0,,2.0,,3.0,2.0,,5.0,,1.0,1.0,1.0,1.0,2.0,1.0,1.0,,,,,,,,,,,,,,,0.0,,,3.0,,,,,,,,,,,
cpl::Football_Player::d29736b5baf24409acfa96d3a52436e1,A. Jean-Baptiste,Valour,Defender,2021,defender,7,554,2,0,2,0,2,0,1,6,3,0,0,0,58,79.0,2,0.32,0,0,0,0,0,0,0,0,0.0,0.0,0.0,0.0,0,0,0,0,0,0,0,0,0,0,0,0,0,,554.0,,,3.0,231.0,1.0,10.0,38.0,7.0,,27.0,54.0,150.0,25.0,,,239.0,6.0,163.0,2.0,52.0,67.0,1.0,28.0,,,20.0,7.0,,24.0,318.0,7.0,4.0,,15.0,107.0,4.0,10.0,24.0,24.0,3.0,,,14.0,39.0,30.0,,,7.0,,,,5.0,55.0,181.0,187.0,24.0,5.0,15.0,10.0,,1.0,,,,,1.0,6.0,4.0,,,1.0,12.0,2.0,10.0,5.0,3.0,,,2.0,2.0,8.0,1.0,,1.0,1.0,1.0,,,,,,,,,,,,2.0,,2.0,,2.0,,2.0,,,,,,,,,,1.0,1.0,1.0,,,,,,,,,,,,
cpl::Football_Player::025b3abb0a9541f29ad82d9cd2eb8335,J. Escalante,Cavalry,Midfielder,2021,midfielder,26,2089,1,3,17,0,7,3,31,32,46,5,9,0,53,72.0,26,1.12,45,0,2,0,0,0,0,0,0.0,0.0,0.0,0.0,0,0,0,0,0,0,0,0,0,0,0,0,0,,2089.0,,2.0,3.0,697.0,17.0,160.0,298.0,33.0,9.0,86.0,428.0,257.0,124.0,4.0,,727.0,32.0,464.0,23.0,210.0,265.0,27.0,248.0,,,135.0,24.0,,63.0,1350.0,26.0,18.0,,223.0,246.0,33.0,10.0,130.0,53.0,46.0,,,15.0,251.0,20.0,,,26.0,,,,108.0,56.0,495.0,517.0,28.0,6.0,121.0,115.0,3.0,10.0,,,,,23.0,46.0,45.0,3.0,,31.0,22.0,17.0,13.0,15.0,128.0,2.0,10.0,17.0,6.0,1.0,,69.0,38.0,20.0,18.0,33.0,101.0,1.0,,45.0,,20.0,1.0,3.0,5.0,16.0,7.0,2.0,1.0,1.0,1.0,,,,,,1.0,,,,,,1.0,1.0,0.0,49.0,,,,,,,,,,,
cpl::Football_Player::316e45756fc44527ada7b1ea025918b0,J. Di Chiara,York,Midfielder,2021,midfielder,25,1519,1,3,20,0,9,3,26,33,46,2,4,1,43,84.0,26,1.54,1,0,0,0,0,0,0,0,0.0,0.0,0.0,0.0,0,0,0,0,0,0,0,0,0,0,0,0,0,,1519.0,,,1.0,648.0,5.0,151.0,337.0,3.0,4.0,10.0,189.0,224.0,97.0,4.0,,667.0,33.0,542.0,23.0,107.0,166.0,14.0,89.0,,,82.0,15.0,,22.0,960.0,25.0,24.0,,198.0,173.0,48.0,10.0,133.0,18.0,46.0,,,29.0,264.0,10.0,,,25.0,,,,94.0,177.0,541.0,560.0,66.0,3.0,131.0,104.0,3.0,5.0,1.0,,,,14.0,45.0,30.0,2.0,,26.0,16.0,14.0,37.0,19.0,9.0,10.0,11.0,20.0,8.0,2.0,,4.0,1.0,,,14.0,4.0,2.0,8.0,1.0,1.0,,1.0,3.0,2.0,1.0,9.0,2.0,1.0,,1.0,1.0,,,1.0,,,,,,,,0.0,1.0,0.0,36.0,,,,,,,,,,,
cpl::Football_Player::9a6571b3737143b79989244b08fbd50d,S. Camargo,Cavalry,Midfielder,2021,midfielder,23,1313,4,2,21,0,13,2,4,13,23,5,3,0,50,79.0,17,1.17,3,0,0,1,0,0,0,0,0.0,0.0,0.0,0.0,0,0,0,0,0,0,0,0,0,0,0,0,0,,1313.0,,,,426.0,17.0,104.0,251.0,3.0,3.0,15.0,218.0,108.0,84.0,1.0,,453.0,13.0,337.0,17.0,99.0,116.0,24.0,99.0,,,76.0,19.0,,12.0,716.0,23.0,3.0,,113.0,148.0,68.0,10.0,62.0,17.0,23.0,,,10.0,133.0,1.0,,,23.0,,,,61.0,85.0,327.0,354.0,20.0,,71.0,52.0,,18.0,,,,,22.0,7.0,25.0,2.0,,4.0,5.0,12.0,10.0,3.0,8.0,4.0,8.0,21.0,3.0,,,11.0,5.0,3.0,4.0,24.0,12.0,4.0,6.0,3.0,,1.0,2.0,2.0,5.0,1.0,13.0,,4.0,1.0,3.0,,2.0,1.0,1.0,1.0,,,1.0,,,,0.0,3.0,1.0,42.0,,,,,,,,,,,
cpl::Football_Player::9a58790e005543519bc2d1f7e0734a02,D. Reas-Do,Cavalry,Midfielder,2021,midfielder,0,0,0,0,0,0,0,0,0,0,0,0,0,0,0,,0,,0,0,0,0,0,0,0,0,0.0,0.0,0.0,0.0,0,0,0,0,0,0,0,0,0,0,0,0,0,,,,,,,,,,,,,,,,,,,,,,,,,,,,,,,,,,,,,,,,,,,,,,,,,,,,,,,,,,,,,,,,,,,,,,,,,,,,,,,,,,,,,,,,,,,,,,,,,,,,,,,,,,,,,,,,,,,,,,,,,,,,,,,,,,
cpl::Football_Player::423863e33e8f4745b70e6092f11a184d,B. Fisk,Vancouver FC,Midfielder,2021,midfielder,18,1171,1,5,11,0,4,5,11,5,10,5,0,0,15,75.0,14,1.08,30,0,0,0,0,0,0,0,0.0,0.0,0.0,0.0,0,0,0,0,0,0,0,0,0,0,0,0,0,,1171.0,,,,344.0,9.0,79.0,203.0,1.0,,13.0,216.0,80.0,79.0,2.0,,355.0,5.0,242.0,14.0,92.0,100.0,18.0,123.0,,,53.0,14.0,,21.0,609.0,18.0,2.0,,97.0,127.0,26.0,10.0,45.0,21.0,10.0,,,3.0,116.0,5.0,,,18.0,,,,55.0,49.0,255.0,263.0,19.0,1.0,71.0,42.0,,10.0,,,,,15.0,17.0,35.0,,,11.0,3.0,18.0,16.0,6.0,5.0,4.0,7.0,11.0,11.0,1.0,,31.0,20.0,,5.0,13.0,52.0,4.0,4.0,30.0,,16.0,4.0,5.0,5.0,12.0,4.0,,1.0,1.0,1.0,1.0,,,,,1.0,,,,,,0.0,0.0,1.0,32.0,,,,,,,,,,,
cpl::Football_Player::17728b7d96ed4d229e797e5ee1ba6fa8,T. Gardner,Edmonton,Midfielder,2021,midfielder,10,487,0,0,3,0,1,0,8,9,7,1,0,0,30,87.0,5,0.92,1,0,0,0,0,0,0,0,0.0,0.0,0.0,0.0,0,0,0,0,0,0,0,0,0,0,0,0,0,,487.0,,,,212.0,3.0,51.0,108.0,,,5.0,65.0,78.0,24.0,,,214.0,9.0,182.0,5.0,29.0,66.0,5.0,27.0,,,26.0,5.0,,3.0,299.0,10.0,2.0,,51.0,61.0,12.0,10.0,27.0,3.0,7.0,,,4.0,64.0,,,,10.0,,,,28.0,36.0,183.0,185.0,13.0,,37.0,23.0,,5.0,,,,,7.0,9.0,8.0,1.0,,8.0,4.0,5.0,9.0,1.0,1.0,5.0,2.0,3.0,2.0,,,,1.0,,1.0,4.0,1.0,3.0,1.0,1.0,,1.0,,,1.0,,1.0,,,,,,,,,,,,,,,,0.0,0.0,0.0,13.0,,,,,,,,,,,
cpl::Football_Player::18e486a41b7241688feba37e02c26f4a,V. Loturi,Montréal,Midfielder,2021,midfielder,28,1745,2,1,6,0,4,1,31,25,23,0,5,0,32,87.0,22,1.13,8,0,0,0,0,0,0,0,0.0,0.0,0.0,0.0,0,0,0,0,0,0,0,0,0,0,0,0,0,,1745.0,,,,846.0,3.0,212.0,329.0,7.0,5.0,28.0,189.0,421.0,92.0,3.0,,864.0,25.0,714.0,20.0,120.0,238.0,19.0,105.0,,,155.0,16.0,,24.0,1165.0,28.0,15.0,,171.0,260.0,21.0,10.0,110.0,30.0,23.0,,,14.0,214.0,10.0,,,28.0,,,,75.0,154.0,726.0,744.0,43.0,4.0,104.0,96.0,2.0,5.0,,,,,25.0,48.0,30.0,3.0,,31.0,36.0,20.0,29.0,17.0,3.0,12.0,2.0,6.0,9.0,4.0,,5.0,6.0,,1.0,12.0,9.0,3.0,7.0,8.0,,3.0,1.0,1.0,,5.0,4.0,,2.0,1.0,2.0,,,,1.0,,,,,,,,0.0,0.0,2.0,30.0,,,,,,,,,,,
cpl::Football_Player::3f9fd29f429f4cf7838256806a93e993,N. Ledgerwood,Cavalry,Midfielder,2021,midfielder,20,1327,1,0,8,0,4,0,24,34,22,0,7,0,54,72.0,14,0.95,43,0,0,0,0,0,0,0,0.0,0.0,0.0,0.0,0,0,0,0,0,0,0,0,0,0,0,0,0,,1327.0,,1.0,5.0,505.0,14.0,94.0,227.0,15.0,7.0,41.0,225.0,191.0,115.0,2.0,,547.0,34.0,346.0,12.0,156.0,112.0,18.0,161.0,,,89.0,18.0,,30.0,776.0,20.0,25.0,,132.0,206.0,15.0,10.0,71.0,45.0,22.0,,,12.0,154.0,6.0,,,20.0,,,,73.0,135.0,357.0,391.0,22.0,2.0,83.0,59.0,2.0,11.0,,,,,2.0,37.0,24.0,1.0,,24.0,13.0,12.0,10.0,13.0,3.0,2.0,4.0,8.0,8.0,3.0,,11.0,27.0,2.0,4.0,5.0,35.0,2.0,4.0,43.0,,18.0,,,,17.0,4.0,3.0,1.0,1.0,,,,1.0,,,1.0,1.0,,,,,0.0,0.0,1.0,12.0,,,,,,,,,,,
cpl::Football_Player::f52a8b692a56475c9c08c17236a42e86,S. Shome,Cavalry,Midfielder,2021,midfielder,27,2186,0,2,14,0,4,2,34,43,17,3,2,0,59,81.0,36,1.48,0,0,1,0,0,0,0,0,0.0,0.0,0.0,0.0,0,0,0,0,0,0,0,0,0,0,0,0,0,,2186.0,,,1.0,790.0,6.0,127.0,399.0,5.0,2.0,21.0,262.0,248.0,139.0,4.0,,805.0,43.0,617.0,32.0,160.0,206.0,18.0,131.0,,,124.0,25.0,,39.0,1138.0,27.0,22.0,,201.0,307.0,40.0,10.0,123.0,28.0,17.0,,,37.0,263.0,14.0,,,27.0,,,,115.0,165.0,631.0,645.0,62.0,4.0,140.0,86.0,4.0,11.0,,,,,12.0,57.0,49.0,6.0,,34.0,24.0,31.0,25.0,23.0,6.0,2.0,10.0,14.0,9.0,7.0,,10.0,2.0,,2.0,21.0,10.0,3.0,13.0,,,,1.0,2.0,3.0,,4.0,,,,,1.0,,,,,,,,,,,0.0,0.0,0.0,35.0,,,,,,,,,,,
cpl::Football_Player::888d5cd82ec54bbf84b6a4a2e2134a86,M. Durrans,Edmonton,Midfielder,2021,midfielder,16,321,0,1,11,0,6,1,4,7,6,3,0,0,16,67.0,7,1.96,0,0,1,0,0,0,0,0,0.0,0.0,0.0,0.0,0,0,0,0,0,0,0,0,0,0,0,0,0,,321.0,,,,69.0,4.0,25.0,33.0,,,2.0,44.0,16.0,23.0,1.0,,74.0,7.0,46.0,6.0,25.0,10.0,6.0,21.0,,,12.0,2.0,,5.0,135.0,16.0,3.0,,31.0,19.0,23.0,10.0,19.0,3.0,6.0,,,3.0,49.0,1.0,,,16.0,,,,15.0,20.0,44.0,49.0,18.0,,30.0,16.0,1.0,1.0,,,,,4.0,6.0,5.0,1.0,,4.0,1.0,2.0,15.0,2.0,,14.0,5.0,11.0,5.0,,,1.0,,,,2.0,1.0,,,,,,,1.0,3.0,,6.0,,,,,,,,,,,,,,,,0.0,0.0,0.0,6.0,,,,,,,,,,,
cpl::Football_Player::4a6d5e39917444859fc535fdf684b690,Adam Najem,Edmonton,Midfielder,2021,midfielder,16,1211,1,2,13,0,6,2,21,13,12,0,4,0,26,83.0,27,2.01,2,0,1,0,0,0,0,0,0.0,0.0,0.0,0.0,0,0,0,0,0,0,0,0,0,0,0,0,0,,1211.0,,,2.0,510.0,4.0,115.0,262.0,9.0,4.0,21.0,133.0,167.0,71.0,2.0,,520.0,13.0,404.0,23.0,92.0,168.0,16.0,76.0,,,78.0,14.0,,23.0,680.0,16.0,12.0,,105.0,136.0,26.0,10.0,53.0,24.0,12.0,,,5.0,124.0,3.0,,,16.0,,,,57.0,101.0,418.0,428.0,19.0,,71.0,48.0,4.0,9.0,,,,,3.0,33.0,27.0,1.0,,21.0,12.0,12.0,14.0,12.0,8.0,2.0,7.0,13.0,1.0,,,4.0,1.0,1.0,1.0,8.0,7.0,1.0,3.0,2.0,,1.0,2.0,2.0,,1.0,6.0,,1.0,1.0,1.0,2.0,,,,,,,,,,,0.0,1.0,0.0,21.0,,,,,,,,,,,
cpl::Football_Player::06a2eff249fd4320a2c4753d25ea5f0f,M. Polisi,Valour,Midfielder,2021,midfielder,15,1013,0,0,5,0,1,0,17,21,14,0,3,0,45,88.0,15,1.33,0,0,0,0,0,0,0,0,0.0,0.0,0.0,0.0,0,0,0,0,0,0,0,0,0,0,0,0,0,,1013.0,,,1.0,691.0,,96.0,247.0,11.0,3.0,33.0,112.0,369.0,52.0,1.0,,701.0,21.0,576.0,11.0,85.0,202.0,3.0,52.0,,,76.0,11.0,,34.0,855.0,15.0,12.0,,123.0,184.0,2.0,10.0,70.0,40.0,14.0,,,5.0,134.0,14.0,,,15.0,,,,58.0,219.0,607.0,616.0,11.0,3.0,64.0,65.0,4.0,3.0,,,,,13.0,38.0,17.0,2.0,,17.0,10.0,10.0,6.0,21.0,3.0,4.0,4.0,5.0,,1.0,,1.0,,,,2.0,1.0,1.0,3.0,,,,,,,,1.0,,,,,,,,,,,,,,,,0.0,0.0,0.0,9.0,,,,,,,,,,,
cpl::Football_Player::6bda12878690489697b20b110e311ad1,E. Simmons,Vancouver FC,Midfielder,2021,midfielder,25,1568,1,0,4,0,2,0,32,22,8,0,3,0,48,85.0,16,0.92,11,0,0,0,0,0,0,0,0.0,0.0,0.0,0.0,0,0,0,0,0,0,0,0,0,0,0,0,0,,1568.0,,,2.0,884.0,2.0,112.0,344.0,10.0,3.0,24.0,206.0,413.0,117.0,3.0,,894.0,22.0,716.0,15.0,141.0,229.0,15.0,107.0,,,125.0,17.0,,43.0,1134.0,25.0,15.0,,134.0,312.0,11.0,10.0,76.0,37.0,8.0,,,13.0,161.0,18.0,,,25.0,,,,71.0,241.0,743.0,753.0,27.0,7.0,85.0,63.0,1.0,5.0,,,,,9.0,47.0,39.0,,,32.0,23.0,21.0,14.0,15.0,2.0,8.0,2.0,4.0,3.0,5.0,,2.0,4.0,,1.0,8.0,9.0,,3.0,11.0,,7.0,,,,3.0,2.0,,1.0,1.0,1.0,,,,,,,,,,,,0.0,0.0,1.0,24.0,,,,,,,,,,,
cpl::Football_Player::ea993e84d28d42ad8bdef8cff90110c3,J. Gagnon-Laparé,Wanderers,Midfielder,2021,midfielder,22,1838,0,3,11,0,3,3,41,28,33,1,3,0,57,87.0,23,1.13,50,0,1,0,0,0,0,0,0.0,0.0,0.0,0.0,0,0,0,0,0,0,0,0,0,0,0,0,0,,1838.0,,,7.0,1078.0,9.0,216.0,521.0,17.0,3.0,48.0,277.0,464.0,105.0,1.0,,1118.0,28.0,885.0,16.0,153.0,436.0,29.0,178.0,,,128.0,20.0,,44.0,1559.0,22.0,10.0,,176.0,323.0,31.0,10.0,118.0,80.0,33.0,,,15.0,202.0,20.0,,,22.0,,,,73.0,143.0,930.0,965.0,26.0,7.0,84.0,103.0,7.0,,,,,,18.0,52.0,35.0,5.0,,41.0,19.0,16.0,11.0,11.0,81.0,2.0,8.0,11.0,6.0,5.0,,17.0,20.0,5.0,7.0,5.0,69.0,2.0,9.0,50.0,,41.0,3.0,3.0,1.0,7.0,3.0,2.0,,,,1.0,,,,,,,,,,,0.0,0.0,0.0,22.0,,,,,,,,,,,
cpl::Football_Player::6f0bf504d0ed4e47b885d8b0f7634541,A. González,Edmonton,Midfielder,2021,midfielder,16,1094,5,3,25,0,16,3,14,7,24,8,1,0,50,79.0,17,1.4,0,0,1,0,0,0,0,0,0.0,0.0,0.0,0.0,0,0,0,0,0,0,0,0,0,0,0,0,0,,1094.0,,,,360.0,9.0,147.0,191.0,4.0,1.0,15.0,146.0,106.0,66.0,2.0,,377.0,7.0,279.0,15.0,81.0,88.0,14.0,66.0,,,60.0,13.0,,26.0,559.0,16.0,3.0,,99.0,103.0,47.0,10.0,55.0,17.0,24.0,,,4.0,107.0,1.0,,,16.0,,,,48.0,39.0,279.0,296.0,8.0,1.0,52.0,51.0,2.0,8.0,,,,,8.0,19.0,19.0,,,14.0,6.0,10.0,4.0,5.0,5.0,3.0,9.0,25.0,8.0,,,11.0,1.0,,1.0,13.0,11.0,2.0,6.0,,,,2.0,3.0,8.0,,16.0,,5.0,2.0,5.0,,1.0,,2.0,,,,,,,,0.0,3.0,2.0,26.0,,,,,,,,,,,
cpl::Football_Player::c3a357530ca345ee801114eea7ffc636,Soria,Edmonton,Midfielder,2021,midfielder,26,2112,1,1,11,0,4,1,18,10,9,0,2,0,57,82.0,36,1.53,1,0,0,0,0,0,0,0,0.0,0.0,0.0,0.0,0,0,0,0,0,0,0,0,0,0,0,0,0,,2112.0,,,11.0,982.0,3.0,107.0,334.0,37.0,2.0,86.0,223.0,501.0,101.0,3.0,,1022.0,10.0,763.0,30.0,187.0,292.0,4.0,130.0,,,118.0,23.0,,64.0,1225.0,26.0,6.0,,82.0,437.0,13.0,10.0,77.0,72.0,9.0,,,28.0,131.0,34.0,,,26.0,,,,33.0,186.0,804.0,835.0,49.0,3.0,54.0,49.0,6.0,3.0,,,,,3.0,37.0,18.0,,,18.0,28.0,8.0,21.0,19.0,2.0,3.0,7.0,11.0,2.0,7.0,,5.0,,1.0,,1.0,7.0,1.0,5.0,1.0,,1.0,1.0,1.0,,,4.0,,1.0,,1.0,,,,1.0,,,,,,,,1.0,1.0,0.0,5.0,,,,,,,,,,,
cpl::Football_Player::f77e3806065040479a624ed8a41a3971,S. Firth,Wanderers,Midfielder,2021,midfielder,10,504,0,0,1,0,0,0,8,9,1,0,1,0,41,82.0,6,1.07,1,0,0,0,0,0,0,0,0.0,0.0,0.0,0.0,0,0,0,0,0,0,0,0,0,0,0,0,0,,504.0,,,1.0,208.0,,47.0,77.0,2.0,1.0,12.0,54.0,92.0,27.0,,,208.0,9.0,162.0,4.0,39.0,55.0,2.0,24.0,,,25.0,7.0,,16.0,263.0,10.0,6.0,,33.0,57.0,,10.0,19.0,7.0,1.0,,,5.0,45.0,2.0,,,10.0,,,,19.0,49.0,169.0,169.0,12.0,,26.0,14.0,2.0,6.0,,,,,2.0,11.0,9.0,1.0,,8.0,8.0,5.0,7.0,3.0,,3.0,1.0,1.0,1.0,1.0,,,,,,1.0,1.0,,4.0,1.0,,1.0,,,,,,1.0,,,,1.0,,,,,,,,,,,0.0,0.0,0.0,2.0,,,,,,,,,,,
cpl::Football_Player::eae44bc0cb2c42dd86f566cebebbf690,O. Bassett,Atlético,Midfielder,2021,midfielder,20,1304,2,3,15,0,7,3,20,23,13,2,3,0,50,89.0,16,1.1,49,0,1,0,0,0,0,0,0.0,0.0,0.0,0.0,0,0,0,0,0,0,0,0,0,0,0,0,0,,1304.0,,,1.0,779.0,7.0,198.0,427.0,4.0,3.0,17.0,200.0,302.0,74.0,1.0,,801.0,23.0,670.0,13.0,91.0,213.0,17.0,108.0,,,87.0,15.0,,22.0,1062.0,20.0,16.0,,137.0,214.0,15.0,10.0,63.0,40.0,13.0,,,8.0,153.0,4.0,,,20.0,,,,82.0,176.0,692.0,710.0,16.0,2.0,90.0,55.0,3.0,10.0,,,,,16.0,27.0,20.0,,,20.0,10.0,12.0,8.0,7.0,7.0,5.0,8.0,15.0,7.0,1.0,,8.0,19.0,1.0,,22.0,39.0,1.0,2.0,49.0,,25.0,3.0,3.0,2.0,16.0,7.0,4.0,2.0,2.0,1.0,,,1.0,,,,,,,,,1.0,2.0,0.0,38.0,,,,,,,,,,,
cpl::Football_Player::1c8d4e6412fa41c1891f61750aac16c1,A. Portal,Simcoe County,Midfielder,2021,midfielder,10,808,0,0,1,0,1,0,21,16,6,0,2,0,25,87.0,7,0.78,0,0,0,0,0,0,0,0,0.0,0.0,0.0,0.0,0,0,0,0,0,0,0,0,0,0,0,0,0,,808.0,,,4.0,357.0,2.0,57.0,117.0,6.0,2.0,16.0,94.0,195.0,34.0,,,361.0,16.0,302.0,6.0,50.0,67.0,1.0,39.0,,,63.0,9.0,,23.0,551.0,10.0,9.0,,86.0,136.0,8.0,10.0,48.0,9.0,6.0,,,2.0,94.0,12.0,,,10.0,,,,40.0,101.0,307.0,311.0,8.0,5.0,46.0,46.0,1.0,1.0,,,,,10.0,30.0,9.0,2.0,,21.0,7.0,5.0,6.0,9.0,56.0,1.0,,1.0,1.0,,,12.0,1.0,6.0,1.0,2.0,12.0,,,,,,,,,,1.0,,,,,1.0,,,,,,,,,,,0.0,0.0,0.0,6.0,,,,,,,,,,,
cpl::Football_Player::3e29f3a4fcaa401fb6b92e75b6a94f42,M. Piepgrass,Cavalry,Midfielder,2021,midfielder,2,22,0,0,0,0,0,0,0,0,0,0,0,0,0,100.0,0,0.0,0,0,0,0,0,0,0,0,0.0,0.0,0.0,0.0,0,0,0,0,0,0,0,0,0,0,0,0,0,,22.0,,,,7.0,,3.0,1.0,,,,,6.0,,,,7.0,,7.0,,,1.0,,,,,1.0,,,,8.0,2.0,,,,1.0,,10.0,,,,,,,,,,,2.0,,,,,2.0,7.0,7.0,,,,,,,,,,,,,,,,,,,,,,2.0,,,,,,,,,,,,,,,,,,,,,,,,,,,,,,,,,,,,,0.0,0.0,0.0,,,,,,,,,,,,
cpl::Football_Player::59f1720a6c014b7d996e9f3c63ebfaca,A. Yıldız,Scottish,Midfielder,2021,midfielder,0,0,0,0,0,0,0,0,0,0,0,0,0,0,0,,0,,0,0,0,0,0,0,0,0,0.0,0.0,0.0,0.0,0,0,0,0,0,0,0,0,0,0,0,0,0,,,,,,,,,,,,,,,,,,,,,,,,,,,,,,,,,,,,,,,,,,,,,,,,,,,,,,,,,,,,,,,,,,,,,,,,,,,,,,,,,,,,,,,,,,,,,,,,,,,,,,,,,,,,,,,,,,,,,,,,,,,,,,,,,,
cpl::Football_Player::52d99817ceb0499ead24ec2a7544f687,M. Camara,Wanderers,Midfielder,2021,midfielder,10,434,1,0,5,0,1,0,6,9,4,2,3,0,41,78.0,6,1.24,0,0,1,0,0,0,0,0,0.0,0.0,0.0,0.0,0,0,0,0,0,0,0,0,0,0,0,0,0,,434.0,,,,86.0,2.0,32.0,42.0,,3.0,2.0,45.0,31.0,19.0,,,94.0,9.0,72.0,5.0,21.0,24.0,2.0,19.0,,,8.0,5.0,,3.0,161.0,10.0,4.0,,36.0,19.0,24.0,10.0,26.0,1.0,4.0,,,7.0,53.0,1.0,,,10.0,,,,17.0,19.0,65.0,73.0,17.0,1.0,27.0,19.0,1.0,4.0,,,,,5.0,10.0,3.0,2.0,,6.0,3.0,3.0,10.0,4.0,,5.0,4.0,5.0,1.0,,,1.0,,,,2.0,1.0,1.0,3.0,,,,,,2.0,,1.0,,1.0,,1.0,,,,1.0,,,,,,,,0.0,0.0,1.0,5.0,,,,,,,,,,,
cpl::Football_Player::cf6994b565344d65880882873de4ede4,J. Wilson,York,Midfielder,2021,midfielder,26,2156,2,0,9,0,4,0,26,39,38,0,8,0,57,84.0,37,1.54,0,0,1,0,0,0,0,0,0.0,0.0,0.0,0.0,0,0,0,0,0,0,0,0,0,0,0,0,0,,2156.0,,2.0,7.0,964.0,1.0,53.0,215.0,27.0,8.0,86.0,193.0,632.0,80.0,3.0,,1012.0,39.0,784.0,34.0,166.0,194.0,6.0,112.0,,,121.0,24.0,,55.0,1290.0,26.0,21.0,,163.0,426.0,15.0,10.0,129.0,62.0,38.0,,,28.0,212.0,47.0,,,26.0,,,,62.0,339.0,805.0,846.0,49.0,5.0,83.0,101.0,3.0,2.0,,,,,17.0,46.0,13.0,3.0,,26.0,32.0,9.0,21.0,20.0,,2.0,5.0,9.0,1.0,20.0,,1.0,1.0,,1.0,4.0,1.0,,,,,,,,,,4.0,,2.0,,2.0,,2.0,,,1.0,,,,,,,0.0,2.0,0.0,10.0,,,,,,,,,,,
cpl::Football_Player::ce3fbd6fe22a4e729054951b2effe079,M. Kacher,Valour,Midfielder,2021,midfielder,11,305,0,0,6,0,2,0,2,7,1,0,1,0,50,80.0,2,0.59,6,0,0,0,0,0,0,0,0.0,0.0,0.0,0.0,0,0,0,0,0,0,0,0,0,0,0,0,0,,305.0,,,,107.0,3.0,22.0,61.0,,1.0,1.0,44.0,28.0,21.0,,,110.0,7.0,83.0,2.0,22.0,36.0,3.0,25.0,,,9.0,2.0,,2.0,155.0,11.0,3.0,,22.0,29.0,11.0,10.0,9.0,5.0,1.0,,,3.0,28.0,1.0,,,11.0,,,,16.0,23.0,85.0,88.0,6.0,,19.0,6.0,,2.0,,,,,2.0,3.0,4.0,,,2.0,,2.0,3.0,1.0,,9.0,4.0,6.0,2.0,,,1.0,1.0,,1.0,2.0,5.0,,,6.0,,4.0,,,,,2.0,,,,,,,,,,,,,,,,0.0,0.0,0.0,4.0,,,,,,,,,,,
cpl::Football_Player::03b82a7bcff7496e991befe586fcc2c9,S. Young,Pacific,Midfielder,2021,midfielder,26,1104,1,0,12,0,5,0,22,34,11,1,4,0,54,85.0,18,1.47,2,0,1,0,0,0,0,0,0.0,0.0,0.0,0.0,0,0,0,0,0,0,0,0,0,0,0,0,0,,1104.0,,,1.0,613.0,6.0,99.0,251.0,7.0,4.0,21.0,162.0,274.0,78.0,3.0,,623.0,34.0,475.0,16.0,99.0,148.0,8.0,78.0,,,89.0,11.0,,29.0,855.0,26.0,19.0,,137.0,166.0,32.0,10.0,78.0,49.0,11.0,,,18.0,170.0,13.0,,,26.0,,,,77.0,210.0,514.0,524.0,33.0,1.0,92.0,60.0,2.0,5.0,,,,,12.0,37.0,31.0,4.0,,22.0,21.0,11.0,15.0,15.0,3.0,15.0,7.0,12.0,7.0,3.0,,7.0,1.0,,1.0,7.0,8.0,1.0,4.0,2.0,,1.0,,,1.0,,5.0,,1.0,1.0,1.0,,,,,,,,,,,,0.0,0.0,1.0,25.0,,,,,,,,,,,
cpl::Football_Player::edcf64e77c8c4771af573d1d441cc470,C. Toussaint,Pacific,Midfielder,2021,midfielder,24,1470,0,0,4,0,0,0,32,32,23,0,8,0,48,86.0,20,1.22,0,0,0,0,0,0,0,0,0.0,0.0,0.0,0.0,0,0,0,0,0,0,0,0,0,0,0,0,0,,1470.0,,1.0,2.0,816.0,2.0,83.0,390.0,9.0,8.0,31.0,177.0,321.0,92.0,1.0,,830.0,32.0,665.0,19.0,123.0,211.0,23.0,95.0,,,107.0,16.0,,32.0,1075.0,24.0,26.0,,178.0,335.0,9.0,10.0,105.0,42.0,23.0,,,14.0,207.0,28.0,,,24.0,,,,87.0,201.0,693.0,707.0,29.0,2.0,102.0,91.0,1.0,5.0,,,,,16.0,52.0,30.0,1.0,,32.0,18.0,12.0,15.0,20.0,3.0,8.0,4.0,4.0,4.0,5.0,,4.0,4.0,1.0,4.0,9.0,4.0,5.0,3.0,,,,,,,,,,,,,1.0,,,,,,,,,,,0.0,,,20.0,,,,,,,,,,,
cpl::Football_Player::33b0cf3a477d454f96fe4f14c3b6125c,A. Achinioti-Jönsson,Forge,Midfielder,2021,midfielder,27,2183,1,1,8,0,2,1,23,25,34,1,2,0,62,90.0,22,0.91,0,0,0,0,0,0,0,0,0.0,0.0,0.0,0.0,0,0,0,0,0,0,0,0,0,0,0,0,0,,2183.0,,,8.0,1203.0,3.0,109.0,475.0,7.0,2.0,40.0,164.0,628.0,91.0,1.0,,1234.0,25.0,1030.0,19.0,131.0,305.0,6.0,94.0,,,108.0,25.0,,39.0,1501.0,27.0,15.0,,145.0,349.0,22.0,10.0,122.0,73.0,34.0,,,38.0,206.0,33.0,,,27.0,,,,61.0,471.0,1074.0,1103.0,61.0,9.0,84.0,84.0,3.0,5.0,,,,,13.0,40.0,21.0,,,23.0,42.0,11.0,23.0,17.0,4.0,2.0,6.0,8.0,3.0,10.0,,2.0,,,,5.0,2.0,2.0,,,,,1.0,1.0,1.0,,2.0,,1.0,,1.0,,1.0,,,,,,,,,,0.0,0.0,1.0,11.0,,,,,,,,,,,
cpl::Football_Player::b88aa9288a38438a8801e10a74326f88,J. Faria,Valour,Midfielder,2021,midfielder,12,319,1,0,3,0,1,0,2,2,4,0,0,0,33,87.0,8,2.26,3,0,0,0,0,0,0,0,0.0,0.0,0.0,0.0,0,0,0,0,0,0,0,0,0,0,0,0,0,,319.0,,,1.0,82.0,3.0,33.0,53.0,1.0,,1.0,51.0,21.0,10.0,,,82.0,2.0,70.0,6.0,11.0,12.0,4.0,23.0,,,10.0,3.0,,3.0,155.0,12.0,1.0,,36.0,15.0,16.0,10.0,14.0,1.0,4.0,,,1.0,39.0,,,,12.0,,,,23.0,22.0,71.0,71.0,3.0,,25.0,13.0,2.0,2.0,,,,,4.0,5.0,3.0,,,2.0,1.0,2.0,2.0,3.0,1.0,9.0,2.0,3.0,3.0,,,12.0,3.0,,1.0,12.0,15.0,1.0,2.0,3.0,,2.0,,,,1.0,1.0,,1.0,1.0,1.0,,,,,,,,,,,,0.0,1.0,0.0,18.0,,,,,,,,,,,
cpl::Football_Player::63a938dd7b28476b9c5483ecb3f753e0,Rafael Galhardo,Valour,Midfielder,2021,midfielder,23,1374,2,3,25,0,7,3,5,17,30,3,2,0,22,79.0,22,1.44,50,0,0,0,0,0,0,0,0.0,0.0,0.0,0.0,0,0,0,0,0,0,0,0,0,0,0,0,0,,1374.0,,,,520.0,14.0,115.0,301.0,3.0,2.0,22.0,236.0,164.0,97.0,,,561.0,17.0,398.0,19.0,119.0,145.0,36.0,139.0,,,54.0,14.0,,32.0,828.0,23.0,14.0,,103.0,168.0,24.0,10.0,53.0,44.0,30.0,,,2.0,112.0,3.0,,,23.0,,,,52.0,133.0,408.0,442.0,9.0,2.0,59.0,51.0,3.0,7.0,,,,,7.0,14.0,25.0,,,5.0,6.0,4.0,7.0,9.0,11.0,9.0,18.0,25.0,9.0,,,7.0,23.0,1.0,5.0,10.0,52.0,3.0,5.0,50.0,,32.0,1.0,3.0,3.0,12.0,7.0,12.0,2.0,2.0,1.0,,,1.0,,,1.0,,,,,,0.0,2.0,0.0,22.0,,,,,,,,,,,
cpl::Football_Player::88ac022bf06149f1be2ce2ab7f3c087c,Z. Verhoven,Vancouver FC,Midfielder,2021,midfielder,25,1540,1,5,18,0,7,5,43,39,11,4,5,0,28,78.0,27,1.58,0,0,0,0,0,0,0,0,0.0,0.0,0.0,0.0,0,0,0,0,0,0,0,0,0,0,0,0,0,,1540.0,,,4.0,559.0,13.0,128.0,220.0,22.0,5.0,32.0,285.0,231.0,95.0,5.0,,566.0,39.0,415.0,27.0,127.0,33.0,15.0,102.0,,,137.0,16.0,,57.0,1082.0,25.0,23.0,,244.0,208.0,44.0,10.0,121.0,24.0,11.0,,,6.0,265.0,21.0,,,25.0,,,,129.0,197.0,432.0,439.0,21.0,2.0,144.0,115.0,,5.0,,,,,36.0,70.0,49.0,3.0,,43.0,26.0,22.0,15.0,27.0,93.0,9.0,11.0,18.0,2.0,3.0,,32.0,12.0,21.0,12.0,23.0,32.0,1.0,3.0,,,,4.0,5.0,4.0,,7.0,,1.0,,1.0,,,,1.0,,,,,,,,0.0,1.0,0.0,53.0,,,,,,,,,,,
cpl::Football_Player::912c118fc40b47b88b4d8f2432e87ef7,M. Ba,Atlético,Midfielder,2021,midfielder,0,0,0,0,0,0,0,0,0,0,0,0,0,0,0,,0,,0,0,0,0,0,0,0,0,0.0,0.0,0.0,0.0,0,0,0,0,0,0,0,0,0,0,0,0,0,,,,,,,,,,,,,,,,,,,,,,,,,,,,,,,,,,,,,,,,,,,,,,,,,,,,,,,,,,,,,,,,,,,,,,,,,,,,,,,,,,,,,,,,,,,,,,,,,,,,,,,,,,,,,,,,,,,,,,,,,,,,,,,,,,
cpl::Football_Player::99fb51782c7f43acaad20909bd048f31,S. Gutiérrez,York,Midfielder,2021,midfielder,13,456,1,0,14,0,5,0,5,13,11,0,1,0,33,71.0,6,1.18,8,0,1,0,0,0,0,0,0.0,0.0,0.0,0.0,0,0,0,0,0,0,0,0,0,0,0,0,0,,456.0,,,,184.0,5.0,28.0,88.0,1.0,1.0,10.0,110.0,45.0,46.0,1.0,,187.0,13.0,125.0,5.0,56.0,50.0,10.0,61.0,,,24.0,5.0,,3.0,317.0,13.0,9.0,,72.0,64.0,20.0,10.0,34.0,6.0,11.0,,,1.0,75.0,,,,13.0,,,,39.0,45.0,128.0,131.0,3.0,,41.0,33.0,1.0,6.0,,,,,11.0,11.0,11.0,2.0,,5.0,4.0,6.0,2.0,6.0,,8.0,9.0,14.0,5.0,,,1.0,2.0,,1.0,9.0,8.0,3.0,4.0,8.0,,6.0,,,,1.0,5.0,1.0,1.0,1.0,1.0,,,,,,,,,,,,0.0,1.0,0.0,19.0,,,,,,,,,,,
cpl::Football_Player::2cd94cfd258f403c8a7410d648583b11,J. Son,Forge,Midfielder,2021,midfielder,6,61,0,0,0,0,0,0,0,2,2,1,1,0,100,70.0,1,1.48,0,0,0,0,0,0,0,0,0.0,0.0,0.0,0.0,0,0,0,0,0,0,0,0,0,0,0,0,0,,61.0,,,,33.0,,3.0,14.0,,1.0,,13.0,9.0,10.0,,,33.0,2.0,22.0,1.0,10.0,12.0,,6.0,,,2.0,,,4.0,43.0,6.0,2.0,,8.0,10.0,4.0,10.0,4.0,1.0,2.0,,,2.0,10.0,,,,6.0,,,,6.0,8.0,23.0,23.0,2.0,,6.0,2.0,,,,,,,,,3.0,,,,,,,,,6.0,,,,1.0,,,,,,1.0,,,,,,,,,1.0,,,,,,,,,,,,,,,,,,0.0,,,3.0,,,,,,,,,,,
cpl::Football_Player::c6576ae66ba14806983c2572f24851a7,M. Polisi,TSS Rovers,Midfielder,2021,midfielder,22,746,3,1,8,0,5,1,12,18,14,0,3,0,35,85.0,10,1.21,6,0,0,0,0,0,0,0,0.0,0.0,0.0,0.0,0,0,0,0,0,0,0,0,0,0,0,0,0,,746.0,,,2.0,302.0,7.0,74.0,156.0,5.0,3.0,10.0,109.0,105.0,37.0,2.0,,305.0,18.0,241.0,8.0,47.0,68.0,6.0,43.0,,,34.0,8.0,,13.0,460.0,22.0,8.0,,109.0,75.0,28.0,10.0,53.0,17.0,14.0,,,6.0,126.0,4.0,,,22.0,,,,62.0,88.0,255.0,258.0,17.0,1.0,73.0,47.0,2.0,7.0,,,,,17.0,16.0,15.0,,,12.0,5.0,11.0,11.0,4.0,,14.0,3.0,8.0,3.0,1.0,,6.0,3.0,,1.0,9.0,9.0,,3.0,6.0,,3.0,,1.0,,2.0,5.0,,3.0,2.0,3.0,,,,1.0,,,,,,,,1.0,3.0,0.0,28.0,,,,,,,,,,,
cpl::Football_Player::bab7421be1524ee7869d7eb277c88bb8,O. Kreim,Blainville,Midfielder,2021,midfielder,7,202,0,0,0,0,0,0,4,3,6,0,1,0,0,75.0,2,0.89,0,0,1,0,0,0,0,0,0.0,0.0,0.0,0.0,0,0,0,0,0,0,0,0,0,0,0,0,0,,202.0,,,,54.0,2.0,18.0,27.0,,1.0,1.0,27.0,15.0,13.0,,,56.0,3.0,42.0,2.0,14.0,14.0,,14.0,,,8.0,2.0,,3.0,92.0,7.0,2.0,,33.0,15.0,,10.0,17.0,,6.0,,,,38.0,,,,7.0,,,,16.0,9.0,40.0,42.0,5.0,,21.0,17.0,,2.0,,,,,2.0,9.0,4.0,,,4.0,1.0,1.0,5.0,5.0,,5.0,,,1.0,1.0,,3.0,,,,2.0,3.0,,,,,,,,,,,,,,,,,,,,,,,,,,0.0,0.0,0.0,5.0,,,,,,,,,,,
cpl::Football_Player::a6791d2b4f234c909ee73477f73f6887,C. Tomy,Valour,Midfielder,2021,midfielder,4,33,0,0,0,0,0,0,0,2,1,0,0,0,0,95.0,0,0.0,0,0,0,0,0,0,0,0,0.0,0.0,0.0,0.0,0,0,0,0,0,0,0,0,0,0,0,0,0,,33.0,,,,16.0,,1.0,5.0,,,,3.0,11.0,1.0,,,17.0,2.0,15.0,,1.0,3.0,1.0,1.0,,,2.0,,,,25.0,4.0,2.0,,4.0,2.0,3.0,10.0,1.0,1.0,1.0,,,,4.0,,,,4.0,,,,3.0,11.0,15.0,16.0,,,3.0,1.0,,,,,,,,,,,,,1.0,,,,1.0,4.0,,,1.0,,,,,1.0,,1.0,,,,,,,,,,,,,,,,,,,,,,,,,,,0.0,0.0,0.0,1.0,,,,,,,,,,,
cpl::Football_Player::33a38df225e24270b44c1fdfde2eb7a9,C. Mannella,Ottawa Fury,Midfielder,2021,midfielder,19,959,0,2,5,0,3,2,12,16,8,1,4,0,42,88.0,12,1.13,2,0,0,0,0,0,0,0,0.0,0.0,0.0,0.0,0,0,0,0,0,0,0,0,0,0,0,0,0,,959.0,,,,437.0,,105.0,151.0,7.0,4.0,21.0,80.0,254.0,34.0,2.0,,458.0,16.0,382.0,11.0,55.0,117.0,6.0,34.0,,,57.0,10.0,,23.0,572.0,19.0,5.0,,70.0,102.0,9.0,10.0,32.0,21.0,8.0,,,3.0,77.0,8.0,,,19.0,,,,41.0,134.0,385.0,403.0,7.0,,45.0,29.0,1.0,7.0,,,,,,21.0,12.0,4.0,,12.0,14.0,8.0,4.0,9.0,4.0,9.0,2.0,5.0,2.0,1.0,,1.0,2.0,,,3.0,2.0,,2.0,2.0,,1.0,1.0,2.0,1.0,1.0,3.0,,,,,,,,,,,,,,,,0.0,0.0,0.0,12.0,,,,,,,,,,,
cpl::Football_Player::5ce4b7ace82243faa7b342751ac3a642,K. Alemán,Scrosoppi,Midfielder,2021,midfielder,24,1388,3,3,20,0,11,3,24,20,42,3,3,0,26,87.0,20,1.3,21,0,0,1,1,0,0,0,0.0,0.0,0.0,0.0,0,0,0,0,0,0,0,0,0,0,0,0,0,,1388.0,,,2.0,541.0,9.0,141.0,302.0,1.0,3.0,20.0,230.0,193.0,58.0,1.0,,561.0,20.0,439.0,18.0,78.0,140.0,26.0,93.0,,,74.0,16.0,,11.0,928.0,24.0,10.0,,208.0,135.0,22.0,10.0,124.0,44.0,42.0,,,5.0,227.0,1.0,,,24.0,,,,89.0,145.0,465.0,483.0,19.0,1.0,103.0,119.0,2.0,12.0,,,,,44.0,33.0,20.0,1.0,1.0,24.0,14.0,13.0,14.0,9.0,5.0,8.0,9.0,20.0,5.0,1.0,,8.0,12.0,,3.0,30.0,26.0,10.0,5.0,21.0,,11.0,2.0,3.0,3.0,7.0,11.0,4.0,3.0,,2.0,2.0,,1.0,3.0,1.0,,,1.0,1.0,,,0.0,1.0,2.0,62.0,,,,,,,,,,,
cpl::Football_Player::0e2b6aa5fbdf49f399441b22b356d14c,K. Bekker,Forge,Midfielder,2021,midfielder,28,2207,3,1,23,0,11,1,19,23,9,3,7,0,37,85.0,23,0.94,56,0,0,0,0,0,0,0,0.0,0.0,0.0,0.0,0,0,0,0,0,0,0,0,0,0,0,0,0,,2207.0,,,2.0,1267.0,13.0,246.0,718.0,5.0,7.0,51.0,321.0,423.0,157.0,1.0,,1334.0,23.0,1041.0,20.0,208.0,363.0,32.0,226.0,,,161.0,25.0,,41.0,1628.0,28.0,12.0,,131.0,411.0,30.0,10.0,58.0,85.0,9.0,,,9.0,155.0,12.0,,,28.0,,,,82.0,314.0,1066.0,1126.0,24.0,6.0,97.0,49.0,3.0,7.0,,,,,11.0,29.0,36.0,,,19.0,17.0,12.0,15.0,10.0,10.0,3.0,12.0,23.0,6.0,2.0,,24.0,15.0,1.0,5.0,8.0,59.0,6.0,7.0,56.0,,25.0,,1.0,3.0,8.0,11.0,9.0,3.0,3.0,2.0,1.0,,1.0,,,,,,,,,2.0,0.0,3.0,20.0,,,,,,,,,,,
cpl::Football_Player::6a778700603244eeabcce04c59c6ccc0,A. Hojabrpour,Forge,Midfielder,2021,midfielder,26,1899,2,2,13,0,3,2,29,29,17,0,9,0,61,86.0,23,1.09,0,0,0,0,0,0,0,0,0.0,0.0,0.0,0.0,0,0,0,0,0,0,0,0,0,0,0,0,0,,1899.0,,,7.0,1043.0,1.0,166.0,404.0,15.0,9.0,56.0,198.0,512.0,101.0,3.0,,1072.0,29.0,816.0,19.0,157.0,359.0,6.0,122.0,,,125.0,20.0,,40.0,1342.0,26.0,20.0,,148.0,299.0,7.0,10.0,100.0,99.0,17.0,,,19.0,179.0,38.0,,,26.0,,,,67.0,248.0,886.0,915.0,31.0,2.0,79.0,81.0,4.0,6.0,,,,,18.0,47.0,25.0,,,29.0,39.0,18.0,12.0,18.0,1.0,6.0,10.0,13.0,1.0,6.0,,4.0,1.0,,1.0,5.0,5.0,,3.0,,,,1.0,2.0,,,3.0,,2.0,1.0,1.0,,1.0,1.0,,,,,,,,,1.0,0.0,2.0,9.0,,,,,,,,,,,
cpl::Football_Player::0193e9b2803b43938a676ad9232cede8,N. Verhoeven,Atlético,Midfielder,2021,midfielder,27,2099,0,3,8,0,6,3,17,13,14,2,3,0,9,86.0,34,1.46,38,0,0,0,0,0,0,0,0.0,0.0,0.0,0.0,0,0,0,0,0,0,0,0,0,0,0,0,0,,2099.0,,,3.0,919.0,7.0,126.0,502.0,12.0,3.0,48.0,251.0,343.0,92.0,3.0,,962.0,13.0,788.0,31.0,140.0,236.0,23.0,160.0,,,118.0,25.0,,27.0,1233.0,27.0,8.0,,147.0,353.0,12.0,10.0,63.0,34.0,14.0,,,1.0,158.0,7.0,,,27.0,,,,85.0,247.0,785.0,822.0,11.0,4.0,95.0,62.0,3.0,10.0,,,,1.0,19.0,29.0,19.0,1.0,,17.0,10.0,10.0,10.0,12.0,8.0,2.0,2.0,8.0,5.0,,,8.0,23.0,1.0,6.0,13.0,47.0,3.0,2.0,38.0,,25.0,2.0,3.0,2.0,12.0,6.0,3.0,,,,1.0,,,,,,,,,,,0.0,,,32.0,,,,,,,,,,,
cpl::Football_Player::9530e64bf7744102b3eeecd7fcf46c34,E. Cissé,Forge,Midfielder,2021,midfielder,28,2218,1,2,15,0,6,2,56,37,20,5,4,0,45,86.0,22,0.89,22,0,1,0,0,0,0,0,0.0,0.0,0.0,0.0,0,0,0,0,0,0,0,0,0,0,0,0,0,,2218.0,,,2.0,1166.0,17.0,221.0,609.0,16.0,4.0,34.0,330.0,453.0,143.0,,,1230.0,37.0,983.0,18.0,177.0,224.0,21.0,151.0,,,164.0,23.0,,53.0,1783.0,28.0,28.0,,262.0,413.0,56.0,10.0,160.0,70.0,20.0,,,19.0,304.0,29.0,,,28.0,,,,121.0,372.0,989.0,1053.0,42.0,6.0,144.0,141.0,4.0,3.0,,,,,37.0,84.0,46.0,1.0,,56.0,37.0,14.0,23.0,28.0,89.0,5.0,9.0,15.0,9.0,1.0,,23.0,9.0,12.0,5.0,23.0,27.0,6.0,4.0,22.0,,4.0,2.0,2.0,5.0,5.0,6.0,,1.0,1.0,1.0,2.0,,,,,,,,,,,0.0,1.0,0.0,55.0,,,,,,,,,,,
cpl::Football_Player::3f6a675727214bcc96972b28a2e3dbf8,José Galán,Valour,Midfielder,2021,midfielder,11,285,0,1,2,0,0,1,4,9,4,0,4,0,62,88.0,2,0.63,0,0,0,0,0,0,0,0,0.0,0.0,0.0,0.0,0,0,0,0,0,0,0,0,0,0,0,0,0,,285.0,,,1.0,198.0,1.0,38.0,96.0,1.0,4.0,5.0,40.0,89.0,20.0,,,206.0,9.0,171.0,2.0,25.0,59.0,3.0,19.0,,,21.0,2.0,,10.0,258.0,11.0,4.0,,22.0,56.0,2.0,10.0,15.0,10.0,4.0,,,5.0,30.0,5.0,,,11.0,,,,12.0,53.0,173.0,181.0,8.0,,15.0,10.0,,2.0,,,,,,6.0,5.0,1.0,,4.0,6.0,2.0,3.0,2.0,1.0,9.0,2.0,2.0,,,,2.0,4.0,,3.0,,4.0,1.0,3.0,,,,1.0,1.0,,,,,,,,,,,,,,,,,,,0.0,0.0,0.0,1.0,,,,,,,,,,,
cpl::Football_Player::b38a140a30ab499ba3bc6aa4ad4d07a1,Viti Martínez,Atlético,Midfielder,2021,midfielder,13,1000,1,2,5,0,1,2,14,11,9,0,1,1,58,85.0,19,1.71,0,0,0,0,0,0,0,0,0.0,0.0,0.0,0.0,0,0,0,0,0,0,0,0,0,0,0,0,0,,1000.0,,,2.0,451.0,1.0,30.0,163.0,8.0,1.0,36.0,98.0,232.0,36.0,5.0,,465.0,11.0,346.0,19.0,72.0,113.0,6.0,58.0,,,60.0,11.0,,16.0,591.0,13.0,5.0,,68.0,133.0,6.0,10.0,45.0,47.0,9.0,,,7.0,80.0,20.0,,,13.0,,,,30.0,189.0,381.0,393.0,12.0,2.0,35.0,38.0,,3.0,1.0,,,,10.0,19.0,9.0,1.0,,14.0,13.0,4.0,5.0,5.0,,2.0,4.0,5.0,3.0,3.0,,2.0,2.0,,2.0,5.0,2.0,,1.0,,1.0,,2.0,2.0,,,1.0,,1.0,,,,,1.0,1.0,,,,,,,,1.0,0.0,1.0,13.0,,,,,,,,,,,
cpl::Football_Player::8b3bce6c12a8410c97766fbccc51d981,A. Coupland,Whitecaps,Midfielder,2021,midfielder,15,513,2,0,9,0,7,0,4,11,18,0,0,0,21,86.0,9,1.58,0,0,0,0,0,0,0,0,0.0,0.0,0.0,0.0,0,0,0,0,0,0,0,0,0,0,0,0,0,,513.0,,,,161.0,2.0,41.0,79.0,,,4.0,67.0,66.0,20.0,1.0,,169.0,11.0,139.0,8.0,24.0,34.0,5.0,21.0,,,34.0,7.0,,4.0,288.0,15.0,6.0,,67.0,43.0,9.0,10.0,39.0,6.0,18.0,,,3.0,81.0,3.0,,,15.0,,,,31.0,51.0,137.0,145.0,14.0,,42.0,36.0,1.0,7.0,,,,,9.0,9.0,12.0,1.0,,4.0,4.0,8.0,11.0,5.0,,8.0,2.0,9.0,,,,1.0,,,,6.0,1.0,1.0,1.0,,,,,,,,7.0,,2.0,,1.0,,,1.0,2.0,,,,,,,,0.0,1.0,1.0,17.0,,,,,,,,,,,
cpl::Football_Player::e1db549c457e40859db567305d65609d,J. Navarro,Alajuelense,Midfielder,2021,midfielder,22,1053,3,0,20,0,7,0,16,23,25,4,5,0,44,83.0,13,1.11,0,0,1,0,0,0,0,0,0.0,0.0,0.0,0.0,0,0,0,0,0,0,0,0,0,0,0,0,0,,1053.0,,,,333.0,6.0,134.0,188.0,1.0,5.0,4.0,173.0,89.0,56.0,,,335.0,23.0,271.0,11.0,60.0,87.0,7.0,62.0,,,55.0,12.0,,9.0,615.0,22.0,7.0,,158.0,58.0,65.0,10.0,83.0,4.0,25.0,,,12.0,185.0,7.0,,,22.0,,,,87.0,56.0,273.0,275.0,27.0,,102.0,71.0,2.0,10.0,,,,,18.0,28.0,20.0,1.0,,16.0,8.0,9.0,15.0,12.0,6.0,10.0,13.0,20.0,8.0,1.0,,11.0,2.0,2.0,2.0,25.0,11.0,2.0,2.0,,,,,,4.0,,7.0,,3.0,1.0,3.0,1.0,,,2.0,,,,,,,,2.0,3.0,0.0,49.0,,,,,,,,,,,
cpl::Football_Player::0225a160a7df42c2a36c192a4c4c8d5a,T. Shaw,Atlético,Midfielder,2021,midfielder,17,807,0,1,4,0,3,1,23,26,11,0,7,0,50,84.0,21,2.34,1,0,0,0,0,0,0,0,0.0,0.0,0.0,0.0,0,0,0,0,0,0,0,0,0,0,0,0,0,,807.0,,2.0,2.0,367.0,1.0,63.0,102.0,7.0,7.0,15.0,85.0,212.0,48.0,3.0,,377.0,26.0,294.0,21.0,63.0,101.0,3.0,43.0,,,55.0,8.0,,22.0,532.0,17.0,22.0,,100.0,91.0,11.0,10.0,77.0,20.0,11.0,,,21.0,142.0,21.0,,,17.0,,,,44.0,122.0,304.0,314.0,42.0,,65.0,56.0,,4.0,,,,,5.0,40.0,14.0,1.0,,23.0,20.0,7.0,21.0,17.0,,9.0,1.0,4.0,2.0,3.0,,2.0,,,,4.0,2.0,1.0,,1.0,,,,1.0,,,3.0,,,,,,,,,,,,,,,,0.0,0.0,0.0,10.0,,,,,,,,,,,
cpl::Football_Player::4b6c1da63a144cfeb39e765ea2e3039c,B. McKendry,Atlético,Midfielder,2021,midfielder,25,2132,1,1,10,0,7,1,35,39,34,1,7,1,69,88.0,36,1.52,49,0,1,0,0,0,0,0,0.0,0.0,0.0,0.0,0,0,0,0,0,0,0,0,0,0,0,0,0,,2132.0,,1.0,4.0,1125.0,4.0,225.0,409.0,13.0,7.0,52.0,266.0,653.0,101.0,9.0,,1197.0,39.0,962.0,35.0,153.0,379.0,29.0,156.0,,,168.0,25.0,,46.0,1607.0,25.0,23.0,,230.0,326.0,15.0,10.0,130.0,82.0,34.0,,,16.0,253.0,28.0,,,25.0,,,,116.0,267.0,981.0,1044.0,23.0,2.0,123.0,114.0,1.0,5.0,1.0,1.0,,,23.0,59.0,49.0,1.0,,35.0,34.0,30.0,7.0,24.0,5.0,,3.0,10.0,3.0,11.0,,11.0,18.0,2.0,2.0,5.0,49.0,1.0,7.0,49.0,,29.0,,1.0,1.0,16.0,7.0,1.0,1.0,1.0,1.0,,,,,,,,,,,,0.0,0.0,1.0,22.0,,,,,,,,,,,
cpl::Football_Player::b631f78036324d79a97a6c1cfe650d2a,P. Lamothe,Pacific,Midfielder,2021,midfielder,24,1234,1,0,18,0,7,0,27,27,10,0,2,0,27,88.0,18,1.31,12,0,0,0,0,0,0,0,0.0,0.0,0.0,0.0,0,0,0,0,0,0,0,0,0,0,0,0,0,,1234.0,,,1.0,673.0,4.0,149.0,323.0,,2.0,11.0,172.0,273.0,77.0,1.0,,678.0,27.0,570.0,15.0,88.0,193.0,13.0,79.0,,,80.0,12.0,,20.0,905.0,24.0,20.0,,142.0,165.0,14.0,10.0,59.0,20.0,10.0,,,5.0,160.0,8.0,,,24.0,,,,88.0,171.0,587.0,590.0,18.0,1.0,101.0,54.0,3.0,6.0,,,,,10.0,34.0,19.0,,,27.0,10.0,15.0,13.0,7.0,,12.0,11.0,18.0,3.0,3.0,,1.0,6.0,,1.0,7.0,11.0,2.0,8.0,12.0,,7.0,,,,5.0,7.0,,1.0,1.0,1.0,1.0,,,,1.0,,,,,,,1.0,1.0,0.0,31.0,,,,,,,,,,,
cpl::Football_Player::82ff8e880ba54f74a34fe1f8165f3b46,Matthew Baldisimo,York,Midfielder,2021,midfielder,6,161,0,0,0,0,0,0,2,4,1,0,1,0,100,75.0,2,1.12,0,0,0,0,0,0,0,0,0.0,0.0,0.0,0.0,0,0,0,0,0,0,0,0,0,0,0,0,0,,161.0,,,,75.0,,10.0,28.0,5.0,1.0,13.0,26.0,31.0,7.0,,,79.0,4.0,51.0,2.0,20.0,9.0,2.0,19.0,,,9.0,1.0,,2.0,108.0,6.0,3.0,,14.0,35.0,,10.0,7.0,8.0,1.0,,,2.0,16.0,7.0,,,6.0,,,,9.0,25.0,55.0,59.0,2.0,,9.0,5.0,,,,,,,,4.0,1.0,,,2.0,5.0,1.0,,2.0,1.0,5.0,,,,2.0,,1.0,,,,1.0,1.0,,,,,,,,,,,,,,,,,,,,,,,,,,0.0,0.0,0.0,3.0,,,,,,,,,,,
cpl::Football_Player::5e944a82a82b42b483bed288bb7633a8,M. Aparicio,Atlético,Midfielder,2021,midfielder,22,1473,3,3,24,0,10,3,28,49,12,2,7,0,57,76.0,17,1.04,30,0,0,0,0,0,0,0,0.0,0.0,0.0,0.0,0,0,0,0,0,0,0,0,0,0,0,0,0,,1473.0,,,3.0,625.0,11.0,149.0,316.0,6.0,7.0,40.0,296.0,193.0,117.0,2.0,,650.0,49.0,453.0,15.0,157.0,174.0,23.0,167.0,,,107.0,17.0,,24.0,1023.0,22.0,31.0,,232.0,214.0,30.0,10.0,111.0,40.0,12.0,,,16.0,260.0,9.0,,,22.0,,,,137.0,113.0,469.0,493.0,28.0,3.0,149.0,95.0,2.0,9.0,,,,,36.0,47.0,35.0,2.0,,28.0,21.0,20.0,12.0,19.0,6.0,5.0,14.0,24.0,6.0,1.0,,12.0,16.0,,3.0,33.0,34.0,4.0,13.0,30.0,,17.0,2.0,3.0,2.0,10.0,10.0,4.0,3.0,2.0,1.0,,1.0,2.0,,,,,,,,,1.0,3.0,0.0,54.0,,,,,,,,,,,
cpl::Football_Player::03de711cdab34e3498373311f6882bee,O. Browne,Montréal,Midfielder,2021,midfielder,9,555,2,2,11,0,3,2,9,15,21,3,1,1,0,80.0,4,0.65,2,0,0,0,0,0,0,0,0.0,0.0,0.0,0.0,0,0,0,0,0,0,0,0,0,0,0,0,0,,555.0,,,,243.0,8.0,59.0,148.0,,1.0,4.0,118.0,56.0,46.0,,,250.0,15.0,183.0,3.0,50.0,19.0,10.0,53.0,,,35.0,5.0,,4.0,410.0,9.0,10.0,,113.0,57.0,35.0,10.0,55.0,17.0,21.0,,,,114.0,1.0,,,9.0,,,,58.0,115.0,195.0,200.0,1.0,,59.0,55.0,1.0,4.0,1.0,,,,18.0,16.0,7.0,1.0,,9.0,3.0,2.0,1.0,7.0,4.0,4.0,8.0,11.0,3.0,,,5.0,4.0,,4.0,23.0,7.0,1.0,1.0,2.0,1.0,2.0,2.0,2.0,3.0,,3.0,1.0,2.0,,2.0,,,,2.0,,,,,,,,2.0,2.0,0.0,35.0,,,,,,,,,,,
cpl::Football_Player::4a036a600cf6423993b2f2925ec04317,G. Lavergne,York,Midfielder,2021,midfielder,6,90,0,0,0,0,0,0,0,0,0,0,0,0,0,87.0,1,1.0,0,0,0,0,0,0,0,0,0.0,0.0,0.0,0.0,0,0,0,0,0,0,0,0,0,0,0,0,0,,90.0,,,,37.0,,6.0,11.0,1.0,,1.0,8.0,22.0,4.0,,,38.0,,31.0,,5.0,13.0,1.0,2.0,,,6.0,,,3.0,49.0,6.0,,,7.0,10.0,,10.0,,2.0,,,,,7.0,1.0,,,6.0,,,,7.0,9.0,32.0,33.0,,,7.0,,1.0,,,,,,,,2.0,,,,3.0,1.0,,,,6.0,,,,,,,,,,,,,,,,,,,,,,,,,,,,,,,,,,,,,0.0,,,1.0,,,,,,,,,,,
cpl::Football_Player::3a7dc673383b4fbaaa17e447a0733946,Alberto Soto,Atlético,Midfielder,2021,midfielder,19,1584,2,2,21,0,10,2,27,16,33,1,3,0,29,86.0,34,1.93,24,0,1,0,0,0,0,0,0.0,0.0,0.0,0.0,0,0,0,0,0,0,0,0,0,0,0,0,0,,1584.0,,,,732.0,16.0,82.0,374.0,4.0,3.0,18.0,242.0,277.0,93.0,8.0,,751.0,16.0,595.0,34.0,111.0,190.0,28.0,114.0,,,90.0,17.0,,22.0,1114.0,19.0,6.0,,243.0,254.0,51.0,10.0,128.0,45.0,33.0,,,5.0,260.0,5.0,,,19.0,,,,120.0,225.0,622.0,640.0,17.0,,132.0,123.0,,3.0,,,,,44.0,47.0,15.0,1.0,,27.0,15.0,9.0,12.0,20.0,1.0,2.0,11.0,21.0,11.0,3.0,,4.0,11.0,,3.0,33.0,25.0,10.0,3.0,24.0,,14.0,2.0,2.0,1.0,5.0,10.0,2.0,2.0,,,1.0,,2.0,2.0,,,,,,,,1.0,1.0,1.0,64.0,,,,,,,,,,,
cpl::Football_Player::01e4dc8e491d40f5aa24f147fe23b6e1,Oliver Minatel,Cavalry,Forward,2021,forward,3,121,0,0,1,0,0,0,0,3,5,0,1,0,50,75.0,2,1.49,1,0,0,0,0,0,0,0,0.0,0.0,0.0,0.0,0,0,0,0,0,0,0,0,0,0,0,0,0,,121.0,,,,45.0,,14.0,19.0,1.0,1.0,1.0,18.0,17.0,11.0,,,47.0,3.0,35.0,2.0,12.0,15.0,2.0,6.0,,,11.0,1.0,,6.0,68.0,3.0,2.0,,12.0,6.0,6.0,10.0,10.0,,5.0,,,5.0,22.0,,,,3.0,,,,7.0,12.0,33.0,35.0,10.0,,12.0,5.0,,1.0,,,,,,,4.0,,,,1.0,2.0,5.0,,,2.0,1.0,1.0,,,,,1.0,,,1.0,,,2.0,1.0,,,,,,1.0,,,,,,,,,,,,,,,,,0.0,0.0,0.0,2.0,,,,,,,,,,,
cpl::Football_Player::b080433050c64c398039e681629cfdeb,R. Davis,Wanderers,Forward,2021,forward,0,0,0,0,0,0,0,0,0,0,0,0,0,0,0,,0,,0,0,0,0,0,0,0,0,0.0,0.0,0.0,0.0,0,0,0,0,0,0,0,0,0,0,0,0,0,,,,,,,,,,,,,,,,,,,,,,,,,,,,,,,,,,,,,,,,,,,,,,,,,,,,,,,,,,,,,,,,,,,,,,,,,,,,,,,,,,,,,,,,,,,,,,,,,,,,,,,,,,,,,,,,,,,,,,,,,,,,,,,,,,
cpl::Football_Player::4bc03a5de42b4871860e6f88fe33f12b,Richard Luca,Cavalry,Forward,2021,forward,18,798,1,0,18,0,5,0,12,10,25,1,1,0,0,68.0,9,1.02,4,0,1,0,0,0,0,0,0.0,0.0,0.0,0.0,0,0,0,0,0,0,0,0,0,0,0,0,0,,798.0,,,,215.0,9.0,63.0,106.0,2.0,1.0,9.0,189.0,49.0,62.0,1.0,,218.0,10.0,142.0,8.0,71.0,38.0,5.0,94.0,,,54.0,7.0,,7.0,495.0,18.0,4.0,,157.0,67.0,38.0,10.0,83.0,5.0,25.0,,,,165.0,1.0,,,18.0,,,,74.0,50.0,144.0,147.0,8.0,,82.0,83.0,1.0,9.0,,,,,32.0,26.0,20.0,,,12.0,14.0,9.0,8.0,14.0,7.0,11.0,13.0,18.0,3.0,,,28.0,8.0,,7.0,28.0,30.0,1.0,2.0,4.0,,1.0,,,1.0,1.0,5.0,1.0,1.0,,1.0,,1.0,,,,,,,,,,0.0,1.0,0.0,46.0,,,,,,,,,,,
cpl::Football_Player::c49f24c9d41145ed9c4bf9758b0ed6f9,J. Mason,Cavalry,Forward,2021,forward,15,1088,7,0,32,0,22,0,5,23,8,19,2,0,28,80.0,16,1.32,1,0,1,2,0,0,0,0,0.0,0.0,0.0,0.0,0,0,0,0,0,0,0,0,0,0,0,0,0,,1088.0,,,,184.0,16.0,59.0,118.0,,2.0,1.0,115.0,36.0,39.0,2.0,,194.0,23.0,152.0,15.0,40.0,58.0,9.0,45.0,,,37.0,11.0,,3.0,372.0,15.0,4.0,,78.0,31.0,84.0,10.0,46.0,2.0,8.0,,,14.0,127.0,2.0,,,15.0,,,,46.0,46.0,144.0,154.0,49.0,1.0,81.0,32.0,1.0,4.0,,,,,18.0,6.0,7.0,5.0,,5.0,4.0,3.0,35.0,1.0,,4.0,10.0,32.0,4.0,,,8.0,,,,10.0,8.0,,4.0,1.0,,,,,19.0,,22.0,,7.0,6.0,7.0,1.0,1.0,,,,,,2.0,,,,3.0,4.0,3.0,17.0,,,,,,,,,,,
cpl::Football_Player::337fb1e9243f40eeacf44fe5123d4089,A. Novak,Forge,Forward,2021,forward,25,1320,4,2,25,0,15,2,4,12,16,11,6,0,26,75.0,12,0.82,0,0,0,0,0,0,0,0,0.0,0.0,0.0,0.0,0,0,0,0,0,0,0,0,0,0,0,0,0,,1320.0,,,,256.0,3.0,94.0,139.0,1.0,6.0,4.0,182.0,62.0,66.0,1.0,,270.0,12.0,197.0,9.0,70.0,66.0,18.0,63.0,,,46.0,15.0,,9.0,515.0,25.0,6.0,,106.0,63.0,60.0,10.0,66.0,3.0,16.0,,,23.0,194.0,17.0,,,25.0,,,,63.0,47.0,186.0,200.0,88.0,2.0,128.0,43.0,3.0,12.0,,,,,18.0,9.0,12.0,1.0,,4.0,1.0,8.0,65.0,5.0,,10.0,10.0,25.0,3.0,,,2.0,1.0,,1.0,15.0,2.0,2.0,14.0,,,,1.0,2.0,11.0,,15.0,,4.0,4.0,4.0,5.0,,,,,,,,,,,2.0,0.0,4.0,46.0,,,,,,,,,,,
cpl::Football_Player::a0c39d4aadea4642ba22743b4c68b23a,E. Ongaro,Edmonton,Forward,2021,forward,27,1920,12,2,43,0,28,2,6,29,14,11,2,0,39,69.0,32,1.5,0,0,2,1,0,0,0,0,0.0,0.0,0.0,0.0,0,0,0,0,0,0,0,0,0,0,0,0,0,,1920.0,,,,356.0,9.0,119.0,200.0,3.0,2.0,7.0,251.0,60.0,112.0,3.0,,379.0,29.0,257.0,27.0,119.0,81.0,22.0,114.0,,,54.0,23.0,,11.0,687.0,27.0,7.0,,146.0,83.0,122.0,10.0,105.0,3.0,14.0,,,55.0,285.0,8.0,,,27.0,,,,96.0,96.0,238.0,260.0,139.0,2.0,180.0,50.0,5.0,14.0,,,,,19.0,18.0,26.0,4.0,,6.0,2.0,12.0,84.0,12.0,,4.0,15.0,43.0,13.0,2.0,,6.0,,,,29.0,6.0,2.0,22.0,,,,2.0,2.0,11.0,,28.0,,12.0,1.0,12.0,5.0,1.0,,9.0,,,,1.0,,1.0,1.0,3.0,7.0,5.0,55.0,,,,,,,,,,,
cpl::Football_Player::a3da6283599541849144b5b108dbc67b,K. Porter,Ottawa Fury,Forward,2021,forward,19,652,1,0,7,0,4,0,7,8,11,1,0,0,53,74.0,9,1.24,12,0,0,0,0,0,0,0,0.0,0.0,0.0,0.0,0,0,0,0,0,0,0,0,0,0,0,0,0,,652.0,,,1.0,227.0,7.0,44.0,109.0,2.0,,14.0,109.0,72.0,49.0,2.0,,240.0,8.0,167.0,7.0,63.0,67.0,7.0,68.0,,,29.0,6.0,,12.0,365.0,19.0,5.0,,64.0,80.0,15.0,10.0,46.0,10.0,11.0,,,16.0,94.0,6.0,,,19.0,,,,34.0,49.0,166.0,177.0,30.0,,48.0,30.0,2.0,5.0,,,,,9.0,10.0,12.0,1.0,,7.0,5.0,6.0,14.0,3.0,1.0,13.0,3.0,7.0,7.0,,,6.0,4.0,,,7.0,17.0,,2.0,12.0,,8.0,,,1.0,3.0,4.0,3.0,1.0,,1.0,,,,1.0,,,,,,,,0.0,0.0,1.0,14.0,,,,,,,,,,,
cpl::Football_Player::91a915f684dc4b769c0cf45719f2a87e,M. Bustos,Pacific,Forward,2021,forward,17,1352,7,6,33,0,19,6,14,19,35,5,3,0,30,87.0,15,1.0,29,0,2,1,1,0,0,0,0.0,0.0,0.0,0.0,0,0,0,0,0,0,0,0,0,0,0,0,0,,1352.0,,1.0,1.0,561.0,18.0,206.0,363.0,3.0,3.0,13.0,226.0,158.0,63.0,3.0,,579.0,19.0,468.0,12.0,76.0,87.0,24.0,110.0,,,79.0,15.0,,7.0,933.0,17.0,7.0,,198.0,115.0,70.0,10.0,103.0,35.0,35.0,,,3.0,208.0,2.0,,,17.0,,,,98.0,171.0,485.0,503.0,10.0,5.0,105.0,100.0,3.0,4.0,,,,,46.0,19.0,19.0,2.0,,14.0,4.0,13.0,7.0,5.0,8.0,2.0,14.0,33.0,4.0,1.0,,16.0,18.0,,5.0,33.0,41.0,4.0,5.0,29.0,,13.0,6.0,6.0,5.0,9.0,19.0,1.0,7.0,1.0,7.0,1.0,1.0,,5.0,2.0,,,1.0,1.0,,,3.0,7.0,0.0,59.0,,,,,,,,,,,
cpl::Football_Player::982a96a792e04404805090a131cb95df,T. Campbell,Vancouver FC,Forward,2021,forward,28,1837,11,5,39,0,18,5,22,24,17,9,3,0,41,74.0,24,1.18,0,0,5,1,1,0,0,0,0.0,0.0,0.0,0.0,0,0,0,0,0,0,0,0,0,0,0,0,0,,1837.0,,,3.0,457.0,13.0,154.0,235.0,4.0,3.0,12.0,303.0,114.0,114.0,1.0,,467.0,24.0,330.0,21.0,126.0,78.0,19.0,130.0,,,70.0,21.0,,16.0,864.0,28.0,12.0,,183.0,104.0,92.0,10.0,101.0,11.0,17.0,,,28.0,251.0,7.0,,,28.0,,,,110.0,131.0,331.0,341.0,68.0,1.0,150.0,73.0,3.0,12.0,,,,,24.0,32.0,33.0,,,22.0,10.0,12.0,40.0,10.0,6.0,7.0,21.0,39.0,11.0,1.0,,20.0,8.0,,8.0,36.0,20.0,1.0,7.0,,,,3.0,5.0,9.0,,18.0,,11.0,2.0,11.0,2.0,3.0,,6.0,,,,1.0,1.0,,,2.0,9.0,2.0,76.0,,,,,,,,,,,
cpl::Football_Player::2d8cec65b1bb4b20872a91ac73584d29,A. Musse,Cavalry,Forward,2021,forward,9,389,2,0,14,0,5,0,6,7,8,0,0,0,33,78.0,3,0.69,10,0,0,0,0,0,0,0,0.0,0.0,0.0,0.0,0,0,0,0,0,0,0,0,0,0,0,0,0,,389.0,,,,102.0,8.0,28.0,60.0,2.0,,3.0,76.0,25.0,21.0,,,105.0,7.0,75.0,3.0,24.0,20.0,7.0,31.0,,,24.0,4.0,,4.0,225.0,9.0,4.0,,67.0,20.0,15.0,10.0,34.0,6.0,8.0,,,1.0,70.0,,,,9.0,,,,34.0,37.0,78.0,81.0,3.0,,36.0,33.0,,3.0,,,,,18.0,7.0,7.0,1.0,,6.0,2.0,3.0,2.0,1.0,2.0,5.0,9.0,14.0,1.0,,,1.0,4.0,,1.0,8.0,11.0,1.0,2.0,10.0,,8.0,,,,1.0,5.0,1.0,2.0,1.0,2.0,,,,1.0,,,,,,,,2.0,0.0,2.0,22.0,,,,,,,,,,,
cpl::Football_Player::32ac22e018504c2f98dc4d3c64e42803,J. Hernández,Scottish,Forward,2021,forward,17,413,0,0,10,0,4,0,3,9,14,1,1,0,62,76.0,3,0.65,1,0,0,0,0,0,0,0,0.0,0.0,0.0,0.0,0,0,0,0,0,0,0,0,0,0,0,0,0,,413.0,,,1.0,128.0,4.0,46.0,63.0,,1.0,2.0,85.0,36.0,30.0,,,131.0,9.0,89.0,3.0,32.0,30.0,6.0,29.0,,,17.0,2.0,,9.0,271.0,17.0,5.0,,77.0,31.0,27.0,10.0,47.0,10.0,14.0,,,5.0,85.0,4.0,,,17.0,,,,35.0,24.0,96.0,99.0,8.0,,38.0,42.0,,3.0,,,,,19.0,9.0,7.0,,,3.0,3.0,3.0,3.0,6.0,9.0,15.0,6.0,10.0,2.0,1.0,,6.0,,,,16.0,6.0,,1.0,1.0,,,,,1.0,,4.0,,,,,,,,,,,,,,,,0.0,0.0,0.0,23.0,,,,,,,,,,,
cpl::Football_Player::4a3790eed104423781b21001cbce69e9,A. García,Wanderers,Forward,2021,forward,22,1063,2,1,15,0,6,1,2,13,16,20,3,0,30,87.0,18,1.52,0,0,1,1,1,0,0,0,0.0,0.0,0.0,0.0,0,0,0,0,0,0,0,0,0,0,0,0,0,,1063.0,,,,119.0,3.0,53.0,71.0,,3.0,,74.0,55.0,19.0,,,144.0,13.0,122.0,13.0,19.0,41.0,5.0,12.0,,,22.0,13.0,,7.0,260.0,22.0,1.0,,57.0,13.0,46.0,10.0,29.0,3.0,16.0,,,6.0,77.0,,,,22.0,,,,34.0,37.0,100.0,125.0,20.0,,48.0,23.0,5.0,12.0,,,,,2.0,5.0,4.0,2.0,,2.0,3.0,2.0,14.0,3.0,,9.0,9.0,15.0,4.0,1.0,,,1.0,,1.0,9.0,,,4.0,,,,,1.0,20.0,,6.0,,2.0,2.0,2.0,3.0,,,,1.0,,,1.0,1.0,,,0.0,0.0,2.0,20.0,,,,,,,,,,,
cpl::Football_Player::751e68a27d374a64b9646c08102f6daf,João Morelli,Wanderers,Forward,2021,forward,21,1470,14,0,49,0,31,0,9,19,24,6,6,0,38,82.0,19,1.16,41,0,4,5,5,0,0,0,0.0,0.0,0.0,0.0,0,0,0,0,0,0,0,0,0,0,0,0,0,,1470.0,,,,504.0,14.0,127.0,308.0,,6.0,14.0,209.0,140.0,84.0,1.0,,534.0,19.0,411.0,14.0,98.0,152.0,24.0,125.0,,,64.0,16.0,,7.0,831.0,21.0,10.0,,121.0,156.0,51.0,10.0,67.0,25.0,24.0,,,8.0,142.0,1.0,,,21.0,,,,62.0,99.0,408.0,436.0,21.0,1.0,75.0,59.0,5.0,7.0,,,,,23.0,12.0,24.0,,,9.0,14.0,11.0,13.0,3.0,4.0,5.0,18.0,49.0,16.0,,,6.0,12.0,,1.0,16.0,34.0,9.0,9.0,41.0,,24.0,,,6.0,10.0,31.0,8.0,14.0,11.0,13.0,2.0,,1.0,3.0,,,,5.0,5.0,,,5.0,10.0,4.0,29.0,,,,,,,,,,,
cpl::Football_Player::a96eb3025e23467ca33277ae9c86f369,S. Salter,Atlético,Forward,2021,forward,21,811,3,1,16,0,11,1,7,15,8,3,0,0,41,74.0,9,1.0,0,0,0,0,0,0,0,0,0.0,0.0,0.0,0.0,0,0,0,0,0,0,0,0,0,0,0,0,0,,811.0,,,,243.0,5.0,73.0,120.0,1.0,,3.0,124.0,62.0,64.0,,,249.0,15.0,179.0,7.0,67.0,69.0,10.0,56.0,,,28.0,8.0,,13.0,385.0,21.0,5.0,,82.0,42.0,53.0,10.0,47.0,3.0,8.0,,,19.0,128.0,4.0,,,21.0,,,,54.0,65.0,177.0,182.0,46.0,1.0,81.0,28.0,2.0,7.0,,,,,8.0,12.0,10.0,,,7.0,2.0,2.0,27.0,5.0,1.0,13.0,5.0,16.0,5.0,3.0,,2.0,,,,14.0,2.0,,6.0,,,,1.0,1.0,3.0,,11.0,,3.0,1.0,3.0,4.0,,,2.0,,,,,,,,0.0,2.0,1.0,29.0,,,,,,,,,,,
cpl::Football_Player::6a7b9320483e458792ebd1f94a00baf0,C. Bent,Wanderers,Forward,2021,forward,19,1188,0,3,12,0,5,3,15,14,29,9,3,0,50,78.0,15,1.14,9,0,0,0,0,0,0,0,0.0,0.0,0.0,0.0,0,0,0,0,0,0,0,0,0,0,0,0,0,,1188.0,,,1.0,338.0,11.0,84.0,160.0,9.0,3.0,20.0,215.0,119.0,58.0,,,344.0,14.0,254.0,9.0,78.0,65.0,13.0,95.0,,,70.0,14.0,,21.0,658.0,19.0,8.0,,148.0,113.0,26.0,10.0,80.0,12.0,29.0,,,5.0,158.0,7.0,,,19.0,,,,73.0,82.0,261.0,266.0,10.0,2.0,78.0,75.0,6.0,9.0,,,,,21.0,25.0,23.0,1.0,,15.0,16.0,9.0,5.0,10.0,19.0,5.0,7.0,12.0,1.0,2.0,2.0,24.0,13.0,8.0,8.0,29.0,38.0,4.0,5.0,9.0,,8.0,3.0,3.0,9.0,1.0,5.0,2.0,,,,,,,,1.0,1.0,,,,,,0.0,0.0,0.0,47.0,,,,,,,,,,,
cpl::Football_Player::6b48ced0357d4fd4a50e8ba77b6784d8,T. Warschewski,Cavalry,Forward,2021,forward,26,1901,4,7,38,0,15,7,17,25,66,6,1,0,53,78.0,31,1.47,6,0,1,0,0,0,0,0,0.0,0.0,0.0,0.0,0,0,0,0,0,0,0,0,0,0,0,0,0,,1901.0,,,1.0,552.0,20.0,176.0,339.0,2.0,1.0,16.0,399.0,116.0,110.0,2.0,,567.0,25.0,410.0,26.0,126.0,127.0,20.0,135.0,,,88.0,21.0,,25.0,1157.0,26.0,12.0,,325.0,148.0,79.0,10.0,201.0,31.0,66.0,,,45.0,409.0,6.0,,,26.0,,,,169.0,116.0,429.0,441.0,84.0,1.0,208.0,156.0,5.0,8.0,,,,,62.0,29.0,37.0,4.0,,17.0,12.0,13.0,39.0,12.0,9.0,5.0,23.0,38.0,9.0,2.0,,29.0,14.0,,12.0,55.0,34.0,1.0,17.0,6.0,,3.0,6.0,7.0,6.0,2.0,15.0,4.0,4.0,4.0,4.0,3.0,,,,1.0,,,,,,,2.0,2.0,2.0,126.0,,,,,,,,,,,
cpl::Football_Player::cd1e9f98817545a8904ffd9556963f44,A. Díaz,Vancouver FC,Forward,2021,forward,28,2005,10,4,40,0,20,4,2,24,14,18,1,0,45,72.0,28,1.26,1,0,2,2,2,0,0,0,0.0,0.0,0.0,0.0,0,0,0,0,0,0,0,0,0,0,0,0,0,,2005.0,,,,400.0,12.0,163.0,218.0,2.0,1.0,11.0,246.0,107.0,115.0,3.0,,449.0,24.0,318.0,23.0,126.0,87.0,18.0,116.0,,,63.0,23.0,,18.0,705.0,28.0,16.0,,107.0,104.0,76.0,10.0,64.0,5.0,14.0,,,28.0,169.0,7.0,,,28.0,,,,71.0,95.0,274.0,323.0,62.0,1.0,105.0,36.0,5.0,17.0,,,,,17.0,6.0,28.0,2.0,,2.0,,8.0,34.0,4.0,3.0,5.0,20.0,40.0,11.0,2.0,,8.0,2.0,1.0,2.0,11.0,8.0,3.0,22.0,1.0,,,3.0,4.0,18.0,,20.0,1.0,10.0,6.0,10.0,5.0,3.0,,1.0,1.0,,,2.0,2.0,,,3.0,5.0,5.0,42.0,,,,,,,,,,,
cpl::Football_Player::52ee822ec2ea43bc844f27d96e16334b,Víctor Blasco,Pacific,Forward,2021,forward,14,555,1,1,24,0,10,1,3,14,15,0,2,0,20,78.0,9,1.46,13,0,1,0,0,0,0,0,0.0,0.0,0.0,0.0,0,0,0,0,0,0,0,0,0,0,0,0,0,,555.0,,,,185.0,6.0,63.0,113.0,2.0,2.0,10.0,125.0,43.0,34.0,1.0,,193.0,14.0,143.0,9.0,44.0,69.0,13.0,55.0,,,28.0,5.0,,7.0,377.0,14.0,6.0,,95.0,51.0,32.0,10.0,41.0,6.0,15.0,,,2.0,105.0,,,,14.0,,,,56.0,10.0,146.0,149.0,10.0,,64.0,39.0,,4.0,,,,,16.0,8.0,14.0,,,3.0,2.0,6.0,8.0,5.0,6.0,9.0,14.0,24.0,,1.0,,5.0,7.0,,1.0,18.0,18.0,2.0,1.0,13.0,,7.0,,1.0,,4.0,10.0,8.0,1.0,1.0,,,,1.0,,,,,,,,,0.0,0.0,1.0,28.0,,,,,,,,,,,
cpl::Football_Player::c693d6bdd4234e0b8a91e6eb2480623b,S. Karajovanovic,Wanderers,Forward,2021,forward,26,1506,1,2,34,0,21,2,13,14,19,13,3,0,21,70.0,17,1.02,3,0,2,0,0,0,0,0,0.0,0.0,0.0,0.0,0,0,0,0,0,0,0,0,0,0,0,0,0,,1506.0,,,,387.0,30.0,123.0,184.0,4.0,3.0,13.0,300.0,104.0,107.0,1.0,,399.0,14.0,267.0,10.0,120.0,140.0,18.0,138.0,,,65.0,14.0,,19.0,781.0,26.0,7.0,,187.0,93.0,124.0,10.0,77.0,12.0,19.0,,,8.0,225.0,7.0,,,26.0,,,,118.0,43.0,267.0,279.0,38.0,2.0,148.0,69.0,7.0,10.0,,,,,31.0,19.0,44.0,2.0,,13.0,10.0,19.0,30.0,6.0,9.0,12.0,13.0,34.0,8.0,3.0,1.0,34.0,9.0,,9.0,48.0,37.0,1.0,12.0,3.0,,3.0,1.0,2.0,13.0,,21.0,,1.0,1.0,1.0,4.0,,,,3.0,,,,,,,1.0,1.0,0.0,76.0,,,,,,,,,,,
cpl::Football_Player::c8dce536cf5f4f02be8d2f7ba48e6929,A. Riggi,Wanderers,Forward,2021,forward,16,621,0,0,6,0,5,0,5,12,13,4,3,0,42,76.0,11,1.59,1,0,0,0,0,0,0,0,0.0,0.0,0.0,0.0,0,0,0,0,0,0,0,0,0,0,0,0,0,,621.0,,,2.0,233.0,3.0,59.0,122.0,,3.0,7.0,122.0,61.0,52.0,,,237.0,12.0,171.0,9.0,59.0,79.0,9.0,54.0,,,37.0,8.0,,14.0,375.0,16.0,10.0,,86.0,72.0,22.0,10.0,39.0,7.0,13.0,,,3.0,93.0,1.0,,,16.0,,,,50.0,27.0,175.0,178.0,7.0,,54.0,36.0,2.0,8.0,,,,,17.0,6.0,12.0,,,5.0,4.0,5.0,4.0,1.0,3.0,8.0,1.0,6.0,1.0,,,9.0,5.0,,4.0,14.0,9.0,4.0,5.0,1.0,,,,,4.0,1.0,5.0,,,,,2.0,,,,,,,,,,,0.0,0.0,0.0,31.0,,,,,,,,,,,
cpl::Football_Player::3b722a31cec745c3be4c298eeeee5dbc,A. Marshsall,Wanderers,Forward,2021,forward,22,1220,2,1,22,0,11,1,23,27,20,0,1,0,61,77.0,14,1.03,10,0,1,0,0,0,0,0,0.0,0.0,0.0,0.0,0,0,0,0,0,0,0,0,0,0,0,0,0,,1220.0,,,,423.0,6.0,84.0,223.0,2.0,1.0,24.0,221.0,113.0,74.0,,,426.0,27.0,310.0,10.0,98.0,56.0,17.0,105.0,,,85.0,14.0,,12.0,743.0,22.0,15.0,,183.0,154.0,28.0,10.0,108.0,18.0,20.0,,,13.0,204.0,3.0,,,22.0,,,,88.0,132.0,325.0,328.0,21.0,3.0,96.0,95.0,4.0,11.0,,,,,43.0,32.0,24.0,3.0,,23.0,10.0,11.0,8.0,9.0,6.0,8.0,11.0,22.0,5.0,,,10.0,8.0,2.0,6.0,20.0,19.0,11.0,7.0,10.0,,8.0,,1.0,,2.0,11.0,1.0,2.0,,1.0,2.0,,1.0,2.0,,,,,,,,0.0,0.0,2.0,51.0,,,,,,,,,,,
cpl::Football_Player::0d635e29400f481397a6663825364631,S. Castello,Forge,Forward,2021,forward,6,98,1,0,1,0,1,0,3,4,4,0,0,0,0,63.0,0,0.0,0,0,0,0,0,0,0,0,0.0,0.0,0.0,0.0,0,0,0,0,0,0,0,0,0,0,0,0,0,,98.0,,,,28.0,,8.0,11.0,,,3.0,19.0,7.0,8.0,,,29.0,4.0,17.0,,11.0,10.0,,14.0,,,4.0,1.0,,2.0,51.0,6.0,2.0,,16.0,8.0,4.0,10.0,8.0,1.0,4.0,,,,16.0,,,,6.0,,,,8.0,3.0,17.0,18.0,,,8.0,8.0,,1.0,,,,,1.0,3.0,2.0,,,3.0,1.0,2.0,,,1.0,5.0,,1.0,,,,5.0,,,,1.0,5.0,,,,,,,,,,1.0,,1.0,,1.0,,,,1.0,,,,,,,,0.0,1.0,0.0,1.0,,,,,,,,,,,
cpl::Football_Player::b65c33938a67445fa2637462ffcf71e2,P. Sabak,Forge,Forward,2021,forward,23,1330,1,2,14,0,8,2,12,20,37,2,5,0,12,81.0,15,1.02,15,0,1,1,1,0,0,0,0.0,0.0,0.0,0.0,0,0,0,0,0,0,0,0,0,0,0,0,0,,1330.0,,,1.0,582.0,5.0,124.0,334.0,3.0,5.0,16.0,236.0,166.0,106.0,1.0,,614.0,20.0,445.0,12.0,122.0,190.0,19.0,125.0,,,83.0,16.0,,23.0,876.0,23.0,7.0,,158.0,189.0,34.0,10.0,76.0,47.0,37.0,,,1.0,166.0,2.0,,,23.0,,,,83.0,111.0,463.0,492.0,8.0,,90.0,75.0,3.0,15.0,,,,,22.0,16.0,19.0,1.0,,12.0,6.0,6.0,7.0,4.0,9.0,7.0,6.0,14.0,6.0,,,21.0,8.0,,6.0,12.0,26.0,7.0,6.0,15.0,,5.0,1.0,2.0,2.0,2.0,8.0,1.0,1.0,1.0,1.0,2.0,,,,,,,1.0,1.0,,,0.0,0.0,1.0,44.0,,,,,,,,,,,
cpl::Football_Player::6a1013ca271947ac875aac6bfbc1af8c,G. Boakye,Edmonton,Forward,2021,forward,7,154,0,0,0,0,0,0,3,3,4,0,0,0,0,59.0,3,1.75,0,0,0,0,0,0,0,0,0.0,0.0,0.0,0.0,0,0,0,0,0,0,0,0,0,0,0,0,0,,154.0,,,1.0,35.0,1.0,11.0,7.0,2.0,,3.0,29.0,14.0,12.0,1.0,,36.0,3.0,19.0,3.0,15.0,3.0,,15.0,,,8.0,2.0,,5.0,83.0,7.0,,,21.0,20.0,1.0,10.0,10.0,2.0,4.0,,,,27.0,4.0,,,7.0,,,,11.0,2.0,20.0,21.0,6.0,,17.0,10.0,,2.0,,,,,2.0,4.0,5.0,,,3.0,1.0,2.0,6.0,1.0,11.0,5.0,,,1.0,,,5.0,,2.0,,1.0,5.0,,1.0,,,,,,,,,,,,,,,,,,,,,,,,0.0,0.0,0.0,2.0,,,,,,,,,,,
cpl::Football_Player::b6e0959d70364c6b9ee5471c88682896,J. George,Scrosoppi,Forward,2021,forward,1,84,0,0,0,0,0,0,0,0,0,0,0,0,100,92.0,3,3.21,0,0,0,0,0,0,0,0,0.0,0.0,0.0,0.0,0,0,0,0,0,0,0,0,0,0,0,0,0,,84.0,,,,48.0,,6.0,22.0,1.0,,3.0,5.0,23.0,1.0,,,49.0,,39.0,2.0,4.0,13.0,,3.0,,,7.0,1.0,,1.0,59.0,1.0,,,7.0,14.0,,10.0,5.0,6.0,,,,1.0,8.0,,,,1.0,,,,3.0,16.0,44.0,45.0,1.0,,3.0,4.0,1.0,1.0,,,,,1.0,3.0,,,,,2.0,,,3.0,,,,,,,,,,,,,,,1.0,,,,,,,,,,,,,,,,,,,,,,,,0.0,,,,,,,,,,,,,,
cpl::Football_Player::561b87875f804f3f815786e5ab7d41e0,R. Núñez,Atlético,Forward,2021,forward,25,1635,0,0,25,0,11,0,12,14,30,6,3,0,33,82.0,31,1.71,3,0,1,0,0,0,0,0,0.0,0.0,0.0,0.0,0,0,0,0,0,0,0,0,0,0,0,0,0,,1635.0,,,,577.0,8.0,215.0,258.0,,3.0,15.0,208.0,224.0,94.0,8.0,,587.0,14.0,451.0,31.0,109.0,203.0,19.0,97.0,,,64.0,18.0,,28.0,902.0,25.0,9.0,,186.0,111.0,36.0,10.0,95.0,27.0,30.0,,,7.0,207.0,2.0,,,25.0,,,,98.0,58.0,468.0,478.0,21.0,2.0,112.0,88.0,,6.0,,,,,28.0,30.0,28.0,,,12.0,21.0,11.0,14.0,18.0,6.0,7.0,14.0,25.0,12.0,1.0,,11.0,4.0,,3.0,18.0,16.0,5.0,4.0,3.0,,3.0,,,6.0,,11.0,3.0,,,,1.0,,,,,,,,,,,0.0,0.0,0.0,46.0,,,,,,,,,,,
cpl::Football_Player::9c4a3a1059ee4e1ea9d4baaea8054cdf,O. Ramírez,York,Forward,2021,forward,18,585,1,1,7,0,5,1,4,14,3,10,2,0,40,74.0,10,1.54,0,0,0,1,0,0,0,0,0.0,0.0,0.0,0.0,0,0,0,0,0,0,0,0,0,0,0,0,0,,585.0,,,,138.0,4.0,52.0,68.0,1.0,2.0,2.0,82.0,44.0,39.0,2.0,,152.0,14.0,109.0,9.0,41.0,31.0,3.0,30.0,,,16.0,4.0,,11.0,251.0,18.0,6.0,,51.0,27.0,21.0,10.0,34.0,2.0,3.0,,,20.0,101.0,6.0,,,18.0,,,,37.0,42.0,97.0,111.0,50.0,,67.0,14.0,1.0,4.0,,,,,4.0,7.0,1.0,2.0,,4.0,2.0,1.0,30.0,3.0,1.0,14.0,2.0,7.0,1.0,1.0,,,1.0,,1.0,4.0,,,8.0,,,,,1.0,10.0,,5.0,,1.0,1.0,1.0,2.0,,,,,,,1.0,,,,0.0,1.0,0.0,20.0,,,,,,,,,,,
cpl::Football_Player::de549c68a1d1413b862e2a8196868dc7,E. Welshman,Forge,Forward,2021,forward,11,546,0,0,11,0,3,0,1,18,4,8,1,0,14,69.0,5,0.82,0,0,1,0,0,0,0,0,0.0,0.0,0.0,0.0,0,0,0,0,0,0,0,0,0,0,0,0,0,,546.0,,,1.0,128.0,8.0,40.0,70.0,2.0,1.0,5.0,89.0,25.0,37.0,,,135.0,18.0,88.0,5.0,42.0,36.0,5.0,36.0,,,15.0,6.0,,7.0,239.0,11.0,7.0,,56.0,25.0,42.0,10.0,16.0,5.0,4.0,,,2.0,70.0,2.0,,,11.0,,,,42.0,34.0,86.0,93.0,14.0,,54.0,14.0,,5.0,,,,,5.0,5.0,9.0,,,1.0,5.0,4.0,12.0,4.0,,5.0,8.0,11.0,2.0,,,1.0,2.0,1.0,2.0,8.0,1.0,,3.0,,,,,,8.0,,3.0,,,,,,,,,,,,,,,,0.0,,,20.0,,,,,,,,,,,
cpl::Football_Player::1ece129a4fee46d18322a9312200459f,A. Ricci,Vancouver FC,Forward,2021,forward,16,1187,5,2,27,0,14,2,9,22,24,6,4,0,26,66.0,14,1.06,0,0,0,0,0,0,0,0,0.0,0.0,0.0,0.0,0,0,0,0,0,0,0,0,0,0,0,0,0,,1187.0,,,,154.0,13.0,47.0,83.0,1.0,4.0,5.0,155.0,33.0,55.0,,,175.0,22.0,110.0,14.0,60.0,43.0,7.0,61.0,,,29.0,15.0,,7.0,417.0,16.0,10.0,,121.0,38.0,72.0,10.0,69.0,5.0,24.0,,,5.0,140.0,9.0,,,16.0,,,,57.0,47.0,96.0,115.0,19.0,1.0,71.0,64.0,,10.0,,,,,24.0,16.0,15.0,2.0,,9.0,3.0,8.0,14.0,7.0,3.0,1.0,13.0,27.0,7.0,2.0,,8.0,1.0,,1.0,14.0,8.0,3.0,6.0,,,,1.0,2.0,6.0,,14.0,1.0,5.0,3.0,4.0,,,1.0,2.0,1.0,,,,,,,1.0,3.0,2.0,33.0,,,,,,,,,,,
cpl::Football_Player::7d39ce2d96684e53ba7bf8361aee3bac,W. Pacius,,Forward,2021,forward,20,1107,7,2,18,0,10,2,7,15,10,7,1,0,40,78.0,12,0.98,0,0,0,0,0,0,0,0,0.0,0.0,0.0,0.0,0,0,0,0,0,0,0,0,0,0,0,0,0,,1107.0,,,,205.0,6.0,101.0,115.0,2.0,1.0,4.0,111.0,61.0,48.0,,,227.0,15.0,172.0,10.0,52.0,43.0,9.0,48.0,,,16.0,13.0,,7.0,382.0,20.0,5.0,,59.0,38.0,54.0,10.0,45.0,3.0,10.0,,,20.0,108.0,6.0,,,20.0,,,,34.0,45.0,153.0,175.0,49.0,,63.0,25.0,2.0,10.0,,,,,4.0,11.0,12.0,2.0,,7.0,9.0,9.0,29.0,4.0,1.0,7.0,8.0,18.0,3.0,1.0,,3.0,1.0,,1.0,5.0,3.0,,8.0,,,,,2.0,7.0,,10.0,,7.0,4.0,7.0,3.0,1.0,,2.0,,,,,,,,2.0,4.0,3.0,17.0,,,,,,,,,,,
cpl::Football_Player::fba3134832e445b5824410919421b981,M. Petrasso,Montréal,Forward,2021,forward,22,1518,3,5,28,0,19,5,13,15,26,13,3,0,33,80.0,24,1.42,38,0,0,0,0,0,0,0,0.0,0.0,0.0,0.0,0,0,0,0,0,0,0,0,0,0,0,0,0,,1518.0,,,,513.0,17.0,96.0,318.0,3.0,3.0,12.0,284.0,116.0,97.0,3.0,,523.0,15.0,404.0,23.0,109.0,152.0,29.0,160.0,,,52.0,19.0,,8.0,913.0,22.0,7.0,,172.0,172.0,68.0,10.0,93.0,10.0,26.0,,,3.0,181.0,3.0,,,22.0,,,,82.0,103.0,405.0,414.0,9.0,,88.0,90.0,1.0,14.0,,,,,45.0,19.0,24.0,3.0,,13.0,4.0,8.0,6.0,6.0,21.0,3.0,9.0,28.0,10.0,,,32.0,20.0,4.0,10.0,36.0,59.0,5.0,6.0,38.0,,25.0,5.0,5.0,13.0,9.0,19.0,,3.0,3.0,2.0,1.0,,1.0,,,,,,,,,0.0,0.0,3.0,59.0,,,,,,,,,,,
cpl::Football_Player::397fbf5a532149178d3600d8bdff14f4,R. Cleary,Forge,Forward,2021,forward,5,51,0,0,1,0,1,0,1,3,0,0,0,0,0,100.0,2,3.53,0,0,0,0,0,0,0,0,0.0,0.0,0.0,0.0,0,0,0,0,0,0,0,0,0,0,0,0,0,,51.0,,,,3.0,1.0,2.0,4.0,,,,3.0,,,,,3.0,3.0,3.0,1.0,,,1.0,,,,2.0,,,,12.0,5.0,2.0,,6.0,1.0,3.0,10.0,1.0,,,,,,9.0,,,,5.0,,,,5.0,,3.0,3.0,3.0,,8.0,1.0,1.0,,,,,,,1.0,,,,1.0,,,3.0,,,5.0,,1.0,1.0,,,,1.0,,1.0,2.0,,,,,,,,,,,1.0,,,,,,,,,,,,,,,,0.0,,,2.0,,,,,,,,,,,
cpl::Football_Player::5ef99fef251b4a4cac0986278578d481,S. Lawson,Atlético,Forward,2021,forward,8,301,0,0,0,0,0,0,0,4,5,1,1,0,46,79.0,4,1.2,0,0,0,0,0,0,0,0,0.0,0.0,0.0,0.0,0,0,0,0,0,0,0,0,0,0,0,0,0,,301.0,,,,80.0,,16.0,50.0,,1.0,4.0,31.0,13.0,13.0,1.0,,80.0,4.0,60.0,4.0,17.0,14.0,3.0,15.0,,,15.0,3.0,,2.0,119.0,8.0,2.0,,26.0,23.0,4.0,10.0,14.0,3.0,5.0,,,6.0,39.0,3.0,,,8.0,,,,18.0,27.0,63.0,63.0,13.0,,25.0,8.0,,4.0,,,,,2.0,1.0,2.0,,,,3.0,2.0,7.0,1.0,1.0,5.0,,,,,,,,,,1.0,,,2.0,,,,,,1.0,,,,,,,,,,,,,,,,,,0.0,0.0,0.0,10.0,,,,,,,,,,,
cpl::Football_Player::3a8819a7f06c45a38e951d42d8743025,M. Shaw,Cavalry,Forward,2021,forward,28,2004,10,1,38,0,20,1,18,39,34,8,0,0,36,75.0,36,1.62,0,0,0,3,3,0,0,0,0.0,0.0,0.0,0.0,0,0,0,0,0,0,0,0,0,0,0,0,0,,2004.0,,,,377.0,6.0,128.0,177.0,6.0,,12.0,236.0,124.0,90.0,8.0,,398.0,39.0,284.0,35.0,102.0,61.0,12.0,98.0,,,69.0,22.0,,17.0,760.0,28.0,15.0,,176.0,96.0,62.0,10.0,109.0,12.0,34.0,,,33.0,267.0,30.0,,,28.0,,,,100.0,113.0,275.0,296.0,91.0,,158.0,76.0,1.0,11.0,,,,,17.0,27.0,26.0,2.0,,18.0,5.0,17.0,58.0,9.0,4.0,6.0,18.0,38.0,8.0,,,13.0,5.0,1.0,5.0,11.0,13.0,1.0,8.0,,,,1.0,1.0,8.0,,20.0,4.0,10.0,8.0,9.0,2.0,1.0,1.0,1.0,,,,3.0,3.0,,,3.0,6.0,4.0,53.0,,,,,,,,,,,
cpl::Football_Player::697c5074a60947ab8c7cc589ade62981,Gianni dos Santos,Pacific,Forward,2021,forward,17,384,1,2,8,0,4,2,6,8,11,4,2,2,0,77.0,8,1.88,6,0,0,0,0,0,0,0,0.0,0.0,0.0,0.0,0,0,0,0,0,0,0,0,0,0,0,0,0,,384.0,,,1.0,41.0,9.0,21.0,34.0,,2.0,2.0,62.0,10.0,9.0,2.0,,46.0,8.0,32.0,8.0,11.0,14.0,8.0,28.0,,,11.0,3.0,,,146.0,17.0,4.0,,45.0,5.0,16.0,10.0,17.0,3.0,11.0,,,,56.0,2.0,,,17.0,,,,28.0,6.0,30.0,35.0,11.0,,39.0,17.0,,3.0,2.0,2.0,,,,6.0,4.0,,,6.0,,1.0,11.0,,2.0,14.0,4.0,8.0,3.0,,,13.0,9.0,1.0,3.0,9.0,17.0,,2.0,6.0,,2.0,2.0,2.0,4.0,4.0,4.0,,1.0,1.0,1.0,,,,,,,,,,,,0.0,1.0,0.0,15.0,,,,,,,,,,,
cpl::Football_Player::c24ec664340a41c1b090dd649af7cd99,J. Ulbricht,York,Forward,2021,forward,19,1010,3,3,20,0,10,3,5,19,7,5,2,0,32,77.0,11,0.98,0,0,2,0,0,0,0,0,0.0,0.0,0.0,0.0,0,0,0,0,0,0,0,0,0,0,0,0,0,,1010.0,,,,126.0,1.0,52.0,70.0,2.0,2.0,4.0,83.0,44.0,31.0,1.0,,148.0,19.0,112.0,10.0,35.0,38.0,11.0,33.0,,,21.0,14.0,,5.0,276.0,19.0,12.0,,61.0,34.0,47.0,10.0,34.0,1.0,7.0,,,15.0,107.0,7.0,,,19.0,,,,42.0,24.0,91.0,113.0,46.0,,73.0,19.0,1.0,12.0,,,,,3.0,9.0,15.0,,,5.0,2.0,8.0,31.0,4.0,,5.0,10.0,20.0,5.0,1.0,,3.0,1.0,,1.0,10.0,3.0,,5.0,,,,1.0,3.0,5.0,,10.0,,3.0,,3.0,1.0,1.0,,2.0,,,,,,,,0.0,1.0,2.0,17.0,,,,,,,,,,,
cpl::Football_Player::99a91175ff8e476ca86125ecab87f00b,Mo Babouli,Forge,Forward,2021,forward,22,1503,7,2,41,0,19,2,7,12,21,7,5,0,34,76.0,9,0.54,13,0,2,3,3,0,0,0,0.0,0.0,0.0,0.0,0,0,0,0,0,0,0,0,0,0,0,0,0,,1503.0,,,,463.0,21.0,120.0,267.0,4.0,5.0,26.0,282.0,108.0,93.0,1.0,,490.0,12.0,336.0,8.0,119.0,164.0,21.0,139.0,,,57.0,17.0,,17.0,851.0,22.0,6.0,,176.0,140.0,76.0,10.0,87.0,35.0,21.0,,,13.0,214.0,4.0,,,22.0,,,,102.0,66.0,344.0,371.0,38.0,4.0,127.0,74.0,1.0,8.0,,,,,35.0,18.0,36.0,3.0,,7.0,4.0,15.0,25.0,11.0,9.0,5.0,22.0,41.0,13.0,,,23.0,4.0,,2.0,31.0,37.0,9.0,7.0,13.0,,7.0,1.0,2.0,7.0,1.0,19.0,4.0,7.0,7.0,7.0,1.0,,,,,,,3.0,3.0,,,5.0,5.0,2.0,69.0,,,,,,,,,,,
cpl::Football_Player::f89eced1f7fe40a287e2234ee0392729,N. Hamilton,York,Forward,2021,forward,15,413,0,0,8,0,4,0,0,6,1,2,0,0,12,77.0,3,0.65,1,0,0,0,0,0,0,0,0.0,0.0,0.0,0.0,0,0,0,0,0,0,0,0,0,0,0,0,0,,413.0,,,,117.0,1.0,28.0,60.0,3.0,,9.0,63.0,33.0,19.0,,,118.0,6.0,86.0,3.0,28.0,27.0,4.0,30.0,,,21.0,3.0,,8.0,194.0,15.0,3.0,,37.0,34.0,19.0,10.0,11.0,4.0,1.0,,,1.0,45.0,,,,15.0,,,,27.0,29.0,89.0,90.0,8.0,,34.0,10.0,,3.0,,,,,8.0,1.0,9.0,,,,,4.0,7.0,1.0,,12.0,4.0,8.0,3.0,,,9.0,3.0,,3.0,6.0,10.0,,3.0,1.0,,,,,2.0,,4.0,1.0,,,,,,,,,,,,,,,0.0,,,13.0,,,,,,,,,,,
cpl::Football_Player::9d35a7c676f548c29a244a6c1c1b6153,J. Mercure,Atlético,Forward,2021,forward,5,58,0,0,0,0,0,0,0,4,1,0,0,0,0,59.0,1,1.55,0,0,0,0,0,0,0,0,0.0,0.0,0.0,0.0,0,0,0,0,0,0,0,0,0,0,0,0,0,,58.0,,,,12.0,,5.0,6.0,,,1.0,8.0,2.0,4.0,,,12.0,4.0,7.0,1.0,5.0,4.0,,3.0,,,3.0,,,2.0,24.0,5.0,3.0,,7.0,2.0,1.0,10.0,3.0,,1.0,,,,9.0,1.0,,,5.0,,,,4.0,1.0,7.0,7.0,2.0,,6.0,3.0,,,,,,,1.0,1.0,,1.0,,,1.0,,2.0,1.0,1.0,5.0,,,,,,,1.0,,1.0,,,,,,,,,,,,,,,,,,,,,,,,,,,,0.0,0.0,0.0,,,,,,,,,,,,
cpl::Football_Player::2e4482a25fcd459a992030c983aa3254,W. Akio,Cavalry,Forward,2021,forward,28,1814,8,3,37,0,23,3,9,23,14,13,1,0,17,76.0,28,1.39,0,0,2,0,0,0,0,0,0.0,0.0,0.0,0.0,0,0,0,0,0,0,0,0,0,0,0,0,0,,1814.0,,1.0,,300.0,13.0,76.0,139.0,3.0,1.0,7.0,185.0,93.0,68.0,1.0,,305.0,23.0,220.0,24.0,75.0,67.0,17.0,72.0,,,51.0,21.0,,12.0,569.0,28.0,10.0,,136.0,60.0,84.0,10.0,64.0,10.0,14.0,,,9.0,188.0,5.0,,,28.0,,,,81.0,102.0,225.0,230.0,52.0,2.0,124.0,55.0,4.0,10.0,,,,,27.0,14.0,18.0,2.0,,9.0,7.0,6.0,43.0,5.0,3.0,7.0,14.0,37.0,5.0,1.0,,9.0,2.0,,2.0,28.0,9.0,1.0,8.0,,,,2.0,3.0,13.0,,23.0,,8.0,7.0,7.0,1.0,,1.0,1.0,,,,,,,,4.0,5.0,3.0,50.0,,,,,,,,,,,
cpl::Football_Player::48e58b3fa72f4f24ab03510e47ad2e6b,D. Fordyce,Valour,Forward,2021,forward,26,1886,2,2,9,0,5,2,25,28,25,2,5,0,63,82.0,24,1.15,1,0,0,0,0,0,0,0,0.0,0.0,0.0,0.0,0,0,0,0,0,0,0,0,0,0,0,0,0,,1886.0,,,5.0,1055.0,3.0,169.0,376.0,31.0,5.0,95.0,257.0,513.0,111.0,,,1091.0,28.0,792.0,21.0,206.0,244.0,11.0,158.0,,,105.0,22.0,,54.0,1335.0,26.0,21.0,,145.0,405.0,16.0,10.0,102.0,93.0,25.0,,,26.0,186.0,20.0,,,26.0,,,,69.0,273.0,853.0,885.0,41.0,6.0,84.0,76.0,3.0,9.0,,,,,13.0,38.0,18.0,1.0,,25.0,21.0,9.0,15.0,13.0,5.0,4.0,4.0,9.0,3.0,8.0,,6.0,4.0,,3.0,9.0,6.0,11.0,7.0,1.0,,,1.0,2.0,2.0,1.0,5.0,2.0,2.0,1.0,2.0,,,,,,,,,,1.0,,0.0,0.0,2.0,21.0,,,,,,,,,,,
cpl::Football_Player::df0de20d12274b3d9549323a3547572b,J. Heard,Pacific,Forward,2021,forward,26,1624,4,1,17,0,9,1,12,36,42,12,10,0,37,77.0,18,1.0,0,0,0,0,0,0,0,0,0.0,0.0,0.0,0.0,0,0,0,0,0,0,0,0,0,0,0,0,0,,1624.0,,,2.0,379.0,19.0,179.0,219.0,10.0,10.0,16.0,242.0,84.0,74.0,1.0,,383.0,36.0,286.0,14.0,90.0,96.0,15.0,115.0,,,70.0,18.0,,19.0,730.0,26.0,20.0,,169.0,79.0,62.0,10.0,96.0,7.0,42.0,,,17.0,214.0,6.0,,,26.0,,,,90.0,29.0,289.0,293.0,45.0,,118.0,79.0,4.0,16.0,,,,,14.0,24.0,35.0,3.0,,12.0,13.0,12.0,28.0,12.0,11.0,8.0,8.0,17.0,8.0,2.0,,44.0,10.0,2.0,10.0,22.0,44.0,2.0,4.0,,,,1.0,1.0,12.0,,9.0,,4.0,2.0,3.0,,,1.0,2.0,1.0,,,,,,,1.0,2.0,2.0,40.0,,,,,,,,,,,
cpl::Football_Player::ba843603344f42e9b03b3fd297b2da9d,Álvaro Rivero,York,Forward,2021,forward,25,1313,6,2,29,0,18,2,7,17,14,1,1,1,25,87.0,20,1.37,12,0,2,2,1,0,0,0,0.0,0.0,0.0,0.0,0,0,0,0,0,0,0,0,0,0,0,0,0,,1313.0,,,2.0,420.0,12.0,120.0,226.0,2.0,1.0,5.0,175.0,154.0,54.0,3.0,,435.0,17.0,370.0,17.0,59.0,126.0,17.0,65.0,,,62.0,15.0,,9.0,719.0,25.0,8.0,,171.0,104.0,52.0,10.0,65.0,6.0,14.0,,,3.0,183.0,8.0,,,25.0,,,,109.0,85.0,361.0,376.0,12.0,,118.0,62.0,3.0,13.0,1.0,,,,31.0,17.0,21.0,1.0,,7.0,12.0,12.0,9.0,10.0,7.0,10.0,11.0,29.0,14.0,1.0,,3.0,4.0,,,27.0,15.0,,14.0,12.0,1.0,7.0,1.0,2.0,1.0,4.0,18.0,2.0,6.0,5.0,5.0,,,1.0,1.0,,,,2.0,1.0,,,1.0,1.0,5.0,59.0,,,,,,,,,,,
cpl::Football_Player::5cfbd430bf3149adb654cadb7f68b7c2,L. Wright,TSS Rovers,Forward,2021,forward,27,1334,6,3,29,0,14,3,8,35,8,5,1,0,33,71.0,25,1.69,0,0,1,0,0,0,0,0,0.0,0.0,0.0,0.0,0,0,0,0,0,0,0,0,0,0,0,0,0,,1334.0,,,,204.0,10.0,74.0,110.0,,1.0,5.0,185.0,62.0,66.0,,,240.0,35.0,165.0,23.0,71.0,48.0,9.0,65.0,,,33.0,13.0,,13.0,505.0,27.0,20.0,,138.0,57.0,58.0,10.0,67.0,4.0,8.0,,,20.0,198.0,6.0,,,27.0,,,,91.0,61.0,133.0,169.0,60.0,,131.0,47.0,2.0,10.0,,,,,23.0,16.0,27.0,,,8.0,1.0,16.0,40.0,8.0,3.0,14.0,15.0,29.0,7.0,3.0,,7.0,3.0,,3.0,14.0,7.0,1.0,8.0,,,,1.0,3.0,5.0,,14.0,,6.0,5.0,6.0,2.0,1.0,,,,,,,,,,3.0,4.0,2.0,47.0,,,,,,,,,,,
cpl::Football_Player::0c2b522db5ff49c4a7aad6340a469546,J. Ulloa,Valour,Forward,2021,forward,22,835,0,1,7,0,1,1,8,20,24,5,5,0,50,82.0,10,1.08,3,0,0,0,0,0,0,0,0.0,0.0,0.0,0.0,0,0,0,0,0,0,0,0,0,0,0,0,0,,835.0,,,1.0,225.0,6.0,96.0,123.0,1.0,5.0,3.0,123.0,69.0,38.0,1.0,,226.0,20.0,181.0,8.0,41.0,29.0,12.0,43.0,,,33.0,6.0,,13.0,415.0,22.0,6.0,,109.0,34.0,27.0,10.0,60.0,4.0,24.0,,,3.0,115.0,1.0,,,22.0,,,,52.0,67.0,184.0,185.0,6.0,1.0,55.0,57.0,2.0,3.0,,,,,18.0,15.0,18.0,1.0,,8.0,7.0,6.0,3.0,7.0,5.0,16.0,6.0,7.0,3.0,,,15.0,7.0,1.0,5.0,19.0,15.0,,5.0,3.0,,,1.0,1.0,5.0,2.0,1.0,,,,,,,,,1.0,,,,,,,0.0,0.0,0.0,27.0,,,,,,,,,,,
cpl::Football_Player::31115f5131a74426969fd8573af2d8b9,B. Wright,Forge,Forward,2021,forward,23,1164,6,1,17,0,13,1,1,11,18,12,0,0,48,70.0,24,1.86,0,0,0,1,1,0,0,0,0.0,0.0,0.0,0.0,0,0,0,0,0,0,0,0,0,0,0,0,0,,1164.0,,,,173.0,5.0,78.0,82.0,1.0,,2.0,138.0,56.0,59.0,5.0,,197.0,11.0,133.0,23.0,61.0,49.0,5.0,50.0,,,16.0,12.0,,16.0,374.0,23.0,2.0,,80.0,36.0,45.0,10.0,49.0,3.0,18.0,,,19.0,119.0,16.0,,,23.0,,,,50.0,34.0,112.0,136.0,39.0,,70.0,30.0,1.0,9.0,,,,,7.0,6.0,13.0,2.0,,1.0,,4.0,20.0,5.0,2.0,11.0,4.0,17.0,2.0,1.0,,5.0,2.0,,2.0,17.0,5.0,3.0,14.0,,,,1.0,1.0,12.0,,13.0,,6.0,4.0,6.0,3.0,1.0,,1.0,2.0,,,1.0,1.0,,,1.0,3.0,3.0,33.0,,,,,,,,,,,
cpl::Football_Player::06a7cbbdbcac4641ac0ddc55b4c05117,M. Dyer,Vancouver FC,Forward,2021,forward,27,1650,9,4,41,0,21,4,20,30,42,3,6,0,37,81.0,27,1.47,0,0,3,4,4,0,0,0,0.0,0.0,0.0,0.0,0,0,0,0,0,0,0,0,0,0,0,0,0,,1650.0,,,2.0,590.0,8.0,145.0,256.0,2.0,6.0,29.0,219.0,249.0,95.0,1.0,,629.0,30.0,469.0,26.0,124.0,191.0,11.0,107.0,,,56.0,19.0,,27.0,969.0,27.0,11.0,,184.0,163.0,74.0,10.0,127.0,36.0,42.0,,,20.0,237.0,13.0,,,27.0,,,,77.0,130.0,467.0,505.0,53.0,2.0,110.0,107.0,1.0,12.0,,,,,30.0,35.0,14.0,3.0,,20.0,21.0,4.0,33.0,15.0,2.0,8.0,20.0,41.0,13.0,4.0,,10.0,,,,15.0,10.0,7.0,15.0,,,,3.0,4.0,3.0,,21.0,,9.0,8.0,9.0,1.0,,,1.0,1.0,,,4.0,4.0,,,2.0,4.0,5.0,42.0,,,,,,,,,,,
cpl::Football_Player::0d17a32998794c7a8e41e5eaa0edece0,Raúl Uche,Atlético,Forward,2021,forward,11,510,0,0,5,0,3,0,6,6,11,5,0,0,25,78.0,13,2.29,0,0,0,0,0,0,0,0,0.0,0.0,0.0,0.0,0,0,0,0,0,0,0,0,0,0,0,0,0,,510.0,,,,119.0,3.0,43.0,50.0,,,,64.0,51.0,30.0,3.0,,131.0,6.0,98.0,13.0,30.0,38.0,7.0,26.0,,,18.0,7.0,,6.0,217.0,11.0,3.0,,44.0,18.0,26.0,10.0,24.0,3.0,11.0,,,3.0,56.0,2.0,,,11.0,,,,23.0,32.0,89.0,101.0,12.0,,32.0,21.0,,5.0,,,,,3.0,7.0,7.0,,,6.0,1.0,1.0,9.0,1.0,,4.0,2.0,5.0,5.0,,,2.0,,,,5.0,2.0,,8.0,,,,,,5.0,,3.0,,,,,1.0,,,,,,,,,,,0.0,0.0,0.0,11.0,,,,,,,,,,,
cpl::Football_Player::04cd976c461148d79ab8cafc0bf69c62,D. Choinière,Forge,Forward,2021,forward,23,1188,4,1,14,0,10,1,11,16,20,2,0,0,0,84.0,12,0.91,0,0,1,0,0,0,0,0,0.0,0.0,0.0,0.0,0,0,0,0,0,0,0,0,0,0,0,0,0,,1188.0,,,,384.0,11.0,157.0,264.0,3.0,,12.0,195.0,64.0,52.0,1.0,,386.0,16.0,311.0,10.0,64.0,35.0,16.0,74.0,,,60.0,14.0,,9.0,678.0,23.0,6.0,,148.0,105.0,72.0,10.0,66.0,11.0,20.0,,,,150.0,3.0,,,23.0,,,,82.0,89.0,320.0,322.0,2.0,1.0,84.0,66.0,2.0,13.0,,,,,26.0,20.0,20.0,1.0,,11.0,3.0,15.0,2.0,9.0,4.0,9.0,4.0,14.0,12.0,1.0,,19.0,6.0,1.0,6.0,33.0,19.0,,2.0,,,,1.0,1.0,2.0,,10.0,,4.0,3.0,4.0,,,,1.0,1.0,,,,,,,2.0,2.0,2.0,52.0,,,,,,,,,,,
cpl::Football_Player::3a40cda943824387943792e6a62fee0f,R. Telfer,Wanderers,Forward,2021,forward,16,1376,3,0,17,0,8,0,7,18,35,4,4,1,55,81.0,25,1.64,20,0,0,0,0,0,0,0,0.0,0.0,0.0,0.0,0,0,0,0,0,0,0,0,0,0,0,0,0,,1376.0,,1.0,,448.0,18.0,114.0,214.0,3.0,4.0,17.0,233.0,174.0,74.0,7.0,,460.0,18.0,343.0,24.0,91.0,101.0,23.0,99.0,,,67.0,16.0,,23.0,816.0,16.0,11.0,,170.0,125.0,44.0,10.0,107.0,26.0,35.0,,,16.0,199.0,4.0,,,16.0,,,,79.0,120.0,361.0,369.0,29.0,1.0,92.0,91.0,1.0,1.0,1.0,1.0,,,36.0,20.0,24.0,1.0,,7.0,9.0,12.0,13.0,13.0,9.0,,9.0,17.0,13.0,3.0,,17.0,19.0,1.0,8.0,22.0,31.0,2.0,7.0,20.0,,11.0,,,4.0,7.0,8.0,3.0,3.0,1.0,2.0,,1.0,1.0,1.0,1.0,,,,,,,0.0,1.0,2.0,54.0,,,,,,,,,,,
cpl::Football_Player::4677d430ee38453e9a424d4e8c1cc96b,T. Borges,Forge,Forward,2021,forward,26,1528,3,6,33,0,18,6,23,35,44,11,5,0,14,82.0,15,0.88,53,0,0,2,1,0,0,0,0.0,0.0,0.0,0.0,0,0,0,0,0,0,0,0,0,0,0,0,0,,1528.0,,,,487.0,18.0,135.0,323.0,2.0,5.0,11.0,283.0,109.0,83.0,1.0,,510.0,35.0,403.0,13.0,94.0,115.0,39.0,123.0,,,89.0,20.0,,15.0,957.0,26.0,26.0,,256.0,123.0,80.0,10.0,120.0,13.0,44.0,,,2.0,270.0,2.0,,,26.0,,,,138.0,137.0,393.0,416.0,14.0,,150.0,118.0,2.0,18.0,,,,,34.0,40.0,34.0,2.0,,23.0,10.0,19.0,12.0,17.0,8.0,6.0,15.0,33.0,10.0,1.0,,17.0,16.0,,4.0,39.0,44.0,4.0,9.0,53.0,,25.0,5.0,6.0,11.0,11.0,18.0,5.0,3.0,1.0,2.0,,,1.0,2.0,3.0,,1.0,2.0,1.0,,,0.0,2.0,1.0,81.0,,,,,,,,,,,
cpl::Football_Player::48fe610550bc4e00a8782f2403b6ca25,A. Selemani,Cavalry,Forward,2021,forward,17,518,3,2,12,0,7,2,2,23,7,5,1,0,31,80.0,7,1.22,1,0,0,0,0,0,0,0,0.0,0.0,0.0,0.0,0,0,0,0,0,0,0,0,0,0,0,0,0,,518.0,,,,115.0,5.0,48.0,67.0,,1.0,,78.0,33.0,25.0,1.0,,125.0,23.0,100.0,5.0,25.0,27.0,4.0,31.0,,,18.0,5.0,,2.0,250.0,17.0,9.0,,65.0,14.0,36.0,10.0,28.0,,7.0,,,11.0,100.0,3.0,,,17.0,,,,48.0,36.0,92.0,100.0,35.0,,72.0,17.0,2.0,5.0,,,,,5.0,6.0,11.0,,,2.0,3.0,4.0,24.0,4.0,3.0,12.0,5.0,12.0,2.0,,,8.0,,,,7.0,8.0,1.0,11.0,1.0,,,1.0,2.0,5.0,,7.0,,3.0,1.0,3.0,3.0,,,1.0,,,,,,1.0,,1.0,0.0,3.0,20.0,,,,,,,,,,,
cpl::Football_Player::55dd391822fa4ee9a317707f26e1ddc9,C. Nanco,Forge,Forward,2021,forward,19,813,2,0,15,0,8,0,4,13,17,5,4,0,16,85.0,5,0.55,1,0,3,0,0,0,0,0,0.0,0.0,0.0,0.0,0,0,0,0,0,0,0,0,0,0,0,0,0,,813.0,,,1.0,190.0,11.0,50.0,129.0,1.0,4.0,7.0,126.0,36.0,24.0,,,194.0,13.0,150.0,4.0,31.0,44.0,11.0,36.0,,,30.0,7.0,,6.0,394.0,19.0,5.0,,107.0,52.0,44.0,10.0,35.0,13.0,17.0,,,1.0,113.0,1.0,,,19.0,,,,73.0,48.0,159.0,163.0,6.0,2.0,78.0,34.0,1.0,3.0,,,,,11.0,6.0,11.0,2.0,,4.0,3.0,2.0,5.0,2.0,25.0,12.0,7.0,15.0,6.0,,,11.0,2.0,2.0,2.0,28.0,11.0,1.0,1.0,1.0,,,,,5.0,,8.0,,2.0,1.0,2.0,,,,1.0,,,,,,,,0.0,2.0,0.0,46.0,,,,,,,,,,,
cpl::Football_Player::5113470034d346478fcfd237037f2971,I. Halley,York,Forward,2021,forward,15,415,0,1,3,0,1,1,2,4,19,0,1,0,50,76.0,11,2.39,0,0,0,0,0,0,0,0,0.0,0.0,0.0,0.0,0,0,0,0,0,0,0,0,0,0,0,0,0,,415.0,,1.0,,100.0,4.0,22.0,49.0,1.0,1.0,2.0,65.0,32.0,23.0,,,104.0,4.0,77.0,10.0,25.0,14.0,4.0,18.0,,,31.0,3.0,,10.0,200.0,15.0,3.0,,54.0,35.0,7.0,10.0,35.0,2.0,19.0,,,3.0,60.0,1.0,,,15.0,,,,22.0,33.0,75.0,79.0,6.0,,25.0,32.0,1.0,1.0,,,,,9.0,5.0,12.0,,,2.0,3.0,1.0,3.0,3.0,6.0,12.0,2.0,3.0,,,,3.0,2.0,4.0,2.0,5.0,3.0,,1.0,,,,,1.0,,,1.0,,,,,,,,,,,,,,,,0.0,,,12.0,,,,,,,,,,,
cpl::Football_Player::92feba9457f14d5a9a489db700778c7d,M. Umar,Edmonton,Forward,2021,forward,1,45,0,0,0,0,0,0,1,1,2,0,0,0,0,85.0,1,2.0,0,0,0,0,0,0,0,0,0.0,0.0,0.0,0.0,0,0,0,0,0,0,0,0,0,0,0,0,0,,45.0,,,,19.0,,10.0,8.0,,,,5.0,8.0,3.0,,,19.0,1.0,16.0,1.0,3.0,5.0,1.0,2.0,,,1.0,,,1.0,26.0,1.0,1.0,,6.0,2.0,3.0,10.0,3.0,,2.0,,,,6.0,,,,1.0,,,,3.0,2.0,16.0,16.0,,,3.0,3.0,,,,,,,,1.0,2.0,,,1.0,,1.0,,,,1.0,,,1.0,,,,,,,1.0,,,1.0,,,,,,,,,,,,,,,,,,,,,,,,0.0,,,1.0,,,,,,,,,,,
cpl::Football_Player::23c92ceb8bee415a886f16e93c507c65,M. Carducci,Cavalry,Goalkeeper,2022,goalkeeper,26,2340,0,0,0,0,0,0,0,0,4,0,1,0,100,74.0,28,1.08,0,0,0,0,0,0,0,0,0.0,0.0,0.0,0.0,0,0,0,0,0,0,0,0,0,0,0,0,0,57.0,2340.0,266.0,,26.0,528.0,2.0,,74.0,73.0,1.0,204.0,218.0,496.0,3.0,1.0,5.0,777.0,,434.0,24.0,207.0,192.0,,162.0,,3.0,228.0,26.0,1.0,45.0,1019.0,26.0,,17.0,5.0,401.0,,10.0,9.0,136.0,4.0,22.0,14.0,5.0,10.0,25.0,35.0,1.0,26.0,,2.0,41.0,1.0,184.0,403.0,570.0,5.0,10.0,1.0,4.0,4.0,,,,1.0,,,,,,,,2.0,,,,,,,,,,,,,,,,,,,,,,,,,,,,,,,,,,,,,,,,,,0.0,,,,,,,,,,,,,,
cpl::Football_Player::7e18ad4df0bc44ce92ddcffed48d7b88,J. Roloff,Cavalry,Goalkeeper,2022,goalkeeper,4,360,0,0,0,0,0,0,0,0,1,0,0,0,0,73.0,8,2.0,0,0,0,0,0,0,0,0,0.0,0.0,0.0,0.0,0,0,0,0,0,0,0,0,0,0,0,0,0,12.0,360.0,46.0,,3.0,44.0,,,8.0,9.0,,25.0,27.0,59.0,1.0,2.0,1.0,93.0,,50.0,5.0,26.0,14.0,,18.0,,,36.0,4.0,,8.0,130.0,4.0,,2.0,1.0,59.0,,10.0,1.0,17.0,1.0,3.0,5.0,,2.0,2.0,9.0,2.0,4.0,,,10.0,,20.0,36.0,67.0,1.0,,1.0,1.0,3.0,,,,,,,,,,,,,,1.0,,,,,,,,,,,,,,,,,,,,,,,,,,,,,,,,,,,,,,,,0.0,,,,,,,,,,,,,,
cpl::Football_Player::c413f9ab15ee494581fcc06bba6806ff,A. De Rosario,Toronto,Goalkeeper,2022,goalkeeper,1,90,0,0,0,0,0,0,0,0,0,0,0,0,0,58.0,1,1.0,0,0,0,0,0,0,0,0,0.0,0.0,0.0,0.0,0,0,0,0,0,0,0,0,0,0,0,0,0,3.0,90.0,11.0,,,14.0,,,,4.0,,7.0,8.0,11.0,1.0,,1.0,19.0,,11.0,,8.0,4.0,,5.0,,,12.0,1.0,,3.0,32.0,1.0,,,,14.0,,10.0,,,,1.0,,,,1.0,2.0,,1.0,,,1.0,,1.0,9.0,11.0,,,,,1.0,,,,,,,,,,,,,,,,,,,,,,,,,,,,,,,,,,,,,,,,,,,,,,,,,,,,,,0.0,,,,,,,,,,,,,,
cpl::Football_Player::f7b3dd095e88450ca085f9cf8a12f3b0,K. Baskett,Wanderers,Goalkeeper,2022,goalkeeper,9,810,0,0,0,0,0,0,0,0,1,0,2,0,100,64.0,12,1.33,0,0,0,0,0,0,0,0,0.0,0.0,0.0,0.0,0,0,0,0,0,0,0,0,0,0,0,0,0,26.0,810.0,111.0,,9.0,105.0,,,23.0,32.0,2.0,79.0,82.0,114.0,1.0,,5.0,217.0,,94.0,10.0,80.0,35.0,,62.0,,3.0,77.0,9.0,,18.0,317.0,9.0,,5.0,1.0,145.0,,10.0,5.0,43.0,1.0,10.0,4.0,4.0,5.0,10.0,16.0,,9.0,,2.0,25.0,,37.0,73.0,137.0,4.0,5.0,,1.0,2.0,,,,1.0,,,,,,,,,,,,,,,,,,,,,,,,,,,,,,,,,,,,,,,,,,,,,,,,,,0.0,,,,,,,,,,,,,,
cpl::Football_Player::d3eccdc138364416ab9dd2b141d41e76,J. Holliday,Cavalry,Goalkeeper,2022,goalkeeper,1,1,0,0,0,0,0,0,0,0,0,0,0,0,0,,0,0.0,0,0,0,0,0,0,0,0,0.0,0.0,0.0,0.0,0,0,0,0,0,0,0,0,0,0,0,0,0,,1.0,,,,,,,,,,,,,,,,,,,,,,,,,,,,,,,1.0,,,,,,10.0,,,,,,,,,,,1.0,,,,,,,,,,,,,,,,,,,,,,,,,,,,,1.0,,,,,,,,,,,,,,,,,,,,,,,,,,,,,,,,,,,,,0.0,,,,,,,,,,,,,,
cpl::Football_Player::114243c66bf84de08c89d82c84024efa,A. Vaikla,Scrosoppi,Goalkeeper,2022,goalkeeper,21,1844,0,0,0,0,0,0,1,1,3,0,1,0,88,55.0,40,1.95,0,0,0,0,0,0,0,0,0.0,0.0,0.0,0.0,0,0,0,0,0,0,0,0,0,0,0,0,0,58.0,1844.0,196.0,1.0,27.0,201.0,,,69.0,59.0,1.0,218.0,224.0,200.0,3.0,6.0,5.0,490.0,1.0,138.0,35.0,221.0,51.0,,176.0,1.0,3.0,178.0,21.0,6.0,45.0,709.0,21.0,,14.0,7.0,365.0,,10.0,13.0,131.0,3.0,19.0,8.0,8.0,16.0,15.0,39.0,7.0,21.0,1.0,4.0,104.0,2.0,74.0,142.0,269.0,9.0,3.0,3.0,5.0,5.0,2.0,,,1.0,,,1.0,,,1.0,1.0,,,1.0,,,,,,,,,,,,,,,,,,,,,,,,,,,,,,,,,,,,,,,,0.0,,,,,,,,,,,,,,
cpl::Football_Player::d65b644d608b40dbb79ba6a0fb08d7f1,A. Rushenas,Wanderers,Goalkeeper,2022,goalkeeper,0,0,0,0,0,0,0,0,0,0,0,0,0,0,0,,0,,0,0,0,0,0,0,0,0,0.0,0.0,0.0,0.0,0,0,0,0,0,0,0,0,0,0,0,0,0,,,,,,,,,,,,,,,,,,,,,,,,,,,,,,,,,,,,,,,,,,,,,,,,,,,,,,,,,,,,,,,,,,,,,,,,,,,,,,,,,,,,,,,,,,,,,,,,,,,,,,,,,,,,,,,,,,,,,,,,,,,,,,,,,,
cpl::Football_Player::16b384ec036b4bccb9be3e98bf2b8088,M. Village,Pacific,Goalkeeper,2022,goalkeeper,0,0,0,0,0,0,0,0,0,0,0,0,0,0,0,,0,,0,0,0,0,0,0,0,0,0.0,0.0,0.0,0.0,0,0,0,0,0,0,0,0,0,0,0,0,0,,,,,,,,,,,,,,,,,,,,,,,,,,,,,,,,,,,,,,,,,,,,,,,,,,,,,,,,,,,,,,,,,,,,,,,,,,,,,,,,,,,,,,,,,,,,,,,,,,,,,,,,,,,,,,,,,,,,,,,,,,,,,,,,,,
cpl::Football_Player::ed6b655ed6bb4c7baedb0fe8fc42495d,C. Irving,Vancouver FC,Goalkeeper,2022,goalkeeper,28,2520,0,0,0,0,0,0,0,0,9,0,0,0,100,73.0,34,1.21,0,0,0,0,0,0,0,0,0.0,0.0,0.0,0.0,0,0,0,0,0,0,0,0,0,0,0,0,0,68.0,2520.0,267.0,,17.0,532.0,,,75.0,78.0,,231.0,235.0,548.0,2.0,4.0,12.0,856.0,,484.0,27.0,233.0,197.0,1.0,200.0,,5.0,249.0,28.0,6.0,33.0,1132.0,28.0,,22.0,12.0,448.0,,10.0,19.0,139.0,9.0,18.0,19.0,7.0,19.0,23.0,50.0,4.0,28.0,,3.0,63.0,,211.0,430.0,623.0,7.0,9.0,,12.0,7.0,,,,,,1.0,1.0,1.0,,,,2.0,1.0,,1.0,,,,,,,,,,,,,,,,,,,,,,,,,,,,,,,,,,,,,,,0.0,0.0,0.0,,,,,,,,,,,,
cpl::Football_Player::7c054612559b45f2a7ef690616b61862,T. Henry,Forge,Goalkeeper,2022,goalkeeper,30,2700,0,0,0,0,0,0,0,1,10,0,3,0,100,89.0,25,0.83,0,0,0,0,0,0,0,0,0.0,0.0,0.0,0.0,0,0,0,0,0,0,0,0,0,0,0,0,0,70.0,2700.0,386.0,,8.0,300.0,1.0,,20.0,31.0,3.0,64.0,70.0,497.0,6.0,,7.0,587.0,1.0,453.0,22.0,70.0,171.0,,40.0,,4.0,248.0,30.0,2.0,30.0,896.0,30.0,1.0,24.0,8.0,268.0,,10.0,11.0,64.0,10.0,23.0,20.0,4.0,12.0,14.0,46.0,,30.0,,3.0,6.0,1.0,148.0,257.0,517.0,4.0,11.0,1.0,7.0,3.0,,,,,,,,,,,,1.0,,,,,,,,,,,,,,,,,,,,,,,,,,,,,,,,,,,,,,,,,,0.0,0.0,0.0,,,,,,,,,,,,
cpl::Football_Player::95c5a896975b488cb559f52bde46d3d4,R. Yesli,Wanderers,Goalkeeper,2022,goalkeeper,9,810,0,0,0,0,0,0,0,0,1,0,0,0,100,52.0,8,0.89,0,0,0,0,0,0,0,0,0.0,0.0,0.0,0.0,0,0,0,0,0,0,0,0,0,0,0,0,0,26.0,810.0,65.0,,9.0,114.0,,,30.0,40.0,,104.0,110.0,88.0,5.0,1.0,1.0,227.0,,76.0,6.0,109.0,30.0,,89.0,,,60.0,9.0,,20.0,292.0,9.0,,3.0,1.0,160.0,,10.0,3.0,42.0,1.0,10.0,6.0,2.0,3.0,5.0,15.0,1.0,9.0,,,39.0,,37.0,71.0,118.0,2.0,4.0,,1.0,2.0,,,,,,,,,,,,,,,,,,,,,,,,,,,,,,,,,,,,,,,,,,,,,,,,,,,,,,0.0,,,,,,,,,,,,,,
cpl::Football_Player::a86a1a3737bc4895b1340dc348ae5b09,S. Melvin,Pacific,Goalkeeper,2022,goalkeeper,4,273,0,0,0,0,0,0,0,0,0,0,0,0,100,64.0,4,1.32,0,0,0,0,0,0,0,0,0.0,0.0,0.0,0.0,0,0,0,0,0,0,0,0,0,0,0,0,0,6.0,273.0,30.0,,3.0,19.0,,,5.0,6.0,,22.0,23.0,33.0,,1.0,2.0,60.0,,30.0,4.0,22.0,11.0,,17.0,,1.0,24.0,3.0,,5.0,86.0,4.0,,2.0,,37.0,,10.0,1.0,8.0,,5.0,1.0,1.0,1.0,2.0,1.0,1.0,4.0,,,11.0,,12.0,15.0,38.0,1.0,1.0,,,,,,,,,,,,,,,,,,,,1.0,,,,,,,,,,,,,,,,,,,,,,,,,,,,,,,,,,,,,0.0,,,,,,,,,,,,,,
cpl::Football_Player::655a241e039a4965b7f38990c3f8d981,E. Himaras,Valour,Goalkeeper,2022,goalkeeper,10,879,0,0,0,0,0,0,0,1,0,0,0,0,0,73.0,13,1.33,0,0,0,0,0,0,0,0,0.0,0.0,0.0,0.0,0,0,0,0,0,0,0,0,0,0,0,0,0,28.0,879.0,98.0,1.0,11.0,132.0,,,23.0,16.0,,63.0,66.0,147.0,1.0,1.0,,234.0,1.0,131.0,11.0,64.0,47.0,,59.0,,3.0,79.0,9.0,1.0,5.0,332.0,10.0,1.0,7.0,1.0,126.0,,10.0,,39.0,,14.0,8.0,,1.0,4.0,14.0,1.0,10.0,,,26.0,1.0,61.0,108.0,170.0,,1.0,1.0,,2.0,,,,,,,,1.0,,,,,,,,,1.0,,,,,,,,,,,,,,,,,,,,,,,,,,,,,,,,,,,,,0.0,,,,,,,,,,,,,,
cpl::Football_Player::72e65d5165df41d198c80f48acb6e327,D. Murasiranwa,Valour,Goalkeeper,2022,goalkeeper,8,675,0,0,0,0,0,0,0,1,2,0,0,0,66,59.0,11,1.47,0,0,0,0,0,0,0,0,0.0,0.0,0.0,0.0,0,0,0,0,0,0,0,0,0,0,0,0,0,24.0,675.0,92.0,1.0,11.0,65.0,,,22.0,17.0,,62.0,68.0,70.0,3.0,2.0,2.0,157.0,1.0,47.0,11.0,65.0,23.0,,43.0,,2.0,78.0,7.0,1.0,22.0,252.0,8.0,,4.0,2.0,121.0,,10.0,3.0,45.0,2.0,4.0,6.0,2.0,5.0,6.0,20.0,2.0,8.0,,,25.0,1.0,13.0,37.0,92.0,3.0,1.0,2.0,1.0,,,,,,1.0,,,1.0,,,,1.0,,1.0,,,1.0,,,,,,,,,,,,,,,,,,,,,,,,,,,,,,,,,,,,,0.0,,,,,,,,,,,,,,
cpl::Football_Player::0a71cc5786ac4cb6a42caa6d849c2129,C. Kalongo,Forge,Goalkeeper,2022,goalkeeper,1,90,0,0,0,0,0,0,0,0,0,0,0,0,0,92.0,2,2.0,0,0,0,0,0,0,0,0,0.0,0.0,0.0,0.0,0,0,0,0,0,0,0,0,0,0,0,0,0,3.0,90.0,12.0,,,16.0,,,,2.0,,2.0,2.0,21.0,,,,23.0,,19.0,2.0,2.0,9.0,,1.0,,,7.0,1.0,,1.0,31.0,1.0,,,,6.0,,10.0,,2.0,,1.0,,,,,2.0,,1.0,,,,,8.0,14.0,21.0,,,,,,,,,,,,,,,,,,,,,,,,,,,,,,,,,,,,,,,,,,,,,,,,,,,,,,,,,,,0.0,0.0,0.0,,,,,,,,,,,,
cpl::Football_Player::2780a63e2bc74d368e239e9e42851d4c,J. Sirois,Montréal,Goalkeeper,2022,goalkeeper,19,1710,0,0,0,0,0,0,0,0,5,0,1,0,80,68.0,26,1.37,0,0,0,0,0,0,0,0,0.0,0.0,0.0,0.0,0,0,0,0,0,0,0,0,0,0,0,0,0,49.0,1710.0,181.0,,10.0,297.0,1.0,,43.0,58.0,1.0,158.0,166.0,295.0,4.0,3.0,11.0,500.0,,252.0,21.0,162.0,112.0,,106.0,3.0,5.0,141.0,19.0,2.0,56.0,699.0,19.0,,13.0,6.0,271.0,,10.0,12.0,86.0,5.0,20.0,12.0,8.0,16.0,28.0,29.0,6.0,19.0,3.0,1.0,59.0,2.0,117.0,223.0,338.0,10.0,5.0,4.0,4.0,5.0,,,,,1.0,,,1.0,,,,,,2.0,,,,,,,,,,,,,,,,,,,,,,,,,,,,,,,,,,,,,,,,0.0,,,,,,,,,,,,,,
cpl::Football_Player::d7a3107cbc0c426399a5c65c18e39d14,N. Giantsopoulos,Vancouver FC,Goalkeeper,2022,goalkeeper,18,1551,0,0,1,0,0,0,0,0,4,0,3,0,100,68.0,21,1.22,0,0,0,0,0,0,0,0,0.0,0.0,0.0,0.0,0,0,0,0,0,0,0,0,0,0,0,0,0,49.0,1551.0,212.0,,12.0,180.0,,,56.0,31.0,3.0,122.0,127.0,205.0,3.0,6.0,5.0,386.0,,174.0,20.0,125.0,60.0,1.0,97.0,,2.0,164.0,18.0,2.0,28.0,608.0,18.0,,18.0,6.0,245.0,1.0,10.0,12.0,87.0,4.0,28.0,10.0,7.0,13.0,23.0,20.0,6.0,18.0,,,53.0,1.0,81.0,137.0,261.0,7.0,6.0,1.0,5.0,1.0,1.0,,,,,,1.0,,,,,1.0,,,1.0,,,1.0,1.0,,,,,,,,,,,,,,,,,,,,,,,,,,,,,,,,,,,0.0,,,,,,,,,,,,,,
cpl::Football_Player::ed004eacaca144bda4943965af890853,E. Gazdov,Montréal,Goalkeeper,2022,goalkeeper,2,180,0,0,0,0,0,0,1,0,1,0,0,0,100,45.0,2,1.0,0,0,0,0,0,0,0,0,0.0,0.0,0.0,0.0,0,0,0,0,0,0,0,0,0,0,0,0,0,10.0,180.0,26.0,,3.0,26.0,,,5.0,12.0,,34.0,34.0,22.0,,,1.0,61.0,,17.0,1.0,34.0,6.0,,32.0,,,27.0,2.0,,2.0,97.0,2.0,,3.0,2.0,48.0,,10.0,3.0,10.0,1.0,6.0,4.0,1.0,3.0,4.0,4.0,,2.0,,,16.0,,7.0,16.0,27.0,1.0,,,2.0,1.0,,,,,,,1.0,,,,1.0,,,,,,,,,,,,,,,,,,,,,,,,,,,,,,,,,,,,,,,,,,,0.0,0.0,0.0,,,,,,,,,,,,
cpl::Football_Player::dc9acb517ceb4bb6a191399acd30efa6,G. Catalano,Vaughan,Goalkeeper,2022,goalkeeper,1,90,0,0,0,0,0,0,0,0,0,0,0,0,100,91.0,3,3.0,0,0,0,0,0,0,0,0,0.0,0.0,0.0,0.0,0,0,0,0,0,0,0,0,0,0,0,0,0,3.0,90.0,15.0,,,4.0,,,3.0,,,1.0,2.0,16.0,1.0,,2.0,21.0,,13.0,3.0,2.0,6.0,,1.0,1.0,,4.0,1.0,,1.0,32.0,1.0,,1.0,,10.0,,10.0,1.0,6.0,,1.0,1.0,1.0,1.0,4.0,2.0,1.0,1.0,1.0,,2.0,,5.0,4.0,19.0,1.0,,,,,,,,,,,,,,,,,,,,,,,,,,,,,,,,,,,,,,,,,,,,,,,,,,,,,,,,,,0.0,,,,,,,,,,,,,,
cpl::Football_Player::9c2fb41ece0d4ac7902f5799c23556f4,M. Williams,York,Goalkeeper,2022,goalkeeper,0,0,0,0,0,0,0,0,0,0,0,0,0,0,0,,0,,0,0,0,0,0,0,0,0,0.0,0.0,0.0,0.0,0,0,0,0,0,0,0,0,0,0,0,0,0,,,,,,,,,,,,,,,,,,,,,,,,,,,,,,,,,,,,,,,,,,,,,,,,,,,,,,,,,,,,,,,,,,,,,,,,,,,,,,,,,,,,,,,,,,,,,,,,,,,,,,,,,,,,,,,,,,,,,,,,,,,,,,,,,,
cpl::Football_Player::364352c812a14e868234e4883c9bd4e0,N. Ingham,Atlético,Goalkeeper,2022,goalkeeper,28,2517,0,0,0,0,0,0,1,1,5,0,1,0,92,64.0,28,1.0,0,0,0,0,0,0,0,0,0.0,0.0,0.0,0.0,0,0,0,0,0,0,0,0,0,0,0,0,0,75.0,2517.0,325.0,1.0,20.0,329.0,,,72.0,71.0,1.0,253.0,264.0,382.0,8.0,5.0,12.0,715.0,1.0,332.0,22.0,261.0,150.0,,216.0,,5.0,242.0,28.0,5.0,45.0,992.0,28.0,1.0,26.0,6.0,431.0,,10.0,17.0,122.0,5.0,36.0,21.0,12.0,19.0,19.0,39.0,5.0,28.0,,7.0,88.0,1.0,134.0,220.0,454.0,13.0,9.0,2.0,5.0,6.0,1.0,,,1.0,,,1.0,,,1.0,1.0,1.0,,1.0,,,,,,,,,,,,,,,,,,,,,,,,,,,,,,,,,,,,,,,,0.0,,,,,,,,,,,,,,
cpl::Football_Player::41f23e52e26541bca62d8378fafc1953,F. Aird,Cavalry,Defender,2022,defender,5,434,0,1,4,0,2,1,7,2,4,0,1,0,66,70.0,5,1.04,14,0,0,0,0,0,0,0,0.0,0.0,0.0,0.0,0,0,0,0,0,0,0,0,0,0,0,0,0,,434.0,,,3.0,205.0,8.0,27.0,96.0,7.0,1.0,21.0,114.0,60.0,45.0,1.0,,216.0,2.0,141.0,3.0,66.0,6.0,5.0,79.0,,,31.0,5.0,,15.0,363.0,5.0,1.0,,25.0,104.0,5.0,10.0,16.0,9.0,4.0,,,2.0,28.0,6.0,,,5.0,,,,11.0,79.0,144.0,150.0,3.0,1.0,12.0,14.0,2.0,1.0,,,,,2.0,8.0,12.0,,,7.0,10.0,3.0,1.0,1.0,45.0,,2.0,4.0,,,,14.0,6.0,9.0,,2.0,28.0,1.0,,14.0,,9.0,1.0,1.0,,5.0,2.0,1.0,,,,,,,,,,,,,,,0.0,,,4.0,,,,,,,,,,,
cpl::Football_Player::3369d66b5c1c44c38f4b479aed83a7e7,Roberto Alarcón,Valour,Defender,2022,defender,17,1160,0,3,8,0,4,3,21,28,30,0,6,0,70,84.0,15,1.16,19,0,0,0,0,0,0,0,0.0,0.0,0.0,0.0,0,0,0,0,0,0,0,0,0,0,0,0,0,,1160.0,,1.0,1.0,533.0,11.0,98.0,258.0,11.0,6.0,42.0,207.0,235.0,48.0,1.0,,558.0,28.0,432.0,13.0,90.0,23.0,23.0,130.0,,,83.0,13.0,,29.0,939.0,17.0,17.0,,137.0,203.0,6.0,10.0,95.0,36.0,30.0,,,12.0,154.0,17.0,,,17.0,,,,54.0,234.0,452.0,468.0,17.0,2.0,59.0,83.0,2.0,6.0,,,,,21.0,32.0,19.0,2.0,,21.0,6.0,6.0,5.0,11.0,93.0,4.0,4.0,8.0,2.0,1.0,,48.0,25.0,7.0,13.0,11.0,69.0,1.0,1.0,19.0,,12.0,2.0,3.0,,6.0,4.0,1.0,,,,,,,,,,,,,,,0.0,,,22.0,,,,,,,,,,,
cpl::Football_Player::f3ffebc2701c4e608f9f5055198c5ec9,D. Norman,Vancouver FC,Defender,2022,defender,21,1031,0,0,8,0,2,0,10,20,15,0,4,2,50,78.0,13,1.13,0,0,0,0,0,0,0,0,0.0,0.0,0.0,0.0,0,0,0,0,0,0,0,0,0,0,0,0,0,,1031.0,,,4.0,583.0,5.0,44.0,186.0,20.0,4.0,67.0,188.0,289.0,67.0,1.0,,606.0,20.0,407.0,9.0,134.0,225.0,4.0,102.0,,,65.0,11.0,,42.0,832.0,21.0,11.0,,66.0,263.0,11.0,10.0,51.0,65.0,15.0,,,20.0,106.0,24.0,,,21.0,,,,35.0,74.0,456.0,472.0,40.0,3.0,55.0,31.0,4.0,2.0,2.0,1.0,,,1.0,15.0,14.0,,,10.0,23.0,7.0,20.0,5.0,46.0,10.0,6.0,8.0,2.0,4.0,,8.0,3.0,27.0,3.0,4.0,10.0,,,,1.0,,,,,,2.0,3.0,,,,,,,,,,,,,,,0.0,,,7.0,,,,,,,,,,,
cpl::Football_Player::ebad96b764c947998691fc6dcd98daa5,C. Campagna,Wanderers,Defender,2022,defender,7,563,0,0,2,0,0,0,10,3,1,1,1,0,63,86.0,5,0.8,0,0,0,0,0,0,0,0,0.0,0.0,0.0,0.0,0,0,0,0,0,0,0,0,0,0,0,0,0,,563.0,,,6.0,348.0,,13.0,81.0,7.0,1.0,23.0,60.0,225.0,30.0,,,359.0,3.0,279.0,3.0,53.0,96.0,1.0,30.0,,,34.0,6.0,,23.0,440.0,7.0,3.0,,26.0,150.0,2.0,10.0,30.0,27.0,1.0,,,12.0,45.0,22.0,,,7.0,,,,8.0,100.0,295.0,306.0,19.0,3.0,15.0,18.0,2.0,,,,,,2.0,15.0,3.0,,,10.0,15.0,1.0,7.0,5.0,2.0,1.0,2.0,2.0,,4.0,,,,,,,,1.0,,,,,,,1.0,,,,,,,,,,,,,,,,,,0.0,,,1.0,,,,,,,,,,,
cpl::Football_Player::dbd8bd41aa5a42158cc6c3a4c952bfdf,Z. Fernandez,Valour,Defender,2022,defender,24,2100,0,4,3,0,2,4,31,31,51,4,6,0,65,76.0,30,1.29,20,0,0,0,0,0,0,0,0.0,0.0,0.0,0.0,0,0,0,0,0,0,0,0,0,0,0,0,0,,2100.0,,,4.0,888.0,15.0,168.0,451.0,28.0,6.0,66.0,411.0,272.0,162.0,3.0,,925.0,31.0,671.0,26.0,228.0,25.0,31.0,204.0,,,102.0,24.0,,82.0,1644.0,24.0,8.0,,217.0,380.0,35.0,10.0,160.0,26.0,51.0,,,28.0,260.0,37.0,,,24.0,,,,85.0,352.0,665.0,697.0,43.0,7.0,100.0,132.0,4.0,4.0,,,,,19.0,62.0,57.0,3.0,,31.0,29.0,16.0,15.0,31.0,231.0,,1.0,3.0,1.0,6.0,1.0,43.0,26.0,34.0,16.0,29.0,58.0,2.0,4.0,20.0,,7.0,3.0,4.0,4.0,7.0,2.0,,,,,,,,,2.0,,,,,,,0.0,,,38.0,,,,,,,,,,,
cpl::Football_Player::29e56c09baf549469b4a5934262e3dbf,J. Ruby,Wanderers,Defender,2022,defender,10,795,0,0,1,0,0,0,20,3,5,0,0,0,61,87.0,9,1.02,0,0,0,0,0,0,0,0,0.0,0.0,0.0,0.0,0,0,0,0,0,0,0,0,0,0,0,0,0,,795.0,,,2.0,437.0,,56.0,150.0,6.0,,20.0,80.0,239.0,40.0,,,448.0,3.0,368.0,6.0,60.0,60.0,2.0,53.0,,,30.0,9.0,,16.0,566.0,10.0,2.0,,44.0,173.0,,10.0,44.0,20.0,5.0,,,8.0,57.0,24.0,,,10.0,,,,8.0,159.0,380.0,388.0,13.0,4.0,13.0,36.0,3.0,2.0,,,,,2.0,29.0,7.0,,,20.0,7.0,5.0,5.0,9.0,8.0,1.0,1.0,1.0,,1.0,,9.0,1.0,1.0,1.0,1.0,9.0,1.0,,,,,,,,,,,,,,,,,,,,,,,,,0.0,,,3.0,,,,,,,,,,,
cpl::Football_Player::a742bcbb546f417d9003cfe9bf5e3676,N. Higgins,York,Defender,2022,defender,24,2082,0,1,6,0,4,1,19,37,9,2,4,0,56,79.0,44,1.9,0,0,0,0,0,0,0,0,0.0,0.0,0.0,0.0,0,0,0,0,0,0,0,0,0,0,0,0,0,,2082.0,,1.0,9.0,742.0,8.0,75.0,183.0,33.0,4.0,85.0,217.0,432.0,79.0,8.0,,778.0,37.0,547.0,39.0,164.0,132.0,2.0,118.0,,,92.0,23.0,,55.0,1088.0,24.0,23.0,,104.0,315.0,18.0,10.0,80.0,67.0,9.0,,,31.0,159.0,77.0,,,24.0,,,,55.0,256.0,584.0,614.0,55.0,4.0,79.0,49.0,5.0,2.0,,,,1.0,5.0,35.0,15.0,,1.0,19.0,41.0,9.0,24.0,16.0,25.0,1.0,2.0,6.0,1.0,19.0,1.0,9.0,1.0,19.0,1.0,,9.0,1.0,,,,,1.0,1.0,2.0,,4.0,,,,,,,,,,,,,,,,0.0,,,6.0,,,,,,,,,,,
cpl::Football_Player::2765417c9ab14808ae40c91c05077259,M. Harms,Cavalry,Defender,2022,defender,0,0,0,0,0,0,0,0,0,0,0,0,0,0,0,,0,,0,0,0,0,0,0,0,0,0.0,0.0,0.0,0.0,0,0,0,0,0,0,0,0,0,0,0,0,0,,,,,,,,,,,,,,,,,,,,,,,,,,,,,,,,,,,,,,,,,,,,,,,,,,,,,,,,,,,,,,,,,,,,,,,,,,,,,,,,,,,,,,,,,,,,,,,,,,,,,,,,,,,,,,,,,,,,,,,,,,,,,,,,,,
cpl::Football_Player::49c115baca3047999a65b3cdefe88f4f,G. Escobar,TSS Rovers,Defender,2022,defender,5,200,0,0,0,0,0,0,6,3,2,0,1,0,60,70.0,0,0.0,2,0,0,0,0,0,0,0,0.0,0.0,0.0,0.0,0,0,0,0,0,0,0,0,0,0,0,0,0,,200.0,,,,70.0,1.0,19.0,18.0,,1.0,6.0,33.0,34.0,16.0,,,72.0,3.0,44.0,,22.0,21.0,2.0,22.0,,,8.0,3.0,,5.0,135.0,5.0,3.0,,17.0,28.0,2.0,10.0,14.0,6.0,2.0,,,3.0,22.0,6.0,,,5.0,,,,6.0,4.0,48.0,50.0,5.0,,8.0,11.0,,3.0,,,,,1.0,8.0,6.0,,,6.0,10.0,2.0,2.0,2.0,16.0,2.0,,,1.0,,,4.0,2.0,3.0,2.0,2.0,5.0,,,2.0,,1.0,,,,,,,,,,,,,,,,,,,,,0.0,,,3.0,,,,,,,,,,,
cpl::Football_Player::00cb81880a254ba7957fdb6ee6eec8a8,M. Trafford,Cavalry,Defender,2022,defender,23,1927,1,0,5,0,1,0,4,24,7,1,7,0,51,89.0,24,1.12,0,0,0,0,0,0,0,0,0.0,0.0,0.0,0.0,0,0,0,0,0,0,0,0,0,0,0,0,0,,1927.0,26.0,,12.0,1309.0,,90.0,319.0,37.0,7.0,102.0,166.0,894.0,59.0,1.0,,1374.0,24.0,1119.0,20.0,161.0,494.0,6.0,109.0,,,94.0,21.0,,52.0,1520.0,23.0,12.0,,40.0,515.0,10.0,10.0,42.0,94.0,7.0,,,30.0,98.0,63.0,,,23.0,,,,28.0,275.0,1150.0,1213.0,58.0,8.0,56.0,12.0,4.0,1.0,,,,,,5.0,8.0,,,4.0,29.0,4.0,28.0,1.0,8.0,2.0,4.0,5.0,,7.0,,,,,,2.0,,,,,,,,,1.0,,1.0,,1.0,1.0,1.0,,,,,,,,,,,,1.0,0.0,1.0,3.0,,,,,,,,,,,
cpl::Football_Player::ce073937285b4114bca2f2a3b658f3da,L. Singh,York,Defender,2022,defender,23,2012,0,0,9,0,4,0,15,32,10,0,5,2,34,80.0,40,1.79,0,0,0,0,0,0,0,0,0.0,0.0,0.0,0.0,0,0,0,0,0,0,0,0,0,0,0,0,0,,2012.0,,,13.0,960.0,1.0,38.0,305.0,30.0,5.0,121.0,236.0,495.0,89.0,7.0,,1010.0,32.0,659.0,35.0,210.0,355.0,2.0,135.0,,,121.0,23.0,,75.0,1232.0,23.0,18.0,,98.0,476.0,9.0,10.0,60.0,141.0,10.0,,,13.0,136.0,57.0,,,23.0,,,,51.0,141.0,770.0,800.0,38.0,4.0,76.0,47.0,5.0,4.0,2.0,,,,12.0,25.0,19.0,,,15.0,42.0,7.0,25.0,10.0,4.0,,5.0,9.0,4.0,11.0,,,,,,7.0,,1.0,,,2.0,,,,,,4.0,1.0,,,,,,,,,,,,,,,0.0,,,9.0,,,,,,,,,,,
cpl::Football_Player::b131e479cff24c5f99ea9187ee25f527,Eriks Santos,Wanderers,Defender,2022,defender,24,2028,1,1,7,0,2,1,20,13,10,0,2,0,50,80.0,31,1.38,0,0,0,0,0,0,0,0,0.0,0.0,0.0,0.0,0,0,0,0,0,0,0,0,0,0,0,0,0,,2028.0,2.0,,7.0,1093.0,1.0,45.0,289.0,39.0,2.0,130.0,266.0,612.0,104.0,3.0,,1135.0,13.0,824.0,26.0,234.0,345.0,4.0,158.0,,,141.0,22.0,,82.0,1369.0,24.0,7.0,,72.0,555.0,15.0,10.0,70.0,77.0,10.0,,,26.0,124.0,63.0,,,24.0,,,,28.0,190.0,862.0,901.0,52.0,6.0,54.0,44.0,5.0,4.0,,,,,3.0,31.0,24.0,1.0,,20.0,29.0,12.0,26.0,11.0,1.0,2.0,5.0,7.0,3.0,16.0,,6.0,,,,4.0,6.0,,,,,,,1.0,,,2.0,,1.0,,1.0,,1.0,,,1.0,,,,,,,0.0,1.0,0.0,7.0,,,,,,,,,,,
cpl::Football_Player::d1f55ff48211437dbc695c82aa0f9d15,C. Loughrey,Wanderers,Defender,2022,defender,24,1297,0,1,3,0,0,1,11,15,8,0,5,0,59,74.0,27,1.87,0,0,0,0,0,0,0,0,0.0,0.0,0.0,0.0,0,0,0,0,0,0,0,0,0,0,0,0,0,,1297.0,1.0,,3.0,471.0,1.0,28.0,124.0,21.0,5.0,75.0,150.0,240.0,55.0,2.0,,494.0,15.0,311.0,24.0,130.0,138.0,3.0,83.0,,,73.0,12.0,,47.0,643.0,24.0,11.0,,55.0,213.0,7.0,10.0,45.0,53.0,8.0,,,19.0,87.0,32.0,,,24.0,,,,29.0,115.0,352.0,364.0,32.0,1.0,42.0,26.0,3.0,1.0,,,,2.0,1.0,17.0,14.0,,,11.0,21.0,6.0,13.0,6.0,,12.0,3.0,3.0,,12.0,1.0,,,,,1.0,,1.0,1.0,,,,1.0,1.0,,,,,,,,,,,,,,,,,,,0.0,,,5.0,,,,,,,,,,,
cpl::Football_Player::aafb864d45ab43e8849d3cff096d5c07,J. Dixon,Ottawa Fury,Defender,2022,defender,23,1525,0,0,1,0,0,0,32,29,14,0,5,0,64,88.0,22,1.3,0,0,0,0,0,0,0,0,0.0,0.0,0.0,0.0,0,0,0,0,0,0,0,0,0,0,0,0,0,,1525.0,,,4.0,769.0,1.0,140.0,313.0,10.0,5.0,30.0,133.0,372.0,67.0,2.0,,782.0,29.0,624.0,18.0,97.0,249.0,7.0,70.0,,,103.0,17.0,,30.0,977.0,23.0,18.0,,133.0,190.0,5.0,10.0,96.0,61.0,14.0,,,25.0,172.0,21.0,,,23.0,,,,62.0,203.0,674.0,685.0,39.0,2.0,76.0,71.0,4.0,9.0,,,,,9.0,48.0,19.0,,,32.0,8.0,13.0,14.0,16.0,5.0,6.0,1.0,1.0,2.0,10.0,,3.0,,,,4.0,3.0,,8.0,,,,,,,,,,,,,,,,,,,,,,,,0.0,0.0,0.0,11.0,,,,,,,,,,,
cpl::Football_Player::bf1559f63d3642679c430ff1f41355a7,G. Mukumbilwa,Pacific,Defender,2022,defender,18,901,0,0,0,0,0,0,20,19,14,1,3,0,82,85.0,9,0.9,0,0,0,0,0,0,0,0,0.0,0.0,0.0,0.0,0,0,0,0,0,0,0,0,0,0,0,0,0,,901.0,,,2.0,390.0,3.0,112.0,115.0,10.0,3.0,18.0,137.0,218.0,45.0,,,394.0,19.0,308.0,6.0,63.0,59.0,3.0,56.0,,,61.0,9.0,,20.0,659.0,18.0,9.0,,100.0,142.0,2.0,10.0,69.0,23.0,14.0,,,14.0,117.0,25.0,,,18.0,,,,45.0,81.0,327.0,331.0,17.0,3.0,48.0,55.0,3.0,2.0,,,,,7.0,35.0,11.0,,,20.0,14.0,6.0,3.0,15.0,64.0,9.0,,,,5.0,,13.0,2.0,24.0,2.0,11.0,13.0,,,,,,,,1.0,,,,,,,,,,,,,,,,,,0.0,0.0,0.0,16.0,,,,,,,,,,,
cpl::Football_Player::4da84a61c12443e48f9c5d0dd8f2f3ae,K. Dada-Luke,Vancouver FC,Defender,2022,defender,25,1947,1,1,6,0,4,1,46,23,38,0,5,0,54,83.0,31,1.43,0,0,0,0,0,0,0,0,0.0,0.0,0.0,0.0,0,0,0,0,0,0,0,0,0,0,0,0,0,,1947.0,,1.0,3.0,770.0,14.0,228.0,338.0,14.0,5.0,28.0,350.0,320.0,113.0,4.0,,785.0,23.0,623.0,26.0,141.0,32.0,22.0,156.0,,,102.0,22.0,,44.0,1445.0,25.0,11.0,,233.0,245.0,23.0,10.0,174.0,21.0,38.0,,,25.0,279.0,31.0,,,25.0,,,,84.0,280.0,630.0,644.0,46.0,3.0,105.0,149.0,5.0,7.0,,,,1.0,38.0,73.0,35.0,2.0,,46.0,36.0,12.0,21.0,27.0,148.0,3.0,2.0,6.0,2.0,3.0,,59.0,14.0,35.0,14.0,27.0,59.0,,,,,,1.0,1.0,,,4.0,,1.0,1.0,1.0,,,,,,,,,,,,0.0,1.0,0.0,51.0,,,,,,,,,,,
cpl::Football_Player::f40858671e354d42ad80fd9d251afb6f,R. Rama,Forge,Defender,2022,defender,22,1898,0,0,6,0,2,0,35,39,31,0,10,0,29,82.0,15,0.71,0,0,0,0,0,0,0,0,0.0,0.0,0.0,0.0,0,0,0,0,0,0,0,0,0,0,0,0,0,,1898.0,,,3.0,1252.0,11.0,210.0,622.0,25.0,10.0,71.0,411.0,444.0,170.0,,,1305.0,39.0,1015.0,14.0,241.0,85.0,8.0,205.0,,,127.0,22.0,,71.0,1972.0,22.0,25.0,,225.0,571.0,24.0,10.0,128.0,49.0,31.0,,,10.0,259.0,31.0,,,22.0,,,,107.0,439.0,1012.0,1064.0,34.0,8.0,131.0,118.0,1.0,4.0,,,,,24.0,63.0,69.0,2.0,,35.0,32.0,17.0,24.0,28.0,229.0,,4.0,6.0,4.0,7.0,,35.0,2.0,26.0,2.0,29.0,35.0,4.0,,,,,,,,,2.0,,,,,,,,,,,,,,,,0.0,0.0,0.0,49.0,,,,,,,,,,,
cpl::Football_Player::d46e06f14e0d47e58d6f5f00e1eabfa9,T. Meilleur-Giguère,Wanderers,Defender,2022,defender,29,2355,1,0,5,0,3,0,24,18,7,2,3,0,61,87.0,28,1.07,0,0,0,0,0,0,0,0,0.0,0.0,0.0,0.0,0,0,0,0,0,0,0,0,0,0,0,0,0,,2355.0,,,20.0,1666.0,1.0,82.0,299.0,75.0,3.0,138.0,245.0,1154.0,97.0,3.0,,1688.0,18.0,1335.0,21.0,235.0,671.0,9.0,145.0,,,135.0,27.0,,91.0,1963.0,29.0,12.0,,82.0,531.0,9.0,10.0,93.0,118.0,7.0,,,49.0,162.0,107.0,,,29.0,,,,38.0,404.0,1433.0,1453.0,80.0,8.0,69.0,44.0,7.0,2.0,,,,,2.0,35.0,20.0,,,24.0,44.0,14.0,31.0,11.0,1.0,2.0,2.0,5.0,,13.0,1.0,1.0,,,,1.0,1.0,2.0,,,,,,,2.0,,3.0,,1.0,,1.0,,1.0,,,,,,,,,,0.0,0.0,1.0,4.0,,,,,,,,,,,
cpl::Football_Player::907ea07d836b4d78a6fd1c95e7081ee6,D. Zator,Cavalry,Defender,2022,defender,28,2506,1,1,15,0,3,1,29,14,14,0,2,0,73,85.0,37,1.33,0,0,1,0,0,0,0,0,0.0,0.0,0.0,0.0,0,0,0,0,0,0,0,0,0,0,0,0,0,,2506.0,,,12.0,1450.0,4.0,87.0,344.0,47.0,2.0,123.0,276.0,911.0,114.0,7.0,,1490.0,14.0,1128.0,34.0,237.0,329.0,7.0,149.0,,,154.0,28.0,,91.0,1837.0,28.0,5.0,,95.0,536.0,24.0,10.0,117.0,125.0,14.0,,,51.0,164.0,94.0,,,28.0,,,,29.0,538.0,1215.0,1253.0,69.0,7.0,47.0,66.0,3.0,1.0,,,,,5.0,48.0,31.0,1.0,,29.0,30.0,14.0,18.0,19.0,23.0,,12.0,15.0,2.0,27.0,,3.0,2.0,9.0,2.0,5.0,3.0,,,,,,1.0,1.0,,,3.0,,1.0,1.0,1.0,,,,,,,,,,,,0.0,1.0,0.0,9.0,,,,,,,,,,,
cpl::Football_Player::8a6c8e7f553849f9a237ca5dd408e66d,B. Levis,Atlético,Defender,2022,defender,22,1926,2,1,18,0,8,1,40,39,46,1,6,0,66,83.0,22,1.03,1,0,0,0,0,0,0,0,0.0,0.0,0.0,0.0,0,0,0,0,0,0,0,0,0,0,0,0,0,,1926.0,,1.0,6.0,945.0,8.0,240.0,398.0,27.0,6.0,56.0,328.0,412.0,113.0,3.0,,977.0,39.0,757.0,16.0,169.0,311.0,10.0,150.0,,,169.0,22.0,,54.0,1645.0,22.0,23.0,,259.0,373.0,35.0,10.0,180.0,51.0,46.0,,,36.0,313.0,33.0,,,22.0,,,,115.0,53.0,782.0,808.0,54.0,8.0,133.0,144.0,6.0,2.0,,,,,33.0,65.0,35.0,2.0,,40.0,52.0,19.0,18.0,25.0,166.0,,10.0,18.0,7.0,12.0,,32.0,2.0,38.0,2.0,30.0,35.0,,,1.0,,,,1.0,1.0,,8.0,,2.0,1.0,1.0,,,1.0,1.0,,,,,,,,1.0,1.0,1.0,60.0,,,,,,,,,,,
cpl::Football_Player::9872d0a42804454098f50f548fd3f290,P. Schaale,Wanderers,Defender,2022,defender,20,1297,0,0,14,0,4,0,12,23,2,1,5,0,65,82.0,27,1.87,0,0,1,0,0,0,0,0,0.0,0.0,0.0,0.0,0,0,0,0,0,0,0,0,0,0,0,0,0,,1297.0,2.0,,5.0,773.0,1.0,24.0,220.0,23.0,5.0,85.0,170.0,445.0,63.0,1.0,,812.0,23.0,567.0,22.0,148.0,155.0,8.0,108.0,,,76.0,14.0,,44.0,982.0,20.0,13.0,,55.0,349.0,34.0,10.0,63.0,97.0,2.0,,,40.0,116.0,38.0,,,20.0,,,,32.0,284.0,628.0,664.0,61.0,3.0,53.0,23.0,5.0,1.0,,,,,2.0,20.0,13.0,,,12.0,22.0,7.0,21.0,8.0,5.0,6.0,10.0,14.0,4.0,9.0,,4.0,1.0,,1.0,6.0,4.0,3.0,,,,,,,1.0,,4.0,,,,,,,,,,,,,,,,0.0,,,7.0,,,,,,,,,,,
cpl::Football_Player::44d8646a99894dd88699c278caf5e2c1,B. Bissainthe,Edmonton,Defender,2022,defender,21,1784,2,0,9,0,3,0,33,22,13,1,5,0,55,82.0,36,1.82,0,0,0,0,0,0,0,0,0.0,0.0,0.0,0.0,0,0,0,0,0,0,0,0,0,0,0,0,0,,1784.0,,,6.0,903.0,2.0,60.0,282.0,42.0,5.0,95.0,200.0,487.0,75.0,6.0,,939.0,22.0,687.0,34.0,170.0,132.0,6.0,124.0,,,123.0,20.0,,49.0,1216.0,21.0,14.0,,120.0,370.0,21.0,10.0,91.0,82.0,13.0,,,19.0,154.0,69.0,,,21.0,,,,48.0,377.0,739.0,769.0,34.0,1.0,63.0,72.0,2.0,3.0,,,,1.0,6.0,53.0,23.0,,,33.0,39.0,16.0,15.0,20.0,5.0,1.0,6.0,9.0,,6.0,,3.0,,3.0,,3.0,3.0,1.0,1.0,,,,,,1.0,,3.0,,2.0,,2.0,,2.0,,,,,,,,,,2.0,2.0,0.0,9.0,,,,,,,,,,,
cpl::Football_Player::c182423a01294fc4a488163b7c07b7f4,G. Metusala,Forge,Defender,2022,defender,25,1588,0,1,3,0,0,1,22,18,13,0,4,0,59,86.0,18,1.02,0,0,0,0,0,0,0,0,0.0,0.0,0.0,0.0,0,0,0,0,0,0,0,0,0,0,0,0,0,,1588.0,,,2.0,1040.0,,77.0,318.0,19.0,4.0,52.0,187.0,602.0,102.0,,,1073.0,18.0,870.0,16.0,154.0,333.0,5.0,90.0,,,105.0,17.0,,69.0,1293.0,25.0,8.0,,86.0,380.0,6.0,10.0,74.0,49.0,13.0,,,19.0,118.0,43.0,,,25.0,,,,31.0,283.0,889.0,919.0,32.0,5.0,44.0,55.0,2.0,3.0,,,,,10.0,32.0,19.0,,,22.0,17.0,8.0,13.0,10.0,37.0,8.0,3.0,3.0,,5.0,,5.0,1.0,10.0,1.0,,5.0,3.0,,,,,1.0,1.0,,,,,,,,,,,,1.0,,,,,,,0.0,0.0,0.0,5.0,,,,,,,,,,,
cpl::Football_Player::b62c417ac638422ea0b822571917ccd3,K. Yao,Montréal,Defender,2022,defender,26,2275,1,2,8,0,1,2,29,27,10,0,4,0,71,88.0,30,1.19,0,0,0,0,0,0,0,0,0.0,0.0,0.0,0.0,0,0,0,0,0,0,0,0,0,0,0,0,0,,2275.0,9.0,,6.0,1371.0,3.0,69.0,260.0,22.0,4.0,93.0,200.0,968.0,84.0,3.0,,1405.0,27.0,1133.0,24.0,177.0,398.0,6.0,128.0,,,120.0,26.0,,49.0,1668.0,26.0,14.0,,105.0,407.0,24.0,10.0,125.0,95.0,10.0,,,61.0,190.0,69.0,,,26.0,,,,41.0,531.0,1196.0,1228.0,85.0,8.0,65.0,64.0,6.0,3.0,,,,,2.0,52.0,14.0,,,29.0,34.0,7.0,24.0,23.0,5.0,,7.0,8.0,4.0,16.0,1.0,,,4.0,,,,,,,,,2.0,2.0,,,1.0,,1.0,,1.0,,1.0,,,,,,,,,,0.0,1.0,0.0,4.0,,,,,,,,,,,
cpl::Football_Player::6981001867ad42d9b6d9bfc216cfab71,D. Samuel,Forge,Defender,2022,defender,21,1016,0,0,2,0,0,0,10,19,30,0,1,0,53,87.0,12,1.06,0,0,0,0,0,0,0,0,0.0,0.0,0.0,0.0,0,0,0,0,0,0,0,0,0,0,0,0,0,,1016.0,,,3.0,732.0,1.0,66.0,267.0,19.0,1.0,44.0,144.0,402.0,63.0,,,774.0,19.0,639.0,10.0,107.0,208.0,7.0,65.0,,,83.0,10.0,,46.0,954.0,21.0,3.0,,84.0,297.0,4.0,10.0,74.0,28.0,30.0,,,23.0,127.0,22.0,,,21.0,,,,33.0,203.0,627.0,667.0,43.0,1.0,53.0,51.0,2.0,4.0,,,,,7.0,14.0,9.0,,,10.0,13.0,6.0,20.0,4.0,28.0,11.0,2.0,2.0,,7.0,,4.0,2.0,7.0,2.0,2.0,4.0,,,,,,,,,,,,,,,,,,,,,,,,,,0.0,0.0,0.0,10.0,,,,,,,,,,,
cpl::Football_Player::9fa7232743934bf2a022c4fe6a62c1b6,J. Haynes,Valour,Defender,2022,defender,16,889,0,0,2,0,0,0,15,9,2,0,1,0,52,79.0,11,1.11,0,0,0,0,0,0,0,0,0.0,0.0,0.0,0.0,0,0,0,0,0,0,0,0,0,0,0,0,0,,889.0,,,5.0,464.0,,76.0,139.0,22.0,1.0,50.0,141.0,235.0,55.0,2.0,,479.0,9.0,348.0,8.0,105.0,185.0,2.0,84.0,,,50.0,11.0,,30.0,687.0,16.0,3.0,,51.0,202.0,,10.0,35.0,26.0,2.0,,,9.0,68.0,23.0,,,16.0,,,,25.0,16.0,359.0,374.0,17.0,2.0,33.0,26.0,3.0,4.0,,,,,1.0,23.0,11.0,,,15.0,24.0,5.0,8.0,8.0,69.0,5.0,2.0,2.0,,3.0,,9.0,,11.0,,3.0,9.0,,,,,,,,,,,,,,,,,,,,,,,,,,0.0,0.0,0.0,8.0,,,,,,,,,,,
cpl::Football_Player::58c03096b6c940afacb752b030a52ad2,M. Owolabi-Belewu,Forge,Defender,2022,defender,21,1166,1,0,4,0,1,0,18,17,22,0,2,0,62,87.0,9,0.69,0,0,0,0,0,0,0,0,0.0,0.0,0.0,0.0,0,0,0,0,0,0,0,0,0,0,0,0,0,,1166.0,,,2.0,722.0,3.0,44.0,215.0,8.0,2.0,30.0,139.0,433.0,72.0,,,750.0,17.0,623.0,8.0,102.0,310.0,3.0,65.0,,,72.0,12.0,,40.0,955.0,21.0,10.0,,103.0,271.0,11.0,10.0,94.0,25.0,22.0,,,28.0,148.0,26.0,,,21.0,,,,37.0,125.0,623.0,648.0,45.0,5.0,54.0,66.0,1.0,1.0,,,,,13.0,31.0,22.0,,,18.0,18.0,11.0,17.0,13.0,9.0,9.0,3.0,4.0,2.0,5.0,,3.0,,4.0,,7.0,3.0,1.0,,,,,,,,,1.0,,1.0,,1.0,,1.0,,,,,,,,,,1.0,1.0,0.0,19.0,,,,,,,,,,,
cpl::Football_Player::ddaa28ce30bc4ad8888405cb267a86cc,Miguel Acosta,Atlético,Defender,2022,defender,29,2357,1,3,2,0,2,3,58,22,20,0,4,0,34,82.0,27,1.03,0,0,0,0,0,0,0,0,0.0,0.0,0.0,0.0,0,0,0,0,0,0,0,0,0,0,0,0,0,,2357.0,,1.0,18.0,1172.0,14.0,99.0,347.0,47.0,4.0,119.0,355.0,659.0,107.0,5.0,,1221.0,22.0,898.0,22.0,226.0,69.0,9.0,186.0,,,140.0,26.0,,69.0,1781.0,29.0,11.0,,191.0,527.0,15.0,10.0,132.0,97.0,20.0,,,12.0,226.0,69.0,,,29.0,,,,71.0,526.0,953.0,995.0,35.0,8.0,94.0,120.0,5.0,2.0,,,,,9.0,91.0,45.0,,,58.0,28.0,22.0,23.0,33.0,127.0,3.0,,2.0,5.0,11.0,,29.0,11.0,64.0,11.0,3.0,29.0,2.0,,,,,3.0,3.0,,,2.0,,1.0,1.0,1.0,,,,,,,,,,,,0.0,0.0,1.0,12.0,,,,,,,,,,,
cpl::Football_Player::dc4a336470654dfdb54ac0b100a3f40d,Sergio Camus,Atlético,Defender,2022,defender,11,668,0,0,4,0,1,0,4,8,5,0,3,0,60,89.0,8,1.08,0,0,0,0,0,0,0,0,0.0,0.0,0.0,0.0,0,0,0,0,0,0,0,0,0,0,0,0,0,,668.0,,,3.0,306.0,1.0,24.0,70.0,9.0,3.0,26.0,46.0,213.0,9.0,,,318.0,8.0,263.0,7.0,35.0,148.0,,31.0,,,22.0,7.0,,7.0,412.0,11.0,3.0,,23.0,95.0,6.0,10.0,19.0,20.0,5.0,,,6.0,33.0,35.0,,,11.0,,,,10.0,51.0,273.0,283.0,10.0,1.0,14.0,13.0,1.0,,,,,,,8.0,3.0,,,4.0,6.0,3.0,4.0,4.0,5.0,4.0,3.0,4.0,1.0,6.0,1.0,3.0,,3.0,,,3.0,,,,,,,,,,1.0,,,,,,,,,,,,,,,,0.0,,,,,,,,,,,,,,
cpl::Football_Player::c6f67d242759463b83daae21b4e090fd,Diego Espejo,Atlético,Defender,2022,defender,27,2349,0,0,5,0,0,0,18,30,27,0,8,0,63,89.0,26,1.0,0,0,0,0,0,0,0,0,0.0,0.0,0.0,0.0,0,0,0,0,0,0,0,0,0,0,0,0,0,,2349.0,,2.0,11.0,1376.0,2.0,32.0,319.0,26.0,8.0,92.0,177.0,933.0,70.0,5.0,,1414.0,30.0,1139.0,20.0,162.0,446.0,5.0,113.0,,,81.0,27.0,,49.0,1690.0,27.0,9.0,,97.0,377.0,19.0,10.0,100.0,113.0,27.0,,,41.0,162.0,128.0,,,27.0,,,,38.0,559.0,1218.0,1252.0,65.0,10.0,62.0,59.0,6.0,1.0,,,,,1.0,31.0,10.0,1.0,,18.0,23.0,6.0,24.0,13.0,2.0,,5.0,5.0,3.0,16.0,1.0,,,,,4.0,,1.0,,,,,,,,,,,,,,,,,,1.0,,,,,,,0.0,,,5.0,,,,,,,,,,,
cpl::Football_Player::9e824d03d70a46fe9d571a6ea8b26a28,N. Mekidèche,Wanderers,Defender,2022,defender,10,724,0,1,1,0,0,1,10,9,11,0,3,1,74,76.0,6,0.75,0,0,0,0,0,0,0,0,0.0,0.0,0.0,0.0,0,0,0,0,0,0,0,0,0,0,0,0,0,,724.0,,,4.0,375.0,,17.0,99.0,16.0,3.0,49.0,105.0,192.0,44.0,1.0,,384.0,9.0,251.0,5.0,93.0,107.0,3.0,62.0,,,29.0,8.0,,33.0,500.0,10.0,6.0,,42.0,194.0,4.0,10.0,53.0,40.0,11.0,,,26.0,77.0,39.0,,,10.0,,,,15.0,66.0,283.0,291.0,35.0,5.0,24.0,27.0,1.0,,1.0,,,,2.0,14.0,3.0,,,10.0,19.0,1.0,9.0,4.0,5.0,2.0,1.0,1.0,,4.0,,2.0,,2.0,,1.0,2.0,1.0,,,1.0,,1.0,1.0,,,,,,,,,,,,,,,,,,,0.0,,,4.0,,,,,,,,,,,
cpl::Football_Player::1b51a11201234c7ea6415ff935930a82,A. Baquero,Valour,Defender,2022,defender,25,2130,1,0,13,0,5,0,30,26,11,3,6,0,23,82.0,26,1.1,3,0,0,0,0,0,0,0,0.0,0.0,0.0,0.0,0,0,0,0,0,0,0,0,0,0,0,0,0,,2130.0,,1.0,6.0,1083.0,11.0,175.0,419.0,26.0,6.0,71.0,351.0,485.0,128.0,4.0,,1099.0,26.0,822.0,21.0,199.0,51.0,8.0,188.0,,,160.0,25.0,,55.0,1704.0,25.0,17.0,,159.0,429.0,23.0,10.0,79.0,78.0,11.0,,,6.0,185.0,42.0,,,25.0,,,,86.0,444.0,884.0,900.0,26.0,7.0,106.0,73.0,5.0,9.0,,,,,12.0,50.0,64.0,1.0,,30.0,38.0,22.0,20.0,20.0,227.0,,8.0,13.0,3.0,2.0,,43.0,4.0,35.0,4.0,18.0,44.0,2.0,,3.0,,1.0,,,3.0,,5.0,,1.0,,,,,1.0,1.0,,,,,,,,0.0,0.0,1.0,29.0,,,,,,,,,,,
cpl::Football_Player::d175158deac54277b8a38375fe1383a9,J. Esparza,Valour,Defender,2022,defender,1,1,0,0,0,0,0,0,0,0,0,0,0,0,0,,1,90.0,0,0,0,0,0,0,0,0,0.0,0.0,0.0,0.0,0,0,0,0,0,0,0,0,0,0,0,0,0,,1.0,,,,,,,,,,,,,,,,,,,1.0,,,,,,,,,,,,1.0,,,,,,10.0,,,,,,,,,,,1.0,,,,,,,,,,,,,,,,,,,,,,,,,,,,,1.0,,,,,,,,,,,,,,,,,,,,,,,,,,,,,,,,,,,,,0.0,,,,,,,,,,,,,,
cpl::Football_Player::56d0b0c6af014268ba1e3a54193096e4,B. Vliet,Cavalry,Defender,2022,defender,21,1293,0,1,6,0,3,1,8,14,7,0,2,0,33,77.0,14,0.97,2,0,0,0,0,0,0,0,0.0,0.0,0.0,0.0,0,0,0,0,0,0,0,0,0,0,0,0,0,,1293.0,,,5.0,565.0,9.0,99.0,193.0,27.0,2.0,81.0,232.0,265.0,55.0,1.0,,582.0,14.0,350.0,12.0,136.0,277.0,6.0,121.0,,,65.0,16.0,,40.0,897.0,21.0,12.0,,75.0,192.0,8.0,10.0,41.0,96.0,7.0,,,7.0,96.0,15.0,,,21.0,,,,41.0,14.0,433.0,446.0,21.0,2.0,55.0,34.0,2.0,11.0,,,,,12.0,15.0,18.0,1.0,,8.0,16.0,9.0,14.0,7.0,98.0,5.0,3.0,6.0,2.0,1.0,,22.0,12.0,36.0,12.0,8.0,25.0,,,2.0,,1.0,1.0,1.0,,,3.0,,,,,,,,,,,,,,,,0.0,,,15.0,,,,,,,,,,,
cpl::Football_Player::528b48f0adc7452ea0b4d13358823c87,N. Mavila,Cavalry,Defender,2022,defender,21,1300,0,1,3,0,0,1,20,27,12,1,5,0,51,72.0,16,1.11,0,0,0,0,0,0,0,0,0.0,0.0,0.0,0.0,0,0,0,0,0,0,0,0,0,0,0,0,0,,1300.0,,,4.0,650.0,6.0,104.0,212.0,46.0,5.0,89.0,309.0,269.0,104.0,2.0,,669.0,27.0,440.0,11.0,193.0,226.0,6.0,172.0,,,80.0,13.0,,51.0,1074.0,21.0,17.0,,119.0,322.0,5.0,10.0,76.0,36.0,12.0,,,21.0,160.0,33.0,,,21.0,,,,64.0,17.0,459.0,476.0,41.0,2.0,84.0,55.0,5.0,6.0,,,,,11.0,32.0,23.0,1.0,,20.0,29.0,9.0,20.0,12.0,119.0,8.0,3.0,3.0,1.0,2.0,,30.0,5.0,37.0,5.0,11.0,30.0,2.0,,,,,1.0,1.0,1.0,,,,,,,,,,,,,,,,,,0.0,0.0,0.0,24.0,,,,,,,,,,,
cpl::Football_Player::b43d9617e62047d7aa28b50e96d6379b,D. Beckie,Atlético,Defender,2022,defender,26,1610,0,0,13,0,3,0,10,10,13,1,4,2,55,85.0,13,0.73,0,0,0,0,0,0,0,0,0.0,0.0,0.0,0.0,0,0,0,0,0,0,0,0,0,0,0,0,0,,1610.0,,,4.0,665.0,3.0,34.0,161.0,14.0,4.0,54.0,133.0,426.0,53.0,2.0,,694.0,10.0,540.0,11.0,107.0,257.0,6.0,70.0,,,60.0,18.0,,37.0,942.0,26.0,8.0,,49.0,252.0,25.0,10.0,54.0,47.0,13.0,,,22.0,89.0,79.0,,,26.0,,,1.0,17.0,151.0,565.0,587.0,40.0,7.0,35.0,32.0,2.0,2.0,2.0,1.0,,,1.0,18.0,18.0,1.0,,10.0,24.0,12.0,18.0,8.0,19.0,8.0,10.0,13.0,3.0,14.0,,,,10.0,,1.0,,,,,1.0,,,,1.0,,3.0,,,,,,,,,,,,,,,,0.0,,,2.0,,,,,,,,,,,
cpl::Football_Player::8d7834c08c834b28a4daef064d1e6041,D. Krutzen,Forge,Defender,2022,defender,4,341,0,0,3,0,0,0,3,2,0,0,0,0,66,86.0,3,0.79,0,0,0,0,0,0,0,0,0.0,0.0,0.0,0.0,0,0,0,0,0,0,0,0,0,0,0,0,0,,341.0,,,2.0,239.0,1.0,9.0,73.0,7.0,,24.0,42.0,142.0,12.0,,,250.0,2.0,189.0,3.0,36.0,119.0,2.0,30.0,,,25.0,4.0,,8.0,288.0,4.0,1.0,,6.0,97.0,6.0,10.0,7.0,25.0,,,,2.0,9.0,14.0,,,4.0,,,,1.0,25.0,204.0,214.0,3.0,1.0,2.0,5.0,,2.0,,,,,,5.0,3.0,,,3.0,3.0,2.0,1.0,2.0,,,3.0,3.0,1.0,,,2.0,1.0,,1.0,,2.0,2.0,,,,,,,,,,,,,,,,,,,,,,,,,0.0,0.0,0.0,,,,,,,,,,,,
cpl::Football_Player::fc30920bb1964b1abda3a2fa7dbe8fd6,T. Mohammed,York,Defender,2022,defender,22,797,0,0,7,0,1,0,18,14,17,1,5,0,37,72.0,15,1.69,6,0,0,0,0,0,0,0,0.0,0.0,0.0,0.0,0,0,0,0,0,0,0,0,0,0,0,0,0,,797.0,,,5.0,260.0,2.0,57.0,109.0,10.0,5.0,31.0,165.0,94.0,46.0,2.0,,273.0,14.0,184.0,14.0,77.0,84.0,8.0,75.0,,,65.0,7.0,,27.0,586.0,22.0,11.0,,111.0,122.0,15.0,10.0,68.0,12.0,17.0,,,6.0,127.0,18.0,,,22.0,,,,49.0,10.0,184.0,196.0,16.0,,59.0,62.0,1.0,4.0,,,,,8.0,37.0,18.0,,,18.0,19.0,14.0,10.0,19.0,83.0,15.0,6.0,7.0,1.0,1.0,,18.0,7.0,12.0,4.0,13.0,25.0,,,6.0,,3.0,,,1.0,3.0,1.0,,,,,,,,,,,,,,,,0.0,,,28.0,,,,,,,,,,,
cpl::Football_Player::3aaf25a2f090423584d5e9d492e5ca42,J. Grant,Atlético,Defender,2022,defender,7,79,0,0,0,0,0,0,0,2,4,0,2,0,40,65.0,1,1.14,0,0,0,0,0,0,0,0,0.0,0.0,0.0,0.0,0,0,0,0,0,0,0,0,0,0,0,0,0,,79.0,,,,40.0,2.0,6.0,18.0,1.0,2.0,3.0,33.0,8.0,11.0,,,40.0,2.0,25.0,1.0,14.0,3.0,,14.0,,,4.0,,,3.0,82.0,7.0,1.0,,17.0,11.0,4.0,10.0,8.0,1.0,4.0,,,2.0,22.0,,,,7.0,,,,11.0,20.0,26.0,26.0,5.0,,14.0,6.0,,,,,,,2.0,,2.0,,,,,,3.0,,14.0,7.0,,,,,,3.0,,3.0,,5.0,3.0,,1.0,,,,,,,,,,,,,,,,,,,,,,,,0.0,0.0,0.0,9.0,,,,,,,,,,,
cpl::Football_Player::ebfeb9e972964148846658f57142a247,R. Thompson,York,Defender,2022,defender,14,1023,0,0,2,0,1,0,7,7,3,0,3,0,62,86.0,16,1.41,0,0,0,0,0,0,0,0,0.0,0.0,0.0,0.0,0,0,0,0,0,0,0,0,0,0,0,0,0,,1023.0,,2.0,2.0,610.0,,9.0,147.0,12.0,3.0,53.0,96.0,393.0,41.0,5.0,,634.0,7.0,476.0,16.0,94.0,229.0,4.0,64.0,,,52.0,12.0,,30.0,733.0,14.0,4.0,,27.0,237.0,4.0,10.0,36.0,64.0,3.0,,,20.0,59.0,37.0,,,14.0,,,,11.0,159.0,521.0,540.0,32.0,2.0,23.0,16.0,,4.0,,,,,,13.0,9.0,,,7.0,19.0,5.0,12.0,6.0,,2.0,1.0,2.0,1.0,8.0,,,,,,,,1.0,,,,,,,,,1.0,,,,,,,,,,,,,,,,0.0,,,,,,,,,,,,,,
cpl::Football_Player::1ada73d8bf034890ab66cfbd681d0f7c,C. N'Sa,Wanderers,Defender,2022,defender,27,2423,2,3,13,0,7,3,50,34,51,5,3,1,54,87.0,36,1.34,0,0,0,0,0,0,0,0,0.0,0.0,0.0,0.0,0,0,0,0,0,0,0,0,0,0,0,0,0,,2423.0,,2.0,6.0,974.0,11.0,231.0,404.0,8.0,3.0,38.0,339.0,483.0,93.0,6.0,,1003.0,34.0,831.0,33.0,131.0,33.0,13.0,153.0,,,160.0,27.0,,40.0,1806.0,27.0,17.0,,270.0,319.0,32.0,10.0,184.0,41.0,51.0,,,19.0,305.0,44.0,,,27.0,,,,105.0,420.0,844.0,872.0,35.0,7.0,121.0,165.0,3.0,,1.0,,,,37.0,78.0,35.0,1.0,,50.0,41.0,18.0,16.0,28.0,224.0,,6.0,13.0,2.0,10.0,1.0,62.0,15.0,48.0,15.0,27.0,62.0,2.0,,,1.0,,2.0,3.0,5.0,,7.0,,2.0,,,,,2.0,2.0,,,,,,,,2.0,1.0,1.0,49.0,,,,,,,,,,,
cpl::Football_Player::ee24589ef29144dba09760b596901674,F. N'sa,York,Defender,2022,defender,1,1,0,0,0,0,0,0,0,0,0,0,0,0,0,,0,0.0,0,0,0,0,0,0,0,0,0.0,0.0,0.0,0.0,0,0,0,0,0,0,0,0,0,0,0,0,0,,1.0,,,,,,,,,,,,,,,,,,,,,,,,,,,,,,,1.0,,,,,,10.0,,,,,,,,,,,1.0,,,,,,,,,,,,,,,,,,,,,,,,,,,,,1.0,,,,,,,,,,,,,,,,,,,,,,,,,,,,,,,,,,,,,0.0,,,,,,,,,,,,,,
cpl::Football_Player::c314ef65be194ced895c50a72967def8,D. Klomp,Cavalry,Defender,2022,defender,27,2174,3,2,15,0,4,2,28,31,3,1,7,0,60,85.0,32,1.32,0,0,0,0,0,0,0,0,0.0,0.0,0.0,0.0,0,0,0,0,0,0,0,0,0,0,0,0,0,,2174.0,,1.0,13.0,1349.0,8.0,125.0,471.0,36.0,7.0,89.0,293.0,708.0,124.0,3.0,,1389.0,31.0,1052.0,25.0,213.0,198.0,12.0,155.0,,,123.0,24.0,,70.0,1807.0,27.0,15.0,,124.0,576.0,40.0,10.0,109.0,124.0,3.0,,,46.0,200.0,55.0,,,27.0,,,,61.0,490.0,1140.0,1176.0,76.0,5.0,91.0,63.0,7.0,3.0,,,,,7.0,53.0,30.0,1.0,,28.0,37.0,14.0,30.0,25.0,96.0,3.0,11.0,15.0,2.0,15.0,,12.0,3.0,27.0,3.0,4.0,12.0,1.0,,,,,1.0,2.0,1.0,,4.0,,3.0,,3.0,,2.0,,,,,,,,1.0,,0.0,1.0,2.0,24.0,,,,,,,,,,,
cpl::Football_Player::d29736b5baf24409acfa96d3a52436e1,A. Jean-Baptiste,Valour,Defender,2022,defender,18,1448,1,1,12,0,2,1,15,9,8,0,2,0,70,84.0,19,1.18,0,0,0,0,0,0,0,0,0.0,0.0,0.0,0.0,0,0,0,0,0,0,0,0,0,0,0,0,0,,1448.0,,1.0,7.0,773.0,2.0,34.0,192.0,26.0,2.0,87.0,140.0,471.0,43.0,4.0,,793.0,9.0,579.0,14.0,130.0,274.0,3.0,100.0,,,80.0,17.0,,30.0,982.0,18.0,4.0,,46.0,274.0,19.0,10.0,57.0,84.0,8.0,,,24.0,80.0,70.0,,,18.0,,,,13.0,211.0,646.0,663.0,34.0,5.0,23.0,33.0,5.0,3.0,,,,,2.0,23.0,11.0,1.0,,15.0,25.0,5.0,10.0,8.0,2.0,1.0,10.0,12.0,2.0,12.0,1.0,,,,,,,1.0,,,,,1.0,1.0,,,2.0,,1.0,1.0,1.0,,,,,,,,,,,,0.0,1.0,0.0,1.0,,,,,,,,,,,
cpl::Football_Player::a22a6c20e107412398d843c4ab034577,R. Romeo,Valour,Defender,2022,defender,23,1926,2,0,11,0,4,0,21,19,7,1,6,0,70,84.0,29,1.36,0,0,0,0,0,0,0,0,0.0,0.0,0.0,0.0,0,0,0,0,0,0,0,0,0,0,0,0,0,,1926.0,5.0,1.0,7.0,1142.0,1.0,48.0,276.0,26.0,6.0,100.0,207.0,714.0,94.0,3.0,,1184.0,19.0,855.0,23.0,194.0,358.0,6.0,135.0,,,129.0,21.0,,59.0,1401.0,23.0,8.0,,78.0,447.0,21.0,10.0,83.0,135.0,7.0,,,40.0,135.0,76.0,,,23.0,,,,35.0,331.0,956.0,990.0,57.0,5.0,52.0,43.0,6.0,,,,,,3.0,33.0,7.0,,1.0,21.0,24.0,3.0,17.0,12.0,4.0,2.0,7.0,11.0,2.0,11.0,,,,1.0,,2.0,,,,,,,,,1.0,,4.0,,2.0,1.0,2.0,,1.0,,,,,,,,,,1.0,1.0,1.0,3.0,,,,,,,,,,,
cpl::Football_Player::0befb14e30044eb69e2a867b374b63bb,A. Morgan,Toronto,Defender,2022,defender,23,1571,1,1,3,0,1,1,12,21,15,2,3,0,50,77.0,15,0.86,1,0,0,0,0,0,0,0,0.0,0.0,0.0,0.0,0,0,0,0,0,0,0,0,0,0,0,0,0,,1571.0,,,5.0,634.0,13.0,133.0,291.0,19.0,3.0,45.0,273.0,212.0,107.0,,,646.0,21.0,467.0,14.0,152.0,247.0,6.0,147.0,,,65.0,20.0,,44.0,1055.0,23.0,14.0,,109.0,233.0,18.0,10.0,60.0,27.0,15.0,,,17.0,143.0,40.0,,,23.0,,,,66.0,33.0,484.0,494.0,34.0,4.0,83.0,43.0,1.0,13.0,,,,,9.0,19.0,36.0,,,12.0,12.0,6.0,17.0,7.0,129.0,3.0,2.0,3.0,2.0,1.0,,38.0,9.0,12.0,9.0,29.0,39.0,,,1.0,,1.0,,1.0,2.0,,1.0,,1.0,,1.0,,,,1.0,,,,,,,,1.0,1.0,0.0,41.0,,,,,,,,,,,
cpl::Football_Player::fd9ddb9946a84feeb1b5e9a8dd531160,A. Samaké,Valour,Defender,2022,defender,20,1388,0,0,0,0,0,0,23,20,14,0,5,0,66,87.0,25,1.62,0,0,0,0,0,0,0,0,0.0,0.0,0.0,0.0,0,0,0,0,0,0,0,0,0,0,0,0,0,,1388.0,,1.0,6.0,924.0,1.0,72.0,282.0,21.0,5.0,53.0,154.0,530.0,79.0,1.0,,943.0,20.0,760.0,19.0,132.0,182.0,3.0,81.0,,,73.0,15.0,,51.0,1160.0,20.0,12.0,,87.0,388.0,1.0,10.0,84.0,51.0,14.0,,,30.0,132.0,44.0,,,20.0,,,,33.0,301.0,793.0,811.0,45.0,2.0,48.0,54.0,6.0,3.0,,,,,2.0,39.0,26.0,1.0,,23.0,18.0,10.0,15.0,16.0,34.0,5.0,,,,6.0,,,1.0,7.0,1.0,1.0,,,,,,,,,,,,,,,,,,,,,,,,,,,0.0,0.0,0.0,4.0,,,,,,,,,,,
cpl::Football_Player::44afcd7647a14ba2bf6a8e37869641fe,Anthony Mikhael,Valour,Defender,2022,defender,5,173,0,0,0,0,0,0,1,2,1,0,0,1,66,82.0,4,2.08,0,0,0,0,0,0,0,0,0.0,0.0,0.0,0.0,0,0,0,0,0,0,0,0,0,0,0,0,0,,173.0,,,1.0,95.0,,7.0,33.0,2.0,,5.0,22.0,44.0,13.0,1.0,,95.0,2.0,69.0,2.0,18.0,27.0,1.0,13.0,,,7.0,2.0,,6.0,116.0,5.0,1.0,,5.0,41.0,2.0,10.0,8.0,8.0,1.0,,,6.0,14.0,5.0,,,5.0,,,,3.0,20.0,77.0,77.0,9.0,,6.0,2.0,2.0,1.0,1.0,1.0,,,1.0,1.0,,,,1.0,1.0,,3.0,,5.0,3.0,,,1.0,,,1.0,,1.0,,,1.0,,,,,,,,,,,,,,,,,,,,,,,,,,0.0,,,,,,,,,,,,,,
cpl::Football_Player::a533d625248540afaff1a64c880c5de4,Iván Pérez,Atlético,Defender,2022,defender,9,187,1,0,4,0,3,0,6,6,8,0,1,0,33,83.0,3,1.44,2,0,0,0,0,0,0,0,0.0,0.0,0.0,0.0,0,0,0,0,0,0,0,0,0,0,0,0,0,,187.0,,,,67.0,3.0,17.0,37.0,1.0,1.0,3.0,39.0,23.0,9.0,1.0,,70.0,6.0,58.0,3.0,12.0,24.0,2.0,16.0,,,16.0,1.0,,3.0,161.0,9.0,3.0,,46.0,24.0,4.0,10.0,26.0,,8.0,,,1.0,49.0,6.0,,,9.0,,,,21.0,5.0,55.0,58.0,3.0,,23.0,25.0,,1.0,,,,,7.0,10.0,4.0,,,6.0,1.0,,2.0,4.0,22.0,8.0,1.0,4.0,,,,7.0,2.0,5.0,2.0,10.0,7.0,,,2.0,,,,,,,3.0,,1.0,,1.0,,,,1.0,,,,,,,,1.0,1.0,0.0,10.0,,,,,,,,,,,
cpl::Football_Player::242992e119ea4cf3b76878a2029dddac,P. Gee,Vancouver FC,Defender,2022,defender,8,447,0,2,3,0,1,2,7,2,2,0,0,0,50,85.0,9,1.81,0,0,0,0,0,0,0,0,0.0,0.0,0.0,0.0,0,0,0,0,0,0,0,0,0,0,0,0,0,,447.0,,,2.0,215.0,5.0,34.0,116.0,4.0,,10.0,61.0,73.0,25.0,2.0,,219.0,2.0,177.0,7.0,35.0,76.0,6.0,31.0,,,27.0,5.0,,13.0,338.0,8.0,2.0,,29.0,96.0,4.0,10.0,23.0,7.0,2.0,,,4.0,37.0,7.0,,,8.0,,,,10.0,13.0,180.0,184.0,8.0,,14.0,19.0,2.0,2.0,,,,,4.0,13.0,5.0,,,7.0,3.0,3.0,4.0,6.0,41.0,3.0,2.0,3.0,1.0,1.0,,9.0,5.0,5.0,5.0,3.0,9.0,,,,,,2.0,2.0,,,1.0,,,,,,,,,,,,,,,,0.0,,,6.0,,,,,,,,,,,
cpl::Football_Player::3b272b35b0294b428a237259d657f8f3,M. Niba,Atlético,Defender,2022,defender,16,910,0,0,5,0,2,0,14,12,6,0,1,0,60,87.0,10,0.99,0,0,0,0,0,0,0,0,0.0,0.0,0.0,0.0,0,0,0,0,0,0,0,0,0,0,0,0,0,,910.0,,2.0,5.0,439.0,1.0,25.0,109.0,13.0,1.0,34.0,80.0,283.0,29.0,3.0,,454.0,12.0,352.0,6.0,63.0,204.0,1.0,37.0,,,77.0,9.0,,29.0,618.0,16.0,7.0,,60.0,176.0,4.0,10.0,47.0,39.0,6.0,,,14.0,83.0,52.0,,,16.0,,,,27.0,49.0,378.0,391.0,23.0,2.0,36.0,33.0,4.0,1.0,,,,,3.0,24.0,14.0,1.0,,14.0,16.0,9.0,9.0,10.0,7.0,7.0,3.0,5.0,1.0,8.0,,3.0,1.0,2.0,1.0,,3.0,,,,,,,,,,2.0,,,,,,,,,,,,,,,,0.0,,,6.0,,,,,,,,,,,
cpl::Football_Player::20d3548360484da9961196997ffa91d6,T. Mourdoukoutas,Valour,Defender,2022,defender,15,1350,0,0,4,0,0,0,9,13,0,0,2,0,66,85.0,24,1.6,0,0,0,0,0,0,0,0,0.0,0.0,0.0,0.0,0,0,0,0,0,0,0,0,0,0,0,0,0,,1350.0,,,7.0,832.0,,45.0,228.0,27.0,2.0,69.0,151.0,493.0,65.0,5.0,,853.0,13.0,645.0,22.0,134.0,300.0,3.0,83.0,,,84.0,15.0,,51.0,1029.0,15.0,5.0,,43.0,321.0,9.0,10.0,38.0,74.0,,,,18.0,70.0,58.0,,,15.0,,,,23.0,187.0,703.0,719.0,27.0,2.0,32.0,20.0,2.0,,,,,1.0,2.0,18.0,15.0,,,9.0,26.0,4.0,9.0,9.0,13.0,,4.0,4.0,,10.0,,,2.0,7.0,2.0,2.0,,,,,,,,,,,,,,,,,,,,,1.0,,,,,,0.0,,,4.0,,,,,,,,,,,
cpl::Football_Player::e879ca3a6c7e4bb9ba29edd41f2b202e,Z. Roy,Atlético,Defender,2022,defender,14,422,0,0,1,0,1,0,8,6,4,0,0,0,0,79.0,6,1.28,0,0,0,0,0,0,0,0,0.0,0.0,0.0,0.0,0,0,0,0,0,0,0,0,0,0,0,0,0,,422.0,,,,118.0,4.0,44.0,50.0,2.0,,4.0,58.0,46.0,21.0,1.0,,119.0,6.0,94.0,5.0,25.0,9.0,1.0,18.0,,,20.0,5.0,,12.0,212.0,14.0,3.0,,42.0,23.0,14.0,10.0,20.0,,4.0,,,,46.0,3.0,,,14.0,,,,22.0,43.0,93.0,94.0,4.0,,26.0,20.0,1.0,5.0,,,,,3.0,13.0,8.0,2.0,,8.0,7.0,5.0,4.0,5.0,12.0,9.0,,1.0,1.0,1.0,,5.0,2.0,3.0,2.0,11.0,5.0,,,,,,,,,,1.0,,,,,,,,,,,,,,,,0.0,,,15.0,,,,,,,,,,,
cpl::Football_Player::7b0f6d51a0774b0691b240a3a96bc0ee,M. de Brienne,Atlético,Defender,2022,defender,22,888,3,0,14,0,9,0,8,14,11,4,4,0,33,73.0,9,0.91,1,0,0,0,0,0,0,0,0.0,0.0,0.0,0.0,0,0,0,0,0,0,0,0,0,0,0,0,0,,888.0,,,1.0,230.0,6.0,69.0,106.0,5.0,4.0,8.0,125.0,65.0,55.0,1.0,,233.0,14.0,155.0,6.0,63.0,62.0,10.0,57.0,,,35.0,10.0,,17.0,398.0,22.0,9.0,,81.0,53.0,31.0,10.0,53.0,15.0,11.0,,,13.0,120.0,4.0,,,22.0,,,,41.0,49.0,167.0,170.0,39.0,,67.0,40.0,3.0,10.0,,,,,11.0,18.0,20.0,,,8.0,7.0,13.0,26.0,10.0,2.0,12.0,5.0,14.0,4.0,2.0,,11.0,1.0,1.0,,11.0,11.0,1.0,4.0,1.0,,,,,4.0,1.0,9.0,,3.0,1.0,3.0,,1.0,,1.0,,,,,,,,1.0,3.0,0.0,18.0,,,,,,,,,,,
cpl::Football_Player::9743204ff22741e9958a22019e709346,S. Cebara,Valour,Defender,2022,defender,22,1676,2,0,5,0,3,0,16,10,12,0,4,0,64,89.0,22,1.18,1,0,0,1,1,0,0,0,0.0,0.0,0.0,0.0,0,0,0,0,0,0,0,0,0,0,0,0,0,,1676.0,12.0,,6.0,807.0,2.0,62.0,209.0,17.0,4.0,34.0,152.0,541.0,63.0,1.0,,846.0,10.0,708.0,17.0,97.0,158.0,,46.0,,,122.0,19.0,,55.0,1121.0,22.0,6.0,,78.0,302.0,7.0,10.0,69.0,41.0,12.0,,,20.0,109.0,50.0,,,22.0,,,,29.0,324.0,715.0,749.0,31.0,6.0,40.0,49.0,5.0,4.0,,,,1.0,11.0,26.0,16.0,,1.0,16.0,41.0,5.0,11.0,10.0,45.0,3.0,2.0,5.0,,5.0,,4.0,1.0,22.0,1.0,3.0,4.0,,,1.0,,,,,,,3.0,,2.0,1.0,2.0,,1.0,,,,,,1.0,1.0,,,0.0,0.0,2.0,13.0,,,,,,,,,,,
cpl::Football_Player::46e85b6f18f042fe837554290482828b,A. Đidić,Atlético,Defender,2022,defender,28,2242,2,1,17,0,6,1,18,27,1,0,6,0,73,89.0,28,1.12,0,0,0,0,0,0,0,0,0.0,0.0,0.0,0.0,0,0,0,0,0,0,0,0,0,0,0,0,0,,2242.0,1.0,,11.0,1521.0,1.0,64.0,339.0,30.0,6.0,78.0,194.0,1030.0,101.0,4.0,,1548.0,27.0,1258.0,23.0,179.0,248.0,4.0,115.0,,,118.0,25.0,,64.0,1825.0,28.0,8.0,,59.0,588.0,28.0,10.0,100.0,111.0,1.0,,,73.0,158.0,125.0,,,28.0,,,,32.0,648.0,1343.0,1369.0,99.0,9.0,58.0,27.0,5.0,1.0,,,,,1.0,25.0,8.0,,,18.0,40.0,4.0,26.0,7.0,,3.0,11.0,17.0,3.0,17.0,2.0,,,,,2.0,,,,,,,1.0,1.0,,,6.0,4.0,2.0,1.0,1.0,,1.0,1.0,,,,1.0,,,,,1.0,2.0,0.0,2.0,,,,,,,,,,,
cpl::Football_Player::88981199ee1c47cbb911a6b22266e324,M. Tissot,Atlético,Defender,2022,defender,30,2439,3,2,20,0,10,2,17,21,25,4,5,0,51,74.0,26,0.96,1,0,0,0,0,0,0,0,0.0,0.0,0.0,0.0,0,0,0,0,0,0,0,0,0,0,0,0,0,,2439.0,,,7.0,841.0,14.0,187.0,335.0,38.0,5.0,77.0,445.0,331.0,155.0,6.0,,880.0,21.0,600.0,21.0,232.0,300.0,13.0,208.0,,,112.0,30.0,,80.0,1516.0,30.0,15.0,,141.0,352.0,42.0,10.0,88.0,48.0,25.0,,,23.0,186.0,45.0,,,30.0,,,,76.0,41.0,612.0,648.0,45.0,6.0,98.0,65.0,5.0,18.0,,,,,11.0,29.0,49.0,1.0,,17.0,37.0,20.0,22.0,12.0,159.0,,10.0,20.0,3.0,9.0,,50.0,18.0,64.0,13.0,20.0,56.0,1.0,,1.0,,,1.0,2.0,4.0,1.0,10.0,5.0,3.0,1.0,2.0,,,1.0,2.0,1.0,,1.0,,,,,0.0,2.0,1.0,43.0,,,,,,,,,,,
cpl::Football_Player::b78b9cf10b374d23824749c6e410990c,E. Adekugbe,York,Midfielder,2022,midfielder,22,967,1,0,4,0,1,0,8,20,21,0,3,0,57,89.0,11,1.02,0,0,0,0,0,0,0,0,0.0,0.0,0.0,0.0,0,0,0,0,0,0,0,0,0,0,0,0,0,,967.0,,,1.0,580.0,,120.0,207.0,1.0,3.0,21.0,96.0,336.0,46.0,1.0,,609.0,20.0,500.0,10.0,67.0,171.0,6.0,54.0,,,64.0,10.0,,17.0,726.0,22.0,6.0,,68.0,151.0,7.0,10.0,44.0,42.0,21.0,,,4.0,75.0,9.0,,,22.0,,,,28.0,167.0,513.0,542.0,7.0,2.0,31.0,40.0,1.0,6.0,,,,,6.0,13.0,7.0,2.0,,8.0,7.0,2.0,3.0,5.0,3.0,12.0,3.0,4.0,1.0,3.0,,4.0,1.0,1.0,1.0,3.0,4.0,,6.0,,,,,,,,1.0,,1.0,1.0,1.0,,,,,,,,,,,,1.0,1.0,0.0,4.0,,,,,,,,,,,
cpl::Football_Player::3aa93b6a47f24dd59a4d50f71ae926d5,M. Cantave,Vancouver FC,Midfielder,2022,midfielder,13,532,1,2,13,0,7,2,2,12,15,2,3,1,36,83.0,8,1.35,7,0,0,0,0,0,0,0,0.0,0.0,0.0,0.0,0,0,0,0,0,0,0,0,0,0,0,0,0,,532.0,,,,118.0,6.0,34.0,75.0,,3.0,1.0,76.0,29.0,20.0,,,122.0,12.0,99.0,7.0,21.0,29.0,7.0,31.0,,,18.0,5.0,,2.0,253.0,13.0,5.0,,73.0,26.0,18.0,10.0,37.0,2.0,15.0,,,4.0,84.0,3.0,,,13.0,,,,40.0,33.0,97.0,101.0,11.0,,47.0,33.0,1.0,5.0,1.0,,,,10.0,8.0,8.0,,,2.0,3.0,4.0,7.0,6.0,5.0,8.0,6.0,13.0,2.0,,,8.0,3.0,1.0,2.0,15.0,12.0,1.0,3.0,7.0,1.0,4.0,1.0,2.0,2.0,1.0,7.0,,1.0,,1.0,,,,1.0,,1.0,,,,,,1.0,1.0,0.0,23.0,,,,,,,,,,,
cpl::Football_Player::9a6571b3737143b79989244b08fbd50d,S. Camargo,Cavalry,Midfielder,2022,midfielder,15,789,2,0,12,0,6,0,1,7,10,3,3,0,20,76.0,11,1.25,20,0,0,0,0,0,0,0,0.0,0.0,0.0,0.0,0,0,0,0,0,0,0,0,0,0,0,0,0,,789.0,,,,242.0,8.0,70.0,156.0,,3.0,10.0,132.0,48.0,53.0,1.0,,258.0,7.0,186.0,9.0,63.0,54.0,12.0,72.0,,,34.0,9.0,,12.0,400.0,15.0,3.0,,63.0,75.0,37.0,10.0,25.0,9.0,10.0,,,2.0,73.0,2.0,,,15.0,,,,40.0,59.0,179.0,195.0,10.0,,48.0,23.0,2.0,7.0,,,,,11.0,2.0,13.0,,,1.0,2.0,4.0,8.0,1.0,3.0,6.0,6.0,12.0,,,,10.0,9.0,,3.0,15.0,21.0,,8.0,20.0,,11.0,,,3.0,4.0,6.0,1.0,2.0,2.0,1.0,1.0,,1.0,,1.0,,,,,,,0.0,1.0,1.0,29.0,,,,,,,,,,,
cpl::Football_Player::423863e33e8f4745b70e6092f11a184d,B. Fisk,Vancouver FC,Midfielder,2022,midfielder,27,1215,1,1,13,0,8,1,9,13,9,0,1,0,30,79.0,14,1.04,24,0,1,0,0,0,0,0,0.0,0.0,0.0,0.0,0,0,0,0,0,0,0,0,0,0,0,0,0,,1215.0,,,2.0,485.0,9.0,134.0,280.0,9.0,1.0,35.0,208.0,126.0,72.0,1.0,,496.0,13.0,355.0,10.0,107.0,84.0,23.0,139.0,,,72.0,14.0,,19.0,718.0,27.0,5.0,,83.0,176.0,19.0,10.0,37.0,34.0,9.0,,,3.0,93.0,4.0,,,27.0,,,,49.0,102.0,379.0,389.0,10.0,1.0,56.0,34.0,4.0,11.0,,,,,7.0,18.0,30.0,,,9.0,1.0,9.0,7.0,9.0,13.0,13.0,5.0,13.0,8.0,,,36.0,17.0,5.0,7.0,8.0,51.0,2.0,4.0,24.0,,12.0,1.0,1.0,,7.0,8.0,1.0,1.0,,1.0,1.0,,,1.0,,,,,,,,1.0,1.0,0.0,21.0,,,,,,,,,,,
cpl::Football_Player::6f78048ef6fe4d51aa66aa87e5fbf0c5,A. Daniels,Pacific,Midfielder,2022,midfielder,21,1298,1,0,21,0,11,0,16,10,12,2,1,0,70,83.0,24,1.66,11,0,1,0,0,0,0,0,0.0,0.0,0.0,0.0,0,0,0,0,0,0,0,0,0,0,0,0,0,,1298.0,,,,494.0,11.0,140.0,253.0,2.0,1.0,19.0,197.0,185.0,73.0,1.0,,516.0,10.0,408.0,20.0,92.0,127.0,17.0,89.0,,,65.0,16.0,,22.0,799.0,21.0,6.0,,134.0,139.0,25.0,10.0,68.0,16.0,12.0,,,7.0,144.0,4.0,,,21.0,,,,73.0,110.0,405.0,424.0,10.0,1.0,76.0,61.0,4.0,11.0,,,,,18.0,31.0,18.0,,,16.0,13.0,11.0,3.0,15.0,8.0,5.0,10.0,21.0,8.0,3.0,,9.0,14.0,,7.0,21.0,19.0,1.0,8.0,11.0,,5.0,,,2.0,4.0,11.0,2.0,1.0,,1.0,,,,1.0,,,,,,,,0.0,0.0,1.0,53.0,,,,,,,,,,,
cpl::Football_Player::316e45756fc44527ada7b1ea025918b0,J. Di Chiara,York,Midfielder,2022,midfielder,18,870,0,0,6,0,1,0,8,19,26,3,4,1,35,78.0,13,1.34,1,0,0,0,0,0,0,0,0.0,0.0,0.0,0.0,0,0,0,0,0,0,0,0,0,0,0,0,0,,870.0,,,,247.0,6.0,73.0,123.0,1.0,4.0,4.0,115.0,75.0,52.0,2.0,,252.0,19.0,189.0,11.0,56.0,62.0,5.0,54.0,,,32.0,9.0,,9.0,415.0,18.0,10.0,,91.0,71.0,18.0,10.0,60.0,7.0,26.0,,,13.0,128.0,6.0,,,18.0,,,,44.0,46.0,191.0,196.0,37.0,1.0,68.0,47.0,2.0,6.0,1.0,1.0,,,6.0,15.0,15.0,3.0,,8.0,7.0,5.0,24.0,7.0,2.0,9.0,5.0,6.0,2.0,1.0,,6.0,2.0,,2.0,12.0,7.0,,5.0,1.0,,1.0,,,3.0,,1.0,1.0,,,,,,,,,,,,,,,0.0,,,25.0,,,,,,,,,,,
cpl::Football_Player::52d99817ceb0499ead24ec2a7544f687,M. Camara,Wanderers,Midfielder,2022,midfielder,26,2001,4,1,16,0,9,1,23,27,25,12,5,0,29,78.0,39,1.75,0,0,0,0,0,0,0,0,0.0,0.0,0.0,0.0,0,0,0,0,0,0,0,0,0,0,0,0,0,,2001.0,,,1.0,456.0,8.0,131.0,195.0,6.0,5.0,19.0,208.0,175.0,86.0,7.0,,475.0,27.0,351.0,37.0,105.0,107.0,17.0,83.0,,,93.0,25.0,,22.0,742.0,26.0,9.0,,156.0,109.0,50.0,10.0,97.0,19.0,25.0,,,23.0,234.0,6.0,,,26.0,,,,82.0,128.0,353.0,370.0,78.0,3.0,137.0,74.0,2.0,13.0,,,,,15.0,34.0,23.0,1.0,,23.0,11.0,13.0,55.0,11.0,1.0,1.0,7.0,16.0,5.0,4.0,,,,,,18.0,,,16.0,,,,,1.0,12.0,,9.0,,4.0,3.0,4.0,6.0,,,1.0,1.0,,,,,,,0.0,3.0,1.0,43.0,,,,,,,,,,,
cpl::Football_Player::ce3fbd6fe22a4e729054951b2effe079,M. Kacher,Valour,Midfielder,2022,midfielder,23,870,1,0,12,0,3,0,8,11,5,0,0,0,25,80.0,20,2.07,17,0,0,0,0,0,0,0,0.0,0.0,0.0,0.0,0,0,0,0,0,0,0,0,0,0,0,0,0,,870.0,,,1.0,224.0,8.0,66.0,122.0,3.0,,7.0,117.0,70.0,40.0,2.0,,231.0,11.0,167.0,19.0,47.0,58.0,10.0,55.0,,,37.0,9.0,,17.0,368.0,23.0,4.0,,60.0,65.0,17.0,10.0,22.0,17.0,5.0,,,3.0,72.0,2.0,,,23.0,,,,41.0,42.0,177.0,184.0,12.0,,50.0,19.0,1.0,7.0,,,,,4.0,10.0,10.0,,,8.0,3.0,3.0,9.0,2.0,1.0,14.0,9.0,12.0,6.0,1.0,,10.0,8.0,,2.0,10.0,25.0,,2.0,17.0,,12.0,,,,5.0,3.0,3.0,1.0,1.0,1.0,,,,,,,,,,,,0.0,1.0,0.0,24.0,,,,,,,,,,,
cpl::Football_Player::634d740392524c46b4ed8a46e73d7568,O. Tabi,FC Laval,Midfielder,2022,midfielder,19,1011,0,0,4,0,1,0,17,16,6,3,5,0,42,76.0,16,1.42,0,0,0,0,0,0,0,0,0.0,0.0,0.0,0.0,0,0,0,0,0,0,0,0,0,0,0,0,0,,1011.0,,2.0,1.0,355.0,6.0,87.0,130.0,12.0,5.0,24.0,186.0,145.0,64.0,2.0,,361.0,16.0,262.0,13.0,88.0,122.0,6.0,82.0,,,73.0,11.0,,33.0,682.0,19.0,7.0,,107.0,132.0,14.0,10.0,51.0,11.0,6.0,,,6.0,121.0,11.0,,,19.0,,,,62.0,20.0,268.0,273.0,14.0,,70.0,45.0,3.0,7.0,,,,,11.0,28.0,36.0,1.0,,17.0,19.0,17.0,8.0,11.0,89.0,8.0,3.0,4.0,1.0,1.0,,27.0,2.0,13.0,2.0,16.0,27.0,,1.0,,,,,,3.0,,1.0,,,,,,,,,,,,,,,,0.0,,,35.0,,,,,,,,,,,
cpl::Football_Player::d3d6fda71a9e4981abbb1d3785bc0dee,C. Trafford,Cavalry,Midfielder,2022,midfielder,24,1550,0,0,12,0,4,0,36,41,43,0,9,0,69,85.0,21,1.22,0,0,0,0,0,0,0,0,0.0,0.0,0.0,0.0,0,0,0,0,0,0,0,0,0,0,0,0,0,,1550.0,,,4.0,810.0,8.0,171.0,319.0,8.0,9.0,24.0,176.0,382.0,104.0,2.0,,826.0,41.0,672.0,15.0,128.0,204.0,8.0,94.0,,,114.0,20.0,,42.0,1104.0,24.0,28.0,,193.0,260.0,26.0,10.0,151.0,26.0,43.0,,,46.0,259.0,17.0,,,24.0,,,,88.0,191.0,682.0,698.0,66.0,2.0,108.0,105.0,6.0,15.0,,,,,3.0,59.0,33.0,1.0,,36.0,22.0,24.0,20.0,23.0,5.0,4.0,8.0,12.0,2.0,4.0,,8.0,3.0,3.0,3.0,6.0,8.0,1.0,7.0,,,,,,,,4.0,,,,,1.0,,,,1.0,,,,,,,0.0,,,18.0,,,,,,,,,,,
cpl::Football_Player::ea993e84d28d42ad8bdef8cff90110c3,J. Gagnon-Laparé,Wanderers,Midfielder,2022,midfielder,22,1719,0,1,12,0,2,1,36,34,35,0,6,1,51,82.0,21,1.1,34,0,2,0,0,0,0,0,0.0,0.0,0.0,0.0,0,0,0,0,0,0,0,0,0,0,0,0,0,,1719.0,,,4.0,1003.0,7.0,236.0,440.0,7.0,6.0,49.0,314.0,429.0,138.0,2.0,,1034.0,34.0,760.0,17.0,187.0,282.0,42.0,198.0,,,123.0,20.0,,36.0,1409.0,22.0,19.0,,189.0,296.0,25.0,10.0,120.0,87.0,35.0,,,19.0,226.0,27.0,,,22.0,,,,88.0,220.0,822.0,847.0,37.0,6.0,106.0,101.0,4.0,3.0,1.0,1.0,,,7.0,59.0,33.0,2.0,,36.0,12.0,17.0,18.0,23.0,14.0,2.0,10.0,12.0,4.0,4.0,,12.0,22.0,2.0,2.0,7.0,47.0,5.0,6.0,34.0,,19.0,1.0,1.0,,13.0,2.0,3.0,,,,,,,,,,,,,,,0.0,,,37.0,,,,,,,,,,,
cpl::Football_Player::457ece1900a444059608f022f37a3d7e,M. Simmons,Scottish,Midfielder,2022,midfielder,24,1243,0,1,2,0,1,1,17,16,29,3,2,0,38,73.0,22,1.59,7,0,0,0,0,0,0,0,0.0,0.0,0.0,0.0,0,0,0,0,0,0,0,0,0,0,0,0,0,,1243.0,,,3.0,401.0,4.0,99.0,121.0,20.0,2.0,49.0,220.0,184.0,64.0,2.0,,415.0,16.0,279.0,18.0,113.0,121.0,7.0,98.0,,,87.0,16.0,,35.0,774.0,24.0,10.0,,133.0,166.0,9.0,10.0,73.0,23.0,29.0,,,5.0,146.0,19.0,,,24.0,,,,65.0,29.0,290.0,302.0,13.0,1.0,73.0,68.0,4.0,13.0,,,,,9.0,30.0,25.0,,,17.0,15.0,10.0,8.0,13.0,111.0,8.0,1.0,2.0,,2.0,,14.0,3.0,29.0,2.0,18.0,20.0,1.0,1.0,7.0,,5.0,1.0,1.0,3.0,1.0,1.0,,,,,1.0,,,,,,,,,,,0.0,,,33.0,,,,,,,,,,,
cpl::Football_Player::025b3abb0a9541f29ad82d9cd2eb8335,J. Escalante,Cavalry,Midfielder,2022,midfielder,28,2238,4,5,29,0,14,5,26,34,38,8,7,0,55,75.0,30,1.21,39,0,2,1,1,0,0,0,0.0,0.0,0.0,0.0,0,0,0,0,0,0,0,0,0,0,0,0,0,,2238.0,,1.0,6.0,645.0,31.0,210.0,302.0,16.0,7.0,45.0,394.0,225.0,127.0,3.0,,665.0,34.0,451.0,24.0,172.0,229.0,33.0,224.0,,,88.0,25.0,,30.0,1282.0,28.0,13.0,,212.0,166.0,74.0,10.0,123.0,42.0,38.0,,,21.0,250.0,24.0,,,28.0,,,,110.0,60.0,476.0,493.0,38.0,6.0,127.0,102.0,6.0,8.0,,,,1.0,19.0,46.0,51.0,5.0,,26.0,23.0,25.0,17.0,20.0,89.0,3.0,15.0,29.0,7.0,2.0,,56.0,34.0,15.0,10.0,42.0,82.0,,10.0,39.0,,16.0,5.0,5.0,8.0,16.0,14.0,10.0,4.0,,2.0,1.0,,2.0,4.0,,1.0,2.0,1.0,1.0,,,1.0,2.0,2.0,61.0,,,,,,,,,,,
cpl::Football_Player::c6576ae66ba14806983c2572f24851a7,M. Polisi,TSS Rovers,Midfielder,2022,midfielder,15,383,0,0,2,0,1,0,9,11,3,1,0,0,23,87.0,8,1.88,0,0,0,0,0,0,0,0,0.0,0.0,0.0,0.0,0,0,0,0,0,0,0,0,0,0,0,0,0,,383.0,,1.0,,176.0,1.0,54.0,86.0,4.0,,4.0,55.0,67.0,19.0,3.0,,176.0,11.0,150.0,6.0,23.0,37.0,1.0,18.0,,,19.0,3.0,,5.0,247.0,15.0,6.0,,53.0,40.0,7.0,10.0,21.0,3.0,3.0,,,3.0,66.0,1.0,,,15.0,,,,35.0,45.0,153.0,153.0,13.0,1.0,45.0,18.0,2.0,1.0,,,,,5.0,10.0,12.0,,,9.0,,4.0,10.0,1.0,1.0,12.0,1.0,2.0,,,,,,,,4.0,,1.0,3.0,,,,,,1.0,,1.0,,,,,,,,,,,,,,,,0.0,0.0,0.0,15.0,,,,,,,,,,,
cpl::Football_Player::f52a8b692a56475c9c08c17236a42e86,S. Shome,Cavalry,Midfielder,2022,midfielder,24,1975,0,1,9,0,0,1,26,21,27,1,2,0,52,77.0,38,1.73,0,0,0,0,0,0,0,0,0.0,0.0,0.0,0.0,0,0,0,0,0,0,0,0,0,0,0,0,0,,1975.0,,,2.0,664.0,6.0,122.0,323.0,6.0,2.0,32.0,248.0,206.0,131.0,6.0,,688.0,21.0,505.0,35.0,163.0,114.0,13.0,136.0,,,106.0,23.0,,38.0,1003.0,24.0,9.0,,143.0,303.0,17.0,10.0,105.0,20.0,27.0,,,21.0,183.0,19.0,,,24.0,,,,59.0,149.0,503.0,525.0,40.0,3.0,78.0,84.0,3.0,7.0,,,,,11.0,46.0,38.0,3.0,,26.0,25.0,18.0,19.0,20.0,24.0,1.0,9.0,9.0,5.0,4.0,,11.0,4.0,4.0,4.0,13.0,11.0,6.0,3.0,,,,1.0,1.0,1.0,,,,,,,1.0,,,,,,,,,,,0.0,,,25.0,,,,,,,,,,,
cpl::Football_Player::6f0bf504d0ed4e47b885d8b0f7634541,A. González,Edmonton,Midfielder,2022,midfielder,23,1307,3,2,22,0,10,2,7,11,21,9,2,0,20,80.0,21,1.45,24,0,1,0,0,0,0,0,0.0,0.0,0.0,0.0,0,0,0,0,0,0,0,0,0,0,0,0,0,,1307.0,,1.0,,274.0,16.0,94.0,163.0,4.0,2.0,10.0,144.0,78.0,49.0,5.0,,290.0,11.0,211.0,20.0,59.0,96.0,9.0,84.0,,,49.0,13.0,,8.0,503.0,23.0,2.0,,84.0,75.0,24.0,10.0,43.0,20.0,21.0,,,1.0,89.0,2.0,,,23.0,,,,42.0,25.0,215.0,231.0,5.0,,46.0,42.0,1.0,12.0,,,,,9.0,12.0,19.0,1.0,,7.0,8.0,13.0,4.0,5.0,1.0,10.0,12.0,22.0,8.0,,,14.0,10.0,,3.0,15.0,33.0,1.0,3.0,24.0,,15.0,1.0,2.0,9.0,6.0,10.0,5.0,3.0,1.0,3.0,,1.0,,1.0,,,,,,,,0.0,1.0,2.0,28.0,,,,,,,,,,,
cpl::Football_Player::a74dd9996ece4a5fa02827becbd4136e,M. Hernández,York,Midfielder,2022,midfielder,16,969,0,1,11,0,4,1,14,30,14,1,6,1,42,77.0,12,1.11,18,0,0,0,0,0,0,0,0.0,0.0,0.0,0.0,0,0,0,0,0,0,0,0,0,0,0,0,0,,969.0,,,2.0,352.0,10.0,68.0,169.0,6.0,6.0,18.0,170.0,120.0,69.0,1.0,,364.0,30.0,259.0,11.0,87.0,66.0,14.0,112.0,,,60.0,12.0,,12.0,589.0,16.0,14.0,,107.0,129.0,22.0,10.0,52.0,18.0,14.0,,,6.0,121.0,10.0,,,16.0,,,,61.0,101.0,269.0,277.0,14.0,1.0,69.0,46.0,1.0,9.0,1.0,1.0,,,9.0,23.0,17.0,2.0,,14.0,13.0,6.0,8.0,9.0,15.0,4.0,7.0,11.0,1.0,2.0,,21.0,12.0,3.0,5.0,15.0,37.0,,2.0,18.0,,12.0,1.0,1.0,1.0,6.0,4.0,1.0,,,,,,,,,,,,,,,0.0,,,24.0,,,,,,,,,,,
cpl::Football_Player::117bafa4d405497f95b6c84619fceace,Umaro Baldé,Pacific,Midfielder,2022,midfielder,4,59,0,0,0,0,0,0,1,2,0,0,0,0,0,95.0,1,1.53,0,0,0,0,0,0,0,0,0.0,0.0,0.0,0.0,0,0,0,0,0,0,0,0,0,0,0,0,0,,59.0,,,,35.0,1.0,4.0,16.0,,,,11.0,18.0,2.0,,,36.0,2.0,33.0,,2.0,6.0,3.0,3.0,,,3.0,1.0,,,50.0,4.0,2.0,,12.0,13.0,2.0,10.0,4.0,1.0,,,,,12.0,,,,4.0,,,,8.0,13.0,33.0,34.0,,,8.0,4.0,1.0,1.0,,,,,2.0,2.0,1.0,,,1.0,,,,1.0,,3.0,,,,,,1.0,,,,2.0,1.0,,,,,,,,,,,,,,,,,,,,,,,,,,0.0,0.0,0.0,6.0,,,,,,,,,,,
cpl::Football_Player::edcf64e77c8c4771af573d1d441cc470,C. Toussaint,Pacific,Midfielder,2022,midfielder,25,1464,0,2,5,0,0,2,27,32,19,0,4,2,28,84.0,21,1.29,0,0,1,0,0,0,0,0,0.0,0.0,0.0,0.0,0,0,0,0,0,0,0,0,0,0,0,0,0,,1464.0,,,,844.0,1.0,117.0,368.0,5.0,4.0,34.0,186.0,357.0,104.0,5.0,,862.0,32.0,679.0,18.0,138.0,216.0,15.0,111.0,,,93.0,15.0,,33.0,1089.0,25.0,25.0,,142.0,309.0,7.0,10.0,76.0,45.0,19.0,,,9.0,174.0,16.0,,,25.0,,,,75.0,220.0,706.0,724.0,32.0,2.0,98.0,67.0,3.0,6.0,2.0,2.0,,,9.0,39.0,36.0,1.0,,27.0,28.0,26.0,23.0,12.0,2.0,10.0,5.0,5.0,,2.0,,6.0,1.0,,1.0,4.0,6.0,2.0,6.0,,,,1.0,2.0,,,,,,,,,,,,,,,,,,,0.0,0.0,0.0,18.0,,,,,,,,,,,
cpl::Football_Player::0affe36819cc4290bfa45fb50ea6a480,J. Carlos,Scrosoppi,Midfielder,2022,midfielder,12,441,0,1,1,0,1,1,13,10,6,0,1,0,33,77.0,10,2.04,0,0,0,0,0,0,0,0,0.0,0.0,0.0,0.0,0,0,0,0,0,0,0,0,0,0,0,0,0,,441.0,,,1.0,138.0,1.0,29.0,70.0,4.0,1.0,8.0,69.0,37.0,25.0,,,140.0,10.0,101.0,7.0,33.0,30.0,5.0,25.0,,,27.0,5.0,,11.0,238.0,12.0,5.0,,76.0,44.0,15.0,10.0,42.0,6.0,6.0,,,4.0,88.0,2.0,,,12.0,,,,38.0,37.0,106.0,107.0,12.0,,46.0,38.0,3.0,4.0,,,,,8.0,24.0,9.0,1.0,,13.0,1.0,6.0,8.0,11.0,,7.0,,1.0,,1.0,,3.0,,,,7.0,3.0,2.0,1.0,,,,1.0,1.0,,,1.0,,,,,,,,,,,,,,,,0.0,,,18.0,,,,,,,,,,,
cpl::Football_Player::b631f78036324d79a97a6c1cfe650d2a,P. Lamothe,Pacific,Midfielder,2022,midfielder,21,1500,2,0,18,0,6,0,25,36,18,2,5,0,33,88.0,19,1.14,17,0,1,0,0,0,0,0,0.0,0.0,0.0,0.0,0,0,0,0,0,0,0,0,0,0,0,0,0,,1500.0,,,1.0,765.0,10.0,172.0,369.0,1.0,5.0,12.0,209.0,310.0,88.0,2.0,,770.0,36.0,650.0,14.0,100.0,212.0,19.0,86.0,,,94.0,17.0,,32.0,1053.0,21.0,27.0,,170.0,214.0,26.0,10.0,72.0,20.0,18.0,,,3.0,179.0,10.0,,,21.0,,,,101.0,172.0,665.0,670.0,9.0,2.0,107.0,69.0,5.0,10.0,,,,,17.0,34.0,26.0,,,25.0,8.0,12.0,6.0,9.0,9.0,4.0,12.0,18.0,5.0,2.0,,7.0,9.0,,2.0,14.0,18.0,4.0,8.0,17.0,,10.0,,,2.0,6.0,6.0,1.0,2.0,2.0,1.0,1.0,,1.0,,,,,,,,,1.0,1.0,1.0,39.0,,,,,,,,,,,
cpl::Football_Player::6e943143672a42eeb7027b5f429d01b1,S. Rogers,Cavalry,Midfielder,2022,midfielder,3,25,0,0,0,0,0,0,1,0,0,0,0,0,0,75.0,0,0.0,0,0,0,0,0,0,0,0,0.0,0.0,0.0,0.0,0,0,0,0,0,0,0,0,0,0,0,0,0,,25.0,,,,4.0,,,2.0,,,,5.0,1.0,1.0,,,4.0,,3.0,,1.0,2.0,,1.0,,,1.0,,,,10.0,3.0,,,4.0,1.0,,10.0,1.0,,,,,,5.0,,,,3.0,,,,3.0,1.0,3.0,3.0,1.0,,4.0,1.0,,,,,,,,1.0,,,,1.0,1.0,,1.0,,,3.0,,,,,,,,,,2.0,,,,,,,,,,,,,,,,,,,,,,,,,,,0.0,,,2.0,,,,,,,,,,,
cpl::Football_Player::0e2b6aa5fbdf49f399441b22b356d14c,K. Bekker,Forge,Midfielder,2022,midfielder,27,2148,2,6,26,0,9,6,13,14,16,2,5,2,26,84.0,21,0.88,63,0,2,0,0,0,0,0,0.0,0.0,0.0,0.0,0,0,0,0,0,0,0,0,0,0,0,0,0,,2148.0,,,,1314.0,15.0,243.0,715.0,7.0,5.0,64.0,342.0,453.0,156.0,,,1366.0,14.0,1059.0,18.0,220.0,421.0,23.0,252.0,,,145.0,26.0,,42.0,1649.0,27.0,7.0,,83.0,423.0,25.0,10.0,43.0,87.0,16.0,,,4.0,98.0,6.0,,,27.0,,,,44.0,279.0,1098.0,1146.0,15.0,5.0,55.0,39.0,3.0,11.0,2.0,2.0,,,6.0,17.0,24.0,1.0,,13.0,17.0,6.0,11.0,4.0,3.0,1.0,17.0,26.0,12.0,2.0,,34.0,22.0,1.0,8.0,14.0,74.0,7.0,10.0,63.0,,28.0,5.0,6.0,2.0,14.0,9.0,7.0,2.0,1.0,1.0,,,1.0,1.0,,,,,,,,1.0,1.0,1.0,20.0,,,,,,,,,,,
cpl::Football_Player::6bda12878690489697b20b110e311ad1,E. Simmons,Vancouver FC,Midfielder,2022,midfielder,26,1858,0,1,10,0,1,1,37,24,6,0,4,0,50,80.0,27,1.31,1,0,1,0,0,0,0,0,0.0,0.0,0.0,0.0,0,0,0,0,0,0,0,0,0,0,0,0,0,,1858.0,2.0,,3.0,761.0,2.0,129.0,284.0,13.0,4.0,42.0,203.0,330.0,119.0,1.0,,774.0,24.0,576.0,23.0,161.0,204.0,9.0,111.0,,,131.0,20.0,,52.0,990.0,26.0,18.0,,135.0,254.0,4.0,10.0,86.0,37.0,6.0,,,17.0,169.0,21.0,,,26.0,,,,66.0,187.0,602.0,613.0,34.0,4.0,83.0,69.0,4.0,6.0,,,,,7.0,56.0,28.0,,,37.0,27.0,12.0,17.0,19.0,,6.0,9.0,10.0,4.0,3.0,,2.0,1.0,,,3.0,2.0,2.0,7.0,1.0,,,,1.0,,1.0,1.0,,,,,,,,,,1.0,,,,,,0.0,,,16.0,,,,,,,,,,,
cpl::Football_Player::988b8a5ef30a40dfb59c6caf0c8838d6,N. Nouajaa,Wanderers,Midfielder,2022,midfielder,0,0,0,0,0,0,0,0,0,0,0,0,0,0,0,,0,,0,0,0,0,0,0,0,0,0.0,0.0,0.0,0.0,0,0,0,0,0,0,0,0,0,0,0,0,0,,,,,,,,,,,,,,,,,,,,,,,,,,,,,,,,,,,,,,,,,,,,,,,,,,,,,,,,,,,,,,,,,,,,,,,,,,,,,,,,,,,,,,,,,,,,,,,,,,,,,,,,,,,,,,,,,,,,,,,,,,,,,,,,,,
cpl::Football_Player::03b82a7bcff7496e991befe586fcc2c9,S. Young,Pacific,Midfielder,2022,midfielder,25,1549,1,0,13,0,5,0,21,32,19,1,6,0,40,84.0,19,1.1,0,0,0,0,0,0,0,0,0.0,0.0,0.0,0.0,0,0,0,0,0,0,0,0,0,0,0,0,0,,1549.0,,1.0,1.0,858.0,4.0,136.0,352.0,11.0,6.0,35.0,216.0,378.0,107.0,3.0,,872.0,32.0,666.0,15.0,142.0,247.0,22.0,110.0,,,141.0,16.0,,41.0,1156.0,25.0,16.0,,151.0,249.0,32.0,10.0,83.0,64.0,19.0,,,16.0,191.0,10.0,,,25.0,,,,84.0,240.0,717.0,730.0,40.0,3.0,108.0,67.0,4.0,10.0,,,,,14.0,34.0,32.0,3.0,,21.0,30.0,18.0,24.0,13.0,7.0,9.0,8.0,13.0,11.0,4.0,,9.0,,,,14.0,9.0,1.0,4.0,,,,,,1.0,,5.0,,1.0,1.0,1.0,,,,,,,,,,,,0.0,0.0,1.0,38.0,,,,,,,,,,,
cpl::Football_Player::c82c8c9fc952454c80e3c45a6f9c883d,K. Rendón,Valour,Midfielder,2022,midfielder,12,643,0,0,6,0,1,0,4,8,2,0,3,0,20,80.0,11,1.54,7,0,0,0,0,0,0,0,0.0,0.0,0.0,0.0,0,0,0,0,0,0,0,0,0,0,0,0,0,,643.0,,,3.0,174.0,2.0,34.0,71.0,8.0,3.0,15.0,58.0,75.0,22.0,3.0,,180.0,8.0,134.0,9.0,37.0,52.0,6.0,34.0,,,30.0,8.0,,10.0,250.0,12.0,4.0,,29.0,52.0,8.0,10.0,13.0,9.0,2.0,,,1.0,34.0,7.0,,,12.0,,,,17.0,42.0,138.0,143.0,5.0,,21.0,12.0,2.0,7.0,,,,,,10.0,9.0,1.0,,4.0,8.0,4.0,4.0,6.0,2.0,4.0,5.0,6.0,1.0,,,2.0,3.0,1.0,,1.0,7.0,1.0,1.0,7.0,,3.0,,,,3.0,1.0,,,,,1.0,,,,,,,,,,,0.0,,,4.0,,,,,,,,,,,
cpl::Football_Player::55a8a1aea5f543dbaac3bf7112ad867b,Z. Bahous,Pacific,Midfielder,2022,midfielder,29,1600,1,1,11,0,3,1,29,22,13,1,5,0,33,79.0,17,0.96,0,0,0,0,0,0,0,0,0.0,0.0,0.0,0.0,0,0,0,0,0,0,0,0,0,0,0,0,0,,1600.0,,,,562.0,6.0,114.0,289.0,5.0,5.0,32.0,218.0,157.0,91.0,3.0,,565.0,22.0,416.0,13.0,123.0,153.0,14.0,105.0,,,103.0,19.0,,28.0,891.0,29.0,16.0,,189.0,175.0,48.0,10.0,104.0,26.0,13.0,,,7.0,210.0,6.0,,,29.0,,,,92.0,123.0,439.0,442.0,21.0,1.0,106.0,97.0,4.0,17.0,,,,,31.0,54.0,40.0,,,29.0,19.0,18.0,14.0,25.0,14.0,10.0,8.0,11.0,13.0,3.0,1.0,10.0,4.0,2.0,4.0,22.0,10.0,8.0,9.0,,,,1.0,1.0,1.0,,3.0,,1.0,1.0,1.0,,,,,1.0,1.0,,,,,,1.0,0.0,1.0,45.0,,,,,,,,,,,
cpl::Football_Player::4b6c1da63a144cfeb39e765ea2e3039c,B. McKendry,Atlético,Midfielder,2022,midfielder,27,1193,0,1,3,0,1,1,27,20,14,0,4,0,66,80.0,14,1.06,5,0,0,0,0,0,0,0,0.0,0.0,0.0,0.0,0,0,0,0,0,0,0,0,0,0,0,0,0,,1193.0,,,6.0,413.0,2.0,66.0,146.0,11.0,4.0,38.0,132.0,211.0,52.0,2.0,,443.0,20.0,314.0,11.0,90.0,128.0,12.0,67.0,,,95.0,13.0,,30.0,646.0,27.0,13.0,,124.0,156.0,8.0,10.0,80.0,39.0,14.0,,,10.0,139.0,15.0,,,27.0,,,,54.0,93.0,327.0,353.0,15.0,2.0,59.0,70.0,3.0,6.0,,,,,8.0,48.0,20.0,,,27.0,25.0,14.0,5.0,21.0,1.0,14.0,2.0,3.0,2.0,8.0,,4.0,4.0,3.0,1.0,10.0,7.0,1.0,2.0,5.0,,3.0,,1.0,,2.0,1.0,,,,,,,,,,,,,,,,0.0,,,15.0,,,,,,,,,,,
cpl::Football_Player::cf6994b565344d65880882873de4ede4,J. Wilson,York,Midfielder,2022,midfielder,26,2209,3,0,15,0,6,0,34,38,43,1,5,1,62,81.0,29,1.18,0,0,0,0,0,0,0,0,0.0,0.0,0.0,0.0,0,0,0,0,0,0,0,0,0,0,0,0,0,,2209.0,,1.0,4.0,1048.0,5.0,107.0,361.0,16.0,5.0,89.0,289.0,517.0,125.0,4.0,,1091.0,38.0,769.0,26.0,214.0,302.0,9.0,159.0,,,145.0,26.0,,60.0,1417.0,26.0,19.0,,219.0,396.0,30.0,10.0,152.0,108.0,43.0,,,33.0,272.0,34.0,,,26.0,,,,100.0,286.0,840.0,877.0,53.0,5.0,120.0,119.0,3.0,6.0,1.0,,,,18.0,58.0,23.0,1.0,,34.0,27.0,11.0,20.0,24.0,,,9.0,15.0,2.0,5.0,,5.0,1.0,,1.0,8.0,5.0,4.0,,,1.0,,,,1.0,,6.0,,3.0,,3.0,,2.0,,1.0,,,,,,,,1.0,1.0,2.0,35.0,,,,,,,,,,,
cpl::Football_Player::bcd2bd431fea40f2ad5e2cd7d95bef32,A. Sissoko,Atlético,Midfielder,2022,midfielder,30,2529,4,3,20,0,9,3,26,29,70,7,5,0,54,79.0,25,0.89,0,0,0,0,0,0,0,0,0.0,0.0,0.0,0.0,0,0,0,0,0,0,0,0,0,0,0,0,0,,2529.0,,,,1145.0,11.0,212.0,653.0,5.0,5.0,40.0,407.0,280.0,211.0,,,1180.0,29.0,885.0,22.0,251.0,203.0,18.0,235.0,,,148.0,30.0,,40.0,1699.0,30.0,13.0,,270.0,406.0,58.0,10.0,177.0,44.0,70.0,,,25.0,316.0,21.0,,,30.0,,,,118.0,359.0,898.0,929.0,46.0,6.0,139.0,152.0,3.0,11.0,,,,,37.0,45.0,48.0,4.0,,26.0,21.0,18.0,21.0,19.0,68.0,,11.0,20.0,6.0,3.0,,24.0,4.0,4.0,4.0,30.0,24.0,4.0,9.0,,,,3.0,3.0,7.0,,9.0,,4.0,2.0,3.0,1.0,1.0,1.0,1.0,,1.0,,,,,,2.0,3.0,1.0,77.0,,,,,,,,,,,
cpl::Football_Player::5ce4b7ace82243faa7b342751ac3a642,K. Alemán,Scrosoppi,Midfielder,2022,midfielder,25,1020,2,1,11,0,6,1,17,19,22,1,4,0,30,83.0,14,1.24,11,0,0,0,0,0,0,0,0.0,0.0,0.0,0.0,0,0,0,0,0,0,0,0,0,0,0,0,0,,1020.0,,,1.0,314.0,3.0,92.0,151.0,5.0,4.0,11.0,151.0,121.0,44.0,1.0,,320.0,19.0,246.0,12.0,55.0,101.0,8.0,60.0,,,62.0,10.0,,14.0,570.0,25.0,9.0,,139.0,66.0,19.0,10.0,71.0,19.0,22.0,,,3.0,149.0,6.0,,,25.0,,,,71.0,61.0,260.0,265.0,10.0,,78.0,68.0,2.0,10.0,,,,,12.0,34.0,17.0,1.0,,17.0,7.0,8.0,7.0,17.0,,15.0,5.0,11.0,1.0,1.0,,12.0,7.0,,1.0,27.0,19.0,3.0,2.0,11.0,,5.0,1.0,1.0,1.0,5.0,6.0,,2.0,,1.0,,,1.0,2.0,,,,,,,,1.0,1.0,1.0,42.0,,,,,,,,,,,
cpl::Football_Player::249fafa156274f4faddf87d1ab137d35,S. Triantafillou,Edmonton,Midfielder,2022,midfielder,26,1866,0,0,7,0,1,0,16,17,14,0,5,0,37,81.0,39,1.88,0,0,0,0,0,0,0,0,0.0,0.0,0.0,0.0,0,0,0,0,0,0,0,0,0,0,0,0,0,,1866.0,,3.0,7.0,735.0,2.0,144.0,248.0,17.0,5.0,43.0,191.0,358.0,105.0,6.0,,753.0,17.0,547.0,35.0,148.0,232.0,9.0,105.0,,,105.0,20.0,,48.0,975.0,26.0,11.0,,115.0,224.0,3.0,10.0,73.0,58.0,14.0,,,12.0,147.0,25.0,,,26.0,,,,54.0,153.0,587.0,605.0,32.0,1.0,74.0,61.0,4.0,7.0,,,,,7.0,40.0,32.0,1.0,,16.0,21.0,19.0,20.0,24.0,5.0,6.0,6.0,7.0,3.0,1.0,,5.0,1.0,4.0,1.0,4.0,5.0,1.0,7.0,,,,,,,,1.0,,,,,1.0,,,,,,,,,,,0.0,,,15.0,,,,,,,,,,,
cpl::Football_Player::33b0cf3a477d454f96fe4f14c3b6125c,A. Achinioti-Jönsson,Forge,Midfielder,2022,midfielder,30,2700,1,0,8,0,3,0,32,24,50,0,1,0,52,92.0,27,0.9,0,0,1,0,0,0,0,0,0.0,0.0,0.0,0.0,0,0,0,0,0,0,0,0,0,0,0,0,0,,2700.0,,,11.0,2104.0,,74.0,671.0,19.0,1.0,70.0,218.0,1340.0,109.0,,,2190.0,24.0,1892.0,24.0,179.0,659.0,5.0,112.0,,,156.0,30.0,,68.0,2500.0,30.0,10.0,,164.0,675.0,24.0,10.0,148.0,119.0,50.0,,,37.0,234.0,55.0,,,30.0,,,,53.0,782.0,1927.0,2011.0,70.0,10.0,86.0,111.0,3.0,,,,,1.0,9.0,52.0,25.0,1.0,1.0,32.0,32.0,12.0,33.0,20.0,4.0,,5.0,8.0,3.0,9.0,,1.0,,,,7.0,1.0,1.0,,,,,,,,,3.0,,1.0,,1.0,,1.0,,,,,,,,,,0.0,0.0,1.0,17.0,,,,,,,,,,,
cpl::Football_Player::99fb51782c7f43acaad20909bd048f31,S. Gutiérrez,York,Midfielder,2022,midfielder,16,661,2,1,16,0,7,1,21,22,8,2,2,0,14,70.0,4,0.54,0,0,1,0,0,0,0,0,0.0,0.0,0.0,0.0,0,0,0,0,0,0,0,0,0,0,0,0,0,,661.0,,,,190.0,10.0,46.0,90.0,,2.0,9.0,117.0,48.0,50.0,2.0,,192.0,22.0,126.0,4.0,59.0,64.0,14.0,57.0,,,37.0,8.0,,10.0,368.0,16.0,14.0,,127.0,57.0,27.0,10.0,55.0,7.0,8.0,,,1.0,134.0,,,,16.0,,,,73.0,25.0,131.0,133.0,7.0,,79.0,54.0,,8.0,,,,,16.0,30.0,14.0,,,21.0,9.0,5.0,6.0,9.0,,8.0,9.0,16.0,4.0,1.0,,8.0,5.0,,4.0,14.0,8.0,1.0,1.0,,,,,1.0,2.0,,7.0,,2.0,1.0,2.0,,,,1.0,,,,,,,,1.0,1.0,1.0,26.0,,,,,,,,,,,
cpl::Football_Player::1bd0dbfb79774479a33b21e4bc153680,C. Haworth,Ottawa Fury,Midfielder,2022,midfielder,26,1480,0,4,8,0,3,4,12,13,19,2,3,0,54,73.0,18,1.09,13,0,1,0,0,0,0,0,0.0,0.0,0.0,0.0,0,0,0,0,0,0,0,0,0,0,0,0,0,,1480.0,,,6.0,470.0,10.0,99.0,216.0,13.0,3.0,33.0,248.0,146.0,100.0,2.0,,485.0,13.0,322.0,15.0,133.0,33.0,15.0,149.0,,,73.0,14.0,,27.0,800.0,26.0,6.0,,119.0,184.0,28.0,10.0,68.0,30.0,19.0,,,13.0,143.0,22.0,,,26.0,,,,64.0,169.0,340.0,352.0,24.0,2.0,75.0,55.0,3.0,7.0,,,,,12.0,24.0,25.0,1.0,,12.0,11.0,8.0,11.0,12.0,50.0,12.0,5.0,8.0,1.0,4.0,,36.0,10.0,4.0,5.0,21.0,43.0,9.0,1.0,13.0,,6.0,4.0,4.0,2.0,4.0,3.0,4.0,,,,1.0,,,,,,,,,,,0.0,,,38.0,,,,,,,,,,,
cpl::Football_Player::c5c848174b5945828abd42750238c44c,L. Ricci,Ottawa Fury,Midfielder,2022,midfielder,6,230,0,0,0,0,0,0,3,4,4,1,0,0,37,84.0,2,0.78,5,0,0,0,0,0,0,0,0.0,0.0,0.0,0.0,0,0,0,0,0,0,0,0,0,0,0,0,0,,230.0,,,,138.0,,27.0,43.0,3.0,,7.0,36.0,76.0,16.0,1.0,,141.0,4.0,111.0,2.0,23.0,50.0,3.0,17.0,,,20.0,1.0,,12.0,174.0,6.0,1.0,,24.0,38.0,,10.0,14.0,7.0,4.0,,,3.0,32.0,1.0,,,6.0,,,,13.0,26.0,115.0,118.0,8.0,,18.0,11.0,,2.0,,,,,1.0,6.0,2.0,,,3.0,1.0,1.0,5.0,3.0,,5.0,,,,1.0,,1.0,1.0,,,2.0,6.0,,1.0,5.0,,5.0,,,1.0,,,,,,,,,,,,1.0,,,,,,0.0,0.0,0.0,3.0,,,,,,,,,,,
cpl::Football_Player::82ff8e880ba54f74a34fe1f8165f3b46,Matthew Baldisimo,York,Midfielder,2022,midfielder,17,959,0,1,2,0,0,1,22,18,7,0,2,0,69,86.0,19,1.78,3,0,0,0,0,0,0,0,0.0,0.0,0.0,0.0,0,0,0,0,0,0,0,0,0,0,0,0,0,,959.0,,,1.0,515.0,1.0,121.0,178.0,4.0,2.0,29.0,100.0,277.0,47.0,2.0,,528.0,18.0,435.0,15.0,76.0,131.0,4.0,59.0,,,47.0,12.0,,21.0,657.0,17.0,10.0,,101.0,131.0,3.0,10.0,66.0,17.0,7.0,,,9.0,114.0,6.0,,,17.0,,,,44.0,145.0,439.0,452.0,13.0,1.0,48.0,57.0,4.0,8.0,,,,,9.0,41.0,14.0,1.0,,22.0,9.0,10.0,4.0,19.0,,5.0,2.0,2.0,1.0,1.0,,1.0,3.0,,1.0,3.0,4.0,1.0,7.0,3.0,,2.0,1.0,1.0,,1.0,,,,,,,,,,,,,,,,,0.0,,,12.0,,,,,,,,,,,
cpl::Football_Player::06a2eff249fd4320a2c4753d25ea5f0f,M. Polisi,Valour,Midfielder,2022,midfielder,17,1045,0,0,4,0,1,0,14,19,15,0,4,0,35,85.0,21,1.81,0,0,0,0,0,0,0,0,0.0,0.0,0.0,0.0,0,0,0,0,0,0,0,0,0,0,0,0,0,,1045.0,,,2.0,537.0,4.0,107.0,233.0,2.0,4.0,13.0,151.0,228.0,73.0,,,545.0,19.0,422.0,19.0,86.0,136.0,4.0,62.0,,,85.0,11.0,,33.0,736.0,17.0,11.0,,107.0,163.0,8.0,10.0,62.0,37.0,15.0,,,7.0,127.0,7.0,,,17.0,,,,52.0,139.0,451.0,459.0,20.0,3.0,65.0,55.0,2.0,4.0,,,,,16.0,24.0,32.0,1.0,,14.0,10.0,14.0,13.0,10.0,4.0,6.0,3.0,4.0,1.0,1.0,,9.0,2.0,1.0,2.0,13.0,9.0,1.0,4.0,,,,,,,,1.0,,,,,,,,,,,,,,,,0.0,,,25.0,,,,,,,,,,,
cpl::Football_Player::2b1131e0053c45b7a043be075195b6ee,J. Ascanio,Valour,Midfielder,2022,midfielder,4,220,0,1,6,0,4,1,9,9,5,3,1,1,0,79.0,2,0.82,1,0,0,0,0,0,0,0,0.0,0.0,0.0,0.0,0,0,0,0,0,0,0,0,0,0,0,0,0,,220.0,,,,56.0,1.0,16.0,32.0,1.0,1.0,2.0,33.0,16.0,10.0,1.0,,56.0,9.0,44.0,2.0,12.0,2.0,4.0,21.0,,,9.0,3.0,,1.0,122.0,4.0,2.0,,39.0,13.0,9.0,10.0,24.0,,5.0,,,,40.0,,,,4.0,,,,15.0,25.0,44.0,44.0,1.0,,16.0,24.0,,2.0,1.0,,,,7.0,12.0,6.0,,,9.0,2.0,4.0,1.0,3.0,,1.0,2.0,6.0,,,,8.0,4.0,,4.0,2.0,10.0,,1.0,1.0,1.0,1.0,1.0,1.0,3.0,,4.0,,,,,,,,,,,,,,,,0.0,,,3.0,,,,,,,,,,,
cpl::Football_Player::faefaad76b26402c9854af3aab596d16,M. Omar,Wanderers,Midfielder,2022,midfielder,15,1006,0,0,7,0,4,0,11,15,11,0,3,0,63,91.0,14,1.25,0,0,0,0,0,0,0,0,0.0,0.0,0.0,0.0,0,0,0,0,0,0,0,0,0,0,0,0,0,,1006.0,,,2.0,533.0,3.0,86.0,173.0,4.0,3.0,10.0,80.0,316.0,44.0,2.0,,542.0,15.0,461.0,10.0,54.0,162.0,5.0,28.0,,,71.0,12.0,,26.0,678.0,15.0,7.0,,70.0,143.0,16.0,10.0,53.0,27.0,11.0,,,14.0,92.0,26.0,,,15.0,,,,31.0,151.0,479.0,488.0,22.0,4.0,39.0,39.0,4.0,5.0,,,,,7.0,21.0,8.0,1.0,,11.0,12.0,1.0,8.0,10.0,,3.0,3.0,7.0,2.0,2.0,,,1.0,,1.0,4.0,,,5.0,,,,,,,,4.0,,,,,1.0,,,,,,,,,,,0.0,,,11.0,,,,,,,,,,,
cpl::Football_Player::88ac022bf06149f1be2ce2ab7f3c087c,Z. Verhoven,Vancouver FC,Midfielder,2022,midfielder,15,423,3,2,7,0,3,2,11,12,7,3,2,0,11,79.0,6,1.28,1,0,0,0,0,0,0,0,0.0,0.0,0.0,0.0,0,0,0,0,0,0,0,0,0,0,0,0,0,,423.0,,,,91.0,3.0,24.0,54.0,1.0,2.0,4.0,73.0,19.0,16.0,2.0,,93.0,12.0,70.0,5.0,20.0,31.0,4.0,21.0,,,29.0,3.0,,3.0,229.0,15.0,9.0,,94.0,27.0,15.0,10.0,40.0,3.0,7.0,,,1.0,103.0,7.0,,,15.0,,,,55.0,11.0,71.0,73.0,9.0,,63.0,39.0,1.0,4.0,,,,,15.0,17.0,12.0,1.0,,11.0,2.0,8.0,8.0,6.0,2.0,12.0,4.0,7.0,2.0,,,4.0,,,,18.0,4.0,,1.0,1.0,,,1.0,2.0,3.0,,3.0,,3.0,2.0,3.0,,,,1.0,,,,,,,,2.0,1.0,2.0,29.0,,,,,,,,,,,
cpl::Football_Player::0193e9b2803b43938a676ad9232cede8,N. Verhoeven,Atlético,Midfielder,2022,midfielder,24,1838,0,2,5,0,2,2,22,23,19,1,4,0,25,83.0,27,1.32,41,0,1,0,0,0,0,0,0.0,0.0,0.0,0.0,0,0,0,0,0,0,0,0,0,0,0,0,0,,1838.0,,,5.0,923.0,11.0,125.0,447.0,15.0,4.0,72.0,255.0,382.0,93.0,5.0,,967.0,23.0,722.0,26.0,165.0,268.0,25.0,172.0,,,130.0,21.0,,39.0,1212.0,24.0,14.0,,127.0,343.0,5.0,10.0,63.0,80.0,19.0,,,4.0,143.0,10.0,,,24.0,,,,68.0,231.0,765.0,802.0,16.0,3.0,80.0,59.0,1.0,7.0,,,,,7.0,33.0,20.0,2.0,,22.0,13.0,10.0,12.0,11.0,5.0,3.0,3.0,5.0,5.0,1.0,,11.0,27.0,2.0,5.0,6.0,46.0,2.0,1.0,41.0,,19.0,2.0,2.0,1.0,19.0,2.0,1.0,,,,,,,,,,,,,,,0.0,,,18.0,,,,,,,,,,,
cpl::Football_Player::d80c8273244649a0841591e849fc3590,D. Gutiérrez,Cavalry,Midfielder,2022,midfielder,24,1987,0,0,10,0,5,0,46,36,16,0,7,0,48,85.0,19,0.86,5,0,0,0,0,0,0,0,0.0,0.0,0.0,0.0,0,0,0,0,0,0,0,0,0,0,0,0,0,,1987.0,,1.0,2.0,1259.0,4.0,235.0,532.0,17.0,7.0,74.0,290.0,574.0,125.0,3.0,,1301.0,36.0,978.0,15.0,199.0,372.0,15.0,175.0,,,195.0,23.0,,44.0,1654.0,24.0,26.0,,199.0,396.0,6.0,10.0,110.0,124.0,16.0,,,13.0,226.0,23.0,,,24.0,,,,102.0,298.0,1065.0,1102.0,27.0,8.0,116.0,97.0,4.0,5.0,,,,,15.0,66.0,38.0,,,46.0,27.0,24.0,14.0,20.0,30.0,1.0,5.0,10.0,6.0,4.0,,8.0,4.0,4.0,3.0,16.0,20.0,2.0,13.0,5.0,,4.0,,,,,5.0,3.0,,,,,,,,,,,,,,,0.0,,,34.0,,,,,,,,,,,
cpl::Football_Player::6a778700603244eeabcce04c59c6ccc0,A. Hojabrpour,Forge,Midfielder,2022,midfielder,29,2346,3,2,10,0,3,2,30,20,22,1,5,0,36,88.0,24,0.92,1,0,0,0,0,0,0,0,0.0,0.0,0.0,0.0,0,0,0,0,0,0,0,0,0,0,0,0,0,,2346.0,,,2.0,1367.0,7.0,203.0,665.0,8.0,5.0,36.0,222.0,578.0,135.0,,,1413.0,20.0,1167.0,21.0,171.0,417.0,12.0,138.0,,,169.0,27.0,,36.0,1675.0,29.0,15.0,,158.0,373.0,18.0,10.0,103.0,75.0,22.0,,,12.0,191.0,26.0,,,29.0,,,,67.0,420.0,1199.0,1242.0,33.0,8.0,88.0,91.0,3.0,10.0,,,,1.0,13.0,56.0,27.0,,,30.0,22.0,13.0,21.0,26.0,2.0,2.0,7.0,10.0,3.0,5.0,,2.0,1.0,,,13.0,3.0,2.0,5.0,1.0,,,2.0,2.0,1.0,,3.0,,3.0,1.0,2.0,,2.0,1.0,,,,,,,,,1.0,1.0,2.0,25.0,,,,,,,,,,,
cpl::Football_Player::eae44bc0cb2c42dd86f566cebebbf690,O. Bassett,Atlético,Midfielder,2022,midfielder,30,2619,8,3,29,0,14,3,15,20,23,2,6,0,18,84.0,29,1.0,86,0,0,3,3,0,0,0,0.0,0.0,0.0,0.0,0,0,0,0,0,0,0,0,0,0,0,0,0,,2619.0,,,3.0,1036.0,21.0,194.0,586.0,7.0,6.0,45.0,348.0,357.0,139.0,5.0,,1095.0,20.0,843.0,23.0,184.0,227.0,38.0,207.0,,,191.0,30.0,,50.0,1515.0,30.0,14.0,,177.0,360.0,31.0,10.0,84.0,68.0,23.0,,,2.0,188.0,8.0,,,30.0,,,,95.0,314.0,855.0,911.0,11.0,5.0,104.0,82.0,6.0,13.0,,,,,21.0,38.0,49.0,1.0,,15.0,26.0,17.0,9.0,23.0,5.0,,15.0,29.0,14.0,3.0,,26.0,32.0,1.0,5.0,26.0,73.0,10.0,1.0,86.0,,33.0,2.0,3.0,2.0,25.0,14.0,9.0,8.0,8.0,5.0,,,3.0,,,1.0,2.0,3.0,3.0,,,3.0,0.0,8.0,40.0,,,,,,,,,,,
cpl::Football_Player::5d8f9eb42d2a48ac83d0e7bdb6eebf50,A. Sissoko,Atlético,Midfielder,2022,midfielder,28,2349,0,1,4,0,2,1,24,41,18,0,7,0,56,84.0,28,1.07,1,0,1,0,0,0,0,0,0.0,0.0,0.0,0.0,0,0,0,0,0,0,0,0,0,0,0,0,0,,2349.0,,,8.0,790.0,1.0,96.0,282.0,15.0,7.0,39.0,179.0,407.0,100.0,6.0,,828.0,41.0,629.0,25.0,139.0,272.0,13.0,96.0,,,142.0,25.0,,44.0,1077.0,28.0,21.0,,144.0,251.0,12.0,10.0,116.0,60.0,18.0,,,45.0,224.0,48.0,,,28.0,,,,73.0,209.0,653.0,689.0,80.0,9.0,108.0,71.0,3.0,1.0,,,,,11.0,42.0,15.0,2.0,1.0,24.0,22.0,10.0,35.0,18.0,,3.0,2.0,4.0,2.0,10.0,,1.0,,,,5.0,1.0,1.0,5.0,1.0,,,1.0,1.0,,,2.0,,,,,,,,,,,,,,,,0.0,,,22.0,,,,,,,,,,,
cpl::Football_Player::5e944a82a82b42b483bed288bb7633a8,M. Aparicio,Atlético,Midfielder,2022,midfielder,19,1473,2,3,20,0,6,3,21,26,13,1,3,2,50,77.0,12,0.73,8,0,1,0,0,0,0,0,0.0,0.0,0.0,0.0,0,0,0,0,0,0,0,0,0,0,0,0,0,,1473.0,,,,804.0,6.0,130.0,407.0,14.0,3.0,63.0,276.0,245.0,134.0,1.0,,836.0,26.0,578.0,8.0,197.0,217.0,19.0,174.0,,,112.0,18.0,,39.0,1113.0,19.0,14.0,,152.0,323.0,20.0,10.0,83.0,61.0,13.0,,,21.0,194.0,6.0,,,19.0,,,,90.0,166.0,613.0,639.0,42.0,6.0,111.0,62.0,4.0,4.0,2.0,2.0,,,16.0,33.0,37.0,2.0,,21.0,13.0,23.0,21.0,12.0,12.0,1.0,14.0,20.0,10.0,1.0,,13.0,13.0,,9.0,19.0,16.0,1.0,5.0,8.0,,3.0,3.0,3.0,1.0,3.0,6.0,6.0,2.0,,2.0,,2.0,,,,,,,,,,0.0,2.0,0.0,30.0,,,,,,,,,,,
cpl::Football_Player::29146de022e149ceb100b57434a926f9,S. Rea,Wanderers,Midfielder,2022,midfielder,27,2273,5,9,31,0,11,9,19,22,33,6,3,0,31,78.0,31,1.23,94,0,0,0,0,0,0,0,0.0,0.0,0.0,0.0,0,0,0,0,0,0,0,0,0,0,0,0,0,,2273.0,,,,682.0,23.0,176.0,442.0,1.0,3.0,14.0,449.0,160.0,144.0,4.0,,698.0,22.0,521.0,24.0,158.0,185.0,62.0,236.0,,,118.0,26.0,,35.0,1270.0,27.0,15.0,,237.0,217.0,50.0,10.0,107.0,19.0,33.0,,,5.0,253.0,2.0,,,27.0,,,,135.0,120.0,526.0,540.0,16.0,1.0,146.0,102.0,7.0,9.0,,,,,41.0,28.0,48.0,,,19.0,4.0,14.0,11.0,9.0,11.0,1.0,20.0,31.0,15.0,1.0,,42.0,62.0,,15.0,55.0,113.0,8.0,16.0,94.0,,47.0,7.0,9.0,6.0,39.0,11.0,5.0,5.0,4.0,3.0,3.0,,2.0,1.0,,,,,,,,2.0,3.0,2.0,97.0,,,,,,,,,,,
cpl::Football_Player::3c3cd8920062442f93c9e257f9d44111,N. Jensen,Forge,Midfielder,2022,midfielder,23,771,3,1,11,0,4,1,6,4,14,1,0,0,33,84.0,7,0.82,18,0,0,0,0,0,0,0,0.0,0.0,0.0,0.0,0,0,0,0,0,0,0,0,0,0,0,0,0,,771.0,,,,394.0,12.0,108.0,226.0,2.0,,22.0,144.0,117.0,46.0,,,408.0,4.0,320.0,6.0,68.0,110.0,8.0,96.0,,,40.0,7.0,,9.0,570.0,23.0,4.0,,63.0,95.0,15.0,10.0,38.0,20.0,14.0,,,2.0,69.0,6.0,,,23.0,,,,27.0,95.0,327.0,340.0,6.0,,31.0,36.0,1.0,6.0,,,,,9.0,13.0,17.0,,1.0,6.0,2.0,5.0,4.0,7.0,1.0,16.0,7.0,11.0,7.0,1.0,,23.0,3.0,,2.0,11.0,37.0,5.0,7.0,18.0,,11.0,1.0,1.0,1.0,1.0,4.0,,3.0,3.0,2.0,,,1.0,,,,,,,,,0.0,1.0,2.0,17.0,,,,,,,,,,,
cpl::Football_Player::33a38df225e24270b44c1fdfde2eb7a9,C. Mannella,Ottawa Fury,Midfielder,2022,midfielder,6,89,0,0,0,0,0,0,3,1,0,1,0,0,0,83.0,3,3.03,0,0,0,0,0,0,0,0,0.0,0.0,0.0,0.0,0,0,0,0,0,0,0,0,0,0,0,0,0,,89.0,,,,32.0,,4.0,16.0,,,2.0,8.0,12.0,4.0,2.0,,34.0,1.0,25.0,3.0,6.0,11.0,,6.0,,,7.0,,,,48.0,6.0,,,12.0,11.0,2.0,10.0,5.0,3.0,,,,,12.0,1.0,,,6.0,,,,7.0,8.0,26.0,28.0,,,7.0,5.0,,,,,,,1.0,4.0,,,,3.0,1.0,,,1.0,,6.0,,,2.0,2.0,,,,,,1.0,,,,,,,,,1.0,,,,,,,,,,,,,,,,,,0.0,,,2.0,,,,,,,,,,,
cpl::Football_Player::4d636b2222ce4dadada19f4087f42b9e,J. Assi,Montréal,Forward,2022,forward,19,789,0,2,5,0,2,2,15,11,12,9,1,0,28,75.0,12,1.37,0,0,1,0,0,0,0,0,0.0,0.0,0.0,0.0,0,0,0,0,0,0,0,0,0,0,0,0,0,,789.0,,,1.0,225.0,9.0,74.0,123.0,4.0,1.0,6.0,160.0,52.0,52.0,1.0,,227.0,11.0,167.0,9.0,58.0,8.0,10.0,64.0,,,38.0,9.0,,9.0,430.0,19.0,2.0,,90.0,64.0,39.0,10.0,45.0,2.0,12.0,,,2.0,97.0,4.0,,,19.0,,,,47.0,81.0,167.0,169.0,7.0,,52.0,43.0,3.0,9.0,,,,,13.0,18.0,15.0,2.0,,15.0,4.0,4.0,5.0,3.0,12.0,10.0,3.0,5.0,,,,15.0,6.0,6.0,6.0,16.0,15.0,,2.0,,,,1.0,2.0,9.0,,2.0,,,,,,,,,,,,,,,,0.0,,,33.0,,,,,,,,,,,
cpl::Football_Player::e87c2465a9dc45a995f2722a4997ab10,M. Bevan,Cavalry,Forward,2022,forward,12,565,3,0,17,0,8,0,4,11,14,8,1,0,37,75.0,8,1.27,0,0,1,1,0,0,0,0,0.0,0.0,0.0,0.0,0,0,0,0,0,0,0,0,0,0,0,0,0,,565.0,,,,106.0,1.0,53.0,67.0,2.0,1.0,4.0,55.0,20.0,26.0,1.0,,116.0,11.0,86.0,7.0,30.0,30.0,6.0,28.0,,,15.0,5.0,,3.0,198.0,12.0,2.0,,48.0,19.0,34.0,10.0,33.0,,14.0,,,12.0,80.0,2.0,,,12.0,,,,27.0,14.0,76.0,86.0,32.0,1.0,47.0,21.0,1.0,2.0,,,,,1.0,6.0,6.0,,,4.0,,3.0,20.0,2.0,,7.0,9.0,17.0,1.0,1.0,,1.0,1.0,,1.0,6.0,1.0,,4.0,,,,,,8.0,,8.0,,3.0,1.0,3.0,3.0,,,1.0,,,,1.0,,1.0,,0.0,1.0,2.0,15.0,,,,,,,,,,,
cpl::Football_Player::bea0467ed08a42da96f4a22d105a897d,L. Amla,FC Laval,Forward,2022,forward,9,228,0,0,3,0,1,0,3,5,4,3,0,0,30,56.0,5,1.97,0,0,0,0,0,0,0,0,0.0,0.0,0.0,0.0,0,0,0,0,0,0,0,0,0,0,0,0,0,,228.0,,,,29.0,3.0,11.0,7.0,,,,23.0,12.0,15.0,,,34.0,5.0,19.0,4.0,15.0,9.0,,14.0,,,3.0,2.0,,1.0,62.0,9.0,2.0,,20.0,8.0,8.0,10.0,13.0,,4.0,,,3.0,30.0,1.0,,,9.0,,,,10.0,6.0,14.0,19.0,10.0,,17.0,10.0,1.0,2.0,,,,,2.0,4.0,3.0,1.0,,3.0,,1.0,7.0,1.0,,7.0,2.0,3.0,1.0,,,,,,,2.0,,,,,,,,,3.0,,1.0,,,,,2.0,,,,,,,,,,,0.0,,,5.0,,,,,,,,,,,
cpl::Football_Player::6a7b9320483e458792ebd1f94a00baf0,C. Bent,Wanderers,Forward,2022,forward,19,999,2,0,9,0,6,0,8,10,21,15,1,0,50,74.0,17,1.53,17,0,0,0,0,0,0,0,0.0,0.0,0.0,0.0,0,0,0,0,0,0,0,0,0,0,0,0,0,,999.0,,,1.0,291.0,9.0,76.0,130.0,4.0,1.0,15.0,170.0,95.0,66.0,1.0,,301.0,10.0,208.0,15.0,81.0,69.0,11.0,93.0,,,59.0,11.0,,22.0,548.0,19.0,7.0,,91.0,98.0,22.0,10.0,58.0,12.0,21.0,,,5.0,101.0,9.0,,,19.0,,,,38.0,58.0,212.0,220.0,10.0,,43.0,53.0,2.0,10.0,,,,,16.0,16.0,16.0,,,8.0,11.0,7.0,5.0,8.0,40.0,8.0,3.0,9.0,4.0,,,18.0,5.0,7.0,,14.0,34.0,4.0,2.0,17.0,,9.0,,,15.0,4.0,6.0,3.0,2.0,2.0,1.0,,,1.0,,1.0,1.0,1.0,,,,,0.0,1.0,1.0,23.0,,,,,,,,,,,
cpl::Football_Player::c49f24c9d41145ed9c4bf9758b0ed6f9,J. Mason,Cavalry,Forward,2022,forward,22,1747,8,1,36,0,26,1,3,24,14,25,2,0,28,80.0,22,1.13,0,0,2,0,0,0,0,0,0.0,0.0,0.0,0.0,0,0,0,0,0,0,0,0,0,0,0,0,0,,1747.0,,,,215.0,22.0,107.0,137.0,,2.0,3.0,145.0,66.0,48.0,2.0,,252.0,24.0,199.0,18.0,51.0,69.0,13.0,60.0,,,30.0,21.0,,4.0,476.0,22.0,7.0,,86.0,34.0,107.0,10.0,40.0,2.0,14.0,,,17.0,146.0,8.0,,,22.0,,,,63.0,42.0,164.0,201.0,60.0,5.0,106.0,23.0,4.0,10.0,,,,,4.0,5.0,16.0,1.0,,3.0,2.0,3.0,43.0,2.0,2.0,1.0,10.0,36.0,15.0,,,13.0,2.0,,2.0,14.0,13.0,,9.0,,,,1.0,1.0,25.0,,26.0,,8.0,4.0,7.0,5.0,2.0,1.0,1.0,,,,,,1.0,,3.0,5.0,3.0,38.0,,,,,,,,,,,
cpl::Football_Player::2d8cec65b1bb4b20872a91ac73584d29,A. Musse,Cavalry,Forward,2022,forward,29,2137,7,3,53,0,27,3,19,23,46,3,4,0,48,80.0,29,1.22,47,0,2,0,0,0,0,0,0.0,0.0,0.0,0.0,0,0,0,0,0,0,0,0,0,0,0,0,0,,2137.0,,,,498.0,19.0,150.0,312.0,,4.0,7.0,345.0,119.0,99.0,2.0,,513.0,23.0,384.0,24.0,106.0,94.0,25.0,145.0,,,95.0,24.0,,24.0,1076.0,29.0,15.0,,262.0,117.0,84.0,10.0,140.0,23.0,46.0,,,19.0,301.0,2.0,,,29.0,,,,141.0,152.0,394.0,407.0,39.0,,161.0,121.0,5.0,13.0,,,,,43.0,32.0,44.0,,,19.0,11.0,29.0,20.0,13.0,11.0,5.0,26.0,53.0,16.0,6.0,,24.0,24.0,,6.0,43.0,63.0,1.0,18.0,47.0,,27.0,2.0,3.0,3.0,17.0,27.0,6.0,7.0,1.0,3.0,4.0,,4.0,6.0,1.0,,1.0,,,,,3.0,4.0,3.0,97.0,,,,,,,,,,,
cpl::Football_Player::290f058a65584ba487f5fe64d0f7bebd,G. Smith-Doyle,Cavalry,Forward,2022,forward,5,43,0,0,2,0,2,0,1,1,0,0,1,0,50,60.0,0,0.0,0,0,0,0,0,0,0,0,0.0,0.0,0.0,0.0,0,0,0,0,0,0,0,0,0,0,0,0,0,,43.0,,,,10.0,2.0,3.0,3.0,,1.0,,12.0,3.0,4.0,,,10.0,1.0,6.0,,4.0,2.0,,5.0,,,4.0,,,1.0,23.0,5.0,1.0,,4.0,3.0,2.0,10.0,3.0,,,,,1.0,6.0,,,,5.0,,,,2.0,2.0,6.0,6.0,2.0,,3.0,2.0,,,,,,,,2.0,3.0,,,1.0,,1.0,1.0,1.0,,5.0,,2.0,,,,2.0,,,,1.0,2.0,,1.0,,,,,,,,2.0,,,,,,,,,,,,,,,,0.0,,,1.0,,,,,,,,,,,
cpl::Football_Player::3b722a31cec745c3be4c298eeeee5dbc,A. Marshsall,Wanderers,Forward,2022,forward,18,709,0,0,11,0,4,0,11,11,11,0,0,0,35,76.0,12,1.52,2,0,1,0,0,0,0,0,0.0,0.0,0.0,0.0,0,0,0,0,0,0,0,0,0,0,0,0,0,,709.0,,,,212.0,6.0,44.0,110.0,1.0,,10.0,132.0,55.0,42.0,3.0,,216.0,11.0,154.0,12.0,52.0,45.0,8.0,49.0,,,30.0,8.0,,13.0,383.0,18.0,3.0,,92.0,74.0,18.0,10.0,45.0,10.0,11.0,,,7.0,112.0,2.0,,,18.0,,,,54.0,53.0,160.0,164.0,20.0,1.0,67.0,38.0,,6.0,,,,,13.0,14.0,15.0,,,11.0,3.0,6.0,13.0,3.0,3.0,10.0,7.0,11.0,1.0,,,9.0,1.0,,,19.0,10.0,2.0,5.0,2.0,,1.0,,,,1.0,4.0,,,,,,,,,,1.0,,,,,,0.0,,,41.0,,,,,,,,,,,
cpl::Football_Player::4a3790eed104423781b21001cbce69e9,A. García,Wanderers,Forward,2022,forward,13,689,4,0,13,0,8,0,3,18,5,6,1,0,35,81.0,11,1.44,0,0,0,3,3,0,0,0,0.0,0.0,0.0,0.0,0,0,0,0,0,0,0,0,0,0,0,0,0,,689.0,,,,130.0,,63.0,74.0,1.0,1.0,4.0,78.0,43.0,25.0,1.0,,146.0,18.0,113.0,10.0,29.0,32.0,2.0,24.0,,,19.0,8.0,,5.0,244.0,13.0,7.0,,52.0,19.0,23.0,10.0,21.0,4.0,5.0,,,6.0,69.0,2.0,,,13.0,,,,37.0,32.0,101.0,117.0,17.0,,48.0,15.0,1.0,7.0,,,,,4.0,6.0,8.0,2.0,,3.0,1.0,5.0,11.0,3.0,,5.0,5.0,13.0,2.0,,,,,,,5.0,,,6.0,,,,,,6.0,,8.0,,4.0,3.0,4.0,1.0,,,1.0,,,,3.0,3.0,,,1.0,4.0,0.0,20.0,,,,,,,,,,,
cpl::Football_Player::751e68a27d374a64b9646c08102f6daf,João Morelli,Wanderers,Forward,2022,forward,2,180,1,0,10,0,7,0,2,2,0,0,0,0,0,74.0,1,0.5,3,0,1,1,1,0,0,0,0.0,0.0,0.0,0.0,0,0,0,0,0,0,0,0,0,0,0,0,0,,180.0,,,,48.0,2.0,14.0,29.0,,,3.0,31.0,10.0,11.0,,,52.0,2.0,34.0,1.0,14.0,12.0,1.0,15.0,,,4.0,2.0,,2.0,97.0,2.0,1.0,,12.0,21.0,7.0,10.0,4.0,4.0,,,,,16.0,,,,2.0,,,,8.0,5.0,34.0,38.0,4.0,1.0,12.0,4.0,,,,,,,2.0,2.0,6.0,,,2.0,2.0,3.0,4.0,,1.0,,3.0,10.0,1.0,,,2.0,1.0,,,3.0,3.0,,,3.0,,1.0,,,,1.0,7.0,,1.0,1.0,1.0,,,,,,,,1.0,1.0,,,1.0,0.0,1.0,3.0,,,,,,,,,,,
cpl::Football_Player::546d921891c342b2981014c8f5b1076d,E. Samb,Ottawa Fury,Forward,2022,forward,9,431,1,0,7,0,2,0,3,9,11,2,1,0,63,77.0,6,1.25,0,0,0,0,0,0,0,0,0.0,0.0,0.0,0.0,0,0,0,0,0,0,0,0,0,0,0,0,0,,431.0,,,,97.0,2.0,39.0,45.0,1.0,1.0,2.0,60.0,35.0,22.0,,,103.0,9.0,76.0,4.0,24.0,28.0,1.0,22.0,,,12.0,5.0,,6.0,194.0,9.0,5.0,,46.0,19.0,12.0,10.0,29.0,3.0,11.0,,,7.0,57.0,3.0,,,9.0,,,,24.0,17.0,73.0,79.0,11.0,,28.0,22.0,2.0,5.0,,,,,4.0,7.0,8.0,1.0,,3.0,2.0,4.0,4.0,4.0,2.0,4.0,5.0,7.0,3.0,,,3.0,1.0,,1.0,6.0,4.0,,3.0,,,,,,2.0,,2.0,,1.0,,1.0,2.0,,,1.0,,,,,,,,1.0,0.0,1.0,16.0,,,,,,,,,,,
cpl::Football_Player::fb2fbc059914452eb9a95cd309d66335,G. Ntignee,Cavalry,Forward,2022,forward,2,13,0,0,0,0,0,0,0,0,1,0,0,0,100,43.0,0,0.0,0,0,0,0,0,0,0,0,0.0,0.0,0.0,0.0,0,0,0,0,0,0,0,0,0,0,0,0,0,,13.0,,,,7.0,,2.0,3.0,,,,6.0,,4.0,,,7.0,,3.0,,4.0,,,4.0,,,,,,,14.0,2.0,,,2.0,1.0,6.0,10.0,2.0,,1.0,,,1.0,3.0,,,,2.0,,,,1.0,4.0,3.0,3.0,1.0,,1.0,1.0,,,,,,,,,3.0,,,,,3.0,,,,2.0,,,,,,,,1.0,,1.0,,,,,,,,,,,,,,,,,,,,,,,,,,,0.0,,,1.0,,,,,,,,,,,
cpl::Football_Player::37534b784b5645618118b6cc3a2616e3,R. Robinson,Wanderers,Forward,2022,forward,18,400,0,0,5,0,3,0,3,8,2,1,0,0,26,75.0,6,1.35,2,0,1,0,0,0,0,0,0.0,0.0,0.0,0.0,0,0,0,0,0,0,0,0,0,0,0,0,0,,400.0,,,,98.0,3.0,35.0,50.0,,,1.0,71.0,28.0,26.0,1.0,,105.0,8.0,75.0,5.0,27.0,24.0,3.0,26.0,,,16.0,2.0,,6.0,197.0,18.0,3.0,,45.0,25.0,12.0,10.0,21.0,3.0,2.0,,,4.0,60.0,,,,18.0,,,,28.0,21.0,71.0,78.0,15.0,,39.0,17.0,1.0,2.0,,,,,11.0,4.0,11.0,1.0,,3.0,1.0,7.0,11.0,1.0,2.0,16.0,2.0,5.0,1.0,,,3.0,,,,7.0,5.0,,,2.0,,1.0,,,1.0,,3.0,,,,,1.0,,,,,,,,,,,0.0,,,16.0,,,,,,,,,,,
cpl::Football_Player::91a915f684dc4b769c0cf45719f2a87e,M. Bustos,Pacific,Forward,2022,forward,30,2404,2,6,38,0,24,6,18,20,45,4,4,0,40,85.0,31,1.16,47,0,3,1,0,0,0,0,0.0,0.0,0.0,0.0,0,0,0,0,0,0,0,0,0,0,0,0,0,,2404.0,,,1.0,983.0,23.0,330.0,619.0,11.0,4.0,42.0,368.0,282.0,119.0,3.0,,1035.0,20.0,827.0,24.0,161.0,132.0,29.0,212.0,,,125.0,27.0,,26.0,1570.0,30.0,11.0,,220.0,258.0,79.0,10.0,127.0,47.0,45.0,,,10.0,245.0,3.0,,,30.0,,,,103.0,315.0,829.0,874.0,25.0,6.0,118.0,117.0,7.0,7.0,,,,,39.0,33.0,36.0,1.0,,18.0,13.0,18.0,15.0,15.0,36.0,3.0,14.0,38.0,22.0,1.0,,28.0,27.0,1.0,11.0,36.0,77.0,6.0,4.0,47.0,,30.0,6.0,6.0,4.0,12.0,24.0,1.0,2.0,,1.0,,1.0,1.0,1.0,1.0,,,1.0,,,,2.0,2.0,0.0,73.0,,,,,,,,,,,
cpl::Football_Player::d86703b2ff12429489e4c885d14997b8,C. Smith,Edmonton,Forward,2022,forward,21,596,2,1,8,0,3,1,19,16,17,4,4,1,53,70.0,13,1.96,0,0,0,0,0,0,0,0,0.0,0.0,0.0,0.0,0,0,0,0,0,0,0,0,0,0,0,0,0,,596.0,,2.0,3.0,160.0,11.0,42.0,77.0,3.0,4.0,10.0,161.0,41.0,40.0,2.0,,162.0,16.0,102.0,12.0,50.0,18.0,5.0,57.0,,,52.0,5.0,,8.0,403.0,21.0,7.0,,136.0,52.0,37.0,10.0,72.0,10.0,17.0,,,8.0,151.0,1.0,,,21.0,,,,72.0,50.0,110.0,112.0,15.0,,79.0,64.0,1.0,5.0,1.0,1.0,,,21.0,27.0,24.0,1.0,,19.0,11.0,14.0,7.0,8.0,7.0,16.0,5.0,8.0,,,,15.0,6.0,,6.0,30.0,15.0,,,,,,1.0,1.0,4.0,,3.0,,2.0,1.0,2.0,,,,1.0,,,,,,,,0.0,1.0,1.0,50.0,,,,,,,,,,,
cpl::Football_Player::df0de20d12274b3d9549323a3547572b,J. Heard,Pacific,Forward,2022,forward,27,2103,6,3,22,0,11,3,24,40,48,11,7,0,20,72.0,23,0.98,3,0,0,0,0,0,0,0,0.0,0.0,0.0,0.0,0,0,0,0,0,0,0,0,0,0,0,0,0,,2103.0,,,1.0,421.0,13.0,158.0,212.0,16.0,7.0,23.0,242.0,102.0,99.0,2.0,,433.0,40.0,303.0,20.0,122.0,100.0,10.0,121.0,,,85.0,24.0,,28.0,765.0,27.0,19.0,,191.0,119.0,54.0,10.0,101.0,8.0,48.0,,,4.0,211.0,13.0,,,27.0,,,,94.0,56.0,299.0,311.0,20.0,4.0,110.0,97.0,3.0,11.0,,,,,18.0,31.0,31.0,2.0,,24.0,10.0,14.0,16.0,7.0,14.0,3.0,11.0,22.0,3.0,3.0,,27.0,3.0,2.0,3.0,20.0,27.0,1.0,6.0,3.0,,,3.0,3.0,11.0,,11.0,,6.0,4.0,5.0,,,1.0,2.0,2.0,,,,,,,3.0,3.0,3.0,45.0,,,,,,,,,,,
cpl::Football_Player::04cd976c461148d79ab8cafc0bf69c62,D. Choinière,Forge,Forward,2022,forward,29,1944,6,4,27,0,18,4,26,18,28,8,2,0,50,85.0,17,0.79,13,0,1,0,0,0,0,0,0.0,0.0,0.0,0.0,0,0,0,0,0,0,0,0,0,0,0,0,0,,1944.0,,,1.0,843.0,37.0,315.0,551.0,4.0,2.0,16.0,354.0,181.0,115.0,,,850.0,18.0,706.0,16.0,131.0,100.0,27.0,174.0,,,94.0,23.0,,21.0,1333.0,29.0,11.0,,235.0,160.0,137.0,10.0,116.0,13.0,28.0,,,3.0,241.0,4.0,,,29.0,,,,122.0,275.0,712.0,719.0,6.0,1.0,125.0,113.0,1.0,17.0,,,,,43.0,42.0,60.0,,,26.0,5.0,23.0,3.0,16.0,20.0,6.0,9.0,27.0,11.0,1.0,,58.0,13.0,1.0,12.0,47.0,64.0,3.0,8.0,13.0,,6.0,4.0,4.0,8.0,1.0,18.0,,6.0,3.0,6.0,1.0,1.0,,2.0,,1.0,,,,,,1.0,3.0,3.0,84.0,,,,,,,,,,,
cpl::Football_Player::55dd391822fa4ee9a317707f26e1ddc9,C. Nanco,Forge,Forward,2022,forward,8,209,0,0,1,0,1,0,4,6,6,1,0,0,0,74.0,3,1.29,3,0,0,0,0,0,0,0,0.0,0.0,0.0,0.0,0,0,0,0,0,0,0,0,0,0,0,0,0,,209.0,,,1.0,80.0,3.0,25.0,42.0,2.0,,4.0,61.0,19.0,18.0,,,83.0,6.0,60.0,2.0,22.0,18.0,1.0,26.0,,,8.0,1.0,,5.0,161.0,8.0,2.0,,38.0,28.0,11.0,10.0,13.0,1.0,6.0,,,,40.0,2.0,,,8.0,,,,25.0,12.0,58.0,61.0,2.0,,27.0,13.0,1.0,1.0,,,,,2.0,5.0,5.0,,,4.0,,,2.0,1.0,15.0,7.0,,1.0,2.0,,,7.0,,6.0,,7.0,9.0,,1.0,3.0,,2.0,,,1.0,,1.0,,,,,,,,,,,,,,,,0.0,0.0,0.0,19.0,,,,,,,,,,,
cpl::Football_Player::3b19fa7fb1064556a2c16b457a82a603,D. Daniels,Pacific,Forward,2022,forward,23,956,3,0,13,0,7,0,17,29,13,4,6,0,42,70.0,14,1.32,0,0,0,0,0,0,0,0,0.0,0.0,0.0,0.0,0,0,0,0,0,0,0,0,0,0,0,0,0,,956.0,,,,172.0,3.0,65.0,88.0,2.0,6.0,5.0,138.0,35.0,50.0,3.0,,178.0,29.0,119.0,12.0,55.0,30.0,6.0,45.0,,,40.0,12.0,,14.0,382.0,23.0,18.0,,134.0,42.0,31.0,10.0,63.0,4.0,13.0,,,16.0,172.0,4.0,,,23.0,,,,87.0,41.0,117.0,123.0,38.0,,109.0,47.0,2.0,11.0,,,,,10.0,25.0,23.0,,,17.0,4.0,15.0,22.0,8.0,,11.0,6.0,13.0,3.0,1.0,,4.0,,,,15.0,4.0,1.0,13.0,,,,,,4.0,,7.0,,3.0,,2.0,3.0,,1.0,3.0,,,,,,,,2.0,1.0,2.0,47.0,,,,,,,,,,,
cpl::Football_Player::982a96a792e04404805090a131cb95df,T. Campbell,Vancouver FC,Forward,2022,forward,29,1428,6,4,19,0,13,4,12,18,17,12,2,0,32,83.0,14,0.88,0,0,0,1,0,0,0,0,0.0,0.0,0.0,0.0,0,0,0,0,0,0,0,0,0,0,0,0,0,,1428.0,,,2.0,415.0,12.0,155.0,259.0,1.0,2.0,4.0,187.0,95.0,71.0,,,425.0,18.0,339.0,12.0,75.0,74.0,15.0,72.0,,,60.0,16.0,,9.0,678.0,29.0,11.0,,118.0,87.0,72.0,10.0,54.0,11.0,17.0,,,9.0,146.0,6.0,,,29.0,,,,73.0,109.0,340.0,350.0,28.0,,92.0,45.0,2.0,12.0,,,,,11.0,17.0,22.0,,,12.0,7.0,10.0,19.0,5.0,2.0,13.0,6.0,19.0,8.0,,,6.0,4.0,,4.0,20.0,6.0,1.0,10.0,,,,2.0,4.0,12.0,,13.0,,6.0,1.0,6.0,3.0,1.0,,4.0,,,,1.0,,,,2.0,4.0,2.0,43.0,,,,,,,,,,,
cpl::Football_Player::8d395d0de4314a759dc733bec944bbe2,L. Mwandwe,Wanderers,Forward,2022,forward,12,696,0,0,17,0,6,0,6,5,24,3,0,0,35,75.0,8,1.03,1,0,1,0,0,0,0,0,0.0,0.0,0.0,0.0,0,0,0,0,0,0,0,0,0,0,0,0,0,,696.0,,,,103.0,7.0,30.0,60.0,1.0,,1.0,94.0,22.0,27.0,,,109.0,5.0,80.0,8.0,28.0,29.0,6.0,38.0,,,19.0,8.0,,6.0,265.0,12.0,1.0,,71.0,24.0,41.0,10.0,47.0,1.0,24.0,,,6.0,88.0,3.0,,,12.0,,,,30.0,26.0,75.0,81.0,17.0,,41.0,41.0,,7.0,,,,,7.0,10.0,9.0,,,6.0,3.0,3.0,11.0,4.0,1.0,4.0,11.0,17.0,3.0,1.0,,16.0,1.0,,1.0,9.0,16.0,,2.0,1.0,,,,,3.0,,6.0,,,,,,,,,4.0,,,,,,,0.0,,,22.0,,,,,,,,,,,
cpl::Football_Player::3ec3689202904ef38942e9a374e4f6a8,M. Kane,York,Forward,2022,forward,18,368,0,0,2,0,0,0,7,3,5,5,1,0,28,70.0,6,1.47,0,0,0,0,0,0,0,0,0.0,0.0,0.0,0.0,0,0,0,0,0,0,0,0,0,0,0,0,0,,368.0,,,,104.0,,28.0,49.0,,1.0,3.0,52.0,27.0,29.0,1.0,,104.0,3.0,65.0,5.0,32.0,22.0,5.0,30.0,,,15.0,2.0,,4.0,168.0,18.0,3.0,,33.0,30.0,5.0,10.0,22.0,7.0,5.0,,,4.0,47.0,4.0,,,18.0,,,,15.0,24.0,72.0,72.0,14.0,,25.0,18.0,1.0,3.0,,,,,2.0,12.0,11.0,,,7.0,,4.0,10.0,5.0,3.0,16.0,2.0,2.0,2.0,,,2.0,4.0,,4.0,3.0,2.0,,3.0,,,,,,5.0,,,,,,,,,,,,,,,,,,0.0,,,6.0,,,,,,,,,,,
cpl::Football_Player::7c7c78f8a9b24353a2c2418452327dab,Kévin Santos,Atlético,Forward,2022,forward,14,911,0,1,10,0,6,1,10,13,17,4,2,0,60,83.0,17,1.68,2,0,0,0,0,0,0,0,0.0,0.0,0.0,0.0,0,0,0,0,0,0,0,0,0,0,0,0,0,,911.0,,1.0,,260.0,4.0,82.0,155.0,3.0,2.0,9.0,132.0,67.0,38.0,3.0,,267.0,13.0,211.0,16.0,47.0,84.0,9.0,48.0,,,45.0,11.0,,9.0,461.0,14.0,6.0,,116.0,54.0,32.0,10.0,54.0,9.0,17.0,,,6.0,126.0,4.0,,,14.0,,,,68.0,47.0,214.0,220.0,10.0,,72.0,48.0,1.0,12.0,,,,,13.0,18.0,15.0,,,10.0,5.0,9.0,4.0,8.0,3.0,3.0,4.0,10.0,2.0,,,8.0,2.0,,2.0,26.0,10.0,1.0,4.0,2.0,,1.0,1.0,1.0,4.0,,6.0,,,,,,,,,,,,,,,,0.0,,,41.0,,,,,,,,,,,
cpl::Football_Player::f35e8387775841209e2b83c588cc5c52,J. Hamilton,Forge,Forward,2022,forward,12,312,1,0,8,0,2,0,2,7,7,1,0,0,50,80.0,4,1.15,0,0,1,0,0,0,0,0,0.0,0.0,0.0,0.0,0,0,0,0,0,0,0,0,0,0,0,0,0,,312.0,,,,64.0,1.0,28.0,31.0,1.0,,1.0,40.0,24.0,13.0,,,69.0,7.0,55.0,4.0,14.0,15.0,2.0,13.0,,,15.0,2.0,,1.0,129.0,12.0,1.0,,35.0,7.0,12.0,10.0,16.0,,7.0,,,4.0,43.0,2.0,,,12.0,,,,23.0,19.0,50.0,55.0,8.0,,27.0,12.0,,2.0,,,,,3.0,2.0,,,,2.0,1.0,,4.0,,,10.0,6.0,8.0,1.0,,,,,,,9.0,,1.0,3.0,,,,,,1.0,,2.0,1.0,1.0,,1.0,,,,1.0,,,,,,,,0.0,0.0,1.0,16.0,,,,,,,,,,,
cpl::Football_Player::3e4a7c1ba82c479793557ba421ea6743,K. Poku,Forge,Forward,2022,forward,20,1067,1,0,7,0,3,0,13,20,11,5,6,0,65,81.0,9,0.76,2,0,1,0,0,0,0,0,0.0,0.0,0.0,0.0,0,0,0,0,0,0,0,0,0,0,0,0,0,,1067.0,,,3.0,507.0,5.0,110.0,266.0,6.0,6.0,21.0,229.0,153.0,81.0,,,517.0,20.0,392.0,8.0,102.0,193.0,9.0,99.0,,,67.0,10.0,,30.0,873.0,20.0,10.0,,135.0,177.0,28.0,10.0,74.0,23.0,11.0,,,13.0,155.0,13.0,,,20.0,,,,74.0,37.0,406.0,415.0,20.0,2.0,81.0,61.0,1.0,3.0,,,,,30.0,20.0,27.0,1.0,,13.0,10.0,7.0,7.0,7.0,100.0,10.0,4.0,7.0,3.0,4.0,1.0,24.0,4.0,18.0,4.0,29.0,27.0,,,2.0,,2.0,,,5.0,,3.0,,1.0,,,,,1.0,1.0,,,,,,,,1.0,1.0,0.0,47.0,,,,,,,,,,,
cpl::Football_Player::4677d430ee38453e9a424d4e8c1cc96b,T. Borges,Forge,Forward,2022,forward,26,2066,6,8,29,0,15,8,21,29,29,10,7,0,22,79.0,19,0.83,79,0,2,1,1,0,0,0,0.0,0.0,0.0,0.0,0,0,0,0,0,0,0,0,0,0,0,0,0,,2066.0,,,1.0,623.0,29.0,227.0,380.0,10.0,7.0,26.0,395.0,171.0,113.0,,,661.0,29.0,502.0,17.0,139.0,158.0,35.0,193.0,,,117.0,24.0,,21.0,1179.0,26.0,20.0,,252.0,160.0,99.0,10.0,100.0,20.0,29.0,,,2.0,261.0,6.0,,,26.0,,,,154.0,116.0,484.0,522.0,9.0,3.0,161.0,98.0,2.0,17.0,,,,,32.0,37.0,43.0,3.0,,21.0,15.0,22.0,7.0,16.0,9.0,2.0,14.0,29.0,9.0,1.0,,33.0,29.0,1.0,11.0,58.0,75.0,4.0,15.0,79.0,,34.0,7.0,8.0,10.0,16.0,15.0,7.0,6.0,3.0,6.0,1.0,,,3.0,2.0,,,1.0,1.0,,,1.0,3.0,3.0,104.0,,,,,,,,,,,
cpl::Football_Player::fba3134832e445b5824410919421b981,M. Petrasso,Montréal,Forward,2022,forward,13,437,0,0,4,0,3,0,2,3,7,1,0,0,0,79.0,7,1.44,10,0,0,0,0,0,0,0,0.0,0.0,0.0,0.0,0,0,0,0,0,0,0,0,0,0,0,0,0,,437.0,,,,137.0,9.0,40.0,100.0,,,6.0,87.0,20.0,26.0,2.0,,146.0,3.0,111.0,6.0,32.0,39.0,9.0,49.0,,,15.0,5.0,,6.0,249.0,13.0,,,41.0,49.0,10.0,10.0,19.0,3.0,7.0,,,,42.0,3.0,,,13.0,,,,22.0,18.0,107.0,114.0,1.0,,23.0,19.0,1.0,5.0,,,,,8.0,4.0,9.0,,,2.0,1.0,1.0,1.0,2.0,5.0,8.0,1.0,4.0,1.0,,,20.0,6.0,,5.0,11.0,23.0,2.0,,10.0,,3.0,,,1.0,1.0,3.0,,,,,,,,,,,,,,,,0.0,,,17.0,,,,,,,,,,,
cpl::Football_Player::35d0ca7d8f584e1394eae459d614903f,V. Moragrega,Atlético,Forward,2022,forward,23,694,1,0,13,0,3,0,11,31,15,6,5,0,44,75.0,10,1.3,1,0,0,1,1,0,0,0,0.0,0.0,0.0,0.0,0,0,0,0,0,0,0,0,0,0,0,0,0,,694.0,,,,126.0,4.0,58.0,74.0,2.0,5.0,2.0,94.0,32.0,34.0,2.0,,142.0,31.0,105.0,6.0,36.0,31.0,6.0,35.0,,,22.0,6.0,,6.0,306.0,23.0,14.0,,99.0,22.0,35.0,10.0,69.0,1.0,15.0,,,28.0,162.0,4.0,,,23.0,,,,58.0,31.0,90.0,106.0,63.0,,93.0,41.0,4.0,6.0,,,,,4.0,22.0,13.0,3.0,,11.0,3.0,5.0,35.0,11.0,,17.0,10.0,13.0,3.0,3.0,,5.0,,,,8.0,5.0,,5.0,1.0,,,,,6.0,,3.0,,1.0,1.0,1.0,2.0,,,,,,,1.0,1.0,,,0.0,1.0,0.0,21.0,,,,,,,,,,,
cpl::Football_Player::f1b45254e2da46e483a7ba470a8becc5,L. Lawrie-Lattanzio,York,Forward,2022,forward,12,562,2,1,7,0,2,1,15,10,11,0,3,0,77,72.0,11,1.76,0,0,1,0,0,0,0,0,0.0,0.0,0.0,0.0,0,0,0,0,0,0,0,0,0,0,0,0,0,,562.0,,,3.0,179.0,,48.0,68.0,7.0,3.0,11.0,119.0,65.0,42.0,2.0,,184.0,10.0,124.0,10.0,53.0,63.0,6.0,48.0,,,37.0,6.0,,18.0,378.0,12.0,6.0,,93.0,60.0,23.0,10.0,51.0,7.0,11.0,,,7.0,102.0,9.0,,,12.0,,,,49.0,13.0,126.0,131.0,9.0,,51.0,44.0,1.0,5.0,,,,,8.0,25.0,14.0,,,15.0,5.0,9.0,2.0,10.0,36.0,6.0,5.0,7.0,3.0,2.0,,13.0,2.0,8.0,2.0,10.0,13.0,1.0,,,,,1.0,1.0,,,2.0,,2.0,2.0,2.0,,,,,,,,,,,,1.0,1.0,1.0,21.0,,,,,,,,,,,
cpl::Football_Player::c8dce536cf5f4f02be8d2f7ba48e6929,A. Riggi,Wanderers,Forward,2022,forward,22,909,3,1,11,0,7,1,11,17,13,3,4,1,50,77.0,14,1.39,2,0,0,0,0,0,0,0,0.0,0.0,0.0,0.0,0,0,0,0,0,0,0,0,0,0,0,0,0,,909.0,,,1.0,308.0,8.0,79.0,155.0,7.0,4.0,18.0,140.0,85.0,54.0,1.0,,310.0,17.0,231.0,11.0,72.0,93.0,9.0,75.0,,,45.0,10.0,,14.0,502.0,22.0,10.0,,111.0,100.0,28.0,10.0,57.0,7.0,13.0,,,4.0,119.0,5.0,,,22.0,,,,58.0,38.0,236.0,238.0,8.0,,62.0,53.0,3.0,10.0,1.0,,,,16.0,24.0,17.0,,,11.0,5.0,7.0,4.0,13.0,11.0,12.0,4.0,11.0,3.0,,,15.0,2.0,,1.0,15.0,17.0,4.0,4.0,2.0,1.0,1.0,1.0,1.0,3.0,1.0,7.0,,3.0,2.0,3.0,1.0,,,1.0,,,,,,,,1.0,0.0,3.0,26.0,,,,,,,,,,,
cpl::Football_Player::31115f5131a74426969fd8573af2d8b9,B. Wright,Forge,Forward,2022,forward,28,1433,7,2,24,0,15,2,3,13,31,7,2,0,47,57.0,17,1.07,0,0,0,1,1,0,0,0,0.0,0.0,0.0,0.0,0,0,0,0,0,0,0,0,0,0,0,0,0,,1433.0,,,,245.0,7.0,84.0,91.0,4.0,2.0,5.0,212.0,67.0,112.0,3.0,,272.0,13.0,154.0,16.0,117.0,64.0,14.0,102.0,,,22.0,19.0,,20.0,501.0,28.0,6.0,,87.0,77.0,61.0,10.0,87.0,1.0,31.0,,,45.0,182.0,12.0,,,28.0,,,,45.0,47.0,128.0,155.0,95.0,,95.0,42.0,1.0,18.0,,,,,6.0,7.0,26.0,1.0,,3.0,1.0,9.0,50.0,4.0,,9.0,9.0,24.0,1.0,2.0,,5.0,3.0,,3.0,21.0,5.0,1.0,16.0,,,,2.0,2.0,7.0,,15.0,,7.0,6.0,7.0,5.0,,,1.0,,,,1.0,1.0,,,2.0,2.0,5.0,34.0,,,,,,,,,,,
cpl::Football_Player::a63da4a535904f639ece3007ff800854,Gabriel Bitar,York,Forward,2022,forward,21,1695,5,1,26,0,15,1,29,18,30,1,2,0,27,72.0,37,1.96,2,0,3,0,0,0,0,0,0.0,0.0,0.0,0.0,0,0,0,0,0,0,0,0,0,0,0,0,0,,1695.0,,,1.0,414.0,8.0,85.0,177.0,4.0,2.0,43.0,246.0,130.0,78.0,5.0,,428.0,18.0,274.0,32.0,121.0,119.0,10.0,104.0,,,103.0,19.0,,21.0,779.0,21.0,8.0,,226.0,144.0,35.0,10.0,124.0,33.0,30.0,,,5.0,244.0,9.0,,,21.0,,,,107.0,80.0,293.0,307.0,18.0,2.0,120.0,119.0,5.0,6.0,,,,,42.0,47.0,18.0,,,29.0,15.0,12.0,13.0,18.0,3.0,2.0,11.0,26.0,9.0,4.0,,2.0,,1.0,,37.0,4.0,3.0,1.0,2.0,,1.0,1.0,1.0,1.0,,15.0,3.0,5.0,5.0,1.0,,,4.0,,,,1.0,,,,,0.0,3.0,2.0,68.0,,,,,,,,,,,
cpl::Football_Player::f4e2571b0ddc4aeba7c216a90a26ea34,K. Habibullah,Whitecaps,Forward,2022,forward,16,658,0,2,6,0,3,2,8,8,19,1,1,0,25,88.0,7,0.96,13,0,0,0,0,0,0,0,0.0,0.0,0.0,0.0,0,0,0,0,0,0,0,0,0,0,0,0,0,,658.0,,,,213.0,6.0,79.0,128.0,1.0,1.0,5.0,95.0,69.0,23.0,,,221.0,8.0,189.0,5.0,28.0,76.0,11.0,39.0,,,38.0,8.0,,5.0,373.0,16.0,5.0,,94.0,40.0,24.0,10.0,49.0,4.0,19.0,,,1.0,98.0,1.0,,,16.0,,,,46.0,26.0,187.0,193.0,4.0,,49.0,48.0,2.0,8.0,,,,,15.0,14.0,11.0,,,8.0,2.0,6.0,3.0,6.0,2.0,8.0,3.0,6.0,5.0,,,5.0,4.0,,1.0,11.0,16.0,1.0,4.0,13.0,,9.0,2.0,2.0,1.0,3.0,3.0,1.0,,,,,,,,,,,,,,,0.0,0.0,0.0,27.0,,,,,,,,,,,
cpl::Football_Player::814c1c9c8c204da3a3cdc05ff7552b18,B. Forbes,Valour,Forward,2022,forward,12,540,2,1,8,0,5,1,3,4,4,2,1,0,14,75.0,8,1.33,8,0,0,0,0,0,0,0,0.0,0.0,0.0,0.0,0,0,0,0,0,0,0,0,0,0,0,0,0,,540.0,,,,118.0,6.0,26.0,70.0,1.0,1.0,6.0,85.0,27.0,25.0,2.0,,121.0,4.0,86.0,7.0,31.0,14.0,10.0,46.0,,,18.0,6.0,,4.0,239.0,12.0,1.0,,49.0,36.0,29.0,10.0,23.0,4.0,4.0,,,1.0,56.0,3.0,,,12.0,,,,27.0,45.0,88.0,90.0,7.0,,33.0,22.0,1.0,6.0,,,,,12.0,6.0,10.0,,,3.0,,4.0,6.0,3.0,4.0,6.0,3.0,8.0,1.0,,,12.0,7.0,,6.0,11.0,19.0,1.0,4.0,8.0,,7.0,1.0,1.0,2.0,1.0,5.0,,2.0,1.0,2.0,,1.0,,,,,,,,,,0.0,1.0,1.0,21.0,,,,,,,,,,,
cpl::Football_Player::41d0f411d33949359fd8e13884639ba0,B. Tabla,Atlético,Forward,2022,forward,30,2297,7,4,44,0,21,4,22,32,53,10,5,0,36,80.0,26,1.02,3,0,3,1,1,0,0,0,0.0,0.0,0.0,0.0,0,0,0,0,0,0,0,0,0,0,0,0,0,,2297.0,,,,532.0,17.0,152.0,319.0,4.0,5.0,16.0,295.0,118.0,96.0,5.0,,539.0,32.0,409.0,20.0,112.0,78.0,25.0,106.0,,,106.0,28.0,,24.0,1022.0,30.0,17.0,,280.0,175.0,123.0,10.0,166.0,18.0,53.0,,,11.0,310.0,3.0,,,30.0,,,,125.0,134.0,421.0,427.0,30.0,3.0,144.0,155.0,6.0,20.0,,,,,66.0,36.0,31.0,5.0,,22.0,11.0,13.0,19.0,14.0,10.0,2.0,23.0,44.0,19.0,,,18.0,10.0,2.0,10.0,50.0,18.0,6.0,5.0,3.0,,,4.0,4.0,10.0,,21.0,,7.0,5.0,5.0,2.0,,2.0,2.0,,,,1.0,1.0,,,3.0,3.0,4.0,83.0,,,,,,,,,,,
cpl::Football_Player::a96eb3025e23467ca33277ae9c86f369,S. Salter,Atlético,Forward,2022,forward,27,1840,11,0,42,0,22,0,9,32,22,10,0,1,47,73.0,26,1.27,1,0,2,6,6,0,0,0,0.0,0.0,0.0,0.0,0,0,0,0,0,0,0,0,0,0,0,0,0,,1840.0,,,1.0,465.0,7.0,155.0,229.0,2.0,,9.0,261.0,116.0,121.0,1.0,,472.0,32.0,329.0,23.0,130.0,75.0,17.0,109.0,,,63.0,20.0,,29.0,793.0,27.0,7.0,,155.0,96.0,109.0,10.0,101.0,13.0,22.0,,,35.0,228.0,13.0,,,27.0,,,,89.0,146.0,335.0,342.0,73.0,3.0,127.0,66.0,3.0,12.0,1.0,,,,24.0,20.0,28.0,5.0,,9.0,7.0,10.0,38.0,11.0,,7.0,20.0,42.0,9.0,2.0,,8.0,3.0,,3.0,23.0,8.0,,14.0,1.0,1.0,,,,10.0,,22.0,,11.0,1.0,11.0,3.0,1.0,,9.0,2.0,,,6.0,6.0,,,4.0,6.0,5.0,52.0,,,,,,,,,,,
cpl::Football_Player::01e4dc8e491d40f5aa24f147fe23b6e1,Oliver Minatel,Cavalry,Forward,2022,forward,6,175,1,0,3,0,3,0,3,3,4,1,0,0,0,78.0,0,0.0,0,0,0,0,0,0,0,0,0.0,0.0,0.0,0.0,0,0,0,0,0,0,0,0,0,0,0,0,0,,175.0,,,,49.0,1.0,15.0,25.0,,,1.0,19.0,13.0,10.0,,,49.0,3.0,37.0,,11.0,12.0,,10.0,,,10.0,3.0,,1.0,85.0,6.0,3.0,,16.0,13.0,6.0,10.0,12.0,1.0,4.0,,,,19.0,1.0,,,6.0,,,,4.0,9.0,38.0,38.0,3.0,,7.0,12.0,,3.0,,,,,2.0,6.0,2.0,,,3.0,3.0,2.0,3.0,3.0,,3.0,,3.0,1.0,,,,,,,1.0,,,3.0,,,,,,1.0,,3.0,,1.0,,1.0,,1.0,,,,,,,,,,1.0,1.0,0.0,1.0,,,,,,,,,,,
cpl::Football_Player::6b48ced0357d4fd4a50e8ba77b6784d8,T. Warschewski,Cavalry,Forward,2022,forward,23,1679,7,4,38,0,22,4,20,23,66,5,2,0,50,72.0,35,1.88,22,0,0,3,3,0,0,0,0.0,0.0,0.0,0.0,0,0,0,0,0,0,0,0,0,0,0,0,0,,1679.0,,,1.0,437.0,17.0,101.0,250.0,,2.0,23.0,408.0,94.0,109.0,7.0,,462.0,23.0,300.0,31.0,132.0,93.0,21.0,177.0,,,100.0,19.0,,16.0,1056.0,23.0,9.0,,317.0,152.0,46.0,10.0,197.0,30.0,66.0,,,43.0,402.0,4.0,,,23.0,,,,163.0,116.0,311.0,330.0,85.0,1.0,205.0,154.0,4.0,9.0,,,,,54.0,34.0,32.0,3.0,,20.0,10.0,19.0,42.0,14.0,12.0,4.0,16.0,38.0,11.0,2.0,,40.0,14.0,1.0,8.0,53.0,61.0,3.0,9.0,22.0,,16.0,4.0,4.0,5.0,5.0,22.0,13.0,7.0,7.0,5.0,2.0,,2.0,,1.0,,1.0,3.0,3.0,,,1.0,5.0,2.0,129.0,,,,,,,,,,,
cpl::Football_Player::0d635e29400f481397a6663825364631,S. Castello,Forge,Forward,2022,forward,6,70,0,0,1,0,1,0,2,1,6,0,0,0,0,90.0,1,1.29,0,0,0,0,0,0,0,0,0.0,0.0,0.0,0.0,0,0,0,0,0,0,0,0,0,0,0,0,0,,70.0,,,,36.0,1.0,14.0,28.0,1.0,,1.0,10.0,6.0,3.0,,,37.0,1.0,33.0,1.0,4.0,12.0,1.0,3.0,,,6.0,,,1.0,65.0,6.0,1.0,,14.0,9.0,3.0,10.0,13.0,,6.0,,,,14.0,,,,6.0,,,,1.0,2.0,32.0,33.0,,,1.0,13.0,,,,,,,2.0,5.0,1.0,,,2.0,1.0,,,3.0,3.0,6.0,,1.0,1.0,,,,1.0,1.0,,,,,2.0,,,,,,,,1.0,,,,,,,,,,,,,,,,0.0,0.0,0.0,,,,,,,,,,,,
cpl::Football_Player::de549c68a1d1413b862e2a8196868dc7,E. Welshman,Forge,Forward,2022,forward,20,579,2,2,10,0,6,2,7,16,7,7,2,0,39,74.0,4,0.62,0,0,0,0,0,0,0,0,0.0,0.0,0.0,0.0,0,0,0,0,0,0,0,0,0,0,0,0,0,,579.0,,,,167.0,5.0,43.0,94.0,2.0,2.0,5.0,102.0,29.0,40.0,,,167.0,16.0,119.0,3.0,45.0,41.0,5.0,46.0,,,22.0,5.0,,6.0,286.0,20.0,9.0,,77.0,39.0,38.0,10.0,38.0,3.0,7.0,,,9.0,100.0,2.0,,,20.0,,,,48.0,44.0,122.0,122.0,23.0,,62.0,29.0,1.0,5.0,,,,,9.0,13.0,13.0,,,7.0,4.0,6.0,14.0,6.0,,15.0,4.0,10.0,1.0,,,7.0,1.0,1.0,1.0,14.0,7.0,,7.0,,,,1.0,2.0,7.0,,6.0,,2.0,2.0,2.0,1.0,,,,,,,,,,,0.0,0.0,2.0,28.0,,,,,,,,,,,
cpl::Football_Player::be1bfa27679e47179c6f08e8a1a44647,O. De Rosario,York,Forward,2022,forward,27,2089,12,3,44,0,24,3,2,53,32,23,5,0,49,76.0,34,1.46,0,0,1,2,1,0,0,0,0.0,0.0,0.0,0.0,0,0,0,0,0,0,0,0,0,0,0,0,0,,2089.0,,1.0,,343.0,8.0,150.0,181.0,2.0,5.0,8.0,243.0,110.0,87.0,5.0,,386.0,53.0,288.0,31.0,95.0,93.0,14.0,78.0,,,62.0,24.0,,21.0,726.0,27.0,26.0,,191.0,68.0,100.0,10.0,108.0,3.0,32.0,,,52.0,297.0,14.0,,,27.0,,,,135.0,75.0,249.0,291.0,106.0,2.0,189.0,56.0,3.0,11.0,,,,,14.0,13.0,22.0,5.0,,2.0,9.0,16.0,54.0,11.0,,3.0,20.0,44.0,12.0,2.0,,4.0,,,,36.0,4.0,1.0,10.0,,,,3.0,3.0,23.0,,24.0,,12.0,9.0,10.0,9.0,2.0,2.0,1.0,1.0,1.0,,2.0,1.0,,,3.0,5.0,7.0,72.0,,,,,,,,,,,
cpl::Football_Player::3a8819a7f06c45a38e951d42d8743025,M. Shaw,Cavalry,Forward,2022,forward,23,1472,4,1,21,0,14,1,14,33,37,11,2,0,29,76.0,15,0.92,0,0,0,0,0,0,0,0,0.0,0.0,0.0,0.0,0,0,0,0,0,0,0,0,0,0,0,0,0,,1472.0,,,1.0,242.0,8.0,90.0,123.0,5.0,2.0,10.0,183.0,72.0,54.0,3.0,,257.0,33.0,187.0,12.0,64.0,65.0,17.0,56.0,,,52.0,15.0,,15.0,558.0,23.0,12.0,,162.0,55.0,40.0,10.0,87.0,6.0,37.0,,,20.0,229.0,16.0,,,23.0,,,,95.0,47.0,179.0,193.0,67.0,,142.0,67.0,3.0,12.0,,,,,12.0,18.0,23.0,,,14.0,9.0,15.0,47.0,4.0,,8.0,7.0,21.0,11.0,,,7.0,2.0,,2.0,17.0,7.0,1.0,6.0,,,,1.0,1.0,11.0,,14.0,1.0,4.0,2.0,2.0,1.0,1.0,2.0,1.0,,,,,,,,1.0,3.0,1.0,55.0,,,,,,,,,,,
cpl::Football_Player::0f153dc7081442a3bc20cd568ca71e39,W. Timóteo,Wanderers,Forward,2022,forward,27,1925,3,5,27,0,15,5,23,16,7,1,3,0,42,73.0,42,1.96,35,0,2,1,0,0,0,0,0.0,0.0,0.0,0.0,0,0,0,0,0,0,0,0,0,0,0,0,0,,1925.0,,,6.0,667.0,16.0,125.0,356.0,9.0,3.0,46.0,383.0,181.0,149.0,7.0,,701.0,16.0,457.0,38.0,195.0,136.0,29.0,204.0,,,92.0,22.0,,62.0,1260.0,27.0,9.0,,152.0,274.0,29.0,10.0,73.0,49.0,7.0,,,8.0,171.0,27.0,,,27.0,,,,87.0,166.0,481.0,506.0,19.0,3.0,98.0,65.0,4.0,10.0,,,,,12.0,46.0,52.0,2.0,,23.0,18.0,31.0,11.0,23.0,128.0,5.0,12.0,27.0,3.0,3.0,,42.0,31.0,31.0,17.0,23.0,71.0,2.0,5.0,35.0,,23.0,4.0,5.0,1.0,10.0,15.0,7.0,3.0,,2.0,,,1.0,2.0,1.0,,1.0,1.0,,1.0,,1.0,2.0,1.0,41.0,,,,,,,,,,,
cpl::Football_Player::8f05f759197149d88e64f7a679adef64,R. Kratt,Pacific,Forward,2022,forward,14,858,2,1,13,0,8,1,10,13,9,3,0,0,23,79.0,13,1.36,0,0,1,0,0,0,0,0,0.0,0.0,0.0,0.0,0,0,0,0,0,0,0,0,0,0,0,0,0,,858.0,,,,192.0,5.0,79.0,94.0,1.0,,1.0,105.0,60.0,41.0,4.0,,193.0,13.0,150.0,12.0,42.0,29.0,4.0,36.0,,,32.0,11.0,,13.0,343.0,14.0,5.0,,98.0,33.0,29.0,10.0,38.0,1.0,9.0,,,4.0,115.0,1.0,,,14.0,,,,64.0,52.0,150.0,151.0,17.0,,77.0,34.0,1.0,11.0,,,,,5.0,20.0,12.0,1.0,,10.0,4.0,5.0,13.0,10.0,,3.0,5.0,13.0,6.0,,,7.0,3.0,,3.0,20.0,7.0,,1.0,,,,,1.0,3.0,,8.0,,2.0,1.0,2.0,,,,1.0,,,,,,,,0.0,2.0,0.0,37.0,,,,,,,,,,,
cpl::Football_Player::697c5074a60947ab8c7cc589ade62981,Gianni dos Santos,Pacific,Forward,2022,forward,23,1065,3,1,29,0,19,1,11,18,27,2,4,0,12,69.0,17,1.44,32,0,0,0,0,0,0,0,0.0,0.0,0.0,0.0,0,0,0,0,0,0,0,0,0,0,0,0,0,,1065.0,,,1.0,201.0,12.0,72.0,105.0,5.0,4.0,16.0,229.0,64.0,49.0,2.0,,209.0,18.0,129.0,13.0,65.0,73.0,15.0,139.0,,,40.0,10.0,,8.0,548.0,23.0,10.0,,123.0,53.0,35.0,10.0,58.0,15.0,27.0,,,1.0,131.0,6.0,,,23.0,,,,66.0,11.0,137.0,144.0,8.0,,73.0,57.0,4.0,6.0,,,,,13.0,17.0,19.0,,,11.0,9.0,7.0,7.0,6.0,4.0,13.0,10.0,29.0,7.0,2.0,1.0,50.0,25.0,,13.0,25.0,82.0,4.0,4.0,32.0,,22.0,1.0,1.0,2.0,8.0,19.0,9.0,3.0,2.0,2.0,1.0,1.0,1.0,,1.0,,,,,,,0.0,2.0,1.0,39.0,,,,,,,,,,,
cpl::Football_Player::2a0dc42d1dba4748a99b39aa920f7497,J. Brown,Cavalry,Forward,2022,forward,10,441,1,0,7,0,5,0,3,17,3,1,1,0,21,64.0,6,1.22,0,0,0,0,0,0,0,0,0.0,0.0,0.0,0.0,0,0,0,0,0,0,0,0,0,0,0,0,0,,441.0,,,,54.0,3.0,20.0,21.0,,1.0,1.0,43.0,17.0,21.0,1.0,,60.0,17.0,37.0,5.0,22.0,20.0,4.0,21.0,,,13.0,5.0,,3.0,114.0,10.0,5.0,,31.0,11.0,16.0,10.0,12.0,1.0,3.0,,,4.0,50.0,1.0,,,10.0,,,,23.0,9.0,32.0,38.0,19.0,,38.0,8.0,1.0,5.0,,,,,,5.0,5.0,1.0,,3.0,2.0,1.0,15.0,2.0,,5.0,2.0,7.0,4.0,1.0,,2.0,,,,2.0,2.0,,5.0,,,,,,1.0,,5.0,,1.0,1.0,1.0,2.0,,,,,,,,,,,1.0,0.0,1.0,5.0,,,,,,,,,,,
cpl::Football_Player::7d39ce2d96684e53ba7bf8361aee3bac,W. Pacius,,Forward,2022,forward,30,1931,12,1,44,0,24,1,6,24,24,10,3,0,48,79.0,21,0.98,0,0,4,3,3,0,0,0,0.0,0.0,0.0,0.0,0,0,0,0,0,0,0,0,0,0,0,0,0,,1931.0,,,,274.0,11.0,149.0,149.0,1.0,3.0,4.0,181.0,103.0,64.0,,,319.0,24.0,241.0,19.0,68.0,72.0,9.0,61.0,,,33.0,24.0,,13.0,564.0,30.0,4.0,,113.0,49.0,87.0,10.0,60.0,10.0,24.0,,,22.0,158.0,4.0,,,30.0,,,,75.0,49.0,206.0,251.0,45.0,,98.0,38.0,2.0,20.0,,,,,7.0,8.0,13.0,2.0,,6.0,2.0,7.0,23.0,2.0,1.0,6.0,20.0,44.0,10.0,2.0,,6.0,1.0,,1.0,20.0,6.0,1.0,7.0,,,,1.0,1.0,10.0,,24.0,,12.0,7.0,11.0,1.0,2.0,1.0,3.0,1.0,,,3.0,3.0,,,4.0,7.0,5.0,46.0,,,,,,,,,,,
cpl::Football_Player::2e23eddc1e4c4bc9bda11fb58618c72a,William Wallace,York,Forward,2022,forward,2,11,0,0,0,0,0,0,0,0,0,1,0,0,0,60.0,1,8.18,0,0,0,0,0,0,0,0,0.0,0.0,0.0,0.0,0,0,0,0,0,0,0,0,0,0,0,0,0,,11.0,,,,5.0,,2.0,,1.0,,1.0,3.0,3.0,1.0,,,5.0,,3.0,,2.0,1.0,,,,,2.0,,,2.0,7.0,2.0,,,,2.0,,10.0,,,,,,,2.0,,,,2.0,,,,,,3.0,3.0,2.0,,2.0,,1.0,,,,,,,,,,,,,,2.0,,,2.0,,,,,,,,,,,,,,,,,,,1.0,,,,,,,,,,,,,,,,,,0.0,,,,,,,,,,,,,,
cpl::Football_Player::06a7cbbdbcac4641ac0ddc55b4c05117,M. Dyer,Vancouver FC,Forward,2022,forward,21,1840,9,2,47,0,24,2,14,44,46,4,6,1,38,72.0,21,1.03,0,0,1,3,3,0,0,0,0.0,0.0,0.0,0.0,0,0,0,0,0,0,0,0,0,0,0,0,0,,1840.0,,1.0,,520.0,20.0,130.0,262.0,3.0,6.0,22.0,326.0,136.0,134.0,3.0,,552.0,44.0,369.0,19.0,156.0,133.0,17.0,136.0,,,69.0,20.0,,27.0,988.0,21.0,17.0,,231.0,164.0,94.0,10.0,138.0,27.0,46.0,,,43.0,344.0,18.0,,,21.0,,,,136.0,125.0,365.0,396.0,113.0,5.0,206.0,95.0,2.0,4.0,1.0,,,,24.0,26.0,31.0,1.0,,14.0,11.0,15.0,70.0,12.0,5.0,1.0,23.0,47.0,13.0,4.0,,7.0,2.0,,2.0,32.0,7.0,4.0,15.0,,1.0,,1.0,2.0,4.0,,24.0,1.0,9.0,5.0,9.0,5.0,2.0,,2.0,2.0,,,3.0,3.0,,,3.0,3.0,6.0,83.0,,,,,,,,,,,
cpl::Football_Player::48e58b3fa72f4f24ab03510e47ad2e6b,D. Fordyce,Valour,Forward,2022,forward,25,1861,1,2,11,0,6,2,30,30,22,0,4,1,58,81.0,25,1.21,0,0,0,0,0,0,0,0,0.0,0.0,0.0,0.0,0,0,0,0,0,0,0,0,0,0,0,0,0,,1861.0,,,8.0,923.0,3.0,143.0,370.0,27.0,4.0,81.0,231.0,403.0,105.0,2.0,,957.0,30.0,676.0,20.0,186.0,192.0,9.0,149.0,,,115.0,19.0,,47.0,1193.0,25.0,21.0,,126.0,386.0,15.0,10.0,96.0,95.0,22.0,,,28.0,174.0,32.0,,,25.0,,,,58.0,236.0,738.0,771.0,48.0,3.0,78.0,68.0,5.0,3.0,1.0,1.0,,,3.0,43.0,21.0,3.0,,30.0,19.0,10.0,20.0,13.0,3.0,6.0,5.0,11.0,4.0,11.0,1.0,10.0,2.0,1.0,2.0,4.0,10.0,3.0,1.0,,,,2.0,2.0,,,6.0,,1.0,,1.0,,,,1.0,,,,,,,,0.0,0.0,1.0,11.0,,,,,,,,,,,
cpl::Football_Player::48a893f1cbd2441d9afda48df5d56376,W. Ponce,Valour,Forward,2022,forward,20,1111,2,1,22,0,6,1,14,26,25,5,3,1,47,74.0,19,1.54,0,0,0,0,0,0,0,0,0.0,0.0,0.0,0.0,0,0,0,0,0,0,0,0,0,0,0,0,0,,1111.0,,,,291.0,13.0,122.0,147.0,,3.0,4.0,158.0,91.0,81.0,2.0,,322.0,26.0,232.0,15.0,85.0,72.0,9.0,87.0,,,27.0,13.0,,8.0,530.0,20.0,9.0,,112.0,61.0,58.0,10.0,86.0,5.0,25.0,,,34.0,184.0,7.0,,,20.0,,,,60.0,67.0,207.0,237.0,72.0,,98.0,52.0,4.0,10.0,1.0,,,,7.0,20.0,12.0,,,14.0,2.0,5.0,38.0,6.0,,7.0,16.0,22.0,8.0,1.0,,10.0,1.0,,1.0,14.0,10.0,1.0,24.0,,1.0,,1.0,1.0,5.0,,6.0,,2.0,1.0,2.0,6.0,,,1.0,1.0,,,,,,,0.0,1.0,1.0,27.0,,,,,,,,,,,
cpl::Football_Player::aa3e94caaeaf4cb3bdd18620c2ccf694,L. Cabrera,York,Forward,2022,forward,21,722,1,0,19,0,5,0,5,8,17,4,1,0,45,72.0,10,1.25,0,0,0,0,0,0,0,0,0.0,0.0,0.0,0.0,0,0,0,0,0,0,0,0,0,0,0,0,0,,722.0,,,,153.0,2.0,65.0,76.0,,1.0,,81.0,45.0,48.0,2.0,,169.0,8.0,120.0,9.0,48.0,40.0,3.0,40.0,,,26.0,7.0,,8.0,297.0,21.0,2.0,,52.0,33.0,32.0,10.0,51.0,1.0,17.0,,,25.0,107.0,14.0,,,21.0,,,,26.0,31.0,105.0,121.0,55.0,1.0,56.0,26.0,1.0,4.0,,,,,1.0,8.0,14.0,2.0,,5.0,3.0,9.0,30.0,3.0,,14.0,14.0,19.0,3.0,2.0,1.0,,,,,4.0,,,9.0,,,,,,4.0,,5.0,,1.0,1.0,1.0,1.0,,,,,,,,,,,0.0,1.0,0.0,13.0,,,,,,,,,,,
cpl::Football_Player::1ece129a4fee46d18322a9312200459f,A. Ricci,Vancouver FC,Forward,2022,forward,3,63,0,0,4,0,2,0,0,2,1,0,1,0,100,78.0,1,1.43,0,0,0,0,0,0,0,0,0.0,0.0,0.0,0.0,0,0,0,0,0,0,0,0,0,0,0,0,0,,63.0,,,,17.0,,5.0,11.0,,1.0,,9.0,3.0,4.0,,,18.0,2.0,14.0,1.0,4.0,5.0,,3.0,,,2.0,,,1.0,33.0,3.0,,,4.0,6.0,5.0,10.0,2.0,,1.0,,,1.0,5.0,1.0,,,3.0,,,,3.0,2.0,13.0,14.0,1.0,,3.0,1.0,,,,,,,,,2.0,,,,2.0,1.0,,,,3.0,2.0,4.0,,,,,,,,,,,,,,,,,,,2.0,,,,,,,,,,,,,,,,0.0,,,1.0,,,,,,,,,,,
cpl::Football_Player::e63403e9bab940f29bef92f45ffb29ca,O. Antoniuk,Cavalry,Forward,2022,forward,5,166,0,0,2,0,1,0,2,1,8,2,1,0,33,66.0,0,0.0,0,0,0,0,0,0,0,0,0.0,0.0,0.0,0.0,0,0,0,0,0,0,0,0,0,0,0,0,0,,166.0,,,,34.0,1.0,15.0,16.0,1.0,1.0,3.0,26.0,7.0,9.0,,,35.0,1.0,23.0,,12.0,8.0,1.0,11.0,,,9.0,3.0,,4.0,74.0,5.0,1.0,,22.0,7.0,6.0,10.0,13.0,,8.0,,,1.0,25.0,,,,5.0,,,,10.0,5.0,22.0,23.0,3.0,,12.0,12.0,,3.0,,,,,1.0,3.0,4.0,,,2.0,1.0,1.0,2.0,1.0,1.0,2.0,1.0,2.0,,,,3.0,,,,1.0,3.0,,,,,,,,2.0,,1.0,,,,,,,,,,,,,,,,0.0,,,6.0,,,,,,,,,,,
cpl::Football_Player::99a91175ff8e476ca86125ecab87f00b,Mo Babouli,Forge,Forward,2022,forward,8,654,5,2,16,0,12,2,3,0,18,0,1,0,25,81.0,8,1.1,20,0,0,1,1,0,0,0,0.0,0.0,0.0,0.0,0,0,0,0,0,0,0,0,0,0,0,0,0,,654.0,,,,280.0,4.0,35.0,179.0,2.0,1.0,14.0,143.0,64.0,43.0,1.0,,291.0,,206.0,8.0,57.0,82.0,13.0,81.0,,,38.0,7.0,,6.0,481.0,8.0,,,94.0,114.0,24.0,10.0,50.0,28.0,18.0,,,2.0,102.0,,,,8.0,,,,46.0,60.0,226.0,234.0,8.0,1.0,52.0,48.0,,1.0,,,,,27.0,4.0,15.0,,,3.0,4.0,5.0,6.0,1.0,2.0,1.0,4.0,16.0,6.0,,,11.0,9.0,,,9.0,30.0,4.0,4.0,20.0,,12.0,1.0,2.0,,7.0,12.0,3.0,5.0,4.0,5.0,,1.0,,,1.0,,,1.0,1.0,,,0.0,3.0,2.0,35.0,,,,,,,,,,,
cpl::Football_Player::122d8608f24b4f0d80bdcaf047a7f00c,M. Catavolo,Valour,Forward,2022,forward,16,424,0,0,4,0,1,0,4,5,6,0,1,0,0,80.0,5,1.06,9,0,1,0,0,0,0,0,0.0,0.0,0.0,0.0,0,0,0,0,0,0,0,0,0,0,0,0,0,,424.0,,,,181.0,6.0,48.0,90.0,2.0,1.0,4.0,76.0,64.0,34.0,,,184.0,5.0,141.0,4.0,38.0,42.0,7.0,42.0,,,21.0,2.0,,10.0,271.0,16.0,2.0,,34.0,51.0,15.0,10.0,16.0,5.0,6.0,,,,39.0,2.0,,,16.0,,,,18.0,43.0,143.0,146.0,5.0,,23.0,16.0,1.0,2.0,,,,,,10.0,12.0,1.0,,4.0,1.0,5.0,5.0,6.0,4.0,14.0,3.0,4.0,4.0,,,9.0,8.0,,3.0,2.0,14.0,1.0,,9.0,,4.0,,,,4.0,1.0,1.0,,,,,,,,,,,,,,,0.0,,,5.0,,,,,,,,,,,
cpl::Football_Player::23c92ceb8bee415a886f16e93c507c65,M. Carducci,Cavalry,Goalkeeper,2023,goalkeeper,31,2820,0,0,0,0,0,0,0,2,3,0,3,0,100,79.0,32,1.02,0,0,0,0,0,0,0,0,0.0,0.0,0.0,0.0,0,0,0,0,0,0,0,0,0,0,0,0,0,73.0,2820.0,336.0,2.0,25.0,723.0,2.0,,95.0,43.0,3.0,231.0,239.0,751.0,3.0,4.0,9.0,1080.0,2.0,675.0,28.0,234.0,270.0,1.0,184.0,,3.0,242.0,31.0,2.0,50.0,1359.0,31.0,2.0,31.0,5.0,541.0,3.0,10.0,8.0,171.0,3.0,35.0,18.0,6.0,11.0,27.0,38.0,5.0,31.0,,,62.0,3.0,269.0,599.0,846.0,6.0,8.0,3.0,2.0,4.0,,,,,,,1.0,2.0,,,,,1.0,,1.0,,,,,,,,,,,,,,,,,,,,,,,,,,,,,,,,,,,,,,,0.0,,,,268.0,,,,,,,,,,
cpl::Football_Player::641227fe9b374c1985d5ccdcee618d2a,S. Kerr,Cavalry,Goalkeeper,2023,goalkeeper,0,0,0,0,0,0,0,0,0,0,0,0,0,0,0,,0,,0,0,0,0,0,0,0,0,0.0,0.0,0.0,0.0,0,0,0,0,0,0,0,0,0,0,0,0,0,,,,,,,,,,,,,,,,,,,,,,,,,,,,,,,,,,,,,,,,,,,,,,,,,,,,,,,,,,,,,,,,,,,,,,,,,,,,,,,,,,,,,,,,,,,,,,,,,,,,,,,,,,,,,,,,,,,,,,,,,,,,,,,,,,
cpl::Football_Player::3c3ac97f7b7447d6927f896cea388d2e,Y. Fillion,Wanderers,Goalkeeper,2023,goalkeeper,29,2610,0,0,0,0,0,0,0,0,4,0,5,0,83,72.0,33,1.14,0,0,0,0,0,0,0,0,0.0,0.0,0.0,0.0,0,0,0,0,0,0,0,0,0,0,0,0,0,73.0,2610.0,319.0,,13.0,399.0,,,57.0,45.0,5.0,190.0,206.0,446.0,9.0,3.0,13.0,702.0,,394.0,24.0,199.0,159.0,,155.0,,4.0,227.0,29.0,2.0,44.0,1006.0,29.0,,21.0,5.0,364.0,,10.0,10.0,109.0,4.0,19.0,28.0,5.0,11.0,44.0,54.0,3.0,29.0,,2.0,47.0,,179.0,287.0,503.0,6.0,7.0,1.0,5.0,9.0,,,,,,,,1.0,,,,,,1.0,,,,,,,,,,,,,,,,,,,,,,,,,,,,,,,,,,,,,,,,0.0,,,,217.0,,,,,,,,,,
cpl::Football_Player::d3eccdc138364416ab9dd2b141d41e76,J. Holliday,Cavalry,Goalkeeper,2023,goalkeeper,0,0,0,0,0,0,0,0,0,0,0,0,0,0,0,,0,,0,0,0,0,0,0,0,0,0.0,0.0,0.0,0.0,0,0,0,0,0,0,0,0,0,0,0,0,0,,,,,,,,,,,,,,,,,,,,,,,,,,,,,,,,,,,,,,,,,,,,,,,,,,,,,,,,,,,,,,,,,,,,,,,,,,,,,,,,,,,,,,,,,,,,,,,,,,,,,,,,,,,,,,,,,,,,,,,,,,,,,,,,,,
cpl::Football_Player::d65b644d608b40dbb79ba6a0fb08d7f1,A. Rushenas,Wanderers,Goalkeeper,2023,goalkeeper,0,0,0,0,0,0,0,0,0,0,0,0,0,0,0,,0,,0,0,0,0,0,0,0,0,0.0,0.0,0.0,0.0,0,0,0,0,0,0,0,0,0,0,0,0,0,,,,,,,,,,,,,,,,,,,,,,,,,,,,,,,,,,,,,,,,,,,,,,,,,,,,,,,,,,,,,,,,,,,,,,,,,,,,,,,,,,,,,,,,,,,,,,,,,,,,,,,,,,,,,,,,,,,,,,,,,,,,,,,,,,
cpl::Football_Player::7f4d96458ffc48c9960432cf6eea677e,J. Zielinski,Vancouver FC,Goalkeeper,2023,goalkeeper,1,90,0,0,0,0,0,0,0,0,0,0,0,0,0,44.0,1,1.0,0,0,0,0,0,0,0,0,0.0,0.0,0.0,0.0,0,0,0,0,0,0,0,0,0,0,0,0,0,2.0,90.0,6.0,,1.0,9.0,,,5.0,1.0,,16.0,17.0,8.0,1.0,,,30.0,,4.0,1.0,17.0,2.0,,15.0,,,10.0,1.0,,2.0,38.0,1.0,,3.0,,26.0,,10.0,,9.0,,1.0,,,,,1.0,,1.0,,,6.0,,2.0,7.0,13.0,,,,,,,,,,,,,,,,,,,,,,,,,,,,,,,,,,,,,,,,,,,,,,,,,,,,,,,,,,,0.0,,,,10.0,,,,,,,,,,
cpl::Football_Player::b638f4ff8c81492ea643a29f93f664f5,J. Garner,Pacific,Goalkeeper,2023,goalkeeper,0,0,0,0,0,0,0,0,0,0,0,0,0,0,0,,0,,0,0,0,0,0,0,0,0,0.0,0.0,0.0,0.0,0,0,0,0,0,0,0,0,0,0,0,0,0,,,,,,,,,,,,,,,,,,,,,,,,,,,,,,,,,,,,,,,,,,,,,,,,,,,,,,,,,,,,,,,,,,,,,,,,,,,,,,,,,,,,,,,,,,,,,,,,,,,,,,,,,,,,,,,,,,,,,,,,,,,,,,,,,,
cpl::Football_Player::ed6b655ed6bb4c7baedb0fe8fc42495d,C. Irving,Vancouver FC,Goalkeeper,2023,goalkeeper,27,2430,0,0,0,0,0,0,0,0,4,0,1,0,100,59.0,49,1.81,0,0,0,0,0,0,0,0,0.0,0.0,0.0,0.0,0,0,0,0,0,0,0,0,0,0,0,0,0,88.0,2430.0,236.0,,9.0,489.0,,,113.0,76.0,1.0,384.0,401.0,441.0,9.0,7.0,8.0,947.0,,378.0,44.0,393.0,166.0,1.0,356.0,,10.0,284.0,27.0,,37.0,1237.0,27.0,,30.0,6.0,594.0,,10.0,9.0,176.0,4.0,23.0,26.0,6.0,12.0,24.0,64.0,7.0,27.0,,2.0,143.0,3.0,187.0,366.0,554.0,6.0,5.0,3.0,3.0,5.0,,,,,,1.0,,3.0,,,,1.0,,,,,,,,,,,,,,,,,,,,,,,,,,,,,,,,,,,,,,,,,,0.0,,,,254.0,,,,,,,,,,
cpl::Football_Player::f7b3dd095e88450ca085f9cf8a12f3b0,K. Baskett,Wanderers,Goalkeeper,2023,goalkeeper,10,900,0,0,0,0,0,0,0,0,3,0,0,0,100,72.0,13,1.3,0,0,0,0,0,0,0,0,0.0,0.0,0.0,0.0,0,0,0,0,0,0,0,0,0,0,0,0,0,22.0,900.0,90.0,,4.0,90.0,,,25.0,9.0,,55.0,60.0,117.0,2.0,2.0,1.0,199.0,,101.0,13.0,57.0,37.0,,49.0,,1.0,70.0,10.0,2.0,8.0,284.0,10.0,,10.0,2.0,112.0,,10.0,6.0,41.0,3.0,4.0,3.0,4.0,6.0,2.0,17.0,2.0,10.0,,,24.0,,50.0,71.0,142.0,4.0,3.0,,2.0,,,,,,,,,1.0,,,,,,,,,,,,,,,,,,,,,,,,,,,,,,,,,,,,,,,,,,,,,,0.0,,,,70.0,,,,,,,,,,
cpl::Football_Player::655a241e039a4965b7f38990c3f8d981,E. Himaras,Valour,Goalkeeper,2023,goalkeeper,2,180,0,0,0,0,0,0,0,0,0,0,0,0,100,85.0,3,1.5,0,0,0,0,0,0,0,0,0.0,0.0,0.0,0.0,0,0,0,0,0,0,0,0,0,0,0,0,0,9.0,180.0,20.0,,,29.0,,,,,,7.0,7.0,39.0,,,,46.0,,33.0,2.0,7.0,21.0,,7.0,,,15.0,2.0,,,68.0,2.0,,2.0,,13.0,,10.0,1.0,6.0,,4.0,2.0,1.0,1.0,1.0,5.0,,2.0,,1.0,3.0,,12.0,27.0,39.0,1.0,,,,1.0,,,,,,,,,,,,,,,,,,,,,,,,,,,,,,,,,,,,,,,,,,,,,,,,,,,,,,0.0,,,,13.0,,,,,,,,,,
cpl::Football_Player::7c054612559b45f2a7ef690616b61862,T. Henry,Forge,Goalkeeper,2023,goalkeeper,29,2610,0,0,0,0,0,0,0,1,8,0,5,0,100,86.0,34,1.17,0,0,0,0,0,0,0,0,0.0,0.0,0.0,0.0,0,0,0,0,0,0,0,0,0,0,0,0,0,63.0,2610.0,365.0,1.0,5.0,322.0,,,24.0,15.0,5.0,84.0,97.0,508.0,8.0,4.0,9.0,624.0,1.0,471.0,28.0,92.0,222.0,,55.0,,5.0,235.0,29.0,5.0,37.0,907.0,29.0,1.0,21.0,9.0,272.0,,10.0,17.0,61.0,8.0,27.0,16.0,10.0,19.0,21.0,35.0,5.0,29.0,,2.0,19.0,2.0,130.0,284.0,532.0,10.0,9.0,2.0,7.0,6.0,1.0,,,,,,,,,,,,,,,,,,,,,,,,,,,,,,,,,,,,,,,,,,,,,,,,,,,,,0.0,,,,228.0,,,,,,,,,,
cpl::Football_Player::0a71cc5786ac4cb6a42caa6d849c2129,C. Kalongo,Forge,Goalkeeper,2023,goalkeeper,2,120,0,0,0,0,0,0,0,0,0,0,0,0,0,86.0,0,0.0,0,0,0,0,0,0,0,0,0.0,0.0,0.0,0.0,0,0,0,0,0,0,0,0,0,0,0,0,0,1.0,120.0,16.0,,,16.0,,,3.0,1.0,,5.0,6.0,27.0,,,2.0,35.0,,24.0,,5.0,11.0,,5.0,,,8.0,1.0,,,42.0,2.0,,1.0,,15.0,,10.0,,6.0,,1.0,,,,2.0,,,2.0,,,,,9.0,16.0,30.0,,1.0,,,,,,,,,,,,,,,,,,,,1.0,,,,,,,,,,,,,,,,,,,,,,,,,,,,,,,,,,,,,0.0,,,,14.0,,,,,,,,,,
cpl::Football_Player::25873ca3630f4b3098e2a7f20d7a708a,E. Marmolejo,Forge,Goalkeeper,2023,goalkeeper,0,0,0,0,0,0,0,0,0,0,0,0,0,0,0,,0,,0,0,0,0,0,0,0,0,0.0,0.0,0.0,0.0,0,0,0,0,0,0,0,0,0,0,0,0,0,,,,,,,,,,,,,,,,,,,,,,,,,,,,,,,,,,,,,,,,,,,,,,,,,,,,,,,,,,,,,,,,,,,,,,,,,,,,,,,,,,,,,,,,,,,,,,,,,,,,,,,,,,,,,,,,,,,,,,,,,,,,,,,,,,
cpl::Football_Player::d7a3107cbc0c426399a5c65c18e39d14,N. Giantsopoulos,Vancouver FC,Goalkeeper,2023,goalkeeper,23,2070,0,0,0,0,0,0,0,1,4,0,3,0,100,75.0,34,1.48,0,0,0,0,0,0,0,0,0.0,0.0,0.0,0.0,0,0,0,0,0,0,0,0,0,0,0,0,0,75.0,2070.0,268.0,1.0,9.0,231.0,,,51.0,29.0,3.0,132.0,135.0,345.0,3.0,1.0,18.0,531.0,1.0,302.0,28.0,135.0,109.0,,101.0,,2.0,165.0,23.0,2.0,34.0,776.0,23.0,1.0,15.0,5.0,292.0,,10.0,12.0,94.0,4.0,37.0,22.0,8.0,13.0,35.0,37.0,1.0,23.0,,2.0,51.0,1.0,130.0,186.0,396.0,8.0,5.0,1.0,4.0,6.0,,,,3.0,,,1.0,,,,,,,,1.0,,,,,,,,,,,,,,,,,,,,,,,,,,,,1.0,,,,,,,,,,,0.0,,,,210.0,,,,,,,,,,
cpl::Football_Player::ed004eacaca144bda4943965af890853,E. Gazdov,Montréal,Goalkeeper,2023,goalkeeper,21,1890,0,0,0,0,0,0,0,0,3,0,1,0,83,69.0,24,1.14,0,0,0,0,0,0,0,0,0.0,0.0,0.0,0.0,0,0,0,0,0,0,0,0,0,0,0,0,0,48.0,1890.0,176.0,,6.0,220.0,,,39.0,23.0,1.0,129.0,140.0,256.0,6.0,1.0,8.0,430.0,,226.0,20.0,135.0,82.0,,109.0,1.0,1.0,134.0,21.0,1.0,26.0,607.0,21.0,,12.0,3.0,246.0,,10.0,8.0,69.0,3.0,17.0,10.0,5.0,9.0,25.0,31.0,2.0,21.0,1.0,1.0,53.0,,102.0,173.0,295.0,6.0,5.0,1.0,3.0,4.0,,,,,1.0,1.0,,1.0,,,,,,1.0,,,,,,,,,,,,,,,,,,,,,,,,,,,,,,,,,,,,,,,,0.0,,,,148.0,,,,,,,,,,
cpl::Football_Player::72e65d5165df41d198c80f48acb6e327,D. Murasiranwa,Valour,Goalkeeper,2023,goalkeeper,2,180,0,0,0,0,0,0,0,0,1,0,0,0,50,78.0,3,1.5,0,0,0,0,0,0,0,0,0.0,0.0,0.0,0.0,0,0,0,0,0,0,0,0,0,0,0,0,0,9.0,180.0,26.0,,,31.0,,,4.0,5.0,,11.0,11.0,35.0,,,1.0,50.0,,33.0,3.0,11.0,18.0,,8.0,,1.0,13.0,2.0,,3.0,78.0,2.0,,2.0,1.0,24.0,,10.0,2.0,6.0,1.0,,2.0,1.0,3.0,2.0,8.0,,2.0,,,1.0,,8.0,21.0,39.0,2.0,,1.0,1.0,,,,,,,,,,,,,,,1.0,,,,,,,,,,,,,,,,,,,,,,,,,,,,,,,,,,,,,,,,0.0,,,,14.0,,,,,,,,,,
cpl::Football_Player::364352c812a14e868234e4883c9bd4e0,N. Ingham,Atlético,Goalkeeper,2023,goalkeeper,22,1980,0,0,0,0,0,0,0,0,5,0,2,0,100,64.0,25,1.14,0,0,0,0,0,0,0,0,0.0,0.0,0.0,0.0,0,0,0,0,0,0,0,0,0,0,0,0,0,56.0,1980.0,252.0,,13.0,206.0,,,72.0,32.0,2.0,178.0,190.0,253.0,6.0,,10.0,509.0,,222.0,20.0,184.0,90.0,,150.0,1.0,3.0,179.0,22.0,1.0,34.0,734.0,22.0,,18.0,4.0,331.0,,10.0,12.0,103.0,5.0,22.0,12.0,9.0,13.0,21.0,34.0,1.0,22.0,1.0,1.0,64.0,1.0,88.0,126.0,325.0,9.0,7.0,1.0,3.0,5.0,,,,,1.0,,,3.0,,,,,1.0,,,,,,,,,,,,,,,,,,,,,,,,,,,,,,,,,,,,,,,,,0.0,,,,203.0,,,,,,,,,,
cpl::Football_Player::a86a1a3737bc4895b1340dc348ae5b09,S. Melvin,Pacific,Goalkeeper,2023,goalkeeper,6,540,0,0,0,0,0,0,0,0,0,0,0,0,100,63.0,9,1.5,0,0,0,0,0,0,0,0,0.0,0.0,0.0,0.0,0,0,0,0,0,0,0,0,0,0,0,0,0,9.0,540.0,64.0,,2.0,51.0,,,11.0,12.0,,45.0,46.0,66.0,1.0,,4.0,123.0,,54.0,9.0,46.0,13.0,,38.0,,1.0,44.0,6.0,1.0,8.0,167.0,6.0,,3.0,,86.0,,10.0,3.0,23.0,,4.0,2.0,3.0,3.0,4.0,5.0,,6.0,,,18.0,,24.0,32.0,77.0,3.0,2.0,,,,,,,,,,,,,,,,,,,,,,,,,,,,,,,,,,,,,,,,,,,,,,,,,,,,,,,,,0.0,,,,56.0,,,,,,,,,,
cpl::Football_Player::9c2fb41ece0d4ac7902f5799c23556f4,M. Williams,York,Goalkeeper,2023,goalkeeper,0,0,0,0,0,0,0,0,0,0,0,0,0,0,0,,0,,0,0,0,0,0,0,0,0,0.0,0.0,0.0,0.0,0,0,0,0,0,0,0,0,0,0,0,0,0,,,,,,,,,,,,,,,,,,,,,,,,,,,,,,,,,,,,,,,,,,,,,,,,,,,,,,,,,,,,,,,,,,,,,,,,,,,,,,,,,,,,,,,,,,,,,,,,,,,,,,,,,,,,,,,,,,,,,,,,,,,,,,,,,,
cpl::Football_Player::95c5a896975b488cb559f52bde46d3d4,R. Yesli,Wanderers,Goalkeeper,2023,goalkeeper,26,2340,0,0,0,0,0,0,0,0,6,0,1,0,84,59.0,35,1.35,0,0,0,0,0,0,0,0,0.0,0.0,0.0,0.0,0,0,0,0,0,0,0,0,0,0,0,0,0,81.0,2340.0,234.0,,25.0,358.0,,,99.0,78.0,1.0,263.0,276.0,280.0,7.0,1.0,9.0,649.0,,238.0,31.0,270.0,103.0,1.0,228.0,,2.0,212.0,26.0,,42.0,914.0,26.0,,22.0,8.0,453.0,,10.0,17.0,141.0,6.0,27.0,19.0,11.0,21.0,18.0,53.0,1.0,26.0,,1.0,89.0,2.0,93.0,224.0,379.0,13.0,7.0,4.0,6.0,4.0,,,,,,1.0,,1.0,,,,,,2.0,,,,,,,,,,,,,,,,,,,,,,,,,,,,,,,,,,,,,,,,0.0,,,,196.0,,,,,,,,,,
cpl::Football_Player::3369d66b5c1c44c38f4b479aed83a7e7,Roberto Alarcón,Valour,Defender,2023,defender,11,547,0,0,2,0,2,0,9,11,5,0,2,0,40,86.0,12,1.97,13,0,0,0,0,0,0,0,0.0,0.0,0.0,0.0,0,0,0,0,0,0,0,0,0,0,0,0,0,,547.0,,,1.0,256.0,2.0,78.0,117.0,7.0,2.0,14.0,82.0,130.0,24.0,1.0,,271.0,11.0,222.0,11.0,38.0,6.0,8.0,44.0,,,31.0,7.0,,17.0,438.0,11.0,9.0,,54.0,82.0,2.0,10.0,32.0,11.0,5.0,,,2.0,59.0,12.0,,,11.0,,,,24.0,105.0,220.0,233.0,5.0,,27.0,30.0,1.0,5.0,,,,,8.0,17.0,13.0,,,9.0,5.0,5.0,3.0,8.0,46.0,4.0,,2.0,1.0,2.0,,15.0,14.0,8.0,6.0,5.0,23.0,,,13.0,,3.0,,,,6.0,2.0,,,,,,,,,,,,,,,,0.0,,,8.0,,,,,,,,,,,
cpl::Football_Player::41f23e52e26541bca62d8378fafc1953,F. Aird,Cavalry,Defender,2023,defender,29,1435,2,2,11,0,5,2,18,8,2,1,3,0,44,81.0,14,0.88,29,0,0,1,1,0,0,0,0.0,0.0,0.0,0.0,0,0,0,0,0,0,0,0,0,0,0,0,0,,1435.0,,,6.0,801.0,8.0,183.0,425.0,17.0,3.0,62.0,303.0,279.0,99.0,2.0,,828.0,8.0,612.0,12.0,161.0,35.0,35.0,203.0,,,81.0,14.0,,33.0,1274.0,29.0,3.0,,76.0,329.0,15.0,10.0,40.0,55.0,2.0,,,4.0,85.0,19.0,,,29.0,,,,40.0,281.0,644.0,667.0,9.0,1.0,45.0,36.0,2.0,10.0,,,,,8.0,26.0,37.0,,,18.0,12.0,12.0,5.0,8.0,149.0,15.0,6.0,11.0,1.0,5.0,,46.0,37.0,29.0,19.0,15.0,75.0,,2.0,29.0,,13.0,2.0,2.0,1.0,13.0,5.0,2.0,2.0,1.0,2.0,,,,1.0,,1.0,,1.0,1.0,,,1.0,1.0,1.0,25.0,,,,,,,,,,,
cpl::Football_Player::04974dd93657419b8440025eca4e2ef0,T. Field,Cavalry,Defender,2023,defender,4,212,0,0,1,0,0,0,1,5,0,0,1,0,44,87.0,2,0.85,1,0,0,0,0,0,0,0,0.0,0.0,0.0,0.0,0,0,0,0,0,0,0,0,0,0,0,0,0,,212.0,,,,118.0,1.0,20.0,34.0,1.0,1.0,4.0,27.0,75.0,12.0,1.0,,123.0,5.0,102.0,2.0,16.0,20.0,1.0,13.0,,,14.0,2.0,,6.0,165.0,4.0,2.0,,14.0,44.0,4.0,10.0,8.0,5.0,,,,4.0,23.0,4.0,,,4.0,,,,10.0,39.0,103.0,107.0,9.0,,15.0,4.0,,2.0,,,,,1.0,3.0,7.0,1.0,,1.0,3.0,2.0,5.0,2.0,5.0,2.0,1.0,1.0,,1.0,,2.0,2.0,,2.0,3.0,3.0,,,1.0,,1.0,,,,,,,,,,,,,,,,,,,,,0.0,,,3.0,,,,,,,,,,,
cpl::Football_Player::c314ef65be194ced895c50a72967def8,D. Klomp,Cavalry,Defender,2023,defender,31,2820,5,1,21,0,10,1,35,30,9,0,2,0,60,90.0,32,1.02,0,0,0,0,0,0,0,0,0.0,0.0,0.0,0.0,0,0,0,0,0,0,0,0,0,0,0,0,0,,2820.0,2.0,1.0,5.0,1797.0,8.0,80.0,441.0,24.0,2.0,104.0,226.0,1221.0,83.0,4.0,,1848.0,30.0,1531.0,28.0,187.0,624.0,4.0,143.0,,,147.0,31.0,,47.0,2146.0,31.0,17.0,,108.0,558.0,41.0,10.0,116.0,130.0,9.0,,,62.0,210.0,87.0,,,31.0,,,,54.0,586.0,1611.0,1661.0,102.0,8.0,94.0,54.0,4.0,,,,,,2.0,43.0,24.0,,1.0,35.0,23.0,17.0,40.0,8.0,4.0,,11.0,21.0,3.0,19.0,,3.0,1.0,,1.0,3.0,3.0,2.0,,,,,,1.0,,,10.0,,5.0,2.0,5.0,,3.0,,,,,,,,,,3.0,3.0,2.0,11.0,2.0,1.0,,,,,,,,,
cpl::Football_Player::2dd1997d40764eb08c0b5287219a3269,B. Kamdem,Cavalry,Defender,2023,defender,25,2223,0,2,3,0,1,2,28,29,22,2,8,0,63,87.0,25,1.01,0,0,0,0,0,0,0,0,0.0,0.0,0.0,0.0,0,0,0,0,0,0,0,0,0,0,0,0,0,,2223.0,,,8.0,1220.0,12.0,203.0,406.0,23.0,8.0,83.0,276.0,688.0,89.0,3.0,,1259.0,29.0,1015.0,21.0,172.0,488.0,2.0,144.0,,,122.0,25.0,,51.0,1766.0,25.0,12.0,,147.0,474.0,11.0,10.0,111.0,72.0,22.0,,,31.0,196.0,45.0,,,25.0,,,,67.0,94.0,1049.0,1087.0,49.0,7.0,85.0,80.0,4.0,4.0,,,,,22.0,36.0,35.0,1.0,,28.0,26.0,15.0,18.0,8.0,154.0,,2.0,3.0,5.0,14.0,,23.0,7.0,33.0,7.0,16.0,23.0,,1.0,,,,1.0,2.0,2.0,,1.0,1.0,,,,,,,,,,,,,,,0.0,,,30.0,,5.0,,,,,,,,,
cpl::Football_Player::6aa006d1cfcb4e3c92a2de560fa893f6,C. Montgomery,Cavalry,Defender,2023,defender,13,690,0,0,4,0,0,0,1,5,5,0,1,0,77,84.0,9,1.17,0,0,0,0,0,0,0,0,0.0,0.0,0.0,0.0,0,0,0,0,0,0,0,0,0,0,0,0,0,,690.0,,1.0,3.0,362.0,3.0,32.0,109.0,9.0,1.0,33.0,77.0,209.0,31.0,2.0,,382.0,5.0,294.0,7.0,64.0,150.0,1.0,41.0,,,32.0,6.0,,25.0,457.0,13.0,2.0,,14.0,151.0,10.0,10.0,24.0,24.0,5.0,,,17.0,36.0,28.0,,,13.0,,,,7.0,49.0,302.0,318.0,22.0,1.0,12.0,7.0,2.0,,,,,,,2.0,3.0,,,1.0,3.0,1.0,5.0,1.0,8.0,7.0,4.0,4.0,,5.0,,2.0,,4.0,,,2.0,,,,,,,,,,,,,,,,,,,,,,,,,,0.0,,,1.0,,,,,,,,,,,
cpl::Football_Player::24a77d6eb2fd4d2d875f2d3fbab2679b,R. Ferrazzo,York,Defender,2023,defender,23,1208,0,1,11,0,3,1,24,22,24,4,6,0,40,81.0,15,1.12,1,0,1,0,0,0,0,0,0.0,0.0,0.0,0.0,0,0,0,0,0,0,0,0,0,0,0,0,0,,1208.0,,,3.0,635.0,6.0,134.0,253.0,6.0,6.0,27.0,206.0,272.0,100.0,2.0,,643.0,22.0,487.0,9.0,127.0,110.0,11.0,102.0,,,68.0,14.0,,44.0,992.0,23.0,13.0,,144.0,212.0,31.0,10.0,91.0,29.0,24.0,,,10.0,169.0,15.0,,,23.0,,,,63.0,187.0,509.0,516.0,25.0,1.0,78.0,81.0,6.0,8.0,,,,,16.0,41.0,29.0,,,24.0,18.0,16.0,15.0,17.0,70.0,9.0,8.0,11.0,9.0,1.0,1.0,19.0,9.0,11.0,9.0,12.0,19.0,1.0,7.0,1.0,,,1.0,1.0,4.0,,3.0,,,,,1.0,,,,1.0,,,,,,,0.0,,,23.0,,5.0,,,,,,,,,
cpl::Football_Player::dbd8bd41aa5a42158cc6c3a4c952bfdf,Z. Fernandez,Valour,Defender,2023,defender,24,1947,3,2,10,0,6,2,39,26,46,5,8,0,53,82.0,29,1.34,0,0,0,0,0,0,0,0,0.0,0.0,0.0,0.0,0,0,0,0,0,0,0,0,0,0,0,0,0,,1947.0,,,2.0,842.0,16.0,152.0,392.0,21.0,8.0,34.0,292.0,315.0,126.0,1.0,,858.0,26.0,679.0,20.0,160.0,118.0,20.0,136.0,,,96.0,22.0,,56.0,1424.0,24.0,13.0,,211.0,296.0,62.0,10.0,142.0,19.0,46.0,,,29.0,265.0,54.0,,,24.0,,,,98.0,292.0,683.0,698.0,54.0,3.0,123.0,113.0,9.0,8.0,,,,1.0,11.0,57.0,60.0,1.0,,39.0,25.0,25.0,25.0,18.0,136.0,2.0,4.0,10.0,5.0,4.0,,32.0,9.0,12.0,9.0,19.0,32.0,1.0,4.0,,,,1.0,2.0,5.0,,6.0,,3.0,3.0,2.0,,,1.0,,,,,,,,,1.0,0.0,3.0,42.0,,3.0,,,,,,,,,
cpl::Football_Player::ebad96b764c947998691fc6dcd98daa5,C. Campagna,Wanderers,Defender,2023,defender,10,539,0,0,1,0,0,0,9,15,4,1,4,0,71,82.0,11,1.84,0,0,0,0,0,0,0,0,0.0,0.0,0.0,0.0,0,0,0,0,0,0,0,0,0,0,0,0,0,,539.0,,,2.0,258.0,,18.0,73.0,6.0,4.0,19.0,74.0,148.0,30.0,2.0,,270.0,15.0,202.0,6.0,49.0,47.0,,26.0,,,24.0,5.0,,26.0,395.0,10.0,7.0,,57.0,141.0,1.0,10.0,37.0,19.0,4.0,,,10.0,71.0,17.0,,,10.0,,,,30.0,64.0,209.0,221.0,14.0,1.0,34.0,27.0,5.0,2.0,,,,,4.0,19.0,5.0,,,9.0,7.0,2.0,4.0,10.0,33.0,5.0,1.0,1.0,,3.0,,3.0,,8.0,,1.0,3.0,,,,,,,,1.0,,,,,,,,,,,,,,,,,,0.0,,,6.0,,1.0,,,,,,,,,
cpl::Football_Player::c59ec6914e4d490d953655a38bc129ee,U. Chima,Cavalry,Defender,2023,defender,13,838,0,0,1,0,1,0,9,12,9,1,3,0,64,88.0,11,1.18,0,0,0,0,0,0,0,0,0.0,0.0,0.0,0.0,0,0,0,0,0,0,0,0,0,0,0,0,0,,838.0,,,1.0,508.0,1.0,67.0,82.0,10.0,3.0,28.0,77.0,374.0,39.0,1.0,,523.0,12.0,432.0,11.0,67.0,121.0,,42.0,,,36.0,9.0,,25.0,612.0,13.0,6.0,,44.0,172.0,4.0,10.0,36.0,24.0,9.0,,,11.0,61.0,24.0,,,13.0,,,,19.0,163.0,443.0,456.0,17.0,,25.0,25.0,,1.0,,,,,2.0,14.0,7.0,,,9.0,8.0,2.0,6.0,5.0,7.0,4.0,,1.0,,5.0,,,,2.0,,1.0,,1.0,,,,,,,1.0,,1.0,,,,,,,,,,,,,,,,0.0,,,3.0,,,,,,,,,,,
cpl::Football_Player::c3b03cc1de7848cdaaca16450017b36d,D. Nimick,Forge,Defender,2023,defender,28,2520,6,3,12,0,8,3,24,19,17,1,6,0,58,87.0,32,1.14,0,0,0,4,4,0,0,0,0.0,0.0,0.0,0.0,0,0,0,0,0,0,0,0,0,0,0,0,0,,2520.0,,,4.0,1484.0,3.0,88.0,435.0,14.0,6.0,87.0,246.0,916.0,119.0,2.0,,1553.0,19.0,1168.0,23.0,206.0,173.0,11.0,133.0,,,143.0,28.0,,86.0,1905.0,28.0,8.0,,122.0,643.0,28.0,10.0,114.0,179.0,17.0,,,40.0,190.0,104.0,,,28.0,,,,48.0,649.0,1278.0,1347.0,68.0,7.0,76.0,74.0,9.0,,,,,2.0,20.0,37.0,33.0,,,24.0,29.0,12.0,28.0,13.0,19.0,,4.0,12.0,3.0,14.0,1.0,13.0,4.0,1.0,4.0,5.0,13.0,2.0,,,,,2.0,3.0,1.0,,8.0,,6.0,4.0,6.0,,2.0,,,,,,4.0,4.0,,,3.0,5.0,1.0,12.0,,1.0,,,,,,,,,
cpl::Football_Player::3f2d3c2444df4c23b5e35783047ed538,A. White,Vancouver FC,Defender,2023,defender,20,1500,0,1,1,0,0,1,13,7,8,1,1,0,30,83.0,28,1.68,0,0,0,0,0,0,0,0,0.0,0.0,0.0,0.0,0,0,0,0,0,0,0,0,0,0,0,0,0,,1500.0,,,4.0,719.0,,54.0,154.0,17.0,1.0,62.0,149.0,449.0,68.0,5.0,,733.0,7.0,567.0,26.0,130.0,275.0,1.0,81.0,,,87.0,17.0,,51.0,893.0,20.0,1.0,,46.0,301.0,6.0,10.0,39.0,36.0,8.0,,,12.0,86.0,55.0,,,20.0,,,,19.0,103.0,591.0,603.0,40.0,3.0,47.0,27.0,2.0,2.0,,,,1.0,3.0,16.0,15.0,,,13.0,12.0,6.0,28.0,3.0,2.0,3.0,1.0,1.0,1.0,14.0,,2.0,,,,2.0,2.0,,,,,,1.0,1.0,1.0,,,,,,,,,,,,,,,,,,0.0,,,4.0,,,,,,,,,,,
cpl::Football_Player::29e56c09baf549469b4a5934262e3dbf,J. Ruby,Wanderers,Defender,2023,defender,9,615,0,1,2,0,1,1,15,1,8,0,0,0,50,90.0,7,1.02,0,0,0,0,0,0,0,0,0.0,0.0,0.0,0.0,0,0,0,0,0,0,0,0,0,0,0,0,0,,615.0,,,,295.0,,43.0,111.0,4.0,,6.0,68.0,161.0,27.0,1.0,,301.0,1.0,257.0,6.0,33.0,88.0,5.0,25.0,,,43.0,8.0,,18.0,467.0,9.0,,,49.0,101.0,9.0,10.0,37.0,11.0,8.0,,,5.0,59.0,14.0,,,9.0,,,,17.0,69.0,262.0,268.0,10.0,1.0,22.0,32.0,1.0,4.0,,,,,1.0,23.0,7.0,,,15.0,18.0,6.0,5.0,8.0,35.0,1.0,1.0,2.0,2.0,,,10.0,4.0,8.0,4.0,2.0,10.0,,,,,,1.0,1.0,,,1.0,,,,,,,,,,,,,,,,0.0,,,5.0,,1.0,,,,,,,,,
cpl::Football_Player::62df1dfa6f324b52a9f83820c5fd617c,D. Henry,Whitecaps,Defender,2023,defender,14,420,0,0,3,0,0,0,6,3,0,0,2,0,53,87.0,8,1.71,0,0,0,0,0,0,0,0,0.0,0.0,0.0,0.0,0,0,0,0,0,0,0,0,0,0,0,0,0,,420.0,11.0,,,185.0,,5.0,41.0,2.0,2.0,17.0,29.0,135.0,10.0,1.0,,203.0,3.0,163.0,6.0,27.0,41.0,,16.0,,,20.0,3.0,,11.0,261.0,14.0,2.0,,15.0,93.0,7.0,10.0,18.0,13.0,,,,8.0,30.0,24.0,,,14.0,,,,5.0,64.0,158.0,176.0,15.0,,12.0,10.0,2.0,1.0,,,,,1.0,9.0,3.0,,,6.0,3.0,2.0,7.0,3.0,,11.0,3.0,3.0,1.0,5.0,,,,,,,,,,,,,,,,,,,,,,,,,,,,,,,,,0.0,,,1.0,11.0,,,,,,,,,,
cpl::Football_Player::fb189b88380942cc9861e75621409177,J. Cameron,Vancouver FC,Defender,2023,defender,19,1504,1,0,5,0,3,0,43,26,22,0,3,0,46,78.0,26,1.56,0,0,0,0,0,0,0,0,0.0,0.0,0.0,0.0,0,0,0,0,0,0,0,0,0,0,0,0,0,,1504.0,,1.0,2.0,553.0,6.0,123.0,199.0,14.0,3.0,24.0,260.0,238.0,105.0,4.0,,562.0,26.0,415.0,24.0,129.0,156.0,10.0,85.0,,,112.0,17.0,,66.0,1014.0,19.0,14.0,,201.0,192.0,15.0,10.0,129.0,18.0,22.0,,,19.0,242.0,36.0,,,19.0,,,,91.0,91.0,425.0,433.0,41.0,2.0,113.0,110.0,2.0,4.0,,,,,19.0,70.0,40.0,,,43.0,18.0,22.0,22.0,27.0,83.0,2.0,2.0,5.0,3.0,4.0,,22.0,4.0,55.0,4.0,11.0,22.0,,,,,,,,,,3.0,,1.0,1.0,1.0,,,,,,,,,,,,1.0,1.0,0.0,23.0,,3.0,,,,,,,,,
cpl::Football_Player::4da84a61c12443e48f9c5d0dd8f2f3ae,K. Dada-Luke,Vancouver FC,Defender,2023,defender,29,2329,0,1,5,0,2,1,53,19,36,1,3,0,45,80.0,30,1.16,0,0,0,0,0,0,0,0,0.0,0.0,0.0,0.0,0,0,0,0,0,0,0,0,0,0,0,0,0,,2329.0,,2.0,7.0,768.0,20.0,236.0,343.0,22.0,3.0,47.0,370.0,297.0,111.0,3.0,,781.0,19.0,588.0,26.0,158.0,23.0,13.0,163.0,,,129.0,26.0,,56.0,1539.0,29.0,10.0,,245.0,267.0,25.0,10.0,177.0,35.0,36.0,,,22.0,293.0,44.0,,,29.0,,,,90.0,255.0,612.0,623.0,48.0,6.0,116.0,155.0,4.0,4.0,,,,,48.0,71.0,41.0,1.0,,53.0,37.0,14.0,26.0,18.0,213.0,3.0,3.0,5.0,1.0,3.0,,61.0,17.0,46.0,17.0,30.0,61.0,1.0,1.0,,,,1.0,1.0,1.0,,2.0,,,,,,,,,,1.0,,,,,,0.0,,,53.0,,8.0,,,,,,,,,
cpl::Football_Player::7205a0ef2aab4cf98da19157fb879f8a,E. Lajeunesse,Pacific,Defender,2023,defender,6,455,0,0,1,0,1,0,5,4,4,0,1,0,30,83.0,4,0.79,0,0,0,0,0,0,0,0,0.0,0.0,0.0,0.0,0,0,0,0,0,0,0,0,0,0,0,0,0,,455.0,,,,240.0,1.0,11.0,85.0,5.0,1.0,17.0,66.0,123.0,26.0,,,251.0,4.0,202.0,4.0,43.0,69.0,3.0,24.0,,,29.0,5.0,,21.0,329.0,6.0,3.0,,24.0,141.0,6.0,10.0,15.0,6.0,4.0,,,3.0,34.0,6.0,,,6.0,,,,12.0,30.0,197.0,208.0,10.0,2.0,19.0,12.0,,1.0,,,,,1.0,7.0,10.0,,,5.0,5.0,4.0,7.0,2.0,16.0,1.0,,1.0,1.0,4.0,,2.0,,11.0,,2.0,2.0,,,,,,,,,,1.0,,,,,,,,,,,,,,,,0.0,,,4.0,,1.0,,,,,,,,,
cpl::Football_Player::edf6ef9ee973485dbbf8b5123cf83a94,K. Chung,Pacific,Defender,2023,defender,13,1002,0,1,2,0,1,1,19,8,10,0,2,0,42,84.0,20,1.8,5,0,0,0,0,0,0,0,0.0,0.0,0.0,0.0,0,0,0,0,0,0,0,0,0,0,0,0,0,,1002.0,,1.0,,326.0,8.0,87.0,132.0,7.0,2.0,20.0,121.0,151.0,33.0,3.0,,331.0,8.0,263.0,18.0,53.0,16.0,5.0,62.0,,,42.0,12.0,,14.0,580.0,13.0,7.0,,78.0,89.0,3.0,10.0,55.0,15.0,10.0,,,6.0,92.0,24.0,,,13.0,,,,29.0,139.0,273.0,278.0,14.0,1.0,37.0,49.0,2.0,6.0,,,,,10.0,29.0,12.0,,,19.0,11.0,3.0,8.0,10.0,63.0,1.0,1.0,2.0,2.0,3.0,,19.0,5.0,14.0,2.0,6.0,23.0,1.0,1.0,5.0,,1.0,1.0,1.0,,3.0,1.0,,,,,,,,,,,,,,,,0.0,,,13.0,,,,,,,,,,,
cpl::Football_Player::c182423a01294fc4a488163b7c07b7f4,G. Metusala,Forge,Defender,2023,defender,19,1433,0,0,2,0,2,0,16,14,5,0,2,0,54,91.0,15,0.94,0,0,0,0,0,0,0,0,0.0,0.0,0.0,0.0,0,0,0,0,0,0,0,0,0,0,0,0,0,,1433.0,,,2.0,940.0,3.0,66.0,327.0,5.0,2.0,27.0,116.0,543.0,62.0,1.0,,959.0,14.0,817.0,12.0,89.0,347.0,2.0,53.0,,,85.0,16.0,,39.0,1114.0,19.0,4.0,,64.0,321.0,3.0,10.0,47.0,53.0,5.0,,,13.0,88.0,34.0,,,19.0,,,,30.0,225.0,853.0,870.0,24.0,6.0,41.0,34.0,3.0,2.0,,,,,6.0,23.0,13.0,,,16.0,10.0,7.0,11.0,7.0,16.0,3.0,,2.0,1.0,8.0,,3.0,,5.0,,3.0,3.0,,,,,,,,,,2.0,,,,,,,,,,,,,,,,0.0,,,8.0,,,,,,,,,,,
cpl::Football_Player::a22a6c20e107412398d843c4ab034577,R. Romeo,Valour,Defender,2023,defender,25,2189,0,0,3,0,1,0,20,16,6,0,6,1,59,84.0,43,1.77,0,0,0,0,0,0,0,0,0.0,0.0,0.0,0.0,0,0,0,0,0,0,0,0,0,0,0,0,0,,2189.0,,2.0,7.0,1136.0,1.0,66.0,270.0,24.0,6.0,119.0,211.0,716.0,73.0,6.0,,1177.0,16.0,876.0,38.0,192.0,297.0,3.0,132.0,,,116.0,25.0,,62.0,1442.0,25.0,7.0,,65.0,463.0,14.0,10.0,83.0,109.0,6.0,,,47.0,144.0,114.0,,,25.0,,,,29.0,351.0,951.0,985.0,79.0,4.0,61.0,36.0,5.0,,1.0,1.0,,,1.0,30.0,12.0,,,20.0,28.0,7.0,32.0,10.0,3.0,,2.0,3.0,3.0,20.0,2.0,2.0,1.0,,1.0,2.0,2.0,,,,,,,,,,1.0,1.0,,,,,,,,,,,,,,,0.0,,,7.0,,,,,,,,,,,
cpl::Football_Player::6981001867ad42d9b6d9bfc216cfab71,D. Samuel,Forge,Defender,2023,defender,21,1194,0,0,4,0,1,0,8,18,25,1,4,0,64,86.0,16,1.21,0,0,0,0,0,0,0,0,0.0,0.0,0.0,0.0,0,0,0,0,0,0,0,0,0,0,0,0,0,,1194.0,,,1.0,619.0,4.0,82.0,236.0,13.0,4.0,30.0,166.0,321.0,65.0,3.0,,649.0,18.0,533.0,13.0,95.0,157.0,5.0,62.0,,,73.0,12.0,,37.0,926.0,21.0,11.0,,99.0,274.0,15.0,10.0,84.0,21.0,25.0,,,27.0,141.0,28.0,,,21.0,,,,42.0,136.0,525.0,554.0,42.0,2.0,57.0,57.0,3.0,3.0,,,,,17.0,16.0,20.0,,,8.0,14.0,11.0,15.0,8.0,51.0,9.0,3.0,4.0,3.0,2.0,,4.0,3.0,18.0,3.0,8.0,4.0,,,,,,,,1.0,,1.0,,,,,,,,,,,,,,,,0.0,,,16.0,,2.0,,,,,,,,,
cpl::Football_Player::9e87d386b53a4102aaeecfa5f58e3304,J. Watson,Pacific,Defender,2023,defender,0,0,0,0,0,0,0,0,0,0,0,0,0,0,0,,0,,0,0,0,0,0,0,0,0,0.0,0.0,0.0,0.0,0,0,0,0,0,0,0,0,0,0,0,0,0,,,,,,,,,,,,,,,,,,,,,,,,,,,,,,,,,,,,,,,,,,,,,,,,,,,,,,,,,,,,,,,,,,,,,,,,,,,,,,,,,,,,,,,,,,,,,,,,,,,,,,,,,,,,,,,,,,,,,,,,,,,,,,,,,,
cpl::Football_Player::3aaf25a2f090423584d5e9d492e5ca42,J. Grant,Atlético,Defender,2023,defender,16,1052,0,1,4,0,3,1,14,5,4,0,1,0,80,79.0,12,1.03,0,0,0,0,0,0,0,0,0.0,0.0,0.0,0.0,0,0,0,0,0,0,0,0,0,0,0,0,0,,1052.0,,,5.0,521.0,4.0,73.0,186.0,17.0,1.0,47.0,168.0,245.0,67.0,1.0,,539.0,5.0,387.0,12.0,114.0,48.0,6.0,91.0,,,63.0,12.0,,37.0,782.0,16.0,3.0,,56.0,237.0,20.0,10.0,39.0,38.0,4.0,,,12.0,71.0,29.0,,,16.0,,,,29.0,181.0,407.0,425.0,15.0,2.0,32.0,27.0,,4.0,,,,1.0,6.0,17.0,16.0,,,14.0,9.0,5.0,3.0,3.0,75.0,4.0,1.0,4.0,2.0,4.0,,14.0,6.0,17.0,6.0,7.0,14.0,1.0,1.0,,,,1.0,1.0,,,3.0,,,,,,,,,,1.0,,,,,,0.0,,,12.0,,,,,,,,,,,
cpl::Football_Player::20d3548360484da9961196997ffa91d6,T. Mourdoukoutas,Valour,Defender,2023,defender,22,1849,0,1,6,0,0,1,19,15,7,0,1,0,63,88.0,33,1.61,0,0,0,0,0,0,0,0,0.0,0.0,0.0,0.0,0,0,0,0,0,0,0,0,0,0,0,0,0,,1849.0,,,6.0,1315.0,3.0,67.0,317.0,26.0,1.0,82.0,184.0,865.0,94.0,,,1358.0,15.0,1088.0,29.0,176.0,365.0,1.0,94.0,,,140.0,21.0,,82.0,1561.0,22.0,7.0,,58.0,461.0,16.0,10.0,74.0,94.0,7.0,,,37.0,116.0,82.0,,,22.0,,,,21.0,465.0,1145.0,1182.0,58.0,4.0,42.0,37.0,4.0,2.0,,,,,2.0,29.0,15.0,,,19.0,24.0,11.0,21.0,10.0,5.0,1.0,6.0,6.0,2.0,9.0,,,,,,,,1.0,1.0,,,,1.0,1.0,,,,,,,,,,,,,,,,,,,0.0,,,3.0,,,,,,,,,,,
cpl::Football_Player::46e85b6f18f042fe837554290482828b,A. Đidić,Atlético,Defender,2023,defender,27,2397,4,1,24,0,10,1,19,21,6,2,5,0,79,85.0,33,1.24,0,0,1,0,0,0,0,0,0.0,0.0,0.0,0.0,0,0,0,0,0,0,0,0,0,0,0,0,0,,2397.0,1.0,1.0,9.0,1508.0,4.0,70.0,455.0,23.0,5.0,99.0,252.0,864.0,136.0,3.0,,1554.0,21.0,1187.0,29.0,235.0,178.0,7.0,163.0,,,118.0,27.0,,76.0,1832.0,27.0,8.0,,63.0,725.0,59.0,10.0,124.0,132.0,6.0,,,92.0,179.0,118.0,,,27.0,,,,31.0,581.0,1282.0,1319.0,116.0,7.0,55.0,32.0,4.0,1.0,,,,,1.0,25.0,17.0,2.0,,19.0,32.0,5.0,24.0,6.0,5.0,,14.0,24.0,9.0,16.0,,4.0,,1.0,,,4.0,,,,,,1.0,1.0,2.0,,10.0,5.0,4.0,1.0,4.0,,3.0,,,,,,,,,,0.0,1.0,3.0,3.0,1.0,1.0,,,,,,,,,
cpl::Football_Player::d1f55ff48211437dbc695c82aa0f9d15,C. Loughrey,Wanderers,Defender,2023,defender,25,2225,0,0,6,0,1,0,10,23,1,1,7,0,60,86.0,27,1.09,0,0,0,0,0,0,0,0,0.0,0.0,0.0,0.0,0,0,0,0,0,0,0,0,0,0,0,0,0,,2225.0,31.0,2.0,7.0,1175.0,3.0,35.0,218.0,26.0,7.0,107.0,207.0,835.0,77.0,3.0,,1237.0,23.0,965.0,18.0,184.0,436.0,4.0,108.0,,,98.0,25.0,,78.0,1414.0,25.0,9.0,,57.0,501.0,19.0,10.0,53.0,88.0,1.0,,,32.0,110.0,59.0,,,25.0,,,,36.0,265.0,996.0,1053.0,53.0,7.0,57.0,21.0,9.0,2.0,,,,,3.0,17.0,13.0,1.0,,10.0,14.0,8.0,21.0,7.0,4.0,,5.0,6.0,4.0,13.0,,2.0,,3.0,,1.0,2.0,1.0,,,,,,,1.0,,1.0,,,,,,,,,,,,,,,,0.0,,,3.0,31.0,,,,,,,,,,
cpl::Football_Player::903ceb96f6d24227b97549c536a85f9e,I. Bakare,Vancouver FC,Defender,2023,defender,25,1715,0,0,4,0,0,0,31,18,22,1,5,0,58,82.0,33,1.73,0,0,0,0,0,0,0,0,0.0,0.0,0.0,0.0,0,0,0,0,0,0,0,0,0,0,0,0,0,,1715.0,,1.0,6.0,742.0,2.0,73.0,265.0,22.0,5.0,61.0,233.0,368.0,84.0,3.0,,775.0,18.0,588.0,30.0,145.0,93.0,5.0,110.0,,,115.0,18.0,,50.0,1169.0,25.0,11.0,,170.0,352.0,9.0,10.0,123.0,42.0,22.0,,,17.0,199.0,61.0,,,25.0,,,,64.0,257.0,601.0,630.0,29.0,4.0,76.0,106.0,3.0,1.0,,,,,34.0,50.0,23.0,,,31.0,11.0,11.0,12.0,19.0,67.0,7.0,4.0,4.0,1.0,18.0,,15.0,3.0,11.0,3.0,17.0,15.0,,2.0,,,,,,1.0,,,,,,,,,,,,,,,,,,0.0,,,26.0,,4.0,1.0,,,,,,,,
cpl::Football_Player::2765417c9ab14808ae40c91c05077259,M. Harms,Cavalry,Defender,2023,defender,3,114,0,0,0,0,0,0,3,2,2,0,0,0,33,85.0,1,0.79,0,0,0,0,0,0,0,0,0.0,0.0,0.0,0.0,0,0,0,0,0,0,0,0,0,0,0,0,0,,114.0,,,,57.0,1.0,16.0,19.0,1.0,,2.0,20.0,29.0,7.0,,,57.0,2.0,46.0,,9.0,2.0,1.0,8.0,,,8.0,1.0,,2.0,99.0,3.0,1.0,,14.0,21.0,,10.0,9.0,2.0,2.0,,,1.0,17.0,2.0,,,3.0,,,,6.0,18.0,48.0,48.0,3.0,,8.0,8.0,1.0,1.0,,,,,1.0,5.0,4.0,,,3.0,,2.0,2.0,2.0,17.0,2.0,,,,,,1.0,,4.0,,1.0,1.0,,,,,,,,,,,,,,,,,,,,,,,,,,0.0,,,1.0,,,,,,,,,,,
cpl::Football_Player::58c03096b6c940afacb752b030a52ad2,M. Owolabi-Belewu,Forge,Defender,2023,defender,18,832,0,0,2,0,0,0,18,22,20,0,5,0,56,85.0,10,1.08,0,0,0,0,0,0,0,0,0.0,0.0,0.0,0.0,0,0,0,0,0,0,0,0,0,0,0,0,0,,832.0,,,1.0,412.0,4.0,66.0,173.0,6.0,5.0,14.0,137.0,185.0,53.0,2.0,,425.0,22.0,352.0,8.0,67.0,154.0,1.0,49.0,,,47.0,9.0,,26.0,667.0,18.0,7.0,,109.0,167.0,11.0,10.0,73.0,6.0,20.0,,,13.0,132.0,17.0,,,18.0,,,,49.0,38.0,345.0,358.0,23.0,2.0,59.0,60.0,2.0,6.0,,,,,14.0,27.0,19.0,2.0,,18.0,18.0,6.0,10.0,9.0,45.0,9.0,2.0,2.0,1.0,2.0,,8.0,,10.0,,16.0,8.0,,,,,,,,,,,,,,,,,,,,,,,,,,0.0,,,25.0,,6.0,,,,,,,,,
cpl::Football_Player::9fa7232743934bf2a022c4fe6a62c1b6,J. Haynes,Valour,Defender,2023,defender,14,902,0,0,2,0,0,0,28,11,11,0,3,0,84,83.0,16,1.6,0,0,0,0,0,0,0,0,0.0,0.0,0.0,0.0,0,0,0,0,0,0,0,0,0,0,0,0,0,,902.0,,,7.0,520.0,1.0,73.0,210.0,6.0,3.0,28.0,145.0,237.0,66.0,,,535.0,11.0,395.0,14.0,94.0,203.0,5.0,77.0,,,55.0,11.0,,33.0,773.0,14.0,10.0,,80.0,216.0,3.0,10.0,69.0,46.0,11.0,,,21.0,105.0,25.0,,,14.0,,,,32.0,43.0,426.0,441.0,25.0,1.0,36.0,48.0,2.0,6.0,,,,,3.0,35.0,17.0,,,28.0,11.0,2.0,4.0,7.0,70.0,3.0,2.0,2.0,,2.0,,16.0,6.0,14.0,6.0,5.0,16.0,1.0,,,,,,,,,,,,,,,,,,,,,,,,,0.0,,,10.0,,,,,,,,,,,
cpl::Football_Player::bf1559f63d3642679c430ff1f41355a7,G. Mukumbilwa,Pacific,Defender,2023,defender,24,1776,0,0,1,0,1,0,35,18,18,1,3,1,48,85.0,23,1.17,0,0,0,0,0,0,0,0,0.0,0.0,0.0,0.0,0,0,0,0,0,0,0,0,0,0,0,0,0,,1776.0,,,12.0,953.0,4.0,176.0,344.0,44.0,3.0,72.0,279.0,490.0,80.0,,,980.0,18.0,767.0,19.0,152.0,300.0,4.0,108.0,,,142.0,20.0,,67.0,1440.0,24.0,12.0,,150.0,387.0,4.0,10.0,106.0,61.0,18.0,,,16.0,183.0,42.0,,,24.0,,,,60.0,117.0,802.0,828.0,33.0,4.0,77.0,90.0,4.0,4.0,1.0,,,,19.0,54.0,19.0,,,35.0,40.0,5.0,17.0,19.0,112.0,4.0,,1.0,,5.0,2.0,20.0,6.0,49.0,4.0,11.0,23.0,,,,1.0,,,,1.0,,1.0,,,,,,,,,,,,,,,,0.0,,,28.0,,,,,,,,,,,
cpl::Football_Player::a90bb203b7f24093abfdfd43e8c6ff40,M. Duncan,Forge,Defender,2023,defender,10,249,0,0,0,0,0,0,8,3,3,0,1,0,54,78.0,4,1.45,0,0,0,0,0,0,0,0,0.0,0.0,0.0,0.0,0,0,0,0,0,0,0,0,0,0,0,0,0,,249.0,,,,133.0,1.0,20.0,63.0,3.0,1.0,7.0,51.0,45.0,23.0,1.0,,135.0,3.0,99.0,4.0,30.0,20.0,1.0,25.0,,,17.0,2.0,,10.0,215.0,10.0,2.0,,21.0,52.0,2.0,10.0,24.0,6.0,3.0,,,6.0,32.0,6.0,,,10.0,,,,3.0,43.0,103.0,105.0,11.0,,8.0,18.0,,2.0,,,,,1.0,14.0,9.0,1.0,,8.0,4.0,4.0,5.0,6.0,14.0,8.0,,,1.0,,,5.0,3.0,10.0,3.0,1.0,5.0,,,,,,,,,,,,,,,,,,,,,,,,,,0.0,,,1.0,,,,,,,,,,,
cpl::Football_Player::2158eb23a8d7408ea2e9b1d9ac59f461,G. Pianelli,Valour,Defender,2023,defender,17,1292,1,0,7,0,2,0,7,17,6,0,3,0,57,80.0,22,1.53,0,0,2,0,0,0,0,0,0.0,0.0,0.0,0.0,0,0,0,0,0,0,0,0,0,0,0,0,0,,1292.0,2.0,,7.0,646.0,1.0,37.0,173.0,17.0,3.0,60.0,145.0,363.0,74.0,1.0,,670.0,17.0,502.0,20.0,134.0,134.0,,85.0,,,68.0,15.0,,53.0,792.0,17.0,4.0,,44.0,285.0,12.0,10.0,49.0,34.0,6.0,,,28.0,93.0,47.0,,,17.0,,,,23.0,214.0,512.0,536.0,49.0,3.0,44.0,21.0,2.0,2.0,,,,,2.0,13.0,9.0,1.0,,7.0,15.0,5.0,21.0,6.0,,2.0,5.0,7.0,,6.0,,4.0,,,,,4.0,,,,,,,,,,2.0,,1.0,,1.0,,1.0,,,,,,,,,,1.0,1.0,0.0,,2.0,,,,,,,,,,
cpl::Football_Player::91a17f348e28482898c8dbc5480ad503,P. Amedume,Pacific,Defender,2023,defender,14,656,0,0,2,0,0,0,5,3,9,1,2,0,69,90.0,7,0.96,0,0,0,0,0,0,0,0,0.0,0.0,0.0,0.0,0,0,0,0,0,0,0,0,0,0,0,0,0,,656.0,,,3.0,415.0,1.0,29.0,121.0,4.0,2.0,14.0,55.0,262.0,30.0,,,426.0,3.0,368.0,7.0,44.0,152.0,,21.0,,,29.0,7.0,,23.0,517.0,14.0,2.0,,24.0,154.0,5.0,10.0,26.0,14.0,9.0,,,9.0,37.0,17.0,,,14.0,,,,7.0,91.0,372.0,382.0,13.0,1.0,11.0,17.0,,3.0,,,,,1.0,7.0,4.0,,,5.0,6.0,2.0,4.0,2.0,24.0,7.0,2.0,2.0,1.0,,,,1.0,2.0,1.0,1.0,,,,,,,,,1.0,,,,,,,,,,,,,,,,,,0.0,,,4.0,,,,,,,,,,,
cpl::Football_Player::3b272b35b0294b428a237259d657f8f3,M. Niba,Atlético,Defender,2023,defender,12,645,0,1,1,0,0,1,11,15,4,0,2,0,64,73.0,10,1.4,0,0,1,0,0,0,0,0,0.0,0.0,0.0,0.0,0,0,0,0,0,0,0,0,0,0,0,0,0,,645.0,,,3.0,238.0,3.0,55.0,73.0,16.0,2.0,33.0,128.0,106.0,35.0,,,246.0,15.0,157.0,7.0,68.0,70.0,3.0,63.0,,,53.0,9.0,,14.0,418.0,12.0,7.0,,59.0,110.0,4.0,10.0,45.0,21.0,4.0,,,18.0,87.0,21.0,,,12.0,,,,32.0,11.0,172.0,178.0,28.0,2.0,42.0,27.0,3.0,5.0,,,,1.0,2.0,21.0,15.0,1.0,,11.0,10.0,8.0,10.0,10.0,26.0,3.0,1.0,1.0,2.0,2.0,1.0,9.0,1.0,35.0,1.0,4.0,9.0,,,,,,,1.0,,,,,,,,,,,,,,,,,,,0.0,,,9.0,,,,,,,,,,,
cpl::Football_Player::bc3018329eb248b4a54fd137fa4f2cbc,M. James,Forge,Defender,2023,defender,28,2514,0,2,17,0,7,2,26,32,33,1,8,0,65,83.0,32,1.15,0,0,1,0,0,0,0,0,0.0,0.0,0.0,0.0,0,0,0,0,0,0,0,0,0,0,0,0,0,,2514.0,1.0,1.0,7.0,1760.0,3.0,93.0,532.0,21.0,8.0,128.0,388.0,987.0,184.0,4.0,,1829.0,32.0,1388.0,26.0,312.0,520.0,13.0,202.0,,,198.0,28.0,,113.0,2232.0,28.0,15.0,,175.0,695.0,47.0,10.0,167.0,129.0,33.0,,,62.0,269.0,82.0,,,28.0,,,,70.0,521.0,1459.0,1517.0,94.0,9.0,102.0,105.0,6.0,1.0,,,,,31.0,42.0,37.0,2.0,,26.0,30.0,12.0,32.0,16.0,17.0,,10.0,17.0,2.0,10.0,,3.0,2.0,,2.0,15.0,3.0,3.0,1.0,,,,1.0,2.0,1.0,,7.0,,,,,,,,,,,,,,,,0.0,,,30.0,1.0,3.0,,,,,,,,,
cpl::Football_Player::ce073937285b4114bca2f2a3b658f3da,L. Singh,York,Defender,2023,defender,25,2223,1,0,11,0,6,0,13,22,5,0,5,0,61,85.0,25,1.01,0,0,0,0,0,0,0,0,0.0,0.0,0.0,0.0,0,0,0,0,0,0,0,0,0,0,0,0,0,,2223.0,,,6.0,1228.0,3.0,37.0,359.0,33.0,5.0,116.0,224.0,702.0,81.0,,,1258.0,22.0,919.0,23.0,197.0,562.0,5.0,129.0,,,130.0,25.0,,68.0,1501.0,25.0,12.0,,94.0,435.0,9.0,10.0,71.0,142.0,5.0,,,30.0,143.0,70.0,,,25.0,,,,53.0,224.0,1033.0,1061.0,49.0,8.0,72.0,41.0,2.0,3.0,,,,1.0,11.0,25.0,22.0,,,13.0,21.0,17.0,19.0,12.0,2.0,,5.0,11.0,1.0,8.0,,,,1.0,,11.0,,1.0,,,,,,,,,6.0,1.0,1.0,1.0,1.0,,,,,,,,,,,,0.0,1.0,0.0,14.0,,,,,,,,,,,
cpl::Football_Player::1a506f4011a54179840901247a114e35,K. Ouimette,Atlético,Defender,2023,defender,26,2192,0,0,4,0,1,0,32,24,20,0,5,0,68,83.0,26,1.07,2,0,0,0,0,0,0,0,0.0,0.0,0.0,0.0,0,0,0,0,0,0,0,0,0,0,0,0,0,,2192.0,,,15.0,1056.0,4.0,76.0,297.0,46.0,5.0,89.0,251.0,597.0,100.0,,,1083.0,24.0,817.0,21.0,189.0,177.0,3.0,134.0,,,106.0,24.0,,67.0,1455.0,26.0,12.0,,122.0,410.0,19.0,10.0,109.0,77.0,20.0,,,40.0,180.0,81.0,,,26.0,,,,53.0,420.0,867.0,894.0,58.0,9.0,71.0,69.0,5.0,1.0,,,,,1.0,49.0,26.0,2.0,1.0,32.0,27.0,15.0,18.0,17.0,60.0,2.0,3.0,4.0,5.0,8.0,1.0,11.0,,24.0,,5.0,12.0,,,2.0,,1.0,,,,,1.0,,,,,,,,,,,,,,,,0.0,,,12.0,,,,,,,,,,,
cpl::Football_Player::347018d8099042888a6076bd0cea0744,K. Çela,Forge,Defender,2023,defender,23,1712,2,1,12,0,2,1,15,18,9,2,3,0,61,84.0,29,1.52,0,0,0,0,0,0,0,0,0.0,0.0,0.0,0.0,0,0,0,0,0,0,0,0,0,0,0,0,0,,1712.0,2.0,,7.0,933.0,3.0,46.0,199.0,22.0,3.0,83.0,166.0,613.0,74.0,,,969.0,18.0,754.0,26.0,157.0,275.0,4.0,104.0,,,77.0,18.0,,55.0,1171.0,23.0,3.0,,57.0,329.0,26.0,10.0,81.0,58.0,9.0,,,49.0,137.0,81.0,,,23.0,,,,25.0,319.0,779.0,812.0,80.0,4.0,56.0,32.0,3.0,1.0,,,,,1.0,22.0,13.0,,,15.0,17.0,10.0,31.0,7.0,1.0,5.0,10.0,12.0,1.0,18.0,,2.0,,,,,2.0,1.0,,,,,1.0,1.0,2.0,,2.0,1.0,2.0,,2.0,,2.0,,,,,,,,,,0.0,1.0,1.0,,2.0,1.0,,,,,,,,,
cpl::Football_Player::242992e119ea4cf3b76878a2029dddac,P. Gee,Vancouver FC,Defender,2023,defender,26,2330,0,1,5,0,3,1,22,24,21,3,6,0,43,82.0,40,1.55,0,0,0,0,0,0,0,0,0.0,0.0,0.0,0.0,0,0,0,0,0,0,0,0,0,0,0,0,0,,2330.0,,,12.0,1290.0,13.0,129.0,474.0,25.0,6.0,114.0,362.0,626.0,135.0,1.0,,1333.0,24.0,977.0,32.0,249.0,277.0,21.0,222.0,,,149.0,26.0,,75.0,1795.0,26.0,8.0,,156.0,569.0,12.0,10.0,106.0,107.0,21.0,,,26.0,216.0,73.0,,,26.0,,,,76.0,358.0,1048.0,1084.0,60.0,5.0,110.0,80.0,8.0,2.0,,,,,27.0,33.0,35.0,1.0,,22.0,21.0,13.0,34.0,11.0,88.0,,2.0,5.0,5.0,7.0,,47.0,16.0,9.0,15.0,16.0,48.0,5.0,,,,,,1.0,3.0,,3.0,,,,,,,,,,1.0,,,,,,0.0,,,27.0,,4.0,,,,,,,,,
cpl::Football_Player::5d3e254b11fe4041bdd0b85385ae0907,L. Thompson,Vancouver FC,Defender,2023,defender,3,48,0,0,0,0,0,0,2,2,0,0,1,0,0,62.0,2,3.75,0,0,0,0,0,0,0,0,0.0,0.0,0.0,0.0,0,0,0,0,0,0,0,0,0,0,0,0,0,,48.0,,,,13.0,,2.0,2.0,2.0,1.0,2.0,6.0,6.0,3.0,1.0,,13.0,2.0,8.0,2.0,5.0,3.0,,5.0,,,3.0,,,,26.0,3.0,1.0,,9.0,4.0,,10.0,4.0,,,,,,9.0,3.0,,,3.0,,,,5.0,4.0,8.0,8.0,,,5.0,4.0,,,,,,,,4.0,1.0,,,2.0,,1.0,,2.0,,3.0,,,,1.0,,,,,,,,,,,,,,,,,,,,,,,,,,,,,,,,,0.0,,,1.0,,,,,,,,,,,
cpl::Football_Player::b48a3c5692c34ed3915577a233b54697,N. Abatneh,Atlético,Defender,2023,defender,12,637,0,0,1,0,0,0,9,5,6,0,1,1,47,91.0,12,1.7,0,0,0,0,0,0,0,0,0.0,0.0,0.0,0.0,0,0,0,0,0,0,0,0,0,0,0,0,0,,637.0,,1.0,,382.0,,25.0,73.0,1.0,1.0,11.0,40.0,280.0,24.0,,,388.0,5.0,345.0,10.0,35.0,96.0,1.0,17.0,,,30.0,8.0,,18.0,468.0,12.0,4.0,,33.0,110.0,3.0,10.0,35.0,8.0,6.0,,,11.0,56.0,15.0,,,12.0,,,,9.0,157.0,348.0,353.0,23.0,,21.0,24.0,2.0,3.0,1.0,1.0,,,5.0,13.0,11.0,1.0,,9.0,8.0,6.0,12.0,4.0,7.0,4.0,1.0,1.0,,4.0,1.0,,,,,1.0,,,,,,,,,,,,,,,,,,,,,,,,,,,0.0,,,2.0,,,,,,,,,,,
cpl::Football_Player::ddaa28ce30bc4ad8888405cb267a86cc,Miguel Acosta,Atlético,Defender,2023,defender,25,2168,1,2,8,0,5,2,48,29,11,1,3,0,51,82.0,31,1.29,0,0,0,0,0,0,0,0,0.0,0.0,0.0,0.0,0,0,0,0,0,0,0,0,0,0,0,0,0,,2168.0,,,8.0,869.0,4.0,115.0,299.0,32.0,3.0,85.0,280.0,429.0,84.0,,,890.0,29.0,644.0,26.0,169.0,147.0,11.0,144.0,,,120.0,24.0,,55.0,1368.0,25.0,19.0,,198.0,332.0,12.0,10.0,113.0,77.0,11.0,,,15.0,227.0,55.0,,,25.0,,,,100.0,296.0,702.0,721.0,29.0,7.0,114.0,98.0,5.0,2.0,,,,,13.0,75.0,45.0,1.0,,48.0,24.0,19.0,14.0,27.0,98.0,1.0,3.0,8.0,,7.0,,30.0,7.0,37.0,7.0,10.0,30.0,2.0,,,,,1.0,2.0,1.0,,5.0,,1.0,1.0,1.0,,,,,,,,,,,,0.0,1.0,0.0,28.0,,2.0,,,,,,,,,
cpl::Football_Player::56d0b0c6af014268ba1e3a54193096e4,B. Vliet,Cavalry,Defender,2023,defender,14,842,0,2,6,0,3,2,20,15,7,1,3,0,80,78.0,14,1.5,19,0,0,0,0,0,0,0,0.0,0.0,0.0,0.0,0,0,0,0,0,0,0,0,0,0,0,0,0,,842.0,,,4.0,341.0,8.0,35.0,154.0,13.0,3.0,44.0,160.0,133.0,35.0,3.0,,355.0,15.0,238.0,14.0,79.0,115.0,6.0,93.0,,,46.0,9.0,,26.0,619.0,14.0,10.0,,73.0,188.0,2.0,10.0,52.0,38.0,7.0,,,8.0,83.0,19.0,,,14.0,,,,29.0,17.0,265.0,276.0,10.0,2.0,31.0,44.0,,1.0,,,,,10.0,27.0,14.0,,,20.0,18.0,8.0,2.0,7.0,56.0,5.0,3.0,6.0,1.0,2.0,1.0,17.0,11.0,30.0,4.0,3.0,40.0,,,19.0,,14.0,2.0,2.0,1.0,5.0,3.0,2.0,,,,,,,,,,,,,,,0.0,,,4.0,,,,,,,,,,,
cpl::Football_Player::1b51a11201234c7ea6415ff935930a82,A. Baquero,Valour,Defender,2023,defender,26,1839,0,0,9,0,2,0,29,22,11,2,3,0,45,83.0,30,1.47,1,0,0,0,0,0,0,0,0.0,0.0,0.0,0.0,0,0,0,0,0,0,0,0,0,0,0,0,0,,1839.0,,,8.0,1182.0,12.0,139.0,558.0,18.0,3.0,62.0,345.0,453.0,145.0,1.0,,1201.0,22.0,870.0,27.0,207.0,120.0,19.0,206.0,,,130.0,18.0,,50.0,1702.0,26.0,14.0,,143.0,473.0,15.0,10.0,91.0,124.0,11.0,,,17.0,180.0,37.0,,,26.0,,,,69.0,469.0,976.0,994.0,37.0,4.0,89.0,74.0,3.0,2.0,,,,,17.0,46.0,36.0,,,29.0,23.0,10.0,20.0,17.0,151.0,8.0,7.0,9.0,8.0,7.0,1.0,49.0,17.0,41.0,16.0,11.0,49.0,2.0,4.0,1.0,,,,,2.0,1.0,2.0,2.0,,,,,,,,1.0,,,,,,,0.0,,,19.0,,4.0,,,,,,,,,
cpl::Football_Player::c6f67d242759463b83daae21b4e090fd,Diego Espejo,Atlético,Defender,2023,defender,19,1590,1,0,9,0,3,0,15,20,20,0,5,1,81,83.0,23,1.3,0,0,0,0,0,0,0,0,0.0,0.0,0.0,0.0,0,0,0,0,0,0,0,0,0,0,0,0,0,,1590.0,5.0,1.0,5.0,858.0,,30.0,192.0,31.0,5.0,91.0,165.0,540.0,63.0,,,886.0,20.0,660.0,20.0,154.0,265.0,3.0,102.0,,,61.0,18.0,,53.0,1118.0,19.0,5.0,,86.0,272.0,16.0,10.0,93.0,72.0,20.0,,,44.0,140.0,100.0,,,19.0,,,,37.0,319.0,709.0,732.0,54.0,5.0,47.0,49.0,3.0,3.0,1.0,1.0,,,1.0,28.0,13.0,1.0,,15.0,20.0,8.0,10.0,13.0,5.0,1.0,6.0,9.0,1.0,8.0,,1.0,,2.0,,1.0,1.0,,,,,,,,,,3.0,,1.0,,1.0,,1.0,,,,,,,,,,0.0,1.0,0.0,3.0,5.0,,,,,,,,,,
cpl::Football_Player::88981199ee1c47cbb911a6b22266e324,M. Tissot,Atlético,Defender,2023,defender,15,1066,2,0,10,0,2,0,16,8,17,3,1,0,66,76.0,17,1.44,1,0,1,0,0,0,0,0,0.0,0.0,0.0,0.0,0,0,0,0,0,0,0,0,0,0,0,0,0,,1066.0,,,4.0,402.0,7.0,111.0,179.0,14.0,1.0,32.0,173.0,138.0,69.0,,,413.0,8.0,293.0,15.0,101.0,114.0,6.0,96.0,,,56.0,12.0,,33.0,704.0,15.0,2.0,,82.0,173.0,30.0,10.0,60.0,19.0,17.0,,,10.0,97.0,21.0,,,15.0,,,,32.0,15.0,303.0,312.0,15.0,1.0,37.0,50.0,2.0,7.0,,,,,11.0,23.0,27.0,1.0,,16.0,13.0,7.0,5.0,7.0,79.0,3.0,8.0,10.0,1.0,3.0,,25.0,5.0,13.0,5.0,6.0,28.0,,,1.0,,1.0,,,3.0,,2.0,3.0,2.0,,,,,2.0,2.0,1.0,,2.0,,,,,0.0,1.0,1.0,17.0,,1.0,,,,,,,,,
cpl::Football_Player::f40858671e354d42ad80fd9d251afb6f,R. Rama,Forge,Defender,2023,defender,28,2397,1,2,12,0,4,2,45,43,19,1,8,0,38,80.0,29,1.09,0,0,0,0,0,0,0,0,0.0,0.0,0.0,0.0,0,0,0,0,0,0,0,0,0,0,0,0,0,,2397.0,,1.0,3.0,1302.0,15.0,230.0,526.0,35.0,8.0,82.0,414.0,542.0,196.0,1.0,,1338.0,43.0,1007.0,23.0,278.0,88.0,16.0,209.0,,,136.0,27.0,,101.0,2039.0,28.0,21.0,,216.0,574.0,27.0,10.0,123.0,53.0,19.0,,,16.0,258.0,52.0,,,28.0,,,,109.0,446.0,1024.0,1060.0,42.0,4.0,135.0,107.0,6.0,11.0,,,,,12.0,76.0,73.0,1.0,,45.0,37.0,24.0,26.0,31.0,243.0,1.0,8.0,12.0,3.0,15.0,1.0,32.0,8.0,27.0,7.0,25.0,32.0,4.0,2.0,,,,2.0,2.0,1.0,,4.0,,1.0,,1.0,,1.0,,,,,,,,,,0.0,1.0,0.0,36.0,,4.0,,,,,,,,,
cpl::Football_Player::d46e06f14e0d47e58d6f5f00e1eabfa9,T. Meilleur-Giguère,Wanderers,Defender,2023,defender,29,2609,4,0,16,0,7,0,18,9,10,5,2,0,60,89.0,35,1.21,0,0,2,0,0,0,0,0,0.0,0.0,0.0,0.0,0,0,0,0,0,0,0,0,0,0,0,0,0,,2609.0,3.0,,9.0,1547.0,3.0,63.0,284.0,34.0,2.0,94.0,201.0,1117.0,94.0,3.0,,1589.0,9.0,1302.0,31.0,188.0,586.0,3.0,127.0,,,130.0,29.0,,62.0,1884.0,29.0,3.0,,67.0,483.0,32.0,10.0,111.0,99.0,10.0,,,70.0,183.0,139.0,,,29.0,,,,26.0,457.0,1361.0,1401.0,116.0,8.0,72.0,41.0,4.0,1.0,,,,,4.0,28.0,9.0,2.0,,18.0,22.0,5.0,46.0,10.0,,,9.0,16.0,6.0,22.0,,1.0,,1.0,,1.0,1.0,,,,,,,,5.0,,7.0,,4.0,2.0,4.0,,1.0,,1.0,,,,,,,,0.0,1.0,3.0,3.0,3.0,,,,,,,,,,
cpl::Football_Player::d29736b5baf24409acfa96d3a52436e1,A. Jean-Baptiste,Valour,Defender,2023,defender,9,487,0,0,3,0,1,0,3,1,2,1,0,0,40,83.0,7,1.29,0,0,0,0,0,0,0,0,0.0,0.0,0.0,0.0,0,0,0,0,0,0,0,0,0,0,0,0,0,,487.0,,,1.0,268.0,1.0,9.0,73.0,9.0,,27.0,52.0,161.0,21.0,1.0,,282.0,1.0,209.0,6.0,48.0,65.0,,36.0,,,23.0,6.0,,12.0,336.0,9.0,1.0,,10.0,105.0,3.0,10.0,18.0,25.0,2.0,,,9.0,32.0,24.0,,,9.0,,,,1.0,103.0,221.0,234.0,22.0,,14.0,9.0,1.0,3.0,,,,,,7.0,1.0,,,3.0,1.0,,13.0,4.0,,3.0,2.0,3.0,,5.0,1.0,,,,,,,,1.0,,,,,,1.0,,1.0,,,,,,,,,,,,,,,,0.0,,,,,,,,,,,,,,
cpl::Football_Player::e879ca3a6c7e4bb9ba29edd41f2b202e,Z. Roy,Atlético,Defender,2023,defender,3,71,0,0,0,0,0,0,3,0,1,0,1,0,0,78.0,0,0.0,0,0,0,0,0,0,0,0,0.0,0.0,0.0,0.0,0,0,0,0,0,0,0,0,0,0,0,0,0,,71.0,,,,31.0,,14.0,10.0,2.0,1.0,2.0,13.0,14.0,5.0,,,31.0,,22.0,,7.0,5.0,,5.0,,,2.0,1.0,,2.0,46.0,3.0,,,6.0,11.0,1.0,10.0,5.0,2.0,1.0,,,,9.0,,,,3.0,,,,1.0,1.0,24.0,24.0,3.0,,4.0,5.0,,1.0,,,,,1.0,3.0,3.0,,,3.0,,1.0,3.0,,3.0,2.0,,,,,,,,3.0,,,,,,,,,,,,,,,,,,,,,,,,,,,,,0.0,,,1.0,,1.0,,,,,,,,,
cpl::Football_Player::7b0f6d51a0774b0691b240a3a96bc0ee,M. de Brienne,Atlético,Defender,2023,defender,20,1571,3,3,14,0,4,3,22,24,25,0,3,0,69,79.0,21,1.2,30,0,0,0,0,0,0,0,0.0,0.0,0.0,0.0,0,0,0,0,0,0,0,0,0,0,0,0,0,,1571.0,,,8.0,758.0,9.0,125.0,361.0,28.0,3.0,69.0,303.0,271.0,95.0,1.0,,772.0,24.0,559.0,19.0,164.0,270.0,25.0,172.0,,,133.0,18.0,,43.0,1263.0,20.0,12.0,,160.0,334.0,31.0,10.0,103.0,49.0,25.0,,,16.0,183.0,33.0,,,20.0,,,,73.0,43.0,595.0,608.0,23.0,4.0,80.0,87.0,2.0,4.0,,,,,21.0,42.0,38.0,1.0,1.0,22.0,40.0,28.0,7.0,20.0,85.0,2.0,10.0,14.0,3.0,2.0,,24.0,24.0,17.0,15.0,21.0,51.0,2.0,2.0,30.0,,21.0,2.0,3.0,,8.0,4.0,,3.0,2.0,2.0,1.0,,1.0,1.0,,,,,,,,0.0,2.0,1.0,29.0,,4.0,,,,,,,,,
cpl::Football_Player::fd9ddb9946a84feeb1b5e9a8dd531160,A. Samaké,Valour,Defender,2023,defender,17,1457,1,0,4,0,2,0,9,18,13,0,4,0,77,87.0,20,1.24,0,0,0,0,0,0,0,0,0.0,0.0,0.0,0.0,0,0,0,0,0,0,0,0,0,0,0,0,0,,1457.0,5.0,,5.0,901.0,,43.0,303.0,10.0,4.0,42.0,150.0,506.0,85.0,,,936.0,18.0,751.0,18.0,127.0,291.0,4.0,87.0,,,104.0,17.0,,40.0,1112.0,17.0,7.0,,73.0,376.0,19.0,10.0,88.0,58.0,13.0,,,49.0,136.0,48.0,,,17.0,,,,34.0,226.0,776.0,809.0,63.0,5.0,48.0,39.0,2.0,3.0,,,,,9.0,17.0,7.0,,1.0,9.0,17.0,3.0,14.0,8.0,12.0,,2.0,4.0,1.0,5.0,,,,1.0,,3.0,,,,,,,,,,,2.0,,1.0,1.0,1.0,,,,,,,,,,,,0.0,0.0,1.0,8.0,5.0,,,,,,,,,,
cpl::Football_Player::ebfeb9e972964148846658f57142a247,R. Thompson,York,Defender,2023,defender,15,1166,1,0,4,0,1,0,11,8,2,0,2,0,42,85.0,22,1.7,0,0,0,0,0,0,0,0,0.0,0.0,0.0,0.0,0,0,0,0,0,0,0,0,0,0,0,0,0,,1166.0,1.0,,4.0,784.0,,27.0,216.0,8.0,2.0,65.0,128.0,467.0,57.0,,,805.0,8.0,625.0,17.0,122.0,278.0,2.0,79.0,,,61.0,13.0,,44.0,915.0,15.0,4.0,,42.0,339.0,6.0,10.0,41.0,58.0,2.0,,,15.0,77.0,36.0,,,15.0,,,,16.0,161.0,668.0,683.0,35.0,1.0,36.0,26.0,5.0,2.0,,,,,1.0,23.0,11.0,,,11.0,6.0,8.0,20.0,12.0,,2.0,3.0,4.0,,10.0,1.0,1.0,,,,,1.0,1.0,,,,,,,,,1.0,,1.0,,1.0,,1.0,,,,,,,,,,1.0,0.0,1.0,,1.0,,,,,,,,,,
cpl::Football_Player::83cede75122b41d0aad420f4fb5daf2e,J. Daley,Cavalry,Midfielder,2023,midfielder,27,2019,0,5,15,0,2,5,44,45,32,0,12,0,30,82.0,21,0.94,0,0,0,0,0,0,0,0,0.0,0.0,0.0,0.0,0,0,0,0,0,0,0,0,0,0,0,0,0,,2019.0,,1.0,4.0,950.0,5.0,208.0,445.0,41.0,12.0,74.0,258.0,369.0,112.0,2.0,,995.0,45.0,780.0,18.0,186.0,237.0,14.0,150.0,,,134.0,23.0,,56.0,1317.0,27.0,30.0,,204.0,350.0,27.0,10.0,112.0,29.0,32.0,,,6.0,224.0,22.0,,,27.0,,,,98.0,200.0,769.0,809.0,20.0,5.0,112.0,106.0,3.0,11.0,,,,,4.0,70.0,38.0,2.0,,44.0,31.0,17.0,14.0,26.0,6.0,4.0,13.0,15.0,5.0,6.0,,17.0,5.0,1.0,5.0,12.0,20.0,2.0,12.0,,,,2.0,5.0,,,2.0,,,,,1.0,,,,,,,,,,,0.0,,,22.0,,3.0,,,,,,,,,
cpl::Football_Player::423863e33e8f4745b70e6092f11a184d,B. Fisk,Vancouver FC,Midfielder,2023,midfielder,17,486,1,2,7,0,3,2,3,5,7,2,1,0,50,85.0,9,1.67,15,0,1,0,0,0,0,0,0.0,0.0,0.0,0.0,0,0,0,0,0,0,0,0,0,0,0,0,0,,486.0,,,,224.0,4.0,92.0,141.0,,1.0,4.0,99.0,64.0,32.0,2.0,,232.0,5.0,187.0,8.0,36.0,52.0,8.0,53.0,,,26.0,4.0,,11.0,349.0,17.0,4.0,,46.0,69.0,14.0,10.0,19.0,9.0,7.0,,,3.0,52.0,2.0,,,17.0,,,,30.0,19.0,188.0,196.0,6.0,1.0,33.0,16.0,1.0,4.0,,,,,5.0,4.0,10.0,,,3.0,1.0,2.0,3.0,1.0,4.0,13.0,4.0,7.0,2.0,1.0,,16.0,9.0,,7.0,3.0,28.0,2.0,7.0,15.0,,9.0,2.0,2.0,2.0,2.0,3.0,1.0,1.0,,1.0,,1.0,,,,,,,,,,0.0,0.0,1.0,17.0,,2.0,,,,,,,,,
cpl::Football_Player::d3d6fda71a9e4981abbb1d3785bc0dee,C. Trafford,Cavalry,Midfielder,2023,midfielder,28,2031,0,1,19,0,6,1,33,41,56,0,9,0,69,88.0,25,1.11,0,0,2,0,0,0,0,0,0.0,0.0,0.0,0.0,0,0,0,0,0,0,0,0,0,0,0,0,0,,2031.0,,,4.0,1264.0,5.0,247.0,506.0,17.0,9.0,45.0,217.0,630.0,124.0,3.0,,1304.0,41.0,1078.0,22.0,169.0,358.0,12.0,119.0,,,171.0,24.0,,56.0,1654.0,28.0,27.0,,206.0,366.0,28.0,10.0,175.0,57.0,56.0,,,50.0,278.0,23.0,,,28.0,,,,81.0,333.0,1097.0,1135.0,72.0,3.0,103.0,125.0,3.0,11.0,,,,,16.0,54.0,38.0,1.0,,33.0,28.0,31.0,22.0,21.0,6.0,4.0,13.0,19.0,8.0,13.0,,4.0,1.0,,1.0,7.0,6.0,1.0,10.0,,,,,1.0,,,6.0,,,,,,,,,,,,,,,,0.0,,,21.0,,3.0,,,,,,,,,
cpl::Football_Player::64ff8ebb61c74060b52ab17341495a05,M. Ferrin,York,Midfielder,2023,midfielder,26,2276,8,3,46,0,24,3,16,27,61,7,2,0,45,84.0,27,1.07,12,0,3,0,0,0,0,0,0.0,0.0,0.0,0.0,0,0,0,0,0,0,0,0,0,0,0,0,0,,2276.0,,,2.0,769.0,16.0,260.0,462.0,1.0,2.0,7.0,340.0,215.0,120.0,1.0,,787.0,27.0,640.0,20.0,127.0,269.0,32.0,136.0,,,100.0,26.0,,21.0,1373.0,26.0,12.0,,287.0,185.0,111.0,10.0,179.0,20.0,61.0,,,27.0,347.0,14.0,,,26.0,,,,135.0,73.0,643.0,660.0,60.0,4.0,168.0,152.0,7.0,6.0,,,,,60.0,31.0,54.0,,,16.0,17.0,35.0,33.0,15.0,9.0,,22.0,46.0,19.0,5.0,,21.0,17.0,1.0,10.0,47.0,30.0,5.0,15.0,12.0,,6.0,3.0,3.0,7.0,6.0,24.0,2.0,8.0,6.0,3.0,2.0,1.0,5.0,1.0,2.0,,,,,,,1.0,5.0,3.0,91.0,,13.0,,,,,,,,,
cpl::Football_Player::0f32aad5bf304f70bb295ab41b41b4d9,M. Henry,Cavalry,Midfielder,2023,midfielder,18,682,2,0,11,0,4,0,11,18,22,1,1,0,33,80.0,3,0.4,4,0,0,0,0,0,0,0,0.0,0.0,0.0,0.0,0,0,0,0,0,0,0,0,0,0,0,0,0,,682.0,,,,177.0,6.0,49.0,88.0,6.0,1.0,9.0,103.0,60.0,28.0,,,182.0,18.0,137.0,3.0,37.0,52.0,6.0,43.0,,,42.0,7.0,,10.0,357.0,18.0,13.0,,103.0,55.0,16.0,10.0,52.0,8.0,22.0,,,6.0,121.0,2.0,,,18.0,,,,57.0,26.0,140.0,145.0,18.0,,69.0,46.0,,6.0,,,,,10.0,14.0,14.0,1.0,,11.0,2.0,11.0,12.0,3.0,3.0,11.0,7.0,11.0,10.0,,,13.0,3.0,,2.0,16.0,16.0,1.0,2.0,4.0,,3.0,,,1.0,1.0,4.0,3.0,2.0,1.0,1.0,,,1.0,1.0,1.0,,,,,,,0.0,1.0,1.0,23.0,,2.0,,,,,,,,,
cpl::Football_Player::6aa0420a7a3448a49b34c863c5b11ce4,N. Myroniuk,Cavalry,Midfielder,2023,midfielder,1,3,0,0,0,0,0,0,1,0,0,0,0,0,0,0.0,0,0.0,0,0,0,0,0,0,0,0,0.0,0.0,0.0,0.0,0,0,0,0,0,0,0,0,0,0,0,0,0,,3.0,,,,2.0,,,,1.0,,1.0,2.0,,1.0,,,2.0,,,,2.0,,,1.0,,,2.0,,,1.0,3.0,1.0,,,1.0,2.0,,10.0,1.0,,,,,,1.0,,,,1.0,,,,,,,,,,,1.0,,,,,,,,1.0,,,,1.0,,,,,,1.0,,,,,,,,,,,,,,,,,,,,,,,,,,,,,,,,,,,,,0.0,,,,,,,,,,,,,,
cpl::Football_Player::aa04c836bb59425c85469387082f8d56,N. Gyimah,Vancouver FC,Midfielder,2023,midfielder,11,251,0,0,5,0,2,0,9,10,8,1,4,0,28,58.0,3,1.08,1,0,0,0,0,0,0,0,0.0,0.0,0.0,0.0,0,0,0,0,0,0,0,0,0,0,0,0,0,,251.0,,,,47.0,3.0,11.0,15.0,2.0,4.0,3.0,40.0,13.0,18.0,,,49.0,10.0,27.0,2.0,21.0,13.0,1.0,18.0,,,20.0,2.0,,7.0,114.0,11.0,5.0,,49.0,12.0,7.0,10.0,25.0,1.0,8.0,,,2.0,56.0,3.0,,,11.0,,,,26.0,13.0,26.0,28.0,7.0,,31.0,23.0,1.0,2.0,,,,,1.0,14.0,9.0,,,9.0,2.0,3.0,5.0,5.0,3.0,9.0,3.0,5.0,1.0,,,4.0,,,,6.0,4.0,,2.0,1.0,,,,,1.0,,2.0,,,,,,,,,,,,,,,,0.0,,,9.0,,1.0,,,,,,,,,
cpl::Football_Player::6f78048ef6fe4d51aa66aa87e5fbf0c5,A. Daniels,Pacific,Midfielder,2023,midfielder,29,1885,3,5,21,0,9,5,21,19,31,0,2,0,40,88.0,22,1.05,16,0,1,0,0,0,0,0,0.0,0.0,0.0,0.0,0,0,0,0,0,0,0,0,0,0,0,0,0,,1885.0,,,,832.0,9.0,259.0,477.0,10.0,2.0,21.0,258.0,328.0,91.0,2.0,,892.0,19.0,735.0,16.0,112.0,216.0,29.0,117.0,,,97.0,22.0,,31.0,1281.0,29.0,14.0,,185.0,220.0,28.0,10.0,103.0,45.0,31.0,,,8.0,205.0,7.0,,,29.0,,,,90.0,197.0,722.0,780.0,20.0,1.0,102.0,95.0,6.0,18.0,,,,,34.0,30.0,41.0,,,21.0,9.0,16.0,12.0,9.0,26.0,7.0,12.0,21.0,6.0,1.0,,29.0,25.0,1.0,21.0,26.0,36.0,8.0,17.0,16.0,,4.0,5.0,5.0,,3.0,9.0,3.0,3.0,2.0,2.0,2.0,,1.0,1.0,,,,,,,,1.0,1.0,2.0,53.0,,7.0,,,,,,,,,
cpl::Football_Player::faefaad76b26402c9854af3aab596d16,M. Omar,Wanderers,Midfielder,2023,midfielder,26,1558,0,0,5,0,2,0,31,24,44,0,4,0,44,92.0,23,1.33,0,0,0,0,0,0,0,0,0.0,0.0,0.0,0.0,0,0,0,0,0,0,0,0,0,0,0,0,0,,1558.0,2.0,,1.0,779.0,,146.0,289.0,2.0,4.0,10.0,116.0,454.0,59.0,2.0,,811.0,24.0,701.0,15.0,69.0,270.0,5.0,45.0,,,109.0,18.0,,26.0,1080.0,26.0,16.0,,163.0,180.0,16.0,10.0,114.0,41.0,44.0,,,20.0,208.0,36.0,,,26.0,,,,69.0,215.0,711.0,742.0,45.0,1.0,94.0,94.0,8.0,8.0,,,,,5.0,45.0,28.0,1.0,,31.0,18.0,19.0,25.0,14.0,,8.0,3.0,5.0,3.0,14.0,,2.0,1.0,1.0,1.0,5.0,2.0,,10.0,,,,,,,,2.0,,,,,,,,,,1.0,,,,,,0.0,,,18.0,2.0,3.0,,,,,,,,,
cpl::Football_Player::4706f743c2cf40c992e6d3dcba4d4eff,N. Moazeni Zadeh,Vancouver FC,Midfielder,2023,midfielder,13,836,0,0,4,0,1,0,14,16,5,0,4,0,54,79.0,13,1.4,1,0,0,0,0,0,0,0,0.0,0.0,0.0,0.0,0,0,0,0,0,0,0,0,0,0,0,0,0,,836.0,,,3.0,297.0,2.0,52.0,101.0,10.0,4.0,25.0,99.0,141.0,41.0,,,308.0,16.0,219.0,10.0,66.0,84.0,3.0,48.0,,,57.0,9.0,,23.0,445.0,13.0,8.0,,92.0,84.0,5.0,10.0,58.0,23.0,5.0,,,12.0,114.0,13.0,,,13.0,,,,46.0,88.0,233.0,242.0,22.0,1.0,56.0,46.0,3.0,6.0,,,,,12.0,29.0,12.0,1.0,,14.0,13.0,5.0,10.0,15.0,1.0,4.0,3.0,4.0,1.0,5.0,,4.0,,,,4.0,5.0,,7.0,1.0,,1.0,,,,,1.0,,,,,,,,,,,,,,,,0.0,,,13.0,,,,,,,,,,,
cpl::Football_Player::5e944a82a82b42b483bed288bb7633a8,M. Aparicio,Atlético,Midfielder,2023,midfielder,27,2316,4,5,45,0,18,5,36,40,32,2,5,0,41,82.0,28,1.09,6,0,2,2,1,0,0,0,0.0,0.0,0.0,0.0,0,0,0,0,0,0,0,0,0,0,0,0,0,,2316.0,,,5.0,1270.0,12.0,263.0,593.0,11.0,5.0,77.0,387.0,477.0,169.0,3.0,,1309.0,40.0,993.0,24.0,246.0,296.0,18.0,242.0,,,181.0,26.0,,43.0,1800.0,27.0,23.0,,253.0,457.0,50.0,10.0,152.0,70.0,32.0,,,23.0,309.0,18.0,,,27.0,,,,124.0,293.0,1025.0,1063.0,56.0,8.0,157.0,129.0,4.0,3.0,,,,,45.0,53.0,50.0,,,36.0,21.0,25.0,33.0,17.0,33.0,1.0,27.0,45.0,17.0,4.0,,35.0,7.0,9.0,6.0,28.0,39.0,4.0,22.0,6.0,,3.0,5.0,5.0,2.0,,18.0,9.0,4.0,3.0,3.0,2.0,1.0,1.0,,,,,2.0,1.0,,1.0,2.0,2.0,2.0,41.0,,4.0,,,,,,,,,
cpl::Football_Player::47690253116d4e34ac0d075eb36df3b3,T. Giraldo,Wanderers,Midfielder,2023,midfielder,19,814,2,0,12,0,5,0,15,22,9,1,2,0,21,70.0,9,1.0,1,0,0,0,0,0,0,0,0.0,0.0,0.0,0.0,0,0,0,0,0,0,0,0,0,0,0,0,0,,814.0,,,3.0,208.0,1.0,51.0,94.0,1.0,2.0,12.0,145.0,53.0,52.0,1.0,,211.0,22.0,141.0,7.0,64.0,52.0,7.0,54.0,,,41.0,10.0,,17.0,390.0,19.0,14.0,,98.0,77.0,17.0,10.0,40.0,6.0,9.0,,,4.0,117.0,5.0,,,19.0,,,,62.0,31.0,144.0,147.0,19.0,,77.0,36.0,2.0,8.0,,,,,5.0,22.0,22.0,1.0,,15.0,6.0,9.0,15.0,7.0,4.0,9.0,7.0,12.0,1.0,,,7.0,,,,18.0,7.0,3.0,7.0,1.0,,,,,1.0,,5.0,,2.0,,2.0,,,,2.0,,,,,,,,1.0,2.0,0.0,37.0,,4.0,,,,,,,,,
cpl::Football_Player::3aa93b6a47f24dd59a4d50f71ae926d5,M. Cantave,Vancouver FC,Midfielder,2023,midfielder,26,1643,6,2,26,0,15,2,18,31,28,2,3,0,43,82.0,32,1.75,15,0,2,0,0,0,0,0,0.0,0.0,0.0,0.0,0,0,0,0,0,0,0,0,0,0,0,0,0,,1643.0,,,1.0,372.0,15.0,112.0,221.0,3.0,3.0,13.0,215.0,101.0,57.0,6.0,,377.0,31.0,297.0,31.0,70.0,99.0,21.0,76.0,,,66.0,19.0,,17.0,746.0,26.0,8.0,,203.0,87.0,60.0,10.0,104.0,10.0,28.0,,,13.0,233.0,4.0,,,26.0,,,,112.0,79.0,302.0,307.0,30.0,,129.0,91.0,1.0,16.0,,,,,40.0,23.0,26.0,1.0,,18.0,8.0,16.0,17.0,5.0,7.0,7.0,11.0,26.0,10.0,4.0,,15.0,15.0,1.0,11.0,37.0,23.0,3.0,2.0,15.0,,8.0,1.0,2.0,2.0,4.0,15.0,3.0,6.0,3.0,4.0,1.0,,2.0,3.0,,,,,,,,1.0,4.0,2.0,62.0,,11.0,,,,,,,,,
cpl::Football_Player::6a778700603244eeabcce04c59c6ccc0,A. Hojabrpour,Forge,Midfielder,2023,midfielder,24,1610,1,0,12,0,1,0,28,17,14,0,4,0,64,90.0,19,1.06,1,0,0,0,0,0,0,0,0.0,0.0,0.0,0.0,0,0,0,0,0,0,0,0,0,0,0,0,0,,1610.0,,2.0,,946.0,2.0,129.0,430.0,6.0,4.0,25.0,136.0,446.0,82.0,3.0,,983.0,17.0,826.0,16.0,107.0,276.0,12.0,80.0,,,113.0,18.0,,32.0,1208.0,24.0,13.0,,123.0,267.0,14.0,10.0,74.0,50.0,14.0,,,11.0,140.0,34.0,,,24.0,,,,60.0,311.0,842.0,876.0,17.0,4.0,66.0,63.0,3.0,8.0,,,,1.0,5.0,44.0,23.0,,,28.0,21.0,10.0,6.0,16.0,4.0,6.0,11.0,12.0,8.0,9.0,,5.0,,,,6.0,5.0,2.0,3.0,1.0,,,,,,,1.0,,1.0,,1.0,,,,,,,,,,1.0,,0.0,0.0,1.0,10.0,,,,,,,,,,,
cpl::Football_Player::9a6571b3737143b79989244b08fbd50d,S. Camargo,Cavalry,Midfielder,2023,midfielder,28,1651,6,2,24,0,11,2,10,17,28,1,6,0,26,81.0,18,0.98,7,0,1,0,0,0,0,0,0.0,0.0,0.0,0.0,0,0,0,0,0,0,0,0,0,0,0,0,0,,1651.0,,,2.0,609.0,19.0,229.0,344.0,5.0,6.0,23.0,266.0,182.0,105.0,2.0,,649.0,17.0,505.0,16.0,128.0,163.0,26.0,130.0,,,105.0,23.0,,21.0,970.0,28.0,10.0,,165.0,165.0,75.0,10.0,83.0,16.0,28.0,,,6.0,188.0,2.0,,,28.0,,,,88.0,92.0,482.0,521.0,23.0,,105.0,77.0,2.0,24.0,,,,,32.0,17.0,35.0,2.0,,10.0,12.0,13.0,17.0,7.0,6.0,5.0,13.0,24.0,7.0,,,19.0,5.0,1.0,5.0,32.0,23.0,2.0,18.0,7.0,,4.0,1.0,2.0,1.0,,11.0,,6.0,3.0,6.0,,1.0,,2.0,1.0,1.0,,,,,,2.0,3.0,3.0,60.0,,6.0,,,,,,,,,
cpl::Football_Player::fd8128d359f64c5180b7115c46766e93,T. Esprit,York,Midfielder,2023,midfielder,11,373,0,0,0,0,0,0,8,8,10,0,1,0,45,83.0,9,2.17,0,0,0,0,0,0,0,0,0.0,0.0,0.0,0.0,0,0,0,0,0,0,0,0,0,0,0,0,0,,373.0,,,,166.0,1.0,42.0,65.0,4.0,1.0,7.0,53.0,76.0,22.0,,,169.0,8.0,137.0,9.0,29.0,12.0,1.0,20.0,,,27.0,3.0,,12.0,267.0,11.0,3.0,,57.0,44.0,3.0,10.0,39.0,3.0,10.0,,,5.0,68.0,5.0,,,11.0,,,,23.0,71.0,137.0,140.0,11.0,,29.0,34.0,,,,,,,9.0,15.0,11.0,1.0,,8.0,5.0,5.0,6.0,7.0,12.0,8.0,,,1.0,1.0,,3.0,1.0,3.0,1.0,4.0,3.0,,,,,,,,,,,,,,,,,,,,,,,,,,0.0,,,12.0,,,,,,,,,,,
cpl::Football_Player::f52a8b692a56475c9c08c17236a42e86,S. Shome,Cavalry,Midfielder,2023,midfielder,20,1395,0,1,4,0,0,1,20,19,18,1,1,0,48,82.0,15,0.97,21,0,0,0,0,0,0,0,0.0,0.0,0.0,0.0,0,0,0,0,0,0,0,0,0,0,0,0,0,,1395.0,,,1.0,550.0,4.0,118.0,263.0,5.0,1.0,23.0,186.0,204.0,83.0,3.0,,567.0,19.0,442.0,12.0,106.0,94.0,8.0,98.0,,,70.0,14.0,,31.0,857.0,20.0,6.0,,107.0,214.0,8.0,10.0,68.0,19.0,18.0,,,13.0,134.0,20.0,,,20.0,,,,52.0,141.0,444.0,461.0,27.0,5.0,66.0,55.0,3.0,3.0,,,,,8.0,30.0,20.0,2.0,1.0,20.0,16.0,6.0,14.0,10.0,69.0,6.0,4.0,4.0,,1.0,,9.0,6.0,9.0,1.0,5.0,23.0,2.0,7.0,21.0,,12.0,,1.0,1.0,5.0,,,,,,2.0,,,,,,,,,,,0.0,,,17.0,,1.0,,,,,,,,,
cpl::Football_Player::25edf8435cd445dfbfb5185b259ca0cf,V. Fry,Vancouver FC,Midfielder,2023,midfielder,10,868,1,1,5,0,2,1,11,35,13,1,6,0,27,80.0,17,1.76,28,0,0,0,0,0,0,0,0.0,0.0,0.0,0.0,0,0,0,0,0,0,0,0,0,0,0,0,0,,868.0,,1.0,2.0,491.0,5.0,89.0,254.0,12.0,6.0,35.0,173.0,156.0,69.0,4.0,,504.0,35.0,365.0,15.0,104.0,140.0,17.0,112.0,,,61.0,10.0,,29.0,689.0,10.0,24.0,,102.0,172.0,9.0,10.0,42.0,35.0,13.0,,,3.0,113.0,13.0,,,10.0,,,,63.0,103.0,391.0,400.0,11.0,1.0,71.0,39.0,2.0,1.0,,,,,2.0,24.0,23.0,1.0,,11.0,10.0,15.0,8.0,13.0,2.0,,3.0,5.0,,2.0,,13.0,10.0,2.0,3.0,6.0,37.0,3.0,6.0,28.0,,15.0,,1.0,1.0,7.0,2.0,,1.0,,1.0,1.0,,,1.0,,,,,,,,1.0,0.0,1.0,14.0,,,,,,,,,,,
cpl::Football_Player::d4dbf5aa0a9e4f1fb721f6cfcc1db14f,I. Mejía,TSS Rovers,Midfielder,2023,midfielder,1,11,0,0,0,0,0,0,0,0,0,0,0,0,0,63.0,0,0.0,1,0,0,0,0,0,0,0,0.0,0.0,0.0,0.0,0,0,0,0,0,0,0,0,0,0,0,0,0,,11.0,,,,8.0,,3.0,5.0,,,,3.0,1.0,3.0,,,8.0,,5.0,,3.0,1.0,1.0,3.0,,,1.0,,,,9.0,1.0,,,,4.0,2.0,10.0,,,,,,,1.0,,,,1.0,,,,,,5.0,5.0,1.0,,1.0,,,,,,,,,,1.0,,,,,,1.0,,,1.0,,,,,,,1.0,,,,,,,1.0,,,,,,1.0,,,,,,,,,,,,,,,,,0.0,,,,,,,,,,,,,,
cpl::Football_Player::03b82a7bcff7496e991befe586fcc2c9,S. Young,Pacific,Midfielder,2023,midfielder,29,2175,4,3,24,0,13,3,39,25,24,1,6,1,60,80.0,28,1.16,3,0,1,0,0,0,0,0,0.0,0.0,0.0,0.0,0,0,0,0,0,0,0,0,0,0,0,0,0,,2175.0,,1.0,4.0,1074.0,14.0,115.0,427.0,21.0,6.0,63.0,317.0,457.0,159.0,2.0,,1103.0,25.0,803.0,25.0,222.0,299.0,20.0,178.0,,,152.0,25.0,,57.0,1478.0,29.0,18.0,,192.0,349.0,68.0,10.0,132.0,78.0,24.0,,,32.0,245.0,30.0,,,29.0,,,,92.0,340.0,853.0,881.0,53.0,5.0,113.0,100.0,3.0,7.0,1.0,,,,18.0,58.0,47.0,,,39.0,22.0,27.0,21.0,19.0,3.0,4.0,11.0,24.0,11.0,11.0,1.0,8.0,3.0,,2.0,16.0,13.0,6.0,12.0,3.0,1.0,2.0,2.0,3.0,1.0,1.0,13.0,,4.0,1.0,4.0,,1.0,,2.0,,1.0,,,,,,2.0,1.0,3.0,34.0,,8.0,,,,,,,,,
cpl::Football_Player::8eb11a313b2348b888a9b1799feba47c,S. Yeates,York,Midfielder,2023,midfielder,29,1693,1,2,20,0,9,2,14,24,17,0,3,0,46,88.0,23,1.22,6,0,2,0,0,0,0,0,0.0,0.0,0.0,0.0,0,0,0,0,0,0,0,0,0,0,0,0,0,,1693.0,,,2.0,865.0,6.0,186.0,457.0,3.0,3.0,12.0,192.0,310.0,99.0,2.0,,873.0,24.0,732.0,21.0,111.0,183.0,17.0,85.0,,,105.0,20.0,,32.0,1127.0,29.0,11.0,,146.0,215.0,30.0,10.0,85.0,30.0,17.0,,,14.0,176.0,5.0,,,29.0,,,,75.0,289.0,754.0,762.0,30.0,1.0,91.0,71.0,2.0,14.0,,,,,27.0,27.0,34.0,2.0,,14.0,13.0,20.0,16.0,13.0,3.0,9.0,11.0,20.0,1.0,2.0,,2.0,5.0,,3.0,23.0,6.0,3.0,10.0,6.0,,3.0,2.0,2.0,,1.0,9.0,,1.0,1.0,1.0,1.0,,,,,,,,,,,0.0,0.0,1.0,37.0,,6.0,,,,,,,,,
cpl::Football_Player::ad84db4f538d40f0b2ef200c7a5ed403,Renan Garcia,Vancouver FC,Midfielder,2023,midfielder,14,1257,1,1,14,0,7,1,26,20,16,0,2,0,50,82.0,27,1.93,5,0,1,0,0,0,0,0,0.0,0.0,0.0,0.0,0,0,0,0,0,0,0,0,0,0,0,0,0,,1257.0,,,2.0,756.0,8.0,94.0,306.0,11.0,2.0,56.0,186.0,341.0,86.0,5.0,,787.0,20.0,589.0,25.0,142.0,207.0,7.0,110.0,,,114.0,14.0,,41.0,1021.0,14.0,14.0,,123.0,263.0,7.0,10.0,77.0,56.0,16.0,,,16.0,155.0,32.0,,,14.0,,,,62.0,223.0,617.0,645.0,32.0,2.0,78.0,61.0,2.0,1.0,,,,,7.0,38.0,29.0,,,26.0,19.0,13.0,16.0,12.0,2.0,,7.0,14.0,11.0,8.0,,4.0,2.0,,1.0,4.0,9.0,,,5.0,,3.0,1.0,1.0,,1.0,7.0,7.0,1.0,,,,,1.0,1.0,,,,,,,,0.0,0.0,1.0,16.0,,1.0,,,,,,,,,
cpl::Football_Player::6bda12878690489697b20b110e311ad1,E. Simmons,Vancouver FC,Midfielder,2023,midfielder,25,1832,0,1,2,0,1,1,29,14,4,0,3,0,32,84.0,35,1.72,0,0,0,0,0,0,0,0,0.0,0.0,0.0,0.0,0,0,0,0,0,0,0,0,0,0,0,0,0,,1832.0,,,5.0,778.0,,156.0,324.0,5.0,3.0,28.0,153.0,328.0,103.0,4.0,,782.0,14.0,608.0,32.0,131.0,191.0,7.0,84.0,,,123.0,24.0,,50.0,967.0,25.0,9.0,,110.0,224.0,,10.0,68.0,43.0,4.0,,,9.0,138.0,23.0,,,25.0,,,,51.0,211.0,647.0,651.0,28.0,3.0,70.0,59.0,3.0,16.0,,,,,7.0,49.0,38.0,,,29.0,27.0,17.0,19.0,20.0,1.0,1.0,1.0,2.0,1.0,4.0,,3.0,1.0,,1.0,3.0,3.0,2.0,8.0,,,,,1.0,,,1.0,,,,,,,,,,,,,,,,0.0,,,10.0,,2.0,,,,,,,,,
cpl::Football_Player::33b0cf3a477d454f96fe4f14c3b6125c,A. Achinioti-Jönsson,Forge,Midfielder,2023,midfielder,29,2399,0,0,12,0,6,0,22,21,41,1,2,0,59,87.0,29,1.09,0,0,0,0,0,0,0,0,0.0,0.0,0.0,0.0,0,0,0,0,0,0,0,0,0,0,0,0,0,,2399.0,,,4.0,1555.0,9.0,103.0,533.0,27.0,2.0,74.0,245.0,862.0,135.0,4.0,,1604.0,21.0,1270.0,25.0,209.0,441.0,8.0,136.0,,,120.0,26.0,,80.0,1867.0,29.0,11.0,,125.0,545.0,25.0,10.0,111.0,125.0,41.0,,,31.0,177.0,55.0,,,29.0,,,,45.0,515.0,1347.0,1395.0,52.0,8.0,66.0,80.0,4.0,2.0,,,,,8.0,32.0,19.0,1.0,,22.0,12.0,5.0,21.0,10.0,4.0,3.0,6.0,12.0,3.0,15.0,1.0,7.0,,1.0,,1.0,7.0,1.0,5.0,,,,,,1.0,,6.0,,,,,,,,,,,,,,,,0.0,,,7.0,,3.0,,,,,,,,,
cpl::Football_Player::8478206db8304d6487d404b1b5dd322c,Gabriel Antinoro,Atlético,Midfielder,2023,midfielder,23,720,2,0,9,0,5,0,16,16,9,0,3,0,36,73.0,19,2.38,2,0,0,0,0,0,0,0,0.0,0.0,0.0,0.0,0,0,0,0,0,0,0,0,0,0,0,0,0,,720.0,,,,178.0,2.0,37.0,96.0,7.0,3.0,15.0,116.0,39.0,34.0,,,181.0,16.0,127.0,16.0,49.0,42.0,7.0,41.0,,,51.0,8.0,,14.0,341.0,23.0,6.0,,97.0,64.0,16.0,10.0,49.0,5.0,9.0,,,4.0,108.0,1.0,,,23.0,,,,52.0,38.0,129.0,132.0,11.0,,59.0,45.0,3.0,8.0,,,,,14.0,22.0,17.0,,,16.0,5.0,11.0,7.0,6.0,,15.0,4.0,9.0,5.0,,,6.0,3.0,1.0,2.0,17.0,6.0,4.0,2.0,2.0,,,,,,1.0,5.0,,2.0,1.0,2.0,,1.0,,,,,,,,,,1.0,1.0,1.0,25.0,,2.0,,,,,,,,,
cpl::Football_Player::b78b9cf10b374d23824749c6e410990c,E. Adekugbe,York,Midfielder,2023,midfielder,15,562,0,0,2,0,0,0,7,11,10,0,3,0,50,87.0,14,2.24,1,0,0,0,0,0,0,0,0.0,0.0,0.0,0.0,0,0,0,0,0,0,0,0,0,0,0,0,0,,562.0,,,,359.0,,69.0,130.0,2.0,3.0,21.0,65.0,191.0,28.0,,,370.0,11.0,300.0,10.0,49.0,106.0,4.0,40.0,,,39.0,5.0,,13.0,438.0,15.0,3.0,,42.0,86.0,2.0,10.0,23.0,21.0,10.0,,,2.0,46.0,5.0,,,15.0,,,,21.0,109.0,310.0,321.0,4.0,,23.0,21.0,4.0,3.0,,,,,1.0,10.0,8.0,1.0,,7.0,4.0,4.0,2.0,3.0,1.0,10.0,2.0,2.0,1.0,1.0,,2.0,,,,2.0,4.0,,4.0,1.0,,,,,,,,,,,,,,,,,,,,,,,0.0,,,4.0,,,,,,,,,,,
cpl::Football_Player::edcf64e77c8c4771af573d1d441cc470,C. Toussaint,Pacific,Midfielder,2023,midfielder,26,1744,0,1,16,0,4,1,33,46,39,0,10,0,50,85.0,23,1.19,0,0,0,0,0,0,0,0,0.0,0.0,0.0,0.0,0,0,0,0,0,0,0,0,0,0,0,0,0,,1744.0,,,4.0,967.0,3.0,183.0,372.0,16.0,10.0,42.0,213.0,478.0,108.0,2.0,,998.0,46.0,787.0,21.0,150.0,279.0,13.0,115.0,,,132.0,20.0,,43.0,1321.0,26.0,34.0,,217.0,269.0,13.0,10.0,134.0,61.0,39.0,,,17.0,251.0,18.0,,,26.0,,,,100.0,267.0,818.0,848.0,34.0,2.0,117.0,117.0,2.0,10.0,,,,,16.0,62.0,32.0,1.0,,33.0,29.0,23.0,17.0,29.0,6.0,6.0,12.0,16.0,6.0,4.0,1.0,8.0,2.0,,2.0,11.0,8.0,3.0,6.0,,,,,1.0,,,4.0,,,,,1.0,,,,,,,,,,,0.0,,,25.0,,1.0,,,,,,,,,
cpl::Football_Player::edcfdeb0583a4f25b44f57a7e66b2d6d,L. Callegari,Wanderers,Midfielder,2023,midfielder,27,2415,0,6,15,0,5,6,44,52,32,1,8,0,53,88.0,29,1.08,49,0,0,0,0,0,0,0,0.0,0.0,0.0,0.0,0,0,0,0,0,0,0,0,0,0,0,0,0,,2415.0,,,3.0,1975.0,6.0,380.0,836.0,4.0,8.0,80.0,400.0,969.0,183.0,2.0,,2046.0,52.0,1627.0,22.0,263.0,584.0,29.0,240.0,,,233.0,27.0,,70.0,2462.0,27.0,36.0,,257.0,519.0,16.0,10.0,136.0,156.0,32.0,,,14.0,283.0,11.0,,,27.0,,,,135.0,563.0,1716.0,1783.0,26.0,6.0,147.0,122.0,7.0,1.0,,,,,21.0,69.0,45.0,1.0,,44.0,34.0,20.0,12.0,25.0,6.0,,10.0,15.0,1.0,4.0,,19.0,22.0,1.0,5.0,15.0,47.0,9.0,24.0,49.0,,19.0,4.0,6.0,1.0,15.0,5.0,,,,,,,,,,,,,,,,0.0,,,40.0,,4.0,,,,,,,,,
cpl::Football_Player::d97bc9c5cbf949d2be064c01af740715,C. Watson,Wanderers,Midfielder,2023,midfielder,25,1147,3,1,19,0,10,1,9,16,19,5,3,1,33,85.0,15,1.18,1,0,0,0,0,0,0,0,0.0,0.0,0.0,0.0,0,0,0,0,0,0,0,0,0,0,0,0,0,,1147.0,,,,497.0,10.0,137.0,254.0,3.0,3.0,13.0,143.0,171.0,63.0,2.0,,501.0,16.0,398.0,12.0,76.0,147.0,14.0,61.0,,,67.0,13.0,,21.0,683.0,25.0,9.0,,96.0,123.0,42.0,10.0,44.0,27.0,19.0,,,4.0,108.0,3.0,,,25.0,,,,56.0,94.0,421.0,425.0,12.0,,64.0,40.0,3.0,13.0,1.0,1.0,,,8.0,13.0,16.0,1.0,,9.0,8.0,9.0,8.0,4.0,9.0,12.0,9.0,19.0,5.0,1.0,,6.0,,,,11.0,6.0,2.0,3.0,1.0,,,1.0,1.0,5.0,,10.0,,3.0,3.0,3.0,,,,,,,,,,,,2.0,3.0,0.0,25.0,,3.0,,,,,,,,,
cpl::Football_Player::0e2b6aa5fbdf49f399441b22b356d14c,K. Bekker,Forge,Midfielder,2023,midfielder,28,2331,4,8,40,0,17,8,9,17,23,0,2,0,35,86.0,30,1.16,85,0,2,0,0,0,0,0,0.0,0.0,0.0,0.0,0,0,0,0,0,0,0,0,0,0,0,0,0,,2331.0,,,2.0,1413.0,19.0,274.0,769.0,4.0,2.0,56.0,376.0,531.0,153.0,4.0,,1477.0,17.0,1157.0,26.0,209.0,534.0,47.0,252.0,,,142.0,26.0,,54.0,1910.0,28.0,12.0,,138.0,392.0,40.0,10.0,74.0,111.0,23.0,,,5.0,152.0,25.0,,,28.0,,,,69.0,277.0,1207.0,1268.0,14.0,4.0,78.0,69.0,4.0,7.0,,,,,26.0,20.0,41.0,,,9.0,22.0,15.0,9.0,11.0,10.0,2.0,23.0,40.0,15.0,5.0,,39.0,32.0,1.0,14.0,17.0,97.0,5.0,14.0,85.0,,47.0,6.0,8.0,,18.0,17.0,6.0,4.0,1.0,2.0,1.0,,2.0,3.0,,1.0,,,,,,1.0,2.0,2.0,28.0,,3.0,,,,,,,,,
cpl::Football_Player::bcd2bd431fea40f2ad5e2cd7d95bef32,A. Sissoko,Atlético,Midfielder,2023,midfielder,27,1349,2,1,22,0,10,1,14,23,39,2,6,0,17,82.0,20,1.33,0,0,2,0,0,0,0,0,0.0,0.0,0.0,0.0,0,0,0,0,0,0,0,0,0,0,0,0,0,,1349.0,,,2.0,486.0,14.0,129.0,255.0,5.0,6.0,11.0,178.0,151.0,81.0,1.0,,487.0,23.0,385.0,16.0,92.0,104.0,16.0,78.0,,,83.0,16.0,,38.0,778.0,27.0,10.0,,154.0,133.0,47.0,10.0,81.0,10.0,39.0,,,5.0,183.0,10.0,,,27.0,,,,78.0,121.0,394.0,395.0,29.0,1.0,102.0,76.0,4.0,13.0,,,,,14.0,23.0,29.0,,,14.0,8.0,15.0,24.0,9.0,24.0,11.0,12.0,22.0,7.0,2.0,,24.0,11.0,1.0,11.0,21.0,24.0,1.0,9.0,,,,1.0,1.0,2.0,,10.0,,2.0,2.0,2.0,1.0,,,,,1.0,,,,,,1.0,1.0,1.0,38.0,,2.0,,,,,,,,,
cpl::Football_Player::ea993e84d28d42ad8bdef8cff90110c3,J. Gagnon-Laparé,Wanderers,Midfielder,2023,midfielder,22,1411,0,5,4,0,1,5,30,25,23,0,7,0,41,89.0,28,1.79,24,0,1,0,0,0,0,0,0.0,0.0,0.0,0.0,0,0,0,0,0,0,0,0,0,0,0,0,0,,1411.0,,,3.0,889.0,8.0,170.0,410.0,6.0,7.0,31.0,180.0,425.0,77.0,,,934.0,25.0,766.0,24.0,108.0,269.0,22.0,116.0,,,115.0,15.0,,22.0,1187.0,22.0,13.0,,146.0,250.0,10.0,10.0,89.0,60.0,23.0,,,7.0,163.0,14.0,,,22.0,,,,64.0,245.0,786.0,826.0,17.0,1.0,74.0,82.0,4.0,6.0,,,,,12.0,47.0,18.0,,,30.0,23.0,9.0,10.0,17.0,5.0,7.0,3.0,4.0,3.0,4.0,,9.0,9.0,,,1.0,30.0,4.0,8.0,24.0,,11.0,5.0,5.0,,9.0,1.0,,,,,,,,,,,,,,,,0.0,,,18.0,,,,,,,,,,,
cpl::Football_Player::06a2eff249fd4320a2c4753d25ea5f0f,M. Polisi,Valour,Midfielder,2023,midfielder,22,1912,1,0,8,0,2,0,40,33,32,0,4,0,50,86.0,30,1.41,0,0,0,0,0,0,0,0,0.0,0.0,0.0,0.0,0,0,0,0,0,0,0,0,0,0,0,0,0,,1912.0,,,3.0,1164.0,4.0,206.0,494.0,16.0,4.0,58.0,225.0,532.0,109.0,1.0,,1192.0,33.0,963.0,27.0,167.0,331.0,9.0,133.0,,,142.0,22.0,,40.0,1464.0,22.0,20.0,,198.0,331.0,18.0,10.0,130.0,62.0,32.0,,,18.0,234.0,11.0,,,22.0,,,,86.0,324.0,998.0,1025.0,36.0,4.0,104.0,112.0,3.0,7.0,,,,,23.0,57.0,23.0,1.0,,40.0,18.0,11.0,18.0,17.0,6.0,,6.0,8.0,4.0,5.0,1.0,6.0,1.0,,1.0,6.0,6.0,2.0,6.0,,,,,,,,2.0,,1.0,1.0,,,,1.0,,,,,,,,,0.0,1.0,0.0,26.0,,1.0,,,,,,,,,
cpl::Football_Player::88ac022bf06149f1be2ce2ab7f3c087c,Z. Verhoven,Vancouver FC,Midfielder,2023,midfielder,22,768,3,2,14,0,7,2,17,24,11,3,4,0,28,78.0,11,1.29,0,0,1,0,0,0,0,0,0.0,0.0,0.0,0.0,0,0,0,0,0,0,0,0,0,0,0,0,0,,768.0,,,1.0,180.0,9.0,44.0,97.0,2.0,4.0,7.0,129.0,49.0,35.0,,,183.0,24.0,135.0,10.0,42.0,61.0,8.0,41.0,,,47.0,8.0,,14.0,421.0,22.0,13.0,,152.0,49.0,38.0,10.0,69.0,6.0,11.0,,,2.0,159.0,6.0,,,22.0,,,,85.0,29.0,139.0,141.0,7.0,,90.0,67.0,1.0,8.0,,,,,32.0,24.0,27.0,2.0,,17.0,8.0,14.0,5.0,7.0,8.0,14.0,7.0,14.0,3.0,,,13.0,5.0,1.0,5.0,26.0,13.0,1.0,2.0,,,,2.0,2.0,3.0,,7.0,,3.0,3.0,3.0,2.0,,,,,1.0,,,,,,0.0,1.0,2.0,46.0,,4.0,,,,,,,,,
cpl::Football_Player::3c3cd8920062442f93c9e257f9d44111,N. Jensen,Forge,Midfielder,2023,midfielder,23,1082,1,1,19,0,5,1,7,12,18,1,2,0,35,85.0,12,1.0,11,0,2,0,0,0,0,0,0.0,0.0,0.0,0.0,0,0,0,0,0,0,0,0,0,0,0,0,0,,1082.0,,,1.0,414.0,12.0,130.0,224.0,1.0,2.0,14.0,161.0,148.0,54.0,2.0,,429.0,12.0,325.0,9.0,68.0,104.0,19.0,75.0,,,57.0,12.0,,18.0,653.0,23.0,7.0,,101.0,100.0,31.0,10.0,48.0,36.0,18.0,,,5.0,115.0,4.0,,,23.0,,,,58.0,95.0,346.0,361.0,14.0,1.0,67.0,43.0,3.0,10.0,,,,,12.0,13.0,17.0,,,7.0,8.0,5.0,9.0,6.0,9.0,11.0,14.0,19.0,8.0,2.0,,20.0,11.0,,8.0,15.0,25.0,2.0,16.0,11.0,,3.0,1.0,1.0,1.0,4.0,5.0,2.0,1.0,,1.0,1.0,,,1.0,,,,,,,,0.0,1.0,0.0,33.0,,1.0,,,,,,,,,
cpl::Football_Player::d80c8273244649a0841591e849fc3590,D. Gutiérrez,Cavalry,Midfielder,2023,midfielder,25,2113,4,1,21,0,8,1,30,30,20,0,7,0,71,87.0,32,1.36,61,0,1,2,2,0,0,0,0.0,0.0,0.0,0.0,0,0,0,0,0,0,0,0,0,0,0,0,0,,2113.0,,,1.0,1352.0,12.0,309.0,710.0,6.0,7.0,30.0,354.0,545.0,165.0,1.0,,1415.0,30.0,1115.0,29.0,195.0,420.0,47.0,213.0,,,167.0,25.0,,45.0,1847.0,25.0,14.0,,200.0,332.0,43.0,10.0,107.0,105.0,20.0,,,20.0,228.0,10.0,,,25.0,,,,113.0,354.0,1168.0,1220.0,28.0,4.0,121.0,87.0,3.0,7.0,,,,,29.0,40.0,65.0,,,30.0,23.0,25.0,8.0,10.0,12.0,,13.0,21.0,5.0,2.0,,13.0,35.0,,7.0,32.0,63.0,1.0,31.0,61.0,,36.0,1.0,1.0,,19.0,8.0,7.0,4.0,3.0,3.0,1.0,1.0,1.0,,,,,2.0,2.0,,,2.0,3.0,1.0,50.0,,,,,,,,,,,
cpl::Football_Player::a4d26a57d62040df8359a9bc96b1db67,D. Campbell,Valour,Midfielder,2023,midfielder,25,2165,1,1,8,0,3,1,42,40,50,0,9,0,66,82.0,30,1.25,0,0,0,0,0,0,0,0,0.0,0.0,0.0,0.0,0,0,0,0,0,0,0,0,0,0,0,0,0,,2165.0,,,6.0,1025.0,11.0,167.0,439.0,24.0,9.0,78.0,286.0,430.0,121.0,1.0,,1061.0,40.0,808.0,27.0,199.0,252.0,12.0,164.0,,,141.0,25.0,,45.0,1527.0,25.0,23.0,,210.0,404.0,27.0,10.0,166.0,54.0,50.0,,,37.0,266.0,46.0,,,25.0,,,,81.0,238.0,827.0,862.0,56.0,6.0,100.0,129.0,3.0,4.0,,,,,16.0,64.0,47.0,3.0,,42.0,42.0,31.0,19.0,22.0,66.0,,5.0,8.0,2.0,6.0,,10.0,7.0,19.0,7.0,13.0,10.0,1.0,4.0,,,,1.0,1.0,,,3.0,,1.0,,1.0,,,,1.0,1.0,,,,,,,0.0,0.0,1.0,25.0,,2.0,,,,,,,,,
cpl::Football_Player::e512d7955b56480a81777677f3985c3b,K. Martin-Pereux,York,Midfielder,2023,midfielder,6,317,0,2,1,0,0,2,3,5,2,0,1,0,83,81.0,6,1.7,1,0,0,0,0,0,0,0,0.0,0.0,0.0,0.0,0,0,0,0,0,0,0,0,0,0,0,0,0,,317.0,,,,112.0,5.0,30.0,47.0,,1.0,2.0,54.0,46.0,20.0,,,114.0,5.0,91.0,6.0,22.0,34.0,3.0,23.0,,,10.0,3.0,,6.0,205.0,6.0,3.0,,38.0,43.0,9.0,10.0,18.0,1.0,2.0,,,5.0,44.0,8.0,,,6.0,,,,25.0,7.0,90.0,92.0,6.0,,26.0,13.0,,3.0,,,,,5.0,6.0,5.0,,,3.0,2.0,1.0,1.0,3.0,23.0,3.0,1.0,1.0,,2.0,,6.0,1.0,2.0,1.0,7.0,7.0,,,1.0,,1.0,2.0,2.0,,,,,,,,,,,,,,,,,,,0.0,,,14.0,,2.0,,,,,,,,,
cpl::Football_Player::1bd0dbfb79774479a33b21e4bc153680,C. Haworth,Ottawa Fury,Midfielder,2023,midfielder,17,647,3,4,9,0,7,4,5,9,15,3,2,0,41,75.0,12,1.67,2,0,0,0,0,0,0,0,0.0,0.0,0.0,0.0,0,0,0,0,0,0,0,0,0,0,0,0,0,,647.0,,,,266.0,4.0,67.0,122.0,8.0,2.0,16.0,116.0,82.0,52.0,,,267.0,9.0,197.0,10.0,68.0,7.0,8.0,52.0,,,43.0,7.0,,26.0,420.0,17.0,5.0,,69.0,84.0,17.0,10.0,45.0,2.0,15.0,,,5.0,81.0,8.0,,,17.0,,,,29.0,109.0,198.0,199.0,12.0,1.0,36.0,40.0,2.0,6.0,,,,,15.0,10.0,16.0,,,5.0,1.0,6.0,7.0,5.0,21.0,10.0,2.0,9.0,,1.0,,9.0,5.0,10.0,4.0,7.0,10.0,1.0,1.0,2.0,,,4.0,4.0,3.0,1.0,7.0,1.0,3.0,2.0,2.0,,,1.0,1.0,1.0,,1.0,,,,,0.0,3.0,0.0,12.0,,2.0,,,,,,,,,
cpl::Football_Player::e062e50eb3404d07b682bf9855e3a980,Alberto Zapater,Atlético,Midfielder,2023,midfielder,16,1395,0,0,1,0,0,0,31,12,13,0,3,0,62,85.0,16,1.03,0,0,0,0,0,0,0,0,0.0,0.0,0.0,0.0,0,0,0,0,0,0,0,0,0,0,0,0,0,,1395.0,,,4.0,521.0,,67.0,212.0,15.0,3.0,28.0,115.0,245.0,56.0,,,539.0,12.0,411.0,14.0,84.0,156.0,8.0,56.0,,,107.0,15.0,,31.0,724.0,16.0,8.0,,108.0,158.0,2.0,10.0,91.0,44.0,13.0,,,20.0,140.0,12.0,,,16.0,,,,37.0,158.0,439.0,455.0,32.0,5.0,49.0,71.0,2.0,,,,,,7.0,51.0,23.0,,,31.0,19.0,16.0,12.0,20.0,,1.0,1.0,1.0,,5.0,,2.0,2.0,,2.0,4.0,3.0,,1.0,,,,,,,,,,,,,,,,,,,,,,,,0.0,,,11.0,,1.0,,,,,,,,,
cpl::Football_Player::921e4a14fc0748d5b1160d54caf93c23,A. Sacko,Atlético,Midfielder,2023,midfielder,9,438,0,0,6,0,4,0,9,9,4,1,2,0,21,79.0,8,1.64,0,0,0,0,0,0,0,0,0.0,0.0,0.0,0.0,0,0,0,0,0,0,0,0,0,0,0,0,0,,438.0,,,,148.0,2.0,38.0,66.0,3.0,2.0,3.0,68.0,53.0,29.0,,,148.0,9.0,114.0,6.0,32.0,54.0,4.0,32.0,,,31.0,5.0,,9.0,278.0,9.0,3.0,,45.0,51.0,11.0,10.0,23.0,2.0,4.0,,,4.0,64.0,8.0,,,9.0,,,,26.0,5.0,116.0,116.0,19.0,1.0,41.0,19.0,2.0,3.0,,,,,3.0,12.0,5.0,,,9.0,8.0,2.0,15.0,3.0,33.0,4.0,2.0,6.0,,1.0,,9.0,3.0,7.0,3.0,9.0,9.0,,,,,,,,1.0,,4.0,,,,,,,,,,,,,,,,0.0,,,12.0,,,,,,,,,,,
cpl::Football_Player::6fcfea80844a4cf19b5492d7fc111116,K. Williams,Valour,Midfielder,2023,midfielder,23,1937,4,5,38,0,17,5,11,28,26,21,3,0,20,77.0,29,1.35,24,0,0,0,0,0,0,0,0.0,0.0,0.0,0.0,0,0,0,0,0,0,0,0,0,0,0,0,0,,1937.0,,,,466.0,9.0,147.0,272.0,4.0,3.0,9.0,278.0,108.0,101.0,1.0,,476.0,28.0,361.0,26.0,110.0,165.0,13.0,144.0,,,73.0,22.0,,28.0,841.0,23.0,11.0,,155.0,108.0,78.0,10.0,67.0,5.0,26.0,,,9.0,198.0,6.0,,,23.0,,,,97.0,56.0,356.0,366.0,43.0,3.0,131.0,58.0,3.0,8.0,,,,,17.0,15.0,26.0,2.0,,11.0,9.0,7.0,34.0,4.0,4.0,1.0,21.0,38.0,8.0,1.0,,33.0,14.0,,7.0,26.0,62.0,1.0,8.0,24.0,,19.0,5.0,5.0,21.0,5.0,17.0,3.0,4.0,3.0,4.0,6.0,,,1.0,,,,,,,,0.0,2.0,2.0,53.0,,3.0,,,,,,,,,
cpl::Football_Player::4351cc0a7b0b41b0932bec33949a8b6a,J. Sanchez,Valour,Midfielder,2023,midfielder,21,1256,0,0,8,0,4,0,18,11,5,2,1,0,37,86.0,14,1.0,12,0,2,0,0,0,0,0,0.0,0.0,0.0,0.0,0,0,0,0,0,0,0,0,0,0,0,0,0,,1256.0,,,1.0,550.0,3.0,150.0,243.0,9.0,1.0,11.0,157.0,244.0,69.0,,,563.0,11.0,467.0,13.0,80.0,150.0,10.0,69.0,,,78.0,15.0,,25.0,776.0,21.0,6.0,,129.0,112.0,30.0,10.0,66.0,16.0,5.0,,,9.0,153.0,5.0,,,21.0,,,,72.0,151.0,470.0,483.0,24.0,2.0,87.0,57.0,1.0,8.0,,,,,17.0,35.0,29.0,1.0,,18.0,9.0,12.0,15.0,17.0,,6.0,4.0,8.0,7.0,2.0,,4.0,4.0,,,11.0,14.0,3.0,6.0,12.0,,7.0,,,2.0,4.0,4.0,,,,,,,,,,,,,,,,0.0,,,34.0,,2.0,,,,,,,,,
cpl::Football_Player::5f6abde4c0ad4d25a0b828c3ff4f800c,N. St. Louis,Vancouver FC,Midfielder,2023,midfielder,4,71,0,0,1,0,0,0,2,1,1,0,0,0,0,64.0,2,2.54,0,0,0,0,0,0,0,0,0.0,0.0,0.0,0.0,0,0,0,0,0,0,0,0,0,0,0,0,0,,71.0,,,,22.0,1.0,4.0,7.0,,,1.0,12.0,7.0,7.0,,,22.0,1.0,13.0,2.0,8.0,2.0,,7.0,,,5.0,1.0,,2.0,34.0,4.0,1.0,,7.0,9.0,,10.0,3.0,1.0,1.0,,,,7.0,1.0,,,4.0,,,,4.0,7.0,14.0,14.0,,,4.0,3.0,,2.0,,,,,,2.0,1.0,,,2.0,1.0,,,,,3.0,1.0,1.0,,1.0,,1.0,,,,1.0,1.0,,,,,,,,,,,,,,,,,,,,,,,,,,0.0,,,2.0,,,,,,,,,,,
cpl::Football_Player::82ff8e880ba54f74a34fe1f8165f3b46,Matthew Baldisimo,York,Midfielder,2023,midfielder,16,889,1,0,6,0,3,0,20,16,10,0,4,1,42,88.0,10,1.01,0,0,0,0,0,0,0,0,0.0,0.0,0.0,0.0,0,0,0,0,0,0,0,0,0,0,0,0,0,,889.0,,,1.0,430.0,2.0,85.0,190.0,2.0,4.0,15.0,75.0,195.0,41.0,1.0,,440.0,16.0,364.0,9.0,56.0,105.0,3.0,37.0,,,75.0,9.0,,21.0,573.0,16.0,10.0,,94.0,116.0,4.0,10.0,58.0,20.0,10.0,,,6.0,108.0,9.0,,,16.0,,,,42.0,134.0,374.0,384.0,14.0,1.0,50.0,52.0,1.0,6.0,1.0,1.0,,,10.0,32.0,17.0,1.0,,20.0,15.0,10.0,8.0,12.0,2.0,7.0,3.0,6.0,3.0,2.0,,2.0,1.0,,1.0,6.0,2.0,,,,,,,,,,3.0,,1.0,1.0,,,,1.0,,,,,,,,,1.0,0.0,1.0,9.0,,1.0,,,,,,,,,
cpl::Football_Player::304cff4b86fa4b259f62961085210ca2,A. Wilson,Wanderers,Midfielder,2023,midfielder,11,336,1,0,2,0,1,0,4,5,9,0,3,0,41,81.0,4,1.07,0,0,1,0,0,0,0,0,0.0,0.0,0.0,0.0,0,0,0,0,0,0,0,0,0,0,0,0,0,,336.0,,,2.0,137.0,2.0,34.0,51.0,1.0,3.0,6.0,48.0,62.0,21.0,1.0,,140.0,5.0,108.0,3.0,27.0,38.0,1.0,24.0,,,22.0,3.0,,9.0,205.0,11.0,1.0,,44.0,40.0,5.0,10.0,27.0,5.0,9.0,,,5.0,56.0,2.0,,,11.0,,,,22.0,28.0,110.0,113.0,12.0,,29.0,22.0,1.0,1.0,,,,,4.0,9.0,3.0,,,4.0,4.0,3.0,7.0,5.0,1.0,8.0,1.0,2.0,1.0,2.0,,6.0,,1.0,,3.0,6.0,,2.0,,,,,,,,1.0,,1.0,,1.0,,1.0,,,,,,,,,,0.0,0.0,1.0,9.0,,,,,,,,,,,
cpl::Football_Player::c0ae1ca6360b41c6ad94f45a8b50a872,T. Crawford,Vancouver FC,Midfielder,2023,midfielder,23,1318,0,0,3,0,1,0,22,4,9,0,0,0,30,75.0,28,1.91,7,0,0,0,0,0,0,0,0.0,0.0,0.0,0.0,0,0,0,0,0,0,0,0,0,0,0,0,0,,1318.0,,,7.0,449.0,8.0,98.0,174.0,20.0,,30.0,214.0,173.0,84.0,4.0,,453.0,4.0,322.0,26.0,114.0,165.0,13.0,110.0,,,70.0,14.0,,41.0,846.0,23.0,2.0,,87.0,182.0,10.0,10.0,55.0,17.0,9.0,,,7.0,110.0,37.0,,,23.0,,,,39.0,8.0,335.0,339.0,23.0,2.0,55.0,48.0,2.0,10.0,,,,,7.0,32.0,39.0,1.0,,22.0,28.0,15.0,16.0,10.0,109.0,9.0,2.0,3.0,,7.0,,29.0,8.0,35.0,5.0,5.0,37.0,,,7.0,,4.0,,,,3.0,1.0,,,,,,,,,,,,,,,,0.0,,,13.0,,1.0,,,,,,,,,
cpl::Football_Player::9a040c91c1d2424ca095e663faf5075a,K. Kane,Forge,Midfielder,2023,midfielder,16,518,0,0,7,0,1,0,10,12,7,1,2,0,44,86.0,10,1.74,0,0,1,0,0,0,0,0,0.0,0.0,0.0,0.0,0,0,0,0,0,0,0,0,0,0,0,0,0,,518.0,,,,189.0,1.0,38.0,85.0,3.0,2.0,7.0,66.0,80.0,20.0,2.0,,191.0,12.0,158.0,8.0,27.0,48.0,2.0,21.0,,,35.0,6.0,,9.0,304.0,16.0,6.0,,69.0,45.0,10.0,10.0,38.0,6.0,7.0,,,8.0,87.0,9.0,,,16.0,,,,39.0,60.0,162.0,164.0,18.0,,49.0,30.0,2.0,4.0,,,,,8.0,15.0,7.0,,,10.0,5.0,6.0,10.0,5.0,,10.0,6.0,7.0,2.0,1.0,,3.0,1.0,,1.0,7.0,3.0,1.0,2.0,,,,,,1.0,,1.0,,,,,,,,,,,,,,,,0.0,,,18.0,,1.0,,,,,,,,,
cpl::Football_Player::55a8a1aea5f543dbaac3bf7112ad867b,Z. Bahous,Pacific,Midfielder,2023,midfielder,18,783,1,0,10,0,5,0,26,12,10,2,1,0,9,81.0,13,1.49,0,0,0,0,0,0,0,0,0.0,0.0,0.0,0.0,0,0,0,0,0,0,0,0,0,0,0,0,0,,783.0,,,,324.0,4.0,46.0,157.0,8.0,1.0,18.0,98.0,109.0,48.0,,,332.0,12.0,236.0,11.0,66.0,86.0,5.0,50.0,,,71.0,6.0,,24.0,505.0,18.0,5.0,,111.0,103.0,14.0,10.0,74.0,30.0,10.0,,,1.0,122.0,9.0,,,18.0,,,,38.0,97.0,260.0,266.0,11.0,,48.0,73.0,2.0,4.0,,,,,19.0,44.0,24.0,,,26.0,11.0,9.0,10.0,18.0,11.0,12.0,5.0,10.0,2.0,1.0,,8.0,,1.0,,2.0,8.0,,1.0,,,,,,2.0,,5.0,,1.0,,1.0,,,,1.0,,,,,,,,0.0,0.0,1.0,10.0,,1.0,,,,,,,,,
cpl::Football_Player::c82c8c9fc952454c80e3c45a6f9c883d,K. Rendón,Valour,Midfielder,2023,midfielder,8,136,0,0,1,0,1,0,2,2,2,0,1,0,40,66.0,2,1.32,0,0,0,0,0,0,0,0,0.0,0.0,0.0,0.0,0,0,0,0,0,0,0,0,0,0,0,0,0,,136.0,,,,37.0,,4.0,16.0,2.0,1.0,5.0,17.0,9.0,8.0,,,38.0,2.0,25.0,2.0,13.0,14.0,,9.0,,,6.0,1.0,,5.0,59.0,8.0,,,11.0,13.0,,10.0,7.0,,2.0,,,2.0,16.0,4.0,,,8.0,,,,6.0,7.0,24.0,25.0,5.0,,9.0,5.0,,1.0,,,,,,3.0,2.0,,,2.0,2.0,2.0,3.0,1.0,1.0,7.0,,1.0,,,,,,,,1.0,1.0,,,,,,,,,,1.0,,,,,,,,,,,,,,,,0.0,,,1.0,,1.0,,,,,,,,,
cpl::Football_Player::a2d59a105ffa40e592a486e9b62e55b0,M. Voytsekhovskyi,York,Midfielder,2023,midfielder,7,167,1,0,3,0,2,0,1,0,5,1,0,0,0,74.0,4,2.16,0,0,0,0,0,0,0,0,0.0,0.0,0.0,0.0,0,0,0,0,0,0,0,0,0,0,0,0,0,,167.0,,,,43.0,1.0,17.0,20.0,,,1.0,26.0,14.0,11.0,,,46.0,,33.0,4.0,12.0,12.0,,14.0,,,10.0,2.0,,3.0,83.0,7.0,,,14.0,9.0,6.0,10.0,8.0,1.0,5.0,,,,15.0,2.0,,,7.0,,,,6.0,8.0,31.0,34.0,1.0,,7.0,8.0,,3.0,,,,,1.0,2.0,4.0,,,1.0,,2.0,1.0,1.0,,5.0,1.0,3.0,1.0,,,5.0,,,,2.0,5.0,,1.0,,,,,,1.0,,2.0,,1.0,1.0,1.0,1.0,,,,,,,,,,,0.0,1.0,0.0,4.0,,,,,,,,,,,
cpl::Football_Player::3cdc55010c114c4ab03d858ecfa80713,B. Soumaoro,York,Midfielder,2023,midfielder,25,2010,2,1,9,0,3,1,46,42,27,2,6,0,57,88.0,30,1.34,0,0,1,0,0,0,0,0,0.0,0.0,0.0,0.0,0,0,0,0,0,0,0,0,0,0,0,0,0,,2010.0,,,5.0,935.0,2.0,165.0,323.0,16.0,6.0,37.0,172.0,514.0,82.0,1.0,,955.0,42.0,754.0,26.0,119.0,326.0,7.0,66.0,,,154.0,25.0,,55.0,1238.0,25.0,24.0,,185.0,204.0,10.0,10.0,118.0,82.0,27.0,,,11.0,204.0,24.0,,,25.0,,,,78.0,260.0,817.0,836.0,19.0,3.0,86.0,107.0,4.0,11.0,,,,,10.0,70.0,23.0,1.0,1.0,46.0,33.0,10.0,8.0,24.0,1.0,,6.0,9.0,4.0,10.0,,2.0,1.0,,1.0,8.0,2.0,1.0,8.0,,,,,1.0,2.0,,3.0,,2.0,2.0,1.0,,,1.0,,,,,,,,,1.0,0.0,2.0,22.0,,,,,,,,,,,
cpl::Football_Player::4aaee5db17ba48859051daf2523b6845,I. Iliadis,Atlético,Midfielder,2023,midfielder,12,886,1,0,12,0,8,0,19,22,8,1,4,0,55,78.0,9,0.91,12,0,1,0,0,0,0,0,0.0,0.0,0.0,0.0,0,0,0,0,0,0,0,0,0,0,0,0,0,,886.0,,,1.0,359.0,1.0,62.0,141.0,14.0,4.0,31.0,131.0,150.0,51.0,,,368.0,22.0,245.0,7.0,82.0,142.0,8.0,83.0,,,64.0,9.0,,27.0,550.0,12.0,12.0,,93.0,98.0,17.0,10.0,51.0,41.0,8.0,,,5.0,102.0,16.0,,,12.0,,,,47.0,66.0,279.0,286.0,9.0,3.0,51.0,46.0,2.0,2.0,,,,,10.0,29.0,21.0,,,19.0,17.0,13.0,4.0,10.0,8.0,3.0,4.0,12.0,1.0,1.0,,11.0,5.0,2.0,4.0,5.0,28.0,1.0,2.0,12.0,,11.0,,,1.0,,8.0,1.0,1.0,,1.0,,,,1.0,,,,,,,,1.0,0.0,1.0,11.0,,,,,,,,,,,
cpl::Football_Player::eae44bc0cb2c42dd86f566cebebbf690,O. Bassett,Atlético,Midfielder,2023,midfielder,27,2329,11,3,40,0,20,3,18,22,16,6,3,0,25,81.0,31,1.2,61,0,3,4,3,0,0,0,0.0,0.0,0.0,0.0,0,0,0,0,0,0,0,0,0,0,0,0,0,,2329.0,,,,896.0,25.0,188.0,503.0,12.0,3.0,45.0,404.0,264.0,137.0,,,926.0,22.0,703.0,26.0,182.0,175.0,32.0,242.0,,,135.0,27.0,,35.0,1403.0,27.0,14.0,,216.0,297.0,69.0,10.0,93.0,41.0,16.0,,,2.0,224.0,4.0,,,27.0,,,,125.0,266.0,714.0,744.0,8.0,1.0,131.0,91.0,5.0,13.0,,,,,43.0,32.0,51.0,1.0,,18.0,23.0,14.0,6.0,14.0,7.0,,20.0,40.0,17.0,,,43.0,23.0,,7.0,34.0,95.0,8.0,3.0,61.0,,34.0,2.0,3.0,6.0,14.0,20.0,5.0,11.0,10.0,9.0,,,2.0,1.0,,,1.0,4.0,3.0,,,6.0,4.0,7.0,63.0,,3.0,,,,,,,,,
cpl::Football_Player::0193e9b2803b43938a676ad9232cede8,N. Verhoeven,Atlético,Midfielder,2023,midfielder,25,1323,1,2,7,0,2,2,22,25,23,1,2,0,23,84.0,20,1.36,11,0,0,0,0,0,0,0,0.0,0.0,0.0,0.0,0,0,0,0,0,0,0,0,0,0,0,0,0,,1323.0,,,1.0,444.0,5.0,110.0,217.0,6.0,2.0,14.0,149.0,168.0,62.0,,,457.0,25.0,362.0,18.0,76.0,114.0,15.0,78.0,,,74.0,15.0,,27.0,689.0,25.0,16.0,,165.0,117.0,14.0,10.0,79.0,19.0,23.0,,,3.0,178.0,12.0,,,25.0,,,,89.0,116.0,371.0,381.0,13.0,,99.0,76.0,2.0,11.0,,,,,19.0,34.0,21.0,2.0,,22.0,10.0,11.0,10.0,12.0,5.0,10.0,5.0,7.0,2.0,1.0,,18.0,4.0,,4.0,12.0,29.0,1.0,4.0,11.0,,8.0,1.0,2.0,1.0,,2.0,,1.0,,1.0,,,,1.0,,,,,,,,0.0,0.0,1.0,26.0,,2.0,,,,,,,,,
cpl::Football_Player::2e4482a25fcd459a992030c983aa3254,W. Akio,Cavalry,Forward,2023,forward,13,729,5,0,16,0,8,0,9,8,14,1,1,0,30,79.0,10,1.23,0,0,0,0,0,0,0,0,0.0,0.0,0.0,0.0,0,0,0,0,0,0,0,0,0,0,0,0,0,,729.0,,,,133.0,6.0,33.0,74.0,,1.0,1.0,108.0,32.0,27.0,1.0,,133.0,8.0,103.0,8.0,28.0,34.0,6.0,30.0,,,15.0,7.0,,5.0,317.0,13.0,4.0,,100.0,38.0,38.0,10.0,47.0,2.0,14.0,,,8.0,126.0,5.0,,,13.0,,,,61.0,28.0,105.0,105.0,26.0,1.0,79.0,39.0,2.0,3.0,,,,,13.0,12.0,9.0,,,9.0,5.0,4.0,18.0,3.0,6.0,6.0,8.0,16.0,5.0,1.0,,7.0,1.0,1.0,1.0,27.0,7.0,,3.0,,,,,,1.0,,8.0,,5.0,1.0,5.0,,1.0,,3.0,,,,,,,,2.0,2.0,3.0,48.0,,2.0,,,,,,,,,
cpl::Football_Player::e87c2465a9dc45a995f2722a4997ab10,M. Bevan,Cavalry,Forward,2023,forward,29,2316,11,4,36,0,17,4,9,45,38,20,5,1,34,72.0,25,0.97,0,0,1,5,5,0,0,0,0.0,0.0,0.0,0.0,0,0,0,0,0,0,0,0,0,0,0,0,0,,2316.0,,,,270.0,12.0,100.0,164.0,,5.0,3.0,190.0,42.0,77.0,2.0,,285.0,45.0,202.0,21.0,80.0,67.0,18.0,84.0,,,40.0,28.0,,9.0,563.0,29.0,18.0,,154.0,56.0,94.0,10.0,95.0,3.0,38.0,,,34.0,253.0,14.0,,,29.0,,,,93.0,62.0,190.0,205.0,99.0,1.0,158.0,61.0,4.0,15.0,1.0,1.0,,,6.0,17.0,22.0,3.0,,9.0,,6.0,65.0,8.0,,1.0,19.0,36.0,12.0,3.0,,13.0,1.0,,1.0,16.0,13.0,,11.0,,,,2.0,4.0,20.0,,17.0,,11.0,9.0,11.0,2.0,,,2.0,1.0,,,5.0,5.0,,,3.0,7.0,4.0,40.0,,2.0,,,,,,,,,
cpl::Football_Player::3daeb63b6aae476db83238833f619a14,E. Beckford,Cavalry,Forward,2023,forward,14,254,0,0,7,0,1,0,2,13,4,2,0,0,25,76.0,5,1.77,0,0,2,0,0,0,0,0,0.0,0.0,0.0,0.0,0,0,0,0,0,0,0,0,0,0,0,0,0,,254.0,,,,35.0,1.0,11.0,14.0,1.0,,1.0,22.0,14.0,8.0,1.0,,37.0,13.0,27.0,5.0,9.0,9.0,,4.0,,,7.0,,,5.0,72.0,14.0,1.0,,25.0,11.0,14.0,10.0,10.0,1.0,4.0,,,4.0,41.0,1.0,,,14.0,,,,19.0,6.0,26.0,28.0,16.0,,31.0,6.0,,,,,,,,2.0,3.0,2.0,,2.0,,,12.0,,,14.0,6.0,7.0,4.0,1.0,,,,,,3.0,,,1.0,,,,,,2.0,,1.0,3.0,,,,,,,,,,,,,,,0.0,,,6.0,,,,,,,,,,,
cpl::Football_Player::2d8cec65b1bb4b20872a91ac73584d29,A. Musse,Cavalry,Forward,2023,forward,28,2275,7,7,54,0,24,7,28,16,48,3,2,0,50,80.0,23,0.91,55,0,0,0,0,0,0,0,0.0,0.0,0.0,0.0,0,0,0,0,0,0,0,0,0,0,0,0,0,,2275.0,,,1.0,610.0,26.0,199.0,397.0,4.0,2.0,12.0,424.0,145.0,120.0,2.0,,631.0,16.0,477.0,21.0,132.0,112.0,52.0,173.0,,,123.0,27.0,,44.0,1330.0,28.0,8.0,,301.0,153.0,102.0,10.0,169.0,22.0,48.0,,,12.0,325.0,5.0,,,28.0,,,,144.0,167.0,481.0,499.0,24.0,1.0,156.0,157.0,2.0,15.0,,,,,73.0,36.0,49.0,1.0,,28.0,19.0,30.0,12.0,8.0,15.0,1.0,30.0,54.0,15.0,2.0,,38.0,43.0,,19.0,71.0,85.0,5.0,19.0,55.0,,31.0,7.0,7.0,3.0,19.0,24.0,11.0,7.0,1.0,4.0,6.0,1.0,3.0,5.0,1.0,,1.0,,,,,2.0,5.0,2.0,113.0,,12.0,,,,,,,,,
cpl::Football_Player::c49f24c9d41145ed9c4bf9758b0ed6f9,J. Mason,Cavalry,Forward,2023,forward,20,536,1,2,8,0,4,2,0,8,3,6,1,0,53,79.0,8,1.34,0,0,0,0,0,0,0,0,0.0,0.0,0.0,0.0,0,0,0,0,0,0,0,0,0,0,0,0,0,,536.0,,,,86.0,6.0,30.0,42.0,1.0,1.0,1.0,58.0,29.0,19.0,3.0,,91.0,8.0,66.0,8.0,20.0,22.0,3.0,21.0,,,16.0,4.0,,4.0,182.0,20.0,1.0,,30.0,18.0,25.0,10.0,22.0,5.0,3.0,,,14.0,56.0,5.0,,,20.0,,,,22.0,21.0,66.0,71.0,26.0,,34.0,8.0,,4.0,,,,,3.0,2.0,11.0,2.0,,,5.0,6.0,12.0,2.0,,16.0,4.0,8.0,4.0,,,5.0,,,,5.0,5.0,,1.0,,,,1.0,2.0,6.0,,4.0,,1.0,,1.0,,1.0,,,,,,,,,,0.0,1.0,0.0,13.0,,,,,,,,,,,
cpl::Football_Player::0f153dc7081442a3bc20cd568ca71e39,W. Timóteo,Wanderers,Forward,2023,forward,25,1616,0,4,9,0,2,4,26,19,10,0,3,0,27,82.0,15,0.84,29,0,0,0,0,0,0,0,0.0,0.0,0.0,0.0,0,0,0,0,0,0,0,0,0,0,0,0,0,,1616.0,,,,894.0,14.0,151.0,394.0,14.0,3.0,57.0,301.0,383.0,112.0,1.0,,925.0,19.0,705.0,14.0,169.0,308.0,23.0,157.0,,,93.0,17.0,,63.0,1365.0,25.0,10.0,,124.0,385.0,25.0,10.0,67.0,51.0,10.0,,,6.0,146.0,30.0,,,25.0,,,,63.0,81.0,728.0,756.0,22.0,4.0,79.0,61.0,1.0,6.0,,,,,10.0,41.0,41.0,2.0,,26.0,14.0,19.0,16.0,15.0,102.0,8.0,7.0,9.0,4.0,7.0,,32.0,21.0,23.0,9.0,12.0,51.0,1.0,4.0,29.0,,13.0,2.0,4.0,,8.0,2.0,1.0,,,,1.0,,,,,,,,,,,0.0,,,25.0,,1.0,,,,,,,,,
cpl::Football_Player::dace44682e2f47b8bc651c8032e6e97d,T. Coimbra,Wanderers,Forward,2023,forward,20,917,3,1,13,0,6,1,6,27,7,11,6,0,50,59.0,11,1.08,0,0,1,0,0,0,0,0,0.0,0.0,0.0,0.0,0,0,0,0,0,0,0,0,0,0,0,0,0,,917.0,,,,144.0,2.0,34.0,62.0,1.0,6.0,4.0,117.0,28.0,60.0,3.0,,154.0,27.0,86.0,8.0,64.0,50.0,7.0,58.0,,,22.0,10.0,,10.0,295.0,20.0,14.0,,80.0,41.0,44.0,10.0,61.0,4.0,7.0,,,37.0,153.0,6.0,,,20.0,,,,56.0,29.0,80.0,90.0,73.0,1.0,92.0,24.0,3.0,9.0,,,,,8.0,9.0,24.0,,,6.0,,17.0,36.0,3.0,,10.0,7.0,13.0,4.0,3.0,,4.0,,,,6.0,4.0,2.0,4.0,,,,1.0,1.0,11.0,,6.0,,3.0,2.0,3.0,2.0,,,1.0,,,,,,,,0.0,1.0,2.0,24.0,,,,,,,,,,,
cpl::Football_Player::ec78959fccbd4457af70db222729257e,T. Collomb,Wanderers,Forward,2023,forward,13,586,4,0,9,0,5,0,2,8,13,2,1,0,46,61.0,8,1.23,0,0,0,0,0,0,0,0,0.0,0.0,0.0,0.0,0,0,0,0,0,0,0,0,0,0,0,0,0,,586.0,,,,137.0,4.0,54.0,52.0,1.0,1.0,4.0,98.0,40.0,53.0,1.0,,146.0,8.0,84.0,4.0,57.0,40.0,8.0,54.0,,,19.0,7.0,,13.0,261.0,13.0,7.0,,50.0,35.0,28.0,10.0,37.0,5.0,13.0,,,15.0,82.0,11.0,,,13.0,,,,28.0,17.0,80.0,89.0,32.0,,45.0,22.0,4.0,7.0,,,,,6.0,4.0,14.0,,,2.0,2.0,4.0,17.0,2.0,,6.0,4.0,9.0,3.0,1.0,,10.0,3.0,,3.0,9.0,10.0,,4.0,,,,,,2.0,,5.0,,4.0,2.0,4.0,,1.0,,1.0,,,,,,,,1.0,3.0,1.0,16.0,,,,,,,,,,,
cpl::Football_Player::4dc7f3812aa44d33a6c9acee2619456b,J. Perruzza,Toronto,Forward,2023,forward,11,563,2,0,17,0,9,0,8,10,6,7,0,0,41,79.0,7,1.12,0,0,0,0,0,0,0,0,0.0,0.0,0.0,0.0,0,0,0,0,0,0,0,0,0,0,0,0,0,,563.0,,,1.0,77.0,8.0,29.0,46.0,2.0,,2.0,57.0,17.0,15.0,,,79.0,10.0,57.0,5.0,17.0,14.0,4.0,16.0,,,18.0,7.0,,3.0,184.0,11.0,1.0,,51.0,11.0,31.0,10.0,24.0,5.0,6.0,,,5.0,63.0,6.0,,,11.0,,,,32.0,25.0,60.0,62.0,12.0,,39.0,19.0,2.0,7.0,,,,,4.0,9.0,6.0,1.0,,8.0,2.0,1.0,7.0,1.0,2.0,4.0,8.0,17.0,3.0,,,2.0,1.0,1.0,1.0,5.0,2.0,1.0,2.0,,,,,,7.0,,9.0,,2.0,,2.0,1.0,1.0,,1.0,1.0,,,,,,,0.0,2.0,0.0,16.0,,2.0,,,,,,,,,
cpl::Football_Player::a63da4a535904f639ece3007ff800854,Gabriel Bitar,York,Forward,2023,forward,25,1968,6,4,33,0,15,4,11,22,39,2,4,0,20,75.0,37,1.69,27,0,0,0,0,0,0,0,0.0,0.0,0.0,0.0,0,0,0,0,0,0,0,0,0,0,0,0,0,,1968.0,,,,520.0,10.0,115.0,298.0,6.0,4.0,29.0,294.0,117.0,107.0,5.0,,542.0,22.0,377.0,32.0,136.0,153.0,28.0,145.0,,,93.0,23.0,,24.0,919.0,25.0,10.0,,222.0,188.0,46.0,10.0,112.0,29.0,39.0,,,4.0,242.0,3.0,,,25.0,,,,114.0,86.0,387.0,406.0,20.0,,130.0,108.0,5.0,11.0,,,,,45.0,24.0,35.0,2.0,,11.0,5.0,14.0,16.0,13.0,8.0,2.0,18.0,33.0,7.0,2.0,,11.0,9.0,1.0,,40.0,33.0,7.0,7.0,27.0,,16.0,3.0,4.0,2.0,9.0,15.0,4.0,6.0,6.0,4.0,,,2.0,,1.0,,,,,,,1.0,4.0,2.0,72.0,,7.0,,,,,,,,,
cpl::Football_Player::7d39ce2d96684e53ba7bf8361aee3bac,W. Pacius,,Forward,2023,forward,28,1403,10,3,33,0,16,3,5,25,10,5,5,0,57,79.0,16,1.03,0,0,1,1,1,0,0,0,0.0,0.0,0.0,0.0,0,0,0,0,0,0,0,0,0,0,0,0,0,,1403.0,,,,256.0,5.0,95.0,134.0,4.0,5.0,7.0,153.0,77.0,49.0,1.0,,265.0,25.0,196.0,13.0,56.0,55.0,8.0,47.0,,,43.0,15.0,,14.0,503.0,28.0,11.0,,106.0,39.0,71.0,10.0,51.0,13.0,10.0,,,22.0,144.0,13.0,,,28.0,,,,77.0,76.0,200.0,209.0,38.0,2.0,93.0,29.0,3.0,11.0,,,,,9.0,10.0,18.0,,,5.0,5.0,16.0,16.0,5.0,5.0,13.0,17.0,33.0,3.0,3.0,,5.0,2.0,,2.0,23.0,5.0,,12.0,,,,2.0,3.0,5.0,,16.0,,10.0,4.0,10.0,1.0,3.0,,2.0,,,,1.0,1.0,1.0,,4.0,4.0,6.0,44.0,,2.0,,,,,,,,,
cpl::Football_Player::99a91175ff8e476ca86125ecab87f00b,Mo Babouli,Forge,Forward,2023,forward,20,1664,6,2,32,0,15,2,12,17,26,1,6,2,57,79.0,30,1.62,47,0,4,2,1,0,0,0,0.0,0.0,0.0,0.0,0,0,0,0,0,0,0,0,0,0,0,0,0,,1664.0,,,4.0,582.0,23.0,96.0,355.0,6.0,6.0,26.0,331.0,140.0,107.0,1.0,,609.0,17.0,431.0,25.0,133.0,164.0,29.0,178.0,,,85.0,19.0,,29.0,1036.0,20.0,12.0,,198.0,213.0,39.0,10.0,100.0,45.0,26.0,,,16.0,226.0,18.0,,,20.0,,,,114.0,136.0,456.0,476.0,28.0,2.0,126.0,84.0,5.0,5.0,2.0,1.0,,,40.0,19.0,38.0,1.0,,12.0,3.0,12.0,12.0,7.0,8.0,1.0,17.0,32.0,10.0,1.0,,29.0,19.0,,3.0,41.0,74.0,4.0,7.0,47.0,1.0,29.0,2.0,2.0,1.0,13.0,15.0,12.0,6.0,4.0,4.0,1.0,2.0,2.0,,,,1.0,2.0,1.0,,,1.0,2.0,4.0,77.0,,4.0,,,,,,,,,
cpl::Football_Player::cd1e9f98817545a8904ffd9556963f44,A. Díaz,Vancouver FC,Forward,2023,forward,14,1211,2,0,16,0,6,0,2,14,9,5,0,0,31,74.0,27,2.01,0,0,0,0,0,0,0,0,0.0,0.0,0.0,0.0,0,0,0,0,0,0,0,0,0,0,0,0,0,,1211.0,,,,253.0,5.0,107.0,130.0,,,,122.0,85.0,78.0,5.0,,292.0,14.0,208.0,25.0,78.0,63.0,12.0,61.0,,,26.0,14.0,,18.0,405.0,14.0,2.0,,52.0,60.0,27.0,10.0,34.0,6.0,9.0,,,12.0,90.0,7.0,,,14.0,,,,30.0,62.0,175.0,214.0,38.0,1.0,56.0,22.0,2.0,6.0,,,,,8.0,5.0,14.0,1.0,,2.0,,5.0,26.0,3.0,,,10.0,16.0,1.0,,,1.0,1.0,,1.0,4.0,1.0,2.0,12.0,,,,,,5.0,,6.0,,2.0,,2.0,1.0,1.0,,1.0,,,,,,,,0.0,1.0,1.0,17.0,,1.0,,,,,,,,,
cpl::Football_Player::7962b07c669c4c75ab3ab352cd982923,Kwak Min-jae,Vancouver FC,Forward,2023,forward,26,1312,1,2,18,0,6,2,47,23,19,1,5,0,30,73.0,29,1.99,7,0,1,0,0,0,0,0,0.0,0.0,0.0,0.0,0,0,0,0,0,0,0,0,0,0,0,0,0,,1312.0,,,1.0,340.0,9.0,78.0,126.0,15.0,5.0,23.0,209.0,127.0,71.0,4.0,,343.0,23.0,240.0,25.0,94.0,54.0,4.0,81.0,,,73.0,13.0,,42.0,749.0,26.0,14.0,,188.0,129.0,24.0,10.0,104.0,9.0,19.0,,,9.0,218.0,33.0,,,26.0,,,,93.0,82.0,247.0,249.0,30.0,2.0,114.0,95.0,4.0,6.0,,,,,12.0,64.0,32.0,1.0,,47.0,20.0,18.0,21.0,17.0,61.0,13.0,12.0,18.0,7.0,2.0,,20.0,4.0,28.0,2.0,19.0,29.0,,1.0,7.0,,4.0,2.0,2.0,1.0,2.0,6.0,2.0,1.0,1.0,1.0,,,,,,,,,,,,0.0,1.0,0.0,30.0,,,,,,,,,,,
cpl::Football_Player::9577790c0cf54495843d303127992c4d,S. Hundal,Valour,Forward,2023,forward,28,1854,6,1,45,0,23,1,4,29,31,7,1,0,28,72.0,39,1.89,0,0,0,1,1,0,0,0,0.0,0.0,0.0,0.0,0,0,0,0,0,0,0,0,0,0,0,0,0,,1854.0,,,,289.0,16.0,94.0,143.0,1.0,1.0,10.0,272.0,81.0,79.0,6.0,,311.0,29.0,208.0,35.0,89.0,67.0,15.0,90.0,,,42.0,20.0,,8.0,687.0,28.0,10.0,,195.0,50.0,119.0,10.0,88.0,14.0,31.0,,,20.0,264.0,3.0,,,28.0,,,,127.0,100.0,201.0,222.0,69.0,3.0,176.0,68.0,4.0,13.0,,,,,27.0,10.0,23.0,1.0,,4.0,1.0,13.0,49.0,6.0,3.0,8.0,22.0,45.0,6.0,3.0,,9.0,2.0,,2.0,37.0,9.0,1.0,6.0,,,,1.0,1.0,7.0,,23.0,,6.0,4.0,6.0,4.0,,,2.0,,,,1.0,1.0,,,0.0,3.0,3.0,91.0,,7.0,,,,,,,,,
cpl::Football_Player::3ec3689202904ef38942e9a374e4f6a8,M. Kane,York,Forward,2023,forward,8,157,0,0,2,0,0,0,5,3,0,0,0,0,45,73.0,5,2.87,0,0,1,0,0,0,0,0,0.0,0.0,0.0,0.0,0,0,0,0,0,0,0,0,0,0,0,0,0,,157.0,,,1.0,66.0,1.0,9.0,9.0,1.0,,5.0,24.0,39.0,13.0,,,66.0,3.0,41.0,5.0,18.0,10.0,1.0,16.0,,,9.0,2.0,,3.0,101.0,8.0,1.0,,18.0,24.0,2.0,10.0,16.0,7.0,,,,5.0,29.0,7.0,,,8.0,,,,7.0,23.0,48.0,48.0,11.0,,13.0,11.0,,1.0,,,,,1.0,10.0,1.0,,,5.0,1.0,1.0,6.0,5.0,1.0,6.0,2.0,2.0,,3.0,,1.0,,,,,1.0,,,,,,,,,,,,,,,,,,,,,,,,,,0.0,,,3.0,,,,,,,,,,,
cpl::Football_Player::967e6b2da89443488a2347d8cad725e0,David Brazão,Pacific,Forward,2023,forward,12,335,2,1,3,0,3,1,3,12,14,1,0,0,50,72.0,8,2.15,3,0,0,0,0,0,0,0,0.0,0.0,0.0,0.0,0,0,0,0,0,0,0,0,0,0,0,0,0,,335.0,,,,143.0,4.0,36.0,77.0,1.0,,7.0,70.0,34.0,35.0,,,147.0,12.0,97.0,7.0,42.0,17.0,9.0,42.0,,,23.0,2.0,,8.0,237.0,12.0,6.0,,47.0,40.0,26.0,10.0,26.0,8.0,14.0,,,3.0,53.0,,,,12.0,,,,24.0,54.0,101.0,105.0,6.0,,27.0,23.0,1.0,2.0,,,,,6.0,3.0,13.0,,,3.0,5.0,2.0,3.0,,1.0,10.0,,3.0,5.0,1.0,,5.0,6.0,,3.0,4.0,8.0,,3.0,3.0,,1.0,1.0,1.0,1.0,2.0,3.0,,2.0,,2.0,,,,2.0,,,,,,,,0.0,1.0,1.0,11.0,,,,,,,,,,,
cpl::Football_Player::f5a3687151ce4b3c88be9f30a94996d0,T. Afework,York,Forward,2023,forward,0,0,0,0,0,0,0,0,0,0,0,0,0,0,0,,0,,0,0,0,0,0,0,0,0,0.0,0.0,0.0,0.0,0,0,0,0,0,0,0,0,0,0,0,0,0,,,,,,,,,,,,,,,,,,,,,,,,,,,,,,,,,,,,,,,,,,,,,,,,,,,,,,,,,,,,,,,,,,,,,,,,,,,,,,,,,,,,,,,,,,,,,,,,,,,,,,,,,,,,,,,,,,,,,,,,,,,,,,,,,,
cpl::Football_Player::a2bda4ee744a46f5ba2c6d64d47b4f9e,A. Sellouf,Cavalry,Forward,2023,forward,30,1723,7,8,27,0,17,8,8,7,29,2,0,0,50,83.0,23,1.2,78,0,2,1,1,0,0,0,0.0,0.0,0.0,0.0,0,0,0,0,0,0,0,0,0,0,0,0,0,,1723.0,,,,636.0,27.0,172.0,425.0,,,20.0,381.0,155.0,100.0,2.0,,667.0,7.0,528.0,20.0,120.0,254.0,45.0,210.0,,,93.0,15.0,,22.0,1193.0,30.0,5.0,,220.0,180.0,88.0,10.0,112.0,19.0,29.0,,,4.0,228.0,5.0,,,30.0,,,,112.0,61.0,520.0,547.0,8.0,,116.0,108.0,3.0,8.0,,,,,63.0,16.0,29.0,,,8.0,6.0,7.0,4.0,8.0,28.0,15.0,10.0,27.0,21.0,1.0,1.0,53.0,33.0,2.0,10.0,66.0,112.0,5.0,2.0,78.0,,45.0,8.0,8.0,2.0,19.0,17.0,6.0,7.0,6.0,5.0,,,2.0,1.0,2.0,,,1.0,1.0,,,1.0,4.0,3.0,93.0,,14.0,,,,,,,,,
cpl::Football_Player::3b19fa7fb1064556a2c16b457a82a603,D. Daniels,Pacific,Forward,2023,forward,24,980,3,3,17,0,5,3,12,30,14,8,6,0,44,72.0,15,1.38,0,0,1,0,0,0,0,0,0.0,0.0,0.0,0.0,0,0,0,0,0,0,0,0,0,0,0,0,0,,980.0,,,,170.0,6.0,76.0,86.0,,6.0,3.0,129.0,49.0,49.0,1.0,,185.0,30.0,127.0,13.0,52.0,40.0,10.0,44.0,,,37.0,12.0,,13.0,412.0,24.0,17.0,,136.0,33.0,50.0,10.0,74.0,6.0,14.0,,,20.0,181.0,10.0,,,24.0,,,,82.0,36.0,118.0,133.0,45.0,,107.0,54.0,2.0,12.0,,,,,18.0,22.0,25.0,,,12.0,7.0,15.0,25.0,10.0,1.0,12.0,12.0,17.0,7.0,4.0,,5.0,2.0,,2.0,16.0,5.0,,8.0,,,,3.0,3.0,8.0,,5.0,,3.0,,3.0,6.0,,,3.0,1.0,,,,,,,1.0,0.0,3.0,36.0,,1.0,,,,,,,,,
cpl::Football_Player::982a96a792e04404805090a131cb95df,T. Campbell,Vancouver FC,Forward,2023,forward,30,2108,10,1,41,0,30,1,10,17,11,16,0,0,32,78.0,25,1.07,0,0,0,1,0,0,0,0,0.0,0.0,0.0,0.0,0,0,0,0,0,0,0,0,0,0,0,0,0,,2108.0,,,,353.0,15.0,159.0,195.0,1.0,,10.0,199.0,111.0,78.0,3.0,,391.0,17.0,294.0,21.0,88.0,69.0,20.0,74.0,,,47.0,26.0,,17.0,663.0,30.0,5.0,,123.0,73.0,129.0,10.0,66.0,9.0,11.0,,,18.0,178.0,19.0,,,30.0,,,,75.0,90.0,265.0,303.0,55.0,1.0,112.0,48.0,4.0,23.0,,,,,19.0,18.0,14.0,1.0,,10.0,2.0,4.0,37.0,8.0,4.0,4.0,11.0,41.0,9.0,,,3.0,3.0,1.0,3.0,17.0,3.0,3.0,20.0,,,,1.0,1.0,16.0,,30.0,,10.0,1.0,9.0,8.0,3.0,1.0,6.0,1.0,,,1.0,,,,2.0,6.0,4.0,48.0,,1.0,,,,,,,,,
cpl::Football_Player::ae23ee82dcf94e9a9bd025598913c845,A. Binate,Valour,Forward,2023,forward,3,35,0,0,2,0,0,0,0,3,1,0,0,0,0,67.0,1,2.57,0,0,0,0,0,0,0,0,0.0,0.0,0.0,0.0,0,0,0,0,0,0,0,0,0,0,0,0,0,,35.0,,,,9.0,1.0,2.0,6.0,,,,13.0,,3.0,,,9.0,3.0,6.0,1.0,3.0,2.0,,3.0,,,1.0,,,,31.0,3.0,1.0,,13.0,2.0,5.0,10.0,2.0,,1.0,,,,17.0,1.0,,,3.0,,,,11.0,3.0,6.0,6.0,4.0,,15.0,2.0,,,,,,,1.0,,2.0,,,,1.0,1.0,4.0,,,3.0,2.0,2.0,2.0,,,,,,,1.0,,,,,,,,,,,,,,,,,,,,,,,,,,,0.0,,,6.0,,,,,,,,,,,
cpl::Football_Player::5d75ae0c3f534dbe8e360d2c209485b0,C. Buschman-Dormond,York,Forward,2023,forward,6,62,0,0,1,0,0,0,1,5,0,0,0,1,0,79.0,1,1.45,2,0,0,0,0,0,0,0,0.0,0.0,0.0,0.0,0,0,0,0,0,0,0,0,0,0,0,0,0,,62.0,,,,19.0,,8.0,16.0,,,,12.0,,4.0,,,19.0,5.0,15.0,1.0,4.0,5.0,1.0,10.0,,,,,,,41.0,6.0,3.0,,9.0,2.0,3.0,10.0,3.0,,,,,,10.0,2.0,,,6.0,,,,6.0,4.0,15.0,15.0,1.0,,7.0,3.0,,,1.0,1.0,,,2.0,1.0,4.0,,,1.0,,,1.0,,1.0,6.0,1.0,1.0,,2.0,,4.0,1.0,,1.0,,6.0,,,2.0,,2.0,,,,,,,,,,,,,,,,,,,,,0.0,,,,,,,,,,,,,,
cpl::Football_Player::04cd976c461148d79ab8cafc0bf69c62,D. Choinière,Forge,Forward,2023,forward,17,990,2,3,14,0,3,3,4,9,13,2,1,0,0,83.0,12,1.09,6,0,1,0,0,0,0,0,0.0,0.0,0.0,0.0,0,0,0,0,0,0,0,0,0,0,0,0,0,,990.0,,,,393.0,18.0,140.0,254.0,2.0,1.0,10.0,173.0,89.0,60.0,,,400.0,9.0,315.0,9.0,70.0,46.0,16.0,80.0,,,47.0,11.0,,14.0,621.0,17.0,3.0,,106.0,86.0,58.0,10.0,37.0,15.0,13.0,,,,107.0,2.0,,,17.0,,,,69.0,128.0,323.0,330.0,1.0,,70.0,37.0,3.0,7.0,,,,,15.0,9.0,23.0,,,4.0,1.0,7.0,1.0,5.0,10.0,6.0,11.0,14.0,10.0,,,24.0,13.0,1.0,13.0,23.0,24.0,,1.0,6.0,,,3.0,3.0,2.0,,3.0,,2.0,2.0,2.0,,,,,,,,,,,,1.0,0.0,2.0,43.0,,7.0,,,,,,,,,
cpl::Football_Player::b8e2638330e141eca3d88b86209086f0,Jaime Siaj,Valour,Forward,2023,forward,12,517,0,0,11,0,3,0,3,10,9,0,0,0,41,71.0,5,0.87,0,0,0,0,0,0,0,0,0.0,0.0,0.0,0.0,0,0,0,0,0,0,0,0,0,0,0,0,0,,517.0,,,,119.0,1.0,53.0,61.0,,,3.0,58.0,32.0,35.0,,,130.0,10.0,89.0,5.0,38.0,27.0,3.0,28.0,,,20.0,5.0,,10.0,215.0,12.0,6.0,,36.0,32.0,21.0,10.0,32.0,3.0,9.0,,,14.0,70.0,9.0,,,12.0,,,,18.0,18.0,81.0,92.0,34.0,,38.0,18.0,,5.0,,,,,4.0,5.0,4.0,1.0,,3.0,2.0,2.0,20.0,2.0,1.0,7.0,8.0,11.0,3.0,2.0,,,1.0,,1.0,3.0,,1.0,5.0,,,,,,,,3.0,,,,,1.0,,,,,,,,,,,0.0,,,6.0,,,,,,,,,,,
cpl::Football_Player::290f058a65584ba487f5fe64d0f7bebd,G. Smith-Doyle,Cavalry,Forward,2023,forward,16,532,1,1,8,0,3,1,3,8,11,5,1,0,43,62.0,2,0.34,0,0,0,0,0,0,0,0,0.0,0.0,0.0,0.0,0,0,0,0,0,0,0,0,0,0,0,0,0,,532.0,,,,67.0,7.0,19.0,36.0,1.0,1.0,2.0,63.0,8.0,24.0,,,67.0,8.0,39.0,1.0,26.0,15.0,1.0,28.0,,,15.0,7.0,,5.0,164.0,16.0,4.0,,46.0,26.0,17.0,10.0,36.0,2.0,11.0,,,16.0,83.0,7.0,,,16.0,,,,26.0,7.0,41.0,41.0,37.0,,47.0,20.0,1.0,7.0,,,,,2.0,7.0,8.0,1.0,,3.0,1.0,3.0,21.0,4.0,,9.0,5.0,8.0,5.0,,,7.0,3.0,,3.0,8.0,7.0,,2.0,,,,1.0,1.0,5.0,,3.0,,1.0,1.0,1.0,2.0,,,,,,,,,,,1.0,1.0,0.0,13.0,,3.0,,,,,,,,,
cpl::Football_Player::8d395d0de4314a759dc733bec944bbe2,L. Mwandwe,Wanderers,Forward,2023,forward,7,257,0,1,3,0,0,1,7,7,7,0,1,0,42,76.0,1,0.35,1,0,0,0,0,0,0,0,0.0,0.0,0.0,0.0,0,0,0,0,0,0,0,0,0,0,0,0,0,,257.0,,1.0,,68.0,2.0,23.0,31.0,1.0,1.0,1.0,38.0,23.0,16.0,1.0,,70.0,7.0,52.0,1.0,17.0,10.0,2.0,14.0,,,16.0,3.0,,5.0,137.0,7.0,5.0,,35.0,25.0,9.0,10.0,21.0,1.0,7.0,,,3.0,42.0,5.0,,,7.0,,,,17.0,12.0,51.0,53.0,7.0,,21.0,18.0,,2.0,,,,,4.0,7.0,2.0,,,7.0,5.0,1.0,4.0,,6.0,4.0,3.0,3.0,1.0,,,2.0,1.0,4.0,1.0,4.0,2.0,1.0,,1.0,,,1.0,1.0,,,,,,,,,,,,,,,,,,,0.0,,,8.0,,,,,,,,,,,
cpl::Football_Player::3a7fa01e24fb448aa232a74f6567bbc4,K. Manneh,Pacific,Forward,2023,forward,22,920,2,2,7,0,3,2,13,8,20,2,1,0,28,80.0,15,1.47,12,0,0,0,0,0,0,0,0.0,0.0,0.0,0.0,0,0,0,0,0,0,0,0,0,0,0,0,0,,920.0,,,,308.0,10.0,107.0,183.0,1.0,1.0,5.0,156.0,74.0,58.0,3.0,,313.0,8.0,237.0,13.0,63.0,88.0,16.0,87.0,,,57.0,12.0,,9.0,517.0,22.0,3.0,,111.0,62.0,49.0,10.0,63.0,13.0,20.0,,,2.0,118.0,1.0,,,22.0,,,,50.0,56.0,246.0,250.0,7.0,,55.0,61.0,2.0,11.0,,,,,21.0,20.0,22.0,,,13.0,1.0,6.0,5.0,7.0,6.0,10.0,4.0,7.0,7.0,,,25.0,7.0,,4.0,24.0,33.0,2.0,6.0,12.0,,8.0,2.0,2.0,2.0,2.0,3.0,,2.0,1.0,2.0,1.0,,,1.0,,,,,,,,0.0,0.0,2.0,34.0,,3.0,,,,,,,,,
cpl::Football_Player::2989b90b079449a0916022698aecc47b,B. Badibanga,Forge,Forward,2023,forward,12,1036,3,0,23,0,14,0,13,14,23,2,2,0,30,77.0,13,1.13,5,0,1,0,0,0,0,0,0.0,0.0,0.0,0.0,0,0,0,0,0,0,0,0,0,0,0,0,0,,1036.0,,,,388.0,9.0,106.0,229.0,1.0,2.0,11.0,214.0,89.0,83.0,3.0,,399.0,14.0,286.0,12.0,94.0,105.0,23.0,111.0,,,38.0,11.0,,12.0,645.0,12.0,7.0,,125.0,108.0,25.0,10.0,66.0,19.0,23.0,,,4.0,138.0,,,,12.0,,,,63.0,80.0,294.0,305.0,13.0,3.0,72.0,62.0,1.0,3.0,,,,,24.0,15.0,20.0,2.0,,13.0,3.0,5.0,9.0,2.0,5.0,1.0,9.0,23.0,3.0,,,29.0,13.0,4.0,12.0,21.0,29.0,2.0,8.0,5.0,,,,,2.0,1.0,14.0,10.0,3.0,3.0,1.0,1.0,,2.0,,,,2.0,,,,,1.0,2.0,1.0,42.0,,7.0,,,,,,,,,
cpl::Football_Player::f35e8387775841209e2b83c588cc5c52,J. Hamilton,Forge,Forward,2023,forward,19,638,4,1,24,0,14,1,0,9,11,6,0,0,50,79.0,10,1.41,0,0,2,1,1,0,0,0,0.0,0.0,0.0,0.0,0,0,0,0,0,0,0,0,0,0,0,0,0,,638.0,,,,99.0,8.0,48.0,48.0,,,1.0,58.0,44.0,24.0,1.0,,116.0,9.0,88.0,8.0,25.0,17.0,4.0,19.0,,,19.0,7.0,,8.0,224.0,19.0,6.0,,42.0,17.0,44.0,10.0,27.0,3.0,11.0,,,11.0,64.0,3.0,,,19.0,,,,26.0,34.0,74.0,91.0,22.0,1.0,37.0,16.0,2.0,6.0,,,,,3.0,2.0,12.0,1.0,,,,7.0,11.0,2.0,,12.0,10.0,24.0,6.0,2.0,,2.0,1.0,1.0,1.0,5.0,2.0,1.0,8.0,,,,,1.0,6.0,,14.0,,4.0,2.0,4.0,,,,2.0,1.0,,,1.0,1.0,,,0.0,3.0,1.0,13.0,,,,,,,,,,,
cpl::Football_Player::31115f5131a74426969fd8573af2d8b9,B. Wright,Forge,Forward,2023,forward,27,1371,2,2,38,0,18,2,3,17,26,10,2,0,56,71.0,30,1.97,1,0,1,0,0,0,0,0,0.0,0.0,0.0,0.0,0,0,0,0,0,0,0,0,0,0,0,0,0,,1371.0,,,,212.0,9.0,75.0,121.0,,2.0,,144.0,50.0,69.0,1.0,,235.0,17.0,161.0,24.0,69.0,54.0,17.0,65.0,,,23.0,15.0,,9.0,467.0,27.0,7.0,,98.0,55.0,78.0,10.0,75.0,5.0,26.0,,,31.0,153.0,12.0,,,27.0,,,,54.0,51.0,144.0,166.0,55.0,,78.0,44.0,6.0,9.0,,,,,13.0,5.0,16.0,,,3.0,1.0,11.0,24.0,2.0,4.0,12.0,20.0,38.0,5.0,5.0,,5.0,5.0,,5.0,16.0,5.0,1.0,12.0,1.0,,,1.0,2.0,10.0,,18.0,,2.0,2.0,2.0,4.0,,,,,,,,,,,0.0,0.0,2.0,34.0,,5.0,,,,,,,,,
cpl::Football_Player::4d636b2222ce4dadada19f4087f42b9e,J. Assi,Montréal,Forward,2023,forward,26,1743,1,3,8,0,4,3,23,20,14,8,3,0,41,78.0,19,0.98,0,0,0,0,0,0,0,0,0.0,0.0,0.0,0.0,0,0,0,0,0,0,0,0,0,0,0,0,0,,1743.0,,,1.0,544.0,8.0,153.0,263.0,10.0,3.0,17.0,291.0,167.0,104.0,,,547.0,20.0,416.0,16.0,121.0,27.0,27.0,110.0,,,87.0,20.0,,38.0,943.0,26.0,12.0,,212.0,142.0,60.0,10.0,105.0,10.0,14.0,,,5.0,224.0,12.0,,,26.0,,,,112.0,225.0,423.0,426.0,12.0,3.0,119.0,100.0,3.0,15.0,,,,,43.0,43.0,32.0,2.0,,23.0,7.0,11.0,7.0,20.0,44.0,6.0,4.0,8.0,3.0,,,27.0,4.0,9.0,4.0,45.0,27.0,2.0,,,,,2.0,3.0,8.0,,4.0,,1.0,1.0,1.0,1.0,,,,,,,,,,,0.0,0.0,1.0,73.0,,12.0,,,,,,,,,
cpl::Football_Player::337fb1e9243f40eeacf44fe5123d4089,A. Novak,Forge,Forward,2023,forward,23,943,1,0,10,0,5,0,2,7,15,7,1,0,29,73.0,13,1.24,0,0,1,0,0,0,0,0,0.0,0.0,0.0,0.0,0,0,0,0,0,0,0,0,0,0,0,0,0,,943.0,,1.0,,144.0,8.0,56.0,83.0,,1.0,1.0,119.0,37.0,44.0,1.0,,164.0,7.0,117.0,12.0,45.0,39.0,7.0,44.0,,,17.0,9.0,,5.0,316.0,23.0,3.0,,74.0,37.0,38.0,10.0,42.0,2.0,15.0,,,18.0,135.0,8.0,,,23.0,,,,50.0,32.0,100.0,119.0,61.0,,93.0,24.0,1.0,7.0,,,,,7.0,2.0,9.0,,,2.0,,3.0,43.0,,1.0,14.0,5.0,10.0,7.0,1.0,,4.0,1.0,,1.0,14.0,4.0,1.0,4.0,,,,,,7.0,,5.0,,1.0,1.0,1.0,1.0,,,,,,,,,,,0.0,0.0,1.0,40.0,,1.0,,,,,,,,,
cpl::Football_Player::7605490b6ccd4ec881fe76b8f5e1999f,R. del Campo,Atlético,Forward,2023,forward,16,610,0,2,15,0,6,2,2,11,7,3,2,0,59,65.0,9,1.33,0,0,1,0,0,0,0,0,0.0,0.0,0.0,0.0,0,0,0,0,0,0,0,0,0,0,0,0,0,,610.0,,,,87.0,5.0,29.0,44.0,1.0,2.0,2.0,71.0,22.0,33.0,,,98.0,11.0,63.0,7.0,35.0,14.0,8.0,34.0,,,18.0,6.0,,4.0,202.0,16.0,5.0,,50.0,21.0,32.0,10.0,40.0,,7.0,,,22.0,87.0,2.0,,,16.0,,,,32.0,34.0,52.0,63.0,37.0,,47.0,18.0,2.0,5.0,,,,,8.0,4.0,11.0,1.0,,2.0,1.0,7.0,15.0,2.0,1.0,10.0,9.0,15.0,7.0,,,3.0,3.0,,3.0,10.0,3.0,,1.0,,,,1.0,2.0,3.0,,6.0,,,,,2.0,,,,,,,,,,,0.0,,,19.0,,,,,,,,,,,
cpl::Football_Player::3a8819a7f06c45a38e951d42d8743025,M. Shaw,Cavalry,Forward,2023,forward,22,1274,1,1,12,0,7,1,9,26,20,1,2,0,33,75.0,13,0.92,0,0,0,0,0,0,0,0,0.0,0.0,0.0,0.0,0,0,0,0,0,0,0,0,0,0,0,0,0,,1274.0,,,1.0,237.0,3.0,83.0,101.0,7.0,2.0,12.0,148.0,86.0,51.0,,,249.0,26.0,170.0,13.0,63.0,58.0,7.0,52.0,,,58.0,12.0,,16.0,495.0,22.0,12.0,,114.0,76.0,35.0,10.0,64.0,16.0,20.0,,,18.0,167.0,20.0,,,22.0,,,,68.0,32.0,174.0,186.0,53.0,3.0,103.0,46.0,,4.0,,,,,14.0,12.0,11.0,2.0,,9.0,6.0,6.0,35.0,3.0,21.0,10.0,5.0,12.0,2.0,2.0,,5.0,1.0,2.0,1.0,10.0,5.0,2.0,4.0,,,,1.0,1.0,1.0,,7.0,1.0,1.0,,1.0,,,,1.0,1.0,,,,,,,0.0,1.0,0.0,38.0,,5.0,,,,,,,,,
cpl::Football_Player::7c7c78f8a9b24353a2c2418452327dab,Kévin Santos,Atlético,Forward,2023,forward,27,1634,6,0,31,0,18,0,18,29,28,5,4,0,26,82.0,28,1.54,16,0,0,0,0,0,0,0,0.0,0.0,0.0,0.0,0,0,0,0,0,0,0,0,0,0,0,0,0,,1634.0,,,1.0,480.0,10.0,170.0,265.0,8.0,4.0,18.0,270.0,158.0,75.0,,,500.0,29.0,388.0,23.0,93.0,160.0,17.0,101.0,,,89.0,19.0,,20.0,914.0,27.0,12.0,,264.0,94.0,72.0,10.0,117.0,19.0,28.0,,,6.0,287.0,8.0,,,27.0,,,,153.0,76.0,387.0,407.0,23.0,1.0,170.0,111.0,5.0,15.0,,,,,49.0,34.0,29.0,1.0,,18.0,11.0,11.0,17.0,16.0,7.0,8.0,13.0,31.0,9.0,2.0,,19.0,16.0,,13.0,52.0,28.0,3.0,7.0,16.0,,6.0,,,5.0,3.0,18.0,3.0,6.0,6.0,4.0,1.0,,2.0,,1.0,,,,,,,1.0,3.0,3.0,96.0,,8.0,,,,,,,,,
cpl::Football_Player::a96eb3025e23467ca33277ae9c86f369,S. Salter,Atlético,Forward,2023,forward,27,1475,7,1,31,0,22,1,7,30,21,5,6,0,46,73.0,21,1.28,0,0,0,0,0,0,0,0,0.0,0.0,0.0,0.0,0,0,0,0,0,0,0,0,0,0,0,0,0,,1475.0,,,1.0,316.0,5.0,129.0,139.0,,6.0,3.0,191.0,117.0,92.0,,,351.0,30.0,250.0,18.0,95.0,78.0,11.0,72.0,,,49.0,18.0,,25.0,602.0,27.0,13.0,,121.0,65.0,69.0,10.0,91.0,6.0,21.0,,,42.0,211.0,14.0,,,27.0,,,,72.0,79.0,221.0,256.0,90.0,1.0,120.0,49.0,3.0,14.0,,,,,13.0,15.0,26.0,2.0,,7.0,5.0,17.0,48.0,8.0,1.0,9.0,9.0,31.0,10.0,4.0,,2.0,,,,12.0,2.0,2.0,15.0,,,,1.0,1.0,5.0,,22.0,,7.0,3.0,6.0,1.0,,1.0,4.0,1.0,,,,,,,2.0,2.0,5.0,35.0,,3.0,,,,,,,,,
cpl::Football_Player::48fe610550bc4e00a8782f2403b6ca25,A. Selemani,Cavalry,Forward,2023,forward,10,376,0,0,7,0,4,0,4,5,2,3,1,0,29,74.0,9,2.15,0,0,0,0,0,0,0,0,0.0,0.0,0.0,0.0,0,0,0,0,0,0,0,0,0,0,0,0,0,,376.0,,,,66.0,5.0,30.0,37.0,,1.0,,51.0,16.0,19.0,,,72.0,5.0,53.0,7.0,19.0,12.0,2.0,30.0,,,8.0,3.0,,2.0,140.0,10.0,1.0,,28.0,15.0,19.0,10.0,18.0,,2.0,,,5.0,45.0,,,,10.0,,,,15.0,15.0,47.0,53.0,17.0,,27.0,13.0,2.0,3.0,,,,,4.0,7.0,12.0,,,4.0,,2.0,12.0,3.0,3.0,7.0,3.0,7.0,1.0,,,13.0,,,,2.0,13.0,,3.0,,,,,,3.0,,4.0,,,,,1.0,,,,,,,,,,,0.0,,,9.0,,,,,,,,,,,
cpl::Football_Player::697c5074a60947ab8c7cc589ade62981,Gianni dos Santos,Pacific,Forward,2023,forward,19,858,2,2,18,0,13,2,6,16,15,4,1,0,0,71.0,11,1.15,7,0,0,0,0,0,0,0,0.0,0.0,0.0,0.0,0,0,0,0,0,0,0,0,0,0,0,0,0,,858.0,,,1.0,175.0,8.0,47.0,102.0,7.0,1.0,20.0,152.0,39.0,34.0,,,183.0,16.0,121.0,10.0,54.0,64.0,13.0,78.0,,,29.0,10.0,,11.0,391.0,19.0,7.0,,92.0,45.0,33.0,10.0,35.0,8.0,15.0,,,,97.0,4.0,,,19.0,,,,57.0,27.0,121.0,129.0,5.0,,62.0,35.0,1.0,7.0,,,,,12.0,8.0,20.0,,,6.0,1.0,7.0,5.0,2.0,6.0,9.0,5.0,18.0,7.0,,,31.0,12.0,1.0,10.0,17.0,35.0,4.0,4.0,7.0,,2.0,2.0,2.0,4.0,2.0,13.0,2.0,2.0,1.0,2.0,,,,1.0,,,,,,,,0.0,0.0,2.0,30.0,,1.0,,,,,,,,,
cpl::Football_Player::48a893f1cbd2441d9afda48df5d56376,W. Ponce,Valour,Forward,2023,forward,22,1085,4,1,29,0,15,1,19,34,26,4,3,0,47,75.0,18,1.49,0,0,2,0,0,0,0,0,0.0,0.0,0.0,0.0,0,0,0,0,0,0,0,0,0,0,0,0,0,,1085.0,,,,362.0,7.0,134.0,161.0,7.0,3.0,10.0,181.0,121.0,88.0,,,379.0,34.0,268.0,16.0,98.0,97.0,6.0,93.0,,,58.0,14.0,,19.0,626.0,22.0,17.0,,141.0,70.0,56.0,10.0,97.0,13.0,26.0,,,34.0,213.0,8.0,,,22.0,,,,78.0,78.0,264.0,281.0,72.0,,116.0,63.0,2.0,12.0,,,,,11.0,26.0,36.0,2.0,,19.0,1.0,17.0,38.0,7.0,3.0,8.0,14.0,29.0,3.0,2.0,,14.0,1.0,,1.0,17.0,14.0,,12.0,,,,1.0,1.0,4.0,,15.0,,4.0,2.0,4.0,2.0,,,2.0,,,,,,,,2.0,2.0,2.0,34.0,,2.0,,,,,,,,,
cpl::Football_Player::751e68a27d374a64b9646c08102f6daf,João Morelli,Wanderers,Forward,2023,forward,9,435,4,1,9,0,6,1,3,7,12,1,2,0,16,81.0,7,1.45,0,0,0,1,1,0,0,0,0.0,0.0,0.0,0.0,0,0,0,0,0,0,0,0,0,0,0,0,0,,435.0,,,1.0,116.0,4.0,41.0,60.0,,2.0,3.0,64.0,37.0,21.0,,,121.0,7.0,88.0,6.0,24.0,20.0,4.0,23.0,,,20.0,4.0,,4.0,218.0,9.0,3.0,,56.0,35.0,19.0,10.0,23.0,9.0,12.0,,,1.0,62.0,3.0,,,9.0,,,,34.0,25.0,92.0,97.0,6.0,,39.0,22.0,1.0,3.0,,,,,7.0,3.0,10.0,,,3.0,2.0,8.0,5.0,,1.0,5.0,3.0,9.0,3.0,,,3.0,,,,16.0,3.0,,4.0,,,,1.0,1.0,1.0,,6.0,,4.0,3.0,4.0,,,,1.0,1.0,,,1.0,1.0,,,1.0,3.0,1.0,25.0,,1.0,,,,,,,,,
cpl::Football_Player::db08922169dd4965b34c10fd27536050,C. Vasconcelos,Wanderers,Forward,2023,forward,1,45,0,0,0,0,0,0,0,0,1,0,0,0,100,77.0,0,0.0,0,0,0,0,0,0,0,0,0.0,0.0,0.0,0.0,0,0,0,0,0,0,0,0,0,0,0,0,0,,45.0,,,,13.0,,2.0,5.0,,,,6.0,5.0,3.0,,,13.0,,10.0,,3.0,3.0,,3.0,,,1.0,,,,25.0,1.0,,,6.0,3.0,,10.0,5.0,,1.0,,,1.0,7.0,,,,1.0,,,,2.0,5.0,10.0,10.0,1.0,,2.0,4.0,,1.0,,,,,2.0,1.0,2.0,,,,1.0,2.0,,1.0,,1.0,,,,,,,,,,1.0,,,,,,,,,,,,,,,,,,,,,,,,,,,0.0,,,2.0,,,,,,,,,,,
cpl::Football_Player::b5ed83ee8fa54443ab3fdcc4f0fa60d8,Ameer Khadim,Vancouver FC,Forward,2023,forward,20,466,1,1,8,0,3,1,9,10,8,3,2,1,23,69.0,8,1.55,0,0,1,0,0,0,0,0,0.0,0.0,0.0,0.0,0,0,0,0,0,0,0,0,0,0,0,0,0,,466.0,,,,98.0,,20.0,48.0,1.0,2.0,2.0,65.0,21.0,30.0,2.0,,101.0,10.0,67.0,7.0,32.0,30.0,4.0,28.0,,,25.0,2.0,,5.0,195.0,20.0,6.0,,57.0,30.0,17.0,10.0,39.0,2.0,8.0,,,15.0,120.0,3.0,,,20.0,,,,33.0,21.0,66.0,69.0,63.0,,81.0,24.0,1.0,1.0,1.0,1.0,,,2.0,14.0,6.0,,,9.0,3.0,2.0,48.0,5.0,1.0,18.0,5.0,8.0,5.0,,,1.0,,,,7.0,1.0,,6.0,,,,1.0,1.0,3.0,,3.0,,1.0,1.0,1.0,1.0,,,,,,,,,,,0.0,1.0,0.0,15.0,,,,,,,,,,,
cpl::Football_Player::0d635e29400f481397a6663825364631,S. Castello,Forge,Forward,2023,forward,2,5,0,0,0,0,0,0,0,0,0,0,0,0,0,,0,0.0,0,0,0,0,0,0,0,0,0.0,0.0,0.0,0.0,0,0,0,0,0,0,0,0,0,0,0,0,0,,5.0,,,,,,,,,,,2.0,,,,,,,,,,,,,,,,,,,4.0,2.0,,,1.0,,,10.0,1.0,,,,,,2.0,,,,2.0,,,,,,,,1.0,,1.0,1.0,,,,,,,,1.0,1.0,,,,,1.0,1.0,1.0,,2.0,,,,,,,,,,,,,,,,,,,,,,,,,,,,,,,,,,,,,0.0,,,,,,,,,,,,,,
cpl::Football_Player::fe97daed88864e66a3ecc7ab9935be5d,C. Bayiha,Wanderers,Forward,2023,forward,28,1609,2,2,10,0,5,2,20,11,24,5,0,0,30,84.0,24,1.34,3,0,0,0,0,0,0,0,0.0,0.0,0.0,0.0,0,0,0,0,0,0,0,0,0,0,0,0,0,,1609.0,,,,492.0,21.0,212.0,271.0,4.0,,6.0,229.0,160.0,75.0,1.0,,506.0,11.0,422.0,20.0,81.0,50.0,20.0,102.0,,,89.0,19.0,,19.0,863.0,28.0,4.0,,167.0,68.0,79.0,10.0,104.0,3.0,24.0,,,6.0,187.0,7.0,,,28.0,,,,69.0,176.0,412.0,425.0,20.0,2.0,83.0,98.0,4.0,17.0,,,,,44.0,30.0,30.0,1.0,,20.0,16.0,18.0,14.0,10.0,11.0,9.0,5.0,10.0,5.0,2.0,,40.0,6.0,3.0,6.0,18.0,40.0,2.0,7.0,3.0,,,2.0,2.0,5.0,,5.0,,2.0,2.0,2.0,1.0,,,,,,,,,,,1.0,1.0,1.0,42.0,,6.0,,,,,,,,,
cpl::Football_Player::df0de20d12274b3d9549323a3547572b,J. Heard,Pacific,Forward,2023,forward,27,1857,4,1,24,0,16,1,21,41,51,6,6,0,26,78.0,22,1.07,0,0,0,1,0,0,0,0,0.0,0.0,0.0,0.0,0,0,0,0,0,0,0,0,0,0,0,0,0,,1857.0,,,2.0,371.0,19.0,124.0,209.0,10.0,6.0,19.0,234.0,99.0,66.0,1.0,,380.0,41.0,283.0,19.0,85.0,76.0,22.0,114.0,,,87.0,22.0,,16.0,767.0,27.0,19.0,,209.0,103.0,78.0,10.0,109.0,12.0,51.0,,,8.0,239.0,6.0,,,27.0,,,,108.0,77.0,286.0,295.0,30.0,2.0,130.0,101.0,3.0,18.0,,,,,16.0,34.0,32.0,2.0,,21.0,7.0,18.0,22.0,13.0,13.0,5.0,8.0,24.0,6.0,1.0,,45.0,13.0,2.0,13.0,24.0,45.0,2.0,7.0,,,,,1.0,6.0,,16.0,,4.0,2.0,2.0,,,2.0,2.0,,1.0,,1.0,,,,2.0,0.0,4.0,48.0,,1.0,,,,,,,,,
cpl::Football_Player::3e4a7c1ba82c479793557ba421ea6743,K. Poku,Forge,Forward,2023,forward,23,1451,2,2,9,0,3,2,17,17,12,4,2,1,61,80.0,17,1.05,6,0,0,0,0,0,0,0,0.0,0.0,0.0,0.0,0,0,0,0,0,0,0,0,0,0,0,0,0,,1451.0,,,1.0,549.0,9.0,163.0,276.0,5.0,2.0,16.0,244.0,179.0,96.0,3.0,,556.0,17.0,409.0,15.0,112.0,201.0,18.0,117.0,,,69.0,18.0,,34.0,946.0,23.0,5.0,,140.0,132.0,39.0,10.0,90.0,35.0,12.0,,,26.0,182.0,15.0,,,23.0,,,,76.0,60.0,437.0,444.0,42.0,1.0,92.0,64.0,2.0,12.0,1.0,1.0,,,31.0,21.0,37.0,2.0,,17.0,12.0,17.0,16.0,4.0,87.0,5.0,6.0,9.0,4.0,5.0,,36.0,11.0,8.0,11.0,26.0,39.0,1.0,1.0,6.0,,3.0,2.0,2.0,4.0,,3.0,,2.0,,2.0,,2.0,,,,1.0,,,,,,2.0,1.0,1.0,45.0,,5.0,,,,,,,,,
cpl::Football_Player::1445e6a3753f48798c8bcc200069bdb6,A. Reid,York,Forward,2023,forward,26,1317,4,4,25,0,15,4,16,28,28,1,2,0,22,77.0,15,1.03,42,0,0,0,0,0,0,0,0.0,0.0,0.0,0.0,0,0,0,0,0,0,0,0,0,0,0,0,0,,1317.0,,,,284.0,17.0,82.0,201.0,3.0,2.0,10.0,223.0,74.0,64.0,,,320.0,28.0,232.0,14.0,74.0,63.0,38.0,103.0,,,65.0,17.0,,8.0,683.0,26.0,16.0,,172.0,88.0,98.0,10.0,91.0,14.0,28.0,,,6.0,199.0,2.0,,,26.0,,,,87.0,87.0,216.0,246.0,27.0,,108.0,85.0,1.0,17.0,,,,,31.0,26.0,29.0,4.0,,16.0,4.0,16.0,21.0,10.0,8.0,9.0,10.0,25.0,8.0,1.0,,8.0,29.0,,8.0,24.0,37.0,3.0,12.0,42.0,,22.0,2.0,4.0,1.0,15.0,15.0,,4.0,2.0,4.0,,,,2.0,,,,,,,,2.0,3.0,1.0,49.0,,8.0,,,,,,,,,
cpl::Football_Player::4677d430ee38453e9a424d4e8c1cc96b,T. Borges,Forge,Forward,2023,forward,27,1346,2,4,20,0,8,4,16,18,26,9,3,0,33,82.0,15,1.0,61,0,0,0,0,0,0,0,0.0,0.0,0.0,0.0,0,0,0,0,0,0,0,0,0,0,0,0,0,,1346.0,,,,446.0,18.0,130.0,305.0,7.0,3.0,15.0,265.0,109.0,75.0,1.0,,479.0,18.0,373.0,11.0,90.0,97.0,41.0,142.0,,,81.0,11.0,,16.0,877.0,27.0,10.0,,192.0,115.0,62.0,10.0,91.0,16.0,26.0,,,3.0,201.0,4.0,,,27.0,,,,104.0,137.0,358.0,389.0,9.0,,110.0,88.0,4.0,9.0,,,,,32.0,30.0,26.0,1.0,,16.0,8.0,14.0,6.0,14.0,12.0,16.0,12.0,20.0,10.0,2.0,,33.0,25.0,1.0,12.0,36.0,68.0,4.0,13.0,61.0,,27.0,4.0,4.0,9.0,12.0,8.0,1.0,2.0,1.0,,1.0,,2.0,1.0,,,,,,,,1.0,1.0,1.0,58.0,,3.0,,,,,,,,,
cpl::Football_Player::326175d3994243c1808e3738e625fb2f,K. Tavernier,Forge,Forward,2023,forward,2,72,0,0,1,0,0,0,0,1,1,0,0,0,100,75.0,2,2.5,0,0,0,0,0,0,0,0,0.0,0.0,0.0,0.0,0,0,0,0,0,0,0,0,0,0,0,0,0,,72.0,,,,12.0,2.0,1.0,8.0,,,,14.0,1.0,3.0,,,12.0,1.0,8.0,2.0,3.0,1.0,2.0,2.0,,,4.0,1.0,,1.0,32.0,2.0,,,12.0,6.0,2.0,10.0,6.0,1.0,1.0,,,2.0,14.0,,,,2.0,,,,8.0,4.0,9.0,9.0,2.0,,8.0,4.0,,1.0,,,,,2.0,2.0,,,,,,,,2.0,,1.0,1.0,1.0,2.0,,,,,1.0,,4.0,,,,,,,,,,,,,,,,,,,,,,,,,,,0.0,,,6.0,,1.0,,,,,,,,,
cpl::Football_Player::de50d1a50164435c85fce4ff3f14d627,P. Niyongabire,Valour,Forward,2023,forward,25,1823,1,3,27,0,11,3,29,36,54,10,3,0,45,76.0,32,1.58,0,0,2,0,0,0,0,0,0.0,0.0,0.0,0.0,0,0,0,0,0,0,0,0,0,0,0,0,0,,1823.0,,,,468.0,21.0,97.0,280.0,4.0,3.0,12.0,370.0,86.0,102.0,1.0,,472.0,36.0,356.0,28.0,114.0,105.0,24.0,132.0,,,142.0,21.0,,17.0,1083.0,25.0,18.0,,380.0,142.0,131.0,10.0,220.0,2.0,54.0,,,25.0,435.0,5.0,,,25.0,,,,185.0,128.0,355.0,358.0,55.0,4.0,215.0,195.0,4.0,9.0,,,,,93.0,48.0,45.0,4.0,,29.0,17.0,26.0,30.0,19.0,6.0,4.0,16.0,27.0,9.0,,,35.0,8.0,1.0,8.0,92.0,35.0,3.0,3.0,,,,3.0,3.0,10.0,,11.0,,1.0,1.0,1.0,,,,,,,,,,,,0.0,1.0,0.0,137.0,,12.0,,,,,,,,,
cpl::Football_Player::be1bfa27679e47179c6f08e8a1a44647,O. De Rosario,York,Forward,2023,forward,25,1367,6,2,38,0,15,2,10,32,26,10,2,0,36,76.0,19,1.25,0,0,0,0,0,0,0,0,0.0,0.0,0.0,0.0,0,0,0,0,0,0,0,0,0,0,0,0,0,,1367.0,,,,214.0,4.0,63.0,110.0,3.0,2.0,6.0,163.0,63.0,50.0,1.0,,229.0,32.0,168.0,16.0,56.0,52.0,8.0,43.0,,,44.0,14.0,,14.0,507.0,25.0,13.0,,160.0,54.0,64.0,10.0,88.0,5.0,26.0,,,25.0,228.0,14.0,,,25.0,,,,97.0,60.0,158.0,173.0,68.0,,140.0,63.0,3.0,9.0,,,,,23.0,15.0,19.0,,,10.0,3.0,12.0,43.0,5.0,3.0,11.0,23.0,38.0,6.0,1.0,,1.0,,,,23.0,1.0,3.0,5.0,,,,1.0,2.0,10.0,,15.0,,6.0,3.0,6.0,2.0,2.0,,1.0,,,,,,,,4.0,2.0,4.0,53.0,,3.0,,,,,,,,,
cpl::Football_Player::0c2b522db5ff49c4a7aad6340a469546,J. Ulloa,Valour,Forward,2023,forward,26,1047,1,1,8,0,6,1,12,23,18,4,1,0,38,79.0,12,1.03,1,0,0,0,0,0,0,0,0.0,0.0,0.0,0.0,0,0,0,0,0,0,0,0,0,0,0,0,0,,1047.0,,,,279.0,17.0,125.0,169.0,6.0,1.0,10.0,169.0,65.0,51.0,,,282.0,23.0,218.0,11.0,61.0,28.0,10.0,92.0,,,49.0,9.0,,11.0,515.0,26.0,12.0,,122.0,72.0,22.0,10.0,58.0,3.0,18.0,,,10.0,148.0,5.0,,,26.0,,,,74.0,57.0,218.0,221.0,26.0,,90.0,48.0,1.0,7.0,,,,,10.0,20.0,31.0,2.0,,12.0,6.0,10.0,16.0,8.0,9.0,17.0,2.0,8.0,3.0,,,42.0,13.0,,13.0,22.0,42.0,,3.0,1.0,,,1.0,1.0,4.0,,6.0,,1.0,,1.0,,,,1.0,,,,,,,,0.0,0.0,1.0,40.0,,1.0,,,,,,,,,
cpl::Football_Player::a0c39d4aadea4642ba22743b4c68b23a,E. Ongaro,Edmonton,Forward,2023,forward,29,1257,5,2,25,0,10,2,3,19,11,1,3,0,49,70.0,13,0.93,0,0,3,0,0,0,0,0,0.0,0.0,0.0,0.0,0,0,0,0,0,0,0,0,0,0,0,0,0,,1257.0,,,,230.0,11.0,82.0,131.0,,3.0,1.0,169.0,46.0,75.0,2.0,,252.0,19.0,172.0,13.0,76.0,44.0,11.0,58.0,,,26.0,12.0,,19.0,444.0,29.0,5.0,,95.0,52.0,90.0,10.0,67.0,4.0,11.0,,,36.0,168.0,3.0,,,29.0,,,,64.0,74.0,154.0,176.0,73.0,2.0,101.0,31.0,,10.0,,,,,12.0,8.0,16.0,,,3.0,1.0,7.0,37.0,5.0,,17.0,15.0,25.0,4.0,1.0,,1.0,1.0,,1.0,17.0,1.0,2.0,23.0,,,,1.0,2.0,1.0,,10.0,,5.0,,5.0,3.0,2.0,,3.0,,,,,,,,2.0,4.0,1.0,36.0,,3.0,,,,,,,,,
cpl::Football_Player::1ece129a4fee46d18322a9312200459f,A. Ricci,Vancouver FC,Forward,2023,forward,26,1467,3,2,31,0,14,2,7,30,18,6,7,1,41,70.0,23,1.41,2,0,1,0,0,0,0,0,0.0,0.0,0.0,0.0,0,0,0,0,0,0,0,0,0,0,0,0,0,,1467.0,,,,337.0,8.0,90.0,146.0,5.0,7.0,16.0,223.0,97.0,90.0,,,347.0,30.0,237.0,17.0,106.0,86.0,9.0,107.0,,,49.0,18.0,,21.0,649.0,26.0,15.0,,155.0,105.0,80.0,10.0,76.0,4.0,18.0,,,7.0,172.0,5.0,,,26.0,,,,86.0,66.0,231.0,241.0,17.0,1.0,96.0,69.0,6.0,14.0,1.0,,,,35.0,16.0,30.0,2.0,,7.0,15.0,12.0,10.0,9.0,3.0,8.0,17.0,31.0,16.0,1.0,,20.0,2.0,1.0,2.0,19.0,22.0,3.0,3.0,2.0,1.0,1.0,2.0,2.0,6.0,,14.0,,3.0,1.0,3.0,,1.0,,1.0,,,,,,,,1.0,1.0,2.0,47.0,,10.0,,,,,,,,,
cpl::Football_Player::23c92ceb8bee415a886f16e93c507c65,M. Carducci,Cavalry,Goalkeeper,2024,goalkeeper,29,2610,0,1,0,1,0,1,1,1,4,0,1,0,0,75.0,27,0.93,0,0,0,0,0,0,0,0,100.0,93.33,100.0,0.0,0,0,0,0,0,0,0,0,0,0,0,0,0,61.0,2610.0,281.0,1.0,25.0,517.0,,,59.0,89.0,1.0,207.0,216.0,556.0,3.0,3.0,12.0,825.0,1.0,506.0,22.0,210.0,176.0,2.0,168.0,,3.0,224.0,29.0,1.0,42.0,1052.0,29.0,1.0,19.0,3.0,438.0,,10.0,14.0,109.0,4.0,33.0,11.0,12.0,15.0,18.0,28.0,3.0,29.0,,1.0,68.0,1.0,211.0,421.0,615.0,12.0,9.0,1.0,2.0,5.0,,,,1.0,,,1.0,1.0,,,1.0,,,,,,,,,,,,,,,,,,,,,,,1.0,1.0,,,,,,,,,,,,,,,,,,,0.0,,,,234.0,,,,,,,,,,
cpl::Football_Player::d3eccdc138364416ab9dd2b141d41e76,J. Holliday,Cavalry,Goalkeeper,2024,goalkeeper,0,0,0,0,0,0,0,0,0,0,0,0,0,0,0,,0,,0,0,0,0,0,0,0,0,0.0,0.0,0.0,0.0,0,0,0,0,0,0,0,0,0,0,0,0,0,,,,,,,,,,,,,,,,,,,,,,,,,,,,,,,,,,,,,,,,,,,,,,,,,,,,,,,,,,,,,,,,,,,,,,,,,,,,,,,,,,,,,,,,,,,,,,,,,,,,,,,,,,,,,,,,,,,,,,,,,,,,,,,,,,
cpl::Football_Player::3c3ac97f7b7447d6927f896cea388d2e,Y. Fillion,Wanderers,Goalkeeper,2024,goalkeeper,24,2160,0,0,0,0,0,0,0,1,3,0,9,0,0,73.0,36,1.5,0,0,0,0,0,0,0,0,0.0,71.43,100.0,0.0,0,0,0,0,0,0,0,0,0,0,0,0,0,57.0,2160.0,207.0,,29.0,326.0,1.0,,65.0,96.0,9.0,146.0,155.0,334.0,4.0,2.0,8.0,549.0,1.0,298.0,31.0,150.0,106.0,,120.0,1.0,2.0,140.0,24.0,1.0,30.0,729.0,24.0,1.0,12.0,4.0,322.0,,10.0,5.0,101.0,3.0,16.0,16.0,3.0,7.0,20.0,40.0,3.0,24.0,1.0,2.0,29.0,2.0,121.0,243.0,399.0,3.0,4.0,2.0,2.0,5.0,,,,,,,,2.0,,,,,1.0,,,,,,,,,,,,,,,,,,,,,,,,,,,,,,,,,,,,,,,,,0.0,,,,157.0,,,,,,,,,,
cpl::Football_Player::a86a1a3737bc4895b1340dc348ae5b09,S. Melvin,Pacific,Goalkeeper,2024,goalkeeper,7,609,0,0,0,0,0,0,0,0,0,0,0,0,0,73.0,10,1.48,0,0,0,0,0,0,0,0,0.0,66.67,100.0,0.0,0,0,0,0,0,0,0,0,0,0,0,0,0,24.0,609.0,75.0,,7.0,82.0,,,20.0,25.0,,42.0,43.0,92.0,1.0,,3.0,155.0,,85.0,8.0,43.0,26.0,,37.0,,,53.0,6.0,1.0,6.0,226.0,7.0,,3.0,1.0,91.0,,10.0,2.0,27.0,,7.0,5.0,2.0,3.0,8.0,12.0,,7.0,,,10.0,1.0,38.0,59.0,112.0,2.0,2.0,1.0,,2.0,1.0,,,,,,,1.0,,,,,,,,,1.0,,,,,,,,,,,,,,,,,,,,,,,,,,,,,,,,,,,,,0.0,,,,52.0,,,,,,,,,,
cpl::Football_Player::d7a3107cbc0c426399a5c65c18e39d14,N. Giantsopoulos,Vancouver,Goalkeeper,2024,goalkeeper,0,0,0,0,0,0,0,0,0,0,0,0,1,0,0,,0,,0,0,0,0,0,0,0,0,0.0,0.0,0.0,0.0,0,0,0,0,0,0,0,0,0,0,0,0,0,,,,,,,,,,,1.0,,,,,,,,,,,,,,,,,,,,,,,,,,,,,,,,,,,,,,,,,,,,,,,,,,,,,,,,,,,,,,,,,,,,,,,,,,,,,,,,,,,,,,,,,,,,,,,,,,,,,,,,,0.0,,,,,,,,,,,,,,
cpl::Football_Player::ed004eacaca144bda4943965af890853,E. Gazdov,Pacific,Goalkeeper,2024,goalkeeper,21,1729,0,0,0,0,0,0,0,1,3,0,3,1,0,64.0,18,0.94,0,0,0,0,0,0,0,0,0.0,85.71,88.89,0.0,0,0,0,0,0,0,0,0,0,0,0,0,0,48.0,1729.0,170.0,,30.0,222.0,1.0,,52.0,80.0,3.0,163.0,169.0,239.0,3.0,1.0,12.0,457.0,1.0,204.0,15.0,166.0,72.0,2.0,137.0,,3.0,118.0,20.0,3.0,29.0,631.0,21.0,,14.0,5.0,287.0,,10.0,12.0,87.0,3.0,23.0,17.0,8.0,14.0,29.0,24.0,2.0,21.0,,,52.0,1.0,98.0,160.0,291.0,9.0,7.0,2.0,4.0,3.0,,1.0,1.0,,,1.0,,,1.0,,,,,1.0,,,1.0,,,,,,,,,,,,,,,,,,,,,,,,,,,,,,,,,,,,,0.0,,,,155.0,,,,,,,,,,
cpl::Football_Player::ed6b655ed6bb4c7baedb0fe8fc42495d,C. Irving,Vancouver,Goalkeeper,2024,goalkeeper,28,2520,0,0,0,0,0,0,0,0,2,0,1,0,0,63.0,43,1.54,0,0,0,0,0,0,0,0,0.0,69.23,87.5,0.0,0,0,0,0,0,0,0,0,0,0,0,0,0,95.0,2520.0,247.0,,40.0,529.0,1.0,,103.0,128.0,1.0,332.0,338.0,465.0,3.0,4.0,5.0,903.0,,370.0,41.0,335.0,178.0,,289.0,2.0,1.0,248.0,28.0,2.0,46.0,1178.0,28.0,,18.0,5.0,541.0,,10.0,9.0,198.0,2.0,34.0,24.0,7.0,13.0,20.0,59.0,6.0,28.0,2.0,1.0,116.0,3.0,184.0,407.0,568.0,8.0,5.0,4.0,2.0,2.0,,,,,,,,1.0,,,,,,1.0,,,,,,,,,,,,,,,,,,,,,,,,,,,,,,,,,,,,,,,,0.0,,,1.0,230.0,,,,,,,,,,
cpl::Football_Player::3023352676954b56b16a0f7ca64bd877,D. Zadravec,Pacific,Goalkeeper,2024,goalkeeper,3,270,0,0,0,0,0,0,0,0,0,0,0,0,0,80.0,6,2.0,0,0,0,0,0,0,0,0,0.0,100.0,100.0,0.0,0,0,0,0,0,0,0,0,0,0,0,0,0,6.0,270.0,31.0,,1.0,27.0,,,4.0,4.0,,11.0,12.0,39.0,,,,54.0,,35.0,5.0,11.0,11.0,,6.0,,,18.0,3.0,,5.0,80.0,3.0,,3.0,,28.0,,10.0,1.0,8.0,,3.0,2.0,1.0,1.0,2.0,3.0,,3.0,,,6.0,,15.0,23.0,43.0,1.0,,,,1.0,,,,,,,,,,,,,,,,,,,,,,,,,,,,,,,,,,,,,,,,,,,1.0,,,,,,,,,,,0.0,,,,23.0,,,,,,,,,,
cpl::Football_Player::d65b644d608b40dbb79ba6a0fb08d7f1,A. Rushenas,Wanderers,Goalkeeper,2024,goalkeeper,4,360,0,0,0,0,0,0,0,0,1,0,0,0,0,79.0,7,1.75,0,0,0,0,0,0,0,0,0.0,100.0,0.0,0.0,0,0,0,0,0,0,0,0,0,0,0,0,0,15.0,360.0,51.0,,5.0,54.0,,,4.0,15.0,,18.0,20.0,66.0,1.0,1.0,1.0,89.0,,63.0,6.0,19.0,27.0,,10.0,,,31.0,4.0,1.0,9.0,138.0,4.0,,2.0,1.0,43.0,,10.0,1.0,7.0,1.0,5.0,6.0,,1.0,6.0,10.0,1.0,4.0,,,,,19.0,36.0,70.0,,,,1.0,1.0,,,,,,,,,,,,,,,,,,,,,,,,,,,,,,,,,,,,,,,,,,,,,,,,,,,,,,0.0,,,,28.0,,,,,,,,,,
cpl::Football_Player::bf9d7c043957457e9e346f393e66152f,T. Vincensini,Inter Toronto,Goalkeeper,2024,goalkeeper,30,2730,0,0,1,0,0,0,2,1,3,0,4,0,0,76.0,38,1.25,0,0,0,0,0,0,0,0,100.0,77.78,100.0,0.0,0,0,0,0,0,0,0,0,0,0,0,0,0,79.0,2730.0,340.0,1.0,48.0,668.0,,,82.0,136.0,4.0,241.0,254.0,693.0,6.0,3.0,21.0,1022.0,1.0,578.0,33.0,247.0,260.0,,166.0,1.0,3.0,273.0,30.0,3.0,81.0,1348.0,30.0,1.0,24.0,9.0,494.0,1.0,10.0,14.0,197.0,3.0,26.0,20.0,9.0,18.0,39.0,52.0,4.0,30.0,1.0,4.0,62.0,4.0,268.0,536.0,775.0,9.0,7.0,4.0,5.0,5.0,,,,,,1.0,2.0,1.0,,,2.0,,,,,,,1.0,1.0,,,,,,,,,,,,,,,,,,,,,,,,,,,,,,,,,,,0.0,,,,242.0,,,,,,,,,,
cpl::Football_Player::0a71cc5786ac4cb6a42caa6d849c2129,C. Kalongo,Forge,Goalkeeper,2024,goalkeeper,14,1260,0,0,0,0,0,0,0,0,5,0,1,0,0,77.0,18,1.29,0,0,0,0,0,0,0,0,0.0,83.33,83.33,0.0,0,0,0,0,0,0,0,0,0,0,0,0,0,39.0,1260.0,174.0,,3.0,126.0,,,12.0,29.0,1.0,58.0,66.0,201.0,6.0,1.0,4.0,277.0,,175.0,15.0,64.0,77.0,,45.0,1.0,1.0,124.0,14.0,1.0,19.0,432.0,14.0,,11.0,6.0,145.0,,10.0,10.0,38.0,5.0,14.0,8.0,5.0,12.0,6.0,25.0,2.0,14.0,1.0,2.0,16.0,1.0,55.0,104.0,213.0,6.0,3.0,2.0,5.0,3.0,,,,,,,1.0,,,,,,,1.0,1.0,,,,,,,,,,,,,,,,,,,,,,,,,,,,,,,,,,,,,,,0.0,,,1.0,102.0,,,,,,,,,,
cpl::Football_Player::655a241e039a4965b7f38990c3f8d981,E. Himaras,Inter Toronto,Goalkeeper,2024,goalkeeper,0,0,0,0,0,0,0,0,0,0,0,0,0,0,0,,0,,0,0,0,0,0,0,0,0,0.0,0.0,0.0,0.0,0,0,0,0,0,0,0,0,0,0,0,0,0,,,,,,,,,,,,,,,,,,,,,,,,,,,,,,,,,,,,,,,,,,,,,,,,,,,,,,,,,,,,,,,,,,,,,,,,,,,,,,,,,,,,,,,,,,,,,,,,,,,,,,,,,,,,,,,,,,,,,,,,,,,,,,,,,,
cpl::Football_Player::364352c812a14e868234e4883c9bd4e0,N. Ingham,Atlético,Goalkeeper,2024,goalkeeper,22,2010,0,0,1,0,1,0,0,0,1,0,2,0,0,75.0,24,1.07,0,0,0,0,0,0,0,0,0.0,100.0,100.0,0.0,0,0,0,0,0,0,0,0,0,0,0,0,0,57.0,2010.0,233.0,,28.0,394.0,,,56.0,72.0,2.0,163.0,168.0,415.0,1.0,1.0,4.0,635.0,,368.0,22.0,164.0,142.0,,129.0,,2.0,165.0,22.0,4.0,35.0,844.0,22.0,,12.0,,347.0,1.0,10.0,8.0,103.0,1.0,25.0,11.0,8.0,8.0,15.0,32.0,1.0,22.0,,1.0,43.0,,146.0,312.0,471.0,8.0,7.0,,,2.0,,,,,,,,,,,,1.0,,,,,,,1.0,,,,,,,,,,,,,,,,,,,1.0,,,,,,,,,,,,,,,,0.0,,,,166.0,,,,,,,,,,
cpl::Football_Player::72e65d5165df41d198c80f48acb6e327,D. Murasiranwa,Valour,Goalkeeper,2024,goalkeeper,3,234,0,0,0,0,0,0,0,0,1,0,1,0,0,60.0,4,1.54,0,0,0,0,0,0,0,0,0.0,75.0,100.0,0.0,0,0,0,0,0,0,0,0,0,0,0,0,0,2.0,234.0,29.0,,4.0,26.0,,,4.0,13.0,1.0,21.0,22.0,27.0,,1.0,1.0,52.0,,24.0,4.0,21.0,15.0,,14.0,,3.0,20.0,2.0,1.0,7.0,81.0,3.0,,3.0,2.0,28.0,,10.0,3.0,7.0,1.0,,1.0,2.0,4.0,2.0,2.0,1.0,3.0,,,6.0,1.0,9.0,14.0,31.0,2.0,,1.0,1.0,,,,,,,,,,,,,,,,,,1.0,,,,,,,,,,,,,,,,,,,,,,,,,,,,,,,,,,,,,0.0,,,,18.0,,,,,,,,,,
cpl::Football_Player::95c5a896975b488cb559f52bde46d3d4,R. Yesli,Atlético,Goalkeeper,2024,goalkeeper,8,720,0,0,0,0,0,0,0,0,0,0,2,0,0,76.0,10,1.25,0,0,0,0,0,0,0,0,0.0,100.0,100.0,0.0,0,0,0,0,0,0,0,0,0,0,0,0,0,19.0,720.0,55.0,,7.0,196.0,,,14.0,38.0,2.0,61.0,62.0,176.0,1.0,,3.0,252.0,,160.0,7.0,62.0,54.0,2.0,52.0,,2.0,59.0,8.0,,10.0,318.0,8.0,,5.0,,115.0,,10.0,1.0,30.0,,8.0,4.0,1.0,1.0,9.0,11.0,,8.0,,1.0,6.0,,83.0,158.0,190.0,1.0,2.0,,,3.0,,,,,,,,,,,,,,,,,,,,,,,,,,,,,,,,,,,,,,,,,,,,,,,,,,,,,,0.0,,,,30.0,,,,,,,,,,
cpl::Football_Player::d4b7a9bbb2bb49f89ab93024813fb926,J. Viscosi,Valour,Goalkeeper,2024,goalkeeper,26,2286,0,0,0,0,0,0,0,5,2,0,4,0,0,57.0,38,1.5,0,0,0,0,0,0,0,0,0.0,65.22,87.5,0.0,0,0,0,0,0,0,0,0,0,0,0,0,0,82.0,2286.0,255.0,2.0,42.0,309.0,,,58.0,130.0,4.0,278.0,286.0,316.0,7.0,6.0,23.0,659.0,5.0,253.0,35.0,285.0,119.0,,227.0,1.0,1.0,198.0,26.0,6.0,58.0,920.0,26.0,3.0,21.0,7.0,418.0,,10.0,15.0,121.0,2.0,28.0,15.0,14.0,23.0,34.0,52.0,8.0,26.0,1.0,2.0,100.0,6.0,122.0,202.0,374.0,16.0,4.0,8.0,1.0,3.0,1.0,,,1.0,1.0,,,1.0,,,,,,2.0,,,,,,,,,,,,,,,,,,,,,,,,,,,,,,,,,,,,,,,,0.0,,,,244.0,,,,,,,,,,
cpl::Football_Player::0b10dc469e84486cbf18d636e3bc635e,J. Koleilat,Forge,Goalkeeper,2024,goalkeeper,17,1530,0,0,0,0,0,0,0,0,3,0,1,0,0,81.0,16,0.94,0,0,0,0,0,0,0,0,0.0,75.0,87.5,0.0,0,0,0,0,0,0,0,0,0,0,0,0,0,51.0,1530.0,218.0,,2.0,153.0,,,19.0,28.0,1.0,67.0,69.0,268.0,2.0,2.0,9.0,356.0,,240.0,15.0,69.0,107.0,,50.0,1.0,1.0,128.0,17.0,3.0,19.0,528.0,17.0,,14.0,4.0,176.0,,10.0,9.0,47.0,3.0,22.0,17.0,7.0,12.0,14.0,28.0,3.0,17.0,1.0,,24.0,2.0,73.0,121.0,287.0,8.0,8.0,3.0,2.0,1.0,,,,,,,,1.0,,,,,,1.0,,1.0,,,,,,,,,,,,,,,,,,,,,,,,,,,,,,,,,,,,,,0.0,,,,157.0,,,,,,,,,,
cpl::Football_Player::3fe556ac24fd4748b30189a2bc007f20,D. Bontis,Forge,Goalkeeper,2024,goalkeeper,0,0,0,0,0,0,0,0,0,0,0,0,0,0,0,,0,,0,0,0,0,0,0,0,0,0.0,0.0,0.0,0.0,0,0,0,0,0,0,0,0,0,0,0,0,0,,,,,,,,,,,,,,,,,,,,,,,,,,,,,,,,,,,,,,,,,,,,,,,,,,,,,,,,,,,,,,,,,,,,,,,,,,,,,,,,,,,,,,,,,,,,,,,,,,,,,,,,,,,,,,,,,,,,,,,,,,,,,,,,,,
cpl::Football_Player::9c2fb41ece0d4ac7902f5799c23556f4,M. Williams,Inter Toronto,Goalkeeper,2024,goalkeeper,0,0,0,0,0,0,0,0,0,0,0,0,1,0,0,,0,,0,0,0,0,0,0,0,0,0.0,0.0,0.0,0.0,0,0,0,0,0,0,0,0,0,0,0,0,0,,,,,,,,,,,1.0,,,,,,,,,,,,,,,,,,,,,,,,,,,,,,,,,,,,,,,,,,,,,,,,,,,,,,,,,,,,,,,,,,,,,,,,,,,,,,,,,,,,,,,,,,,,,,,,,,,,,,,,,0.0,,,,,,,,,,,,,,
cpl::Football_Player::b87bebebfb4f4ce4970c7181c964bcbd,J. Barrett,Cavalry,Goalkeeper,2024,goalkeeper,1,90,0,0,0,0,0,0,0,0,0,0,0,0,0,82.0,1,1.0,0,0,0,0,0,0,0,0,0.0,0.0,0.0,0.0,0,0,0,0,0,0,0,0,0,0,0,0,0,4.0,90.0,12.0,,1.0,17.0,,,2.0,2.0,,4.0,5.0,20.0,1.0,,,27.0,,20.0,1.0,5.0,6.0,,4.0,,,5.0,1.0,,1.0,36.0,1.0,,,,13.0,,10.0,,2.0,,2.0,,,,,2.0,,1.0,,,2.0,,8.0,14.0,22.0,,,,,,,,,,,,,1.0,,,,,,,,,,,,,,,,,,,,,,,,,,,,,,,,,,,,,,,,,,,,,,0.0,,,,9.0,,,,,,,,,,
cpl::Football_Player::6683777529674cdfbc6c779a7a12ea4b,M. Barrett,Cavalry,Goalkeeper,2024,goalkeeper,0,0,0,0,0,0,0,0,0,0,0,0,0,0,0,,0,,0,0,0,0,0,0,0,0,0.0,0.0,0.0,0.0,0,0,0,0,0,0,0,0,0,0,0,0,0,,,,,,,,,,,,,,,,,,,,,,,,,,,,,,,,,,,,,,,,,,,,,,,,,,,,,,,,,,,,,,,,,,,,,,,,,,,,,,,,,,,,,,,,,,,,,,,,,,,,,,,,,,,,,,,,,,,,,,,,,,,,,,,,,,
cpl::Football_Player::b4b2c4b1ad704a3b9f0b7b2d7034ef26,D. Clarke,Wanderers,Goalkeeper,2024,goalkeeper,0,0,0,0,0,0,0,0,0,0,0,0,0,0,0,,0,,0,0,0,0,0,0,0,0,0.0,0.0,0.0,0.0,0,0,0,0,0,0,0,0,0,0,0,0,0,,,,,,,,,,,,,,,,,,,,,,,,,,,,,,,,,,,,,,,,,,,,,,,,,,,,,,,,,,,,,,,,,,,,,,,,,,,,,,,,,,,,,,,,,,,,,,,,,,,,,,,,,,,,,,,,,,,,,,,,,,,,,,,,,,
cpl::Football_Player::463c4ce6772b4733b8afb783965dc34e,J. Michel,Wanderers,Goalkeeper,2024,goalkeeper,0,0,0,0,0,0,0,0,0,0,0,0,0,0,0,,0,,0,0,0,0,0,0,0,0,0.0,0.0,0.0,0.0,0,0,0,0,0,0,0,0,0,0,0,0,0,,,,,,,,,,,,,,,,,,,,,,,,,,,,,,,,,,,,,,,,,,,,,,,,,,,,,,,,,,,,,,,,,,,,,,,,,,,,,,,,,,,,,,,,,,,,,,,,,,,,,,,,,,,,,,,,,,,,,,,,,,,,,,,,,,
cpl::Football_Player::25873ca3630f4b3098e2a7f20d7a708a,E. Marmolejo,Forge,Goalkeeper,2024,goalkeeper,0,0,0,0,0,0,0,0,0,0,0,0,0,0,0,,0,,0,0,0,0,0,0,0,0,0.0,0.0,0.0,0.0,0,0,0,0,0,0,0,0,0,0,0,0,0,,,,,,,,,,,,,,,,,,,,,,,,,,,,,,,,,,,,,,,,,,,,,,,,,,,,,,,,,,,,,,,,,,,,,,,,,,,,,,,,,,,,,,,,,,,,,,,,,,,,,,,,,,,,,,,,,,,,,,,,,,,,,,,,,,
cpl::Football_Player::672848c6077343e895541a2ece161e9f,S. Artemenko,Valour,Goalkeeper,2024,goalkeeper,0,0,0,0,0,0,0,0,0,0,0,0,0,0,0,,0,,0,0,0,0,0,0,0,0,0.0,0.0,0.0,0.0,0,0,0,0,0,0,0,0,0,0,0,0,0,,,,,,,,,,,,,,,,,,,,,,,,,,,,,,,,,,,,,,,,,,,,,,,,,,,,,,,,,,,,,,,,,,,,,,,,,,,,,,,,,,,,,,,,,,,,,,,,,,,,,,,,,,,,,,,,,,,,,,,,,,,,,,,,,,
cpl::Football_Player::91baa8fa2dc04652bbd363531ab1acdc,C. Weir,Pacific,Goalkeeper,2024,goalkeeper,0,0,0,0,0,0,0,0,0,0,0,0,0,0,0,,0,,0,0,0,0,0,0,0,0,0.0,0.0,0.0,0.0,0,0,0,0,0,0,0,0,0,0,0,0,0,,,,,,,,,,,,,,,,,,,,,,,,,,,,,,,,,,,,,,,,,,,,,,,,,,,,,,,,,,,,,,,,,,,,,,,,,,,,,,,,,,,,,,,,,,,,,,,,,,,,,,,,,,,,,,,,,,,,,,,,,,,,,,,,,,
cpl::Football_Player::48817506e71f47ba8a686d2d0d5e7973,A. Normandeau,Atlético,Goalkeeper,2024,goalkeeper,0,0,0,0,0,0,0,0,0,0,0,0,0,0,0,,0,,0,0,0,0,0,0,0,0,0.0,0.0,0.0,0.0,0,0,0,0,0,0,0,0,0,0,0,0,0,,,,,,,,,,,,,,,,,,,,,,,,,,,,,,,,,,,,,,,,,,,,,,,,,,,,,,,,,,,,,,,,,,,,,,,,,,,,,,,,,,,,,,,,,,,,,,,,,,,,,,,,,,,,,,,,,,,,,,,,,,,,,,,,,,
cpl::Football_Player::f93dee067b364c69b3a231cfb723817f,B. Maan,Valour,Goalkeeper,2024,goalkeeper,0,0,0,0,0,0,0,0,0,0,0,0,0,0,0,,0,,0,0,0,0,0,0,0,0,0.0,0.0,0.0,0.0,0,0,0,0,0,0,0,0,0,0,0,0,0,,,,,,,,,,,,,,,,,,,,,,,,,,,,,,,,,,,,,,,,,,,,,,,,,,,,,,,,,,,,,,,,,,,,,,,,,,,,,,,,,,,,,,,,,,,,,,,,,,,,,,,,,,,,,,,,,,,,,,,,,,,,,,,,,,
cpl::Football_Player::41f23e52e26541bca62d8378fafc1953,F. Aird,Cavalry,Defender,2024,defender,28,2178,3,4,12,7,9,4,23,28,7,2,4,0,0,83.0,24,0.99,73,0,1,1,0,0,0,0,62.16,47.18,41.67,18.82,0,0,0,0,0,0,0,0,0,0,0,0,0,,2178.0,,,11.0,1225.0,23.0,255.0,711.0,46.0,4.0,84.0,400.0,423.0,139.0,2.0,,1290.0,28.0,983.0,19.0,223.0,58.0,60.0,299.0,,,91.0,24.0,,51.0,1920.0,28.0,14.0,,118.0,472.0,27.0,10.0,67.0,84.0,7.0,,,10.0,142.0,36.0,,,28.0,,,,61.0,505.0,1012.0,1067.0,24.0,5.0,75.0,57.0,5.0,11.0,,,,,14.0,37.0,45.0,1.0,,23.0,18.0,14.0,14.0,14.0,203.0,4.0,3.0,12.0,6.0,5.0,,76.0,67.0,11.0,35.0,13.0,127.0,3.0,1.0,73.0,,33.0,3.0,4.0,2.0,24.0,9.0,,3.0,3.0,3.0,,,,,,1.0,,1.0,,,,2.0,1.0,2.0,18.0,,2.0,,,,,,,,,
cpl::Football_Player::2765417c9ab14808ae40c91c05077259,M. Harms,Cavalry,Defender,2024,defender,5,271,0,0,1,0,1,0,3,1,2,0,0,0,0,85.0,1,0.33,0,0,0,0,0,0,0,0,42.86,50.0,66.67,0.0,0,0,0,0,0,0,0,0,0,0,0,0,0,,271.0,,,,130.0,2.0,27.0,54.0,4.0,,5.0,46.0,58.0,15.0,1.0,,132.0,1.0,111.0,1.0,20.0,13.0,,17.0,,,11.0,3.0,,9.0,217.0,5.0,1.0,,23.0,48.0,4.0,10.0,13.0,1.0,2.0,,,2.0,26.0,7.0,,,5.0,,,,12.0,44.0,110.0,112.0,3.0,1.0,13.0,11.0,,2.0,,,,,2.0,7.0,4.0,,,3.0,1.0,,1.0,4.0,31.0,2.0,,1.0,,,,6.0,,5.0,,5.0,6.0,,,,,,,,,,1.0,,,,,,,,,,,,,,,,0.0,,,7.0,,2.0,,,,,,,,,
cpl::Football_Player::2dd1997d40764eb08c0b5287219a3269,B. Kamdem,Cavalry,Defender,2024,defender,21,1739,1,3,10,4,1,3,22,18,22,1,6,0,0,81.0,22,1.14,0,0,1,0,0,0,0,0,64.71,57.14,56.41,25.0,0,0,0,0,0,0,0,0,0,0,0,0,0,,1739.0,,1.0,7.0,757.0,4.0,164.0,276.0,42.0,6.0,76.0,252.0,358.0,80.0,2.0,,782.0,18.0,596.0,18.0,156.0,264.0,10.0,135.0,,,57.0,19.0,,45.0,1197.0,21.0,10.0,,108.0,312.0,20.0,10.0,84.0,30.0,22.0,,,22.0,147.0,44.0,,,21.0,,,,46.0,42.0,602.0,626.0,39.0,4.0,63.0,62.0,4.0,4.0,,,,,8.0,34.0,30.0,1.0,,22.0,11.0,12.0,17.0,12.0,119.0,2.0,9.0,10.0,2.0,11.0,,24.0,8.0,35.0,8.0,13.0,24.0,,,,,,1.0,3.0,1.0,,1.0,,1.0,,1.0,,,,1.0,,,,,,,,0.0,1.0,0.0,22.0,,1.0,,,,,,,,,
cpl::Football_Player::aaacbf86bfeb43ef894d906fd5aa7bdb,J. Alphonse,Wanderers,Defender,2024,defender,17,796,0,0,3,0,0,0,13,9,7,0,4,0,0,90.0,15,1.7,0,0,0,0,0,0,0,0,72.22,59.74,58.33,0.0,0,0,0,0,0,0,0,0,0,0,0,0,0,,796.0,2.0,1.0,4.0,386.0,,21.0,98.0,12.0,4.0,19.0,52.0,264.0,22.0,1.0,,403.0,9.0,341.0,12.0,41.0,114.0,,19.0,,,36.0,7.0,,22.0,531.0,17.0,6.0,,53.0,151.0,3.0,10.0,46.0,21.0,7.0,,,14.0,77.0,37.0,,,17.0,,,,21.0,117.0,347.0,362.0,24.0,1.0,31.0,32.0,3.0,1.0,,,,,7.0,18.0,13.0,,,13.0,9.0,10.0,10.0,5.0,5.0,10.0,3.0,3.0,,5.0,,,,,,2.0,,,,,,,,,,,,,,,,,,,,,,,,,,,0.0,,,4.0,2.0,,1.0,,,,,,,,
cpl::Football_Player::9e824d03d70a46fe9d571a6ea8b26a28,N. Mekidèche,Wanderers,Defender,2024,defender,7,630,2,0,8,2,5,0,7,7,7,2,2,0,0,87.0,8,1.14,0,0,0,0,0,0,0,0,70.0,64.15,57.14,0.0,0,0,0,0,0,0,0,0,0,0,0,0,0,,630.0,2.0,1.0,3.0,312.0,1.0,29.0,68.0,18.0,2.0,24.0,50.0,215.0,20.0,1.0,,327.0,7.0,272.0,7.0,44.0,96.0,,21.0,,,29.0,7.0,,23.0,418.0,7.0,3.0,,25.0,103.0,13.0,10.0,34.0,11.0,7.0,,,16.0,53.0,31.0,,,7.0,,,,7.0,99.0,270.0,283.0,28.0,1.0,19.0,18.0,1.0,,,,,,1.0,10.0,4.0,,,7.0,8.0,2.0,12.0,3.0,6.0,,3.0,8.0,3.0,1.0,,,,,,,,,,,,,,,2.0,,5.0,,2.0,,2.0,,2.0,,,,,,,,,,0.0,1.0,1.0,1.0,2.0,,,,,,,,,,
cpl::Football_Player::24a77d6eb2fd4d2d875f2d3fbab2679b,R. Ferrazzo,Wanderers,Defender,2024,defender,20,817,2,1,11,3,6,1,19,18,20,3,1,0,0,77.0,14,1.54,0,0,0,0,0,0,0,0,70.37,50.0,50.0,29.17,0,0,0,0,0,0,0,0,0,0,0,0,0,,817.0,,,1.0,343.0,8.0,80.0,156.0,11.0,1.0,23.0,137.0,115.0,57.0,1.0,,344.0,18.0,254.0,13.0,80.0,24.0,7.0,75.0,,,48.0,8.0,,22.0,554.0,20.0,6.0,,100.0,114.0,21.0,10.0,62.0,10.0,20.0,,,12.0,124.0,9.0,,,20.0,,,,50.0,126.0,263.0,264.0,24.0,1.0,62.0,50.0,1.0,6.0,,,,,4.0,27.0,19.0,,,19.0,10.0,7.0,12.0,8.0,39.0,12.0,5.0,11.0,2.0,1.0,,17.0,7.0,8.0,7.0,11.0,17.0,2.0,2.0,,,,1.0,1.0,3.0,,6.0,,2.0,1.0,2.0,1.0,,,1.0,,,,,,,,0.0,1.0,1.0,17.0,,2.0,,,,,,,,,
cpl::Football_Player::6aa006d1cfcb4e3c92a2de560fa893f6,C. Montgomery,Cavalry,Defender,2024,defender,23,1306,1,0,8,1,3,0,10,10,7,1,1,0,0,84.0,16,1.1,0,0,0,0,0,0,0,0,66.67,71.43,78.79,0.0,0,0,0,0,0,0,0,0,0,0,0,0,0,,1306.0,,,13.0,904.0,2.0,62.0,227.0,40.0,1.0,72.0,164.0,553.0,79.0,2.0,,931.0,10.0,708.0,11.0,151.0,259.0,4.0,102.0,,,55.0,14.0,,51.0,1092.0,23.0,1.0,,39.0,365.0,21.0,10.0,75.0,72.0,7.0,,,52.0,105.0,63.0,,,23.0,,,,16.0,245.0,754.0,780.0,66.0,2.0,30.0,23.0,5.0,3.0,,,,,1.0,15.0,11.0,,,10.0,13.0,5.0,14.0,5.0,8.0,9.0,5.0,8.0,1.0,8.0,,2.0,,7.0,,,2.0,,,,,,,,1.0,,3.0,,1.0,,1.0,,,,,,,,,,1.0,,1.0,1.0,0.0,,,,,,,,,,,,
cpl::Football_Player::a22a6c20e107412398d843c4ab034577,R. Romeo,Vancouver,Defender,2024,defender,23,2025,2,0,9,2,4,0,11,19,5,2,5,0,0,85.0,36,1.6,0,0,0,0,0,0,0,0,68.75,50.74,58.02,0.0,0,0,0,0,0,0,0,0,0,0,0,0,0,,2025.0,,,20.0,1149.0,1.0,53.0,327.0,45.0,5.0,90.0,200.0,678.0,92.0,3.0,,1187.0,19.0,870.0,35.0,182.0,202.0,5.0,119.0,,,86.0,22.0,,63.0,1410.0,23.0,5.0,,55.0,492.0,24.0,10.0,69.0,135.0,5.0,,,47.0,136.0,96.0,,,23.0,,,,33.0,440.0,969.0,1005.0,81.0,4.0,67.0,22.0,1.0,,,,,,1.0,16.0,10.0,,,11.0,17.0,8.0,34.0,5.0,2.0,1.0,5.0,9.0,2.0,16.0,,,,,,1.0,,,,,,,,,2.0,,4.0,,2.0,1.0,2.0,1.0,,,1.0,,,,,,,,1.0,1.0,1.0,4.0,,,,,,,,,,,
cpl::Football_Player::04974dd93657419b8440025eca4e2ef0,T. Field,Cavalry,Defender,2024,defender,21,1613,0,0,4,0,1,0,41,18,3,0,3,0,0,87.0,14,0.78,12,0,0,0,0,0,0,0,71.93,57.97,42.86,18.52,0,0,0,0,0,0,0,0,0,0,0,0,0,,1613.0,,,15.0,1035.0,5.0,100.0,415.0,41.0,3.0,68.0,188.0,522.0,72.0,3.0,,1069.0,18.0,859.0,12.0,140.0,386.0,11.0,108.0,,,70.0,19.0,,51.0,1399.0,21.0,8.0,,103.0,452.0,8.0,10.0,80.0,70.0,3.0,,,15.0,138.0,42.0,,,21.0,,,,38.0,131.0,898.0,929.0,35.0,6.0,58.0,65.0,2.0,5.0,,,,1.0,5.0,57.0,28.0,,,41.0,28.0,10.0,20.0,16.0,98.0,2.0,3.0,4.0,,5.0,,15.0,8.0,7.0,5.0,4.0,19.0,,2.0,12.0,,4.0,,,,3.0,1.0,1.0,,,,,,,,,,,,,,,0.0,,,11.0,,,,,,,,,,,
cpl::Football_Player::c314ef65be194ced895c50a72967def8,D. Klomp,Cavalry,Defender,2024,defender,29,2610,6,1,31,7,11,1,21,30,11,0,7,0,0,87.0,28,0.97,0,0,1,0,0,0,0,0,48.84,59.39,66.67,22.22,0,0,0,0,0,0,0,0,0,0,0,0,0,,2610.0,2.0,1.0,10.0,1653.0,7.0,109.0,519.0,54.0,7.0,104.0,268.0,950.0,123.0,3.0,,1694.0,30.0,1374.0,23.0,227.0,467.0,9.0,169.0,,,114.0,29.0,,65.0,2045.0,29.0,14.0,,123.0,625.0,65.0,10.0,155.0,93.0,11.0,,,92.0,261.0,99.0,,,29.0,,,,60.0,493.0,1431.0,1467.0,138.0,8.0,106.0,63.0,5.0,,,,,,9.0,43.0,23.0,,,21.0,27.0,12.0,46.0,22.0,8.0,,20.0,31.0,6.0,25.0,,7.0,2.0,2.0,2.0,5.0,7.0,,3.0,,,,,1.0,,,11.0,,6.0,1.0,6.0,,4.0,,1.0,,,,,,,,2.0,5.0,1.0,16.0,2.0,2.0,,,,,,,,,
cpl::Football_Player::c985b08f36864c8a982efe437d5a2fe6,D. Mavakala,Wanderers,Defender,2024,defender,0,0,0,0,0,0,0,0,0,0,0,0,0,0,0,,0,,0,0,0,0,0,0,0,0,0.0,0.0,0.0,0.0,0,0,0,0,0,0,0,0,0,0,0,0,0,,,,,,,,,,,,,,,,,,,,,,,,,,,,,,,,,,,,,,,,,,,,,,,,,,,,,,,,,,,,,,,,,,,,,,,,,,,,,,,,,,,,,,,,,,,,,,,,,,,,,,,,,,,,,,,,,,,,,,,,,,,,,,,,,,
cpl::Football_Player::4da84a61c12443e48f9c5d0dd8f2f3ae,K. Dada-Luke,Pacific,Defender,2024,defender,27,2201,0,1,1,1,1,1,49,16,48,1,2,0,0,80.0,34,1.39,0,0,0,0,0,0,0,0,70.0,59.52,47.37,23.46,0,0,0,0,0,0,0,0,0,0,0,0,0,,2201.0,1.0,,13.0,720.0,17.0,145.0,349.0,34.0,2.0,47.0,397.0,256.0,106.0,1.0,,739.0,16.0,552.0,28.0,153.0,32.0,24.0,149.0,,,101.0,24.0,,66.0,1482.0,27.0,9.0,,237.0,289.0,27.0,10.0,175.0,34.0,48.0,,,27.0,294.0,50.0,,,27.0,,,,89.0,273.0,568.0,586.0,57.0,5.0,119.0,148.0,6.0,3.0,,,,,31.0,70.0,41.0,,,49.0,52.0,19.0,30.0,21.0,160.0,3.0,,1.0,2.0,5.0,1.0,62.0,19.0,61.0,19.0,35.0,62.0,2.0,,,,,1.0,1.0,1.0,,1.0,,,,,,,,,,,,,,,,0.0,,,61.0,1.0,11.0,,,,,,,,,
cpl::Football_Player::360a1cff07aa439cb939b0d0d222b08c,J. Dunn,Wanderers,Defender,2024,defender,10,835,0,0,4,0,1,0,8,5,0,0,1,0,0,87.0,15,1.62,0,0,0,0,0,0,0,0,80.0,70.83,74.07,0.0,0,0,0,0,0,0,0,0,0,0,0,0,0,,835.0,3.0,1.0,4.0,424.0,1.0,10.0,73.0,17.0,1.0,24.0,69.0,302.0,35.0,1.0,,434.0,5.0,356.0,13.0,59.0,107.0,3.0,34.0,,,38.0,10.0,,26.0,513.0,10.0,4.0,,21.0,153.0,16.0,10.0,34.0,19.0,,,,20.0,48.0,27.0,,,10.0,,,,7.0,164.0,367.0,375.0,27.0,1.0,14.0,14.0,2.0,1.0,,,,,4.0,10.0,4.0,,,8.0,8.0,,7.0,2.0,2.0,,3.0,4.0,,2.0,,1.0,,,,,1.0,,,,,,,,,,1.0,,,,,,,,,,,,,,,,0.0,,,2.0,3.0,,,,,,,,,,
cpl::Football_Player::d46e06f14e0d47e58d6f5f00e1eabfa9,T. Meilleur-Giguère,Pacific,Defender,2024,defender,28,2432,3,0,10,3,4,0,13,12,10,1,3,0,0,85.0,34,1.26,0,0,0,0,0,0,0,0,50.0,67.66,71.96,0.0,0,0,0,0,0,0,0,0,0,0,0,0,0,,2432.0,10.0,1.0,23.0,1300.0,5.0,56.0,283.0,56.0,3.0,103.0,220.0,857.0,102.0,1.0,,1345.0,12.0,1053.0,28.0,205.0,283.0,3.0,133.0,,,86.0,27.0,,72.0,1651.0,28.0,6.0,,60.0,551.0,27.0,10.0,113.0,87.0,10.0,,,77.0,167.0,142.0,,,28.0,,,,24.0,455.0,1097.0,1140.0,107.0,9.0,54.0,36.0,6.0,,,,,,1.0,26.0,13.0,1.0,,13.0,36.0,6.0,30.0,13.0,9.0,1.0,6.0,10.0,3.0,17.0,1.0,,,,,2.0,,,,,,,,,1.0,,4.0,,3.0,1.0,3.0,,2.0,,,,,,,,,,0.0,2.0,1.0,3.0,10.0,,,,,,,,,,
cpl::Football_Player::d1f55ff48211437dbc695c82aa0f9d15,C. Loughrey,Wanderers,Defender,2024,defender,17,1247,1,0,8,1,3,0,12,11,7,0,1,1,0,86.0,21,1.52,0,0,1,0,0,0,0,0,63.16,58.33,59.46,50.0,0,0,0,0,0,0,0,0,0,0,0,0,0,,1247.0,14.0,,6.0,620.0,2.0,26.0,175.0,30.0,1.0,51.0,108.0,388.0,43.0,2.0,,656.0,11.0,519.0,19.0,94.0,254.0,3.0,63.0,,,46.0,14.0,,32.0,812.0,17.0,10.0,,47.0,241.0,16.0,10.0,49.0,43.0,7.0,,,22.0,84.0,51.0,,,17.0,,,,20.0,135.0,526.0,562.0,37.0,3.0,35.0,27.0,2.0,4.0,1.0,,,1.0,1.0,19.0,8.0,,,12.0,5.0,4.0,15.0,7.0,5.0,3.0,5.0,8.0,3.0,18.0,1.0,1.0,1.0,,1.0,,1.0,2.0,,,1.0,,,,,,3.0,,1.0,,1.0,,,,1.0,,,,,,,,0.0,1.0,0.0,3.0,14.0,1.0,,,,,,,,,
cpl::Football_Player::fb189b88380942cc9861e75621409177,J. Cameron,Vancouver,Defender,2024,defender,17,1146,0,0,4,0,0,0,32,29,18,1,4,1,0,78.0,15,1.18,0,0,0,0,0,0,0,0,64.0,56.67,47.37,15.38,0,0,0,0,0,0,0,0,0,0,0,0,0,,1146.0,,,4.0,450.0,5.0,115.0,167.0,10.0,4.0,20.0,195.0,184.0,83.0,,,450.0,29.0,332.0,14.0,103.0,126.0,5.0,88.0,,,57.0,13.0,,37.0,792.0,17.0,12.0,,142.0,145.0,24.0,10.0,102.0,15.0,18.0,,,18.0,180.0,18.0,,,17.0,,,,58.0,64.0,347.0,347.0,38.0,3.0,78.0,84.0,1.0,3.0,1.0,,,,16.0,50.0,27.0,,,32.0,15.0,10.0,20.0,18.0,87.0,4.0,4.0,4.0,,4.0,,22.0,4.0,35.0,4.0,7.0,22.0,1.0,,,1.0,,,,1.0,,,,,,,,,,,,,,,,,,0.0,,,16.0,,1.0,,,,,,,,,
cpl::Football_Player::dbd8bd41aa5a42158cc6c3a4c952bfdf,Z. Fernandez,Wanderers,Defender,2024,defender,25,1941,2,1,13,3,7,1,39,29,56,3,7,1,0,85.0,34,1.58,0,0,0,0,0,0,0,0,60.94,65.15,51.22,24.0,0,0,0,0,0,0,0,0,0,0,0,0,0,,1941.0,,,6.0,920.0,10.0,146.0,448.0,9.0,7.0,23.0,237.0,357.0,128.0,3.0,,950.0,29.0,783.0,30.0,151.0,145.0,16.0,124.0,,,79.0,22.0,,46.0,1458.0,25.0,14.0,,200.0,385.0,55.0,10.0,157.0,16.0,56.0,,,21.0,241.0,29.0,,,25.0,,,,64.0,274.0,770.0,799.0,41.0,1.0,84.0,136.0,4.0,7.0,1.0,1.0,,,16.0,64.0,42.0,1.0,,39.0,34.0,19.0,20.0,25.0,140.0,3.0,6.0,13.0,2.0,7.0,,19.0,6.0,14.0,6.0,13.0,19.0,,1.0,,,,1.0,1.0,3.0,,7.0,,2.0,1.0,2.0,,1.0,,,,,,,,,,1.0,1.0,1.0,21.0,,4.0,,,,,,,,,
cpl::Football_Player::3ebb1a23b8bf4400bf5519f616825cad,K. Sow,Wanderers,Defender,2024,defender,1,28,0,0,0,0,0,0,0,0,0,0,0,0,0,95.0,0,0.0,0,0,0,0,0,0,0,0,0.0,0.0,0.0,0.0,0,0,0,0,0,0,0,0,0,0,0,0,0,,28.0,,,,18.0,,4.0,7.0,,,1.0,1.0,12.0,,,,20.0,,18.0,,1.0,8.0,1.0,1.0,,,,1.0,,,21.0,1.0,,,,6.0,,10.0,,1.0,,,,,,1.0,,,1.0,,,,,2.0,17.0,19.0,,,,,,1.0,,,,,,,,,,,,,,,,,,,,,,,,,,,,,,,,,,,,,,,,,,,,,,,,,,,,,0.0,,,,,,,,,,,,,,
cpl::Football_Player::91a17f348e28482898c8dbc5480ad503,P. Amedume,Pacific,Defender,2024,defender,11,587,0,0,0,0,0,0,7,3,6,1,0,0,0,89.0,7,1.07,0,0,0,0,0,0,0,0,63.64,64.1,53.33,0.0,0,0,0,0,0,0,0,0,0,0,0,0,0,,587.0,2.0,,1.0,308.0,,24.0,50.0,8.0,,14.0,43.0,232.0,23.0,1.0,,319.0,3.0,275.0,5.0,37.0,84.0,,14.0,,,20.0,7.0,,23.0,392.0,11.0,2.0,,24.0,103.0,,10.0,25.0,7.0,6.0,,,8.0,39.0,22.0,,,11.0,,,,7.0,108.0,272.0,282.0,15.0,1.0,14.0,17.0,2.0,3.0,,,,,,11.0,8.0,,,7.0,4.0,4.0,7.0,4.0,2.0,4.0,,,,6.0,,,,,,,,,,,,,,,1.0,,,,,,,,,,,,,,,,,,0.0,,,1.0,2.0,,,,,,,,,,
cpl::Football_Player::62be7b2bf33146d18671152252f95575,K. Ceceri,Pacific,Defender,2024,defender,11,800,0,0,2,0,0,0,7,7,3,2,1,1,0,75.0,14,1.58,0,0,0,0,0,0,0,0,70.0,65.0,71.88,0.0,0,0,0,0,0,0,0,0,0,0,0,0,0,,800.0,1.0,,6.0,372.0,1.0,14.0,98.0,22.0,1.0,52.0,109.0,186.0,44.0,,,380.0,7.0,255.0,11.0,96.0,131.0,1.0,67.0,,,34.0,9.0,,30.0,483.0,11.0,6.0,,28.0,182.0,7.0,10.0,39.0,29.0,3.0,,,23.0,60.0,31.0,,,11.0,,,,12.0,53.0,278.0,284.0,32.0,1.0,21.0,16.0,3.0,2.0,1.0,,,1.0,3.0,10.0,13.0,,,7.0,12.0,5.0,9.0,3.0,5.0,2.0,2.0,2.0,1.0,5.0,,1.0,,5.0,,,1.0,,,,1.0,,,,2.0,,,,,,,,,,,,,,,,,,0.0,,,,1.0,,,,,,,,,,
cpl::Football_Player::2bffc15ee6604487b728ad495bae8317,J. Royer,Wanderers,Defender,2024,defender,1,14,0,0,0,0,0,0,1,1,1,0,0,0,0,63.0,1,6.43,0,0,0,0,0,0,0,0,100.0,50.0,0.0,0.0,0,0,0,0,0,0,0,0,0,0,0,0,0,,14.0,,,,8.0,,2.0,2.0,2.0,,2.0,3.0,3.0,1.0,,,8.0,1.0,4.0,1.0,3.0,2.0,,,,,,,,3.0,13.0,1.0,1.0,,4.0,4.0,,10.0,2.0,1.0,1.0,,,,4.0,,,,1.0,,,,2.0,,5.0,5.0,,,2.0,2.0,,,,,,,,1.0,1.0,,,1.0,,,,,1.0,1.0,,,,,,,,,,,,,,,,,,,,,,,,,,,,,,,,,,,,,0.0,,,,,,,,,,,,,,
cpl::Football_Player::c3b03cc1de7848cdaaca16450017b36d,D. Nimick,Wanderers,Defender,2024,defender,24,2003,8,3,24,11,13,3,21,32,23,0,5,2,0,84.0,34,1.53,0,0,1,8,7,0,0,0,60.0,62.9,72.46,62.5,0,0,0,0,0,0,0,0,0,0,0,0,0,,2003.0,,1.0,15.0,1183.0,5.0,69.0,450.0,43.0,5.0,101.0,237.0,610.0,104.0,2.0,,1260.0,32.0,928.0,28.0,205.0,147.0,10.0,144.0,,,88.0,23.0,,64.0,1567.0,24.0,8.0,,117.0,575.0,46.0,10.0,117.0,127.0,23.0,,,50.0,186.0,80.0,,,24.0,,,,50.0,469.0,985.0,1055.0,69.0,1.0,69.0,67.0,6.0,1.0,2.0,,,3.0,10.0,35.0,25.0,1.0,,21.0,17.0,11.0,19.0,14.0,24.0,1.0,11.0,24.0,2.0,12.0,1.0,3.0,5.0,2.0,5.0,3.0,3.0,,2.0,,2.0,,2.0,3.0,,,13.0,,8.0,7.0,8.0,,1.0,,,,,,8.0,7.0,,,2.0,5.0,3.0,16.0,,,,,,,,,,,
cpl::Football_Player::8acd7b030e09457dacf4d02078701836,Allan Enyou,Vancouver,Defender,2024,defender,23,1916,0,0,4,0,1,0,27,14,7,0,4,0,0,83.0,30,1.41,0,0,0,0,0,0,0,0,69.23,57.45,63.04,28.57,0,0,0,0,0,0,0,0,0,0,0,0,0,,1916.0,1.0,1.0,11.0,1027.0,1.0,89.0,227.0,69.0,4.0,110.0,229.0,645.0,74.0,2.0,,1054.0,14.0,812.0,28.0,184.0,362.0,,113.0,,,104.0,22.0,,76.0,1312.0,23.0,9.0,,95.0,377.0,5.0,10.0,81.0,58.0,7.0,,,29.0,141.0,66.0,,,23.0,,,,43.0,226.0,844.0,870.0,46.0,3.0,60.0,52.0,2.0,2.0,,,,,7.0,39.0,22.0,,,27.0,19.0,13.0,17.0,12.0,20.0,1.0,3.0,4.0,2.0,9.0,,5.0,2.0,10.0,2.0,8.0,5.0,1.0,,,,,,,,,1.0,,,,,,,,,,,,,,,,0.0,,,15.0,1.0,,,,,,,,,,
cpl::Football_Player::f3ffebc2701c4e608f9f5055198c5ec9,D. Norman,Vancouver,Defender,2024,defender,17,1102,1,0,3,1,3,0,12,12,7,1,3,0,0,87.0,19,1.55,0,0,0,0,0,0,0,0,66.67,58.23,60.0,50.0,0,0,0,0,0,0,0,0,0,0,0,0,0,,1102.0,,1.0,11.0,596.0,,26.0,143.0,23.0,3.0,41.0,97.0,387.0,44.0,2.0,,614.0,12.0,473.0,19.0,85.0,228.0,5.0,61.0,,,34.0,14.0,,25.0,758.0,17.0,4.0,,44.0,230.0,13.0,10.0,46.0,56.0,7.0,,,21.0,79.0,56.0,,,17.0,,,,19.0,130.0,512.0,529.0,35.0,3.0,33.0,25.0,,6.0,,,,,,18.0,8.0,1.0,,12.0,9.0,3.0,14.0,6.0,1.0,3.0,,3.0,3.0,9.0,,1.0,1.0,,1.0,,1.0,1.0,,,,,,,1.0,,3.0,,1.0,,1.0,,,,1.0,,,,,,,,0.0,1.0,0.0,3.0,,,,,,,,,,,
cpl::Football_Player::3f2d3c2444df4c23b5e35783047ed538,A. White,Vancouver,Defender,2024,defender,1,90,0,0,0,0,0,0,1,0,0,0,0,0,0,92.0,1,1.0,0,0,0,0,0,0,0,0,100.0,37.5,28.57,0.0,0,0,0,0,0,0,0,0,0,0,0,0,0,,90.0,,,,37.0,,2.0,3.0,,,1.0,4.0,31.0,2.0,,,37.0,,33.0,1.0,3.0,18.0,,2.0,,,,1.0,,1.0,48.0,1.0,,,1.0,7.0,,10.0,3.0,1.0,,,,2.0,8.0,5.0,,,1.0,,,,,10.0,34.0,34.0,7.0,,5.0,1.0,,,,,,,,1.0,,,,1.0,1.0,,5.0,,,,,,,2.0,1.0,,,,,,,,,,,,,,,,,,,,,,,,,,,,,,,,0.0,,,,,,,,,,,,,,
cpl::Football_Player::23b3c07e1e8244ce8862a16e72956393,D. Parra,Forge,Defender,2024,defender,25,2124,2,2,19,4,6,2,28,40,35,0,7,1,0,87.0,28,1.19,12,0,0,0,0,0,0,0,57.14,52.0,63.27,16.07,0,0,0,0,0,0,0,0,0,0,0,0,0,,2124.0,,1.0,4.0,1246.0,18.0,207.0,610.0,9.0,7.0,34.0,332.0,521.0,135.0,2.0,,1287.0,40.0,1049.0,24.0,169.0,534.0,26.0,163.0,,,99.0,24.0,,51.0,1916.0,25.0,22.0,,251.0,418.0,42.0,10.0,156.0,69.0,35.0,,,31.0,300.0,40.0,,,25.0,,,,126.0,128.0,1079.0,1118.0,49.0,7.0,144.0,125.0,4.0,3.0,1.0,,,,41.0,49.0,43.0,,,28.0,31.0,20.0,18.0,21.0,149.0,1.0,13.0,19.0,14.0,4.0,,38.0,13.0,11.0,9.0,38.0,45.0,1.0,1.0,12.0,1.0,5.0,2.0,2.0,,2.0,6.0,1.0,2.0,,2.0,,,,2.0,1.0,,,,,,,0.0,2.0,0.0,58.0,,4.0,,,,,,,,,
cpl::Football_Player::9dfa32fd254946aa9189e26a8888a192,E. Bah,Vancouver,Defender,2024,defender,14,698,2,0,7,2,4,0,13,16,19,2,2,1,0,76.0,13,1.68,0,0,1,0,0,0,0,0,72.22,42.86,35.29,18.18,0,0,0,0,0,0,0,0,0,0,0,0,0,,698.0,,,,239.0,5.0,52.0,95.0,7.0,2.0,11.0,120.0,91.0,48.0,1.0,,243.0,16.0,172.0,12.0,59.0,68.0,3.0,52.0,,,41.0,7.0,,16.0,424.0,14.0,7.0,,95.0,66.0,12.0,10.0,48.0,12.0,19.0,,,6.0,112.0,10.0,,,14.0,,,,53.0,57.0,180.0,184.0,17.0,,64.0,42.0,1.0,4.0,1.0,,,,5.0,18.0,19.0,,,13.0,4.0,9.0,11.0,5.0,32.0,7.0,3.0,7.0,1.0,1.0,,9.0,2.0,7.0,2.0,15.0,9.0,,2.0,,1.0,,,,2.0,,4.0,,2.0,,2.0,,1.0,,1.0,,,,,,,,1.0,1.0,1.0,27.0,,1.0,,,,,,,,,
cpl::Football_Player::8c250cb48a3648f2bfe78681f613b119,G. Facchineri,Valour,Defender,2024,defender,26,1865,1,0,6,1,2,0,24,44,16,0,7,0,0,82.0,28,1.35,0,0,0,0,0,0,0,0,52.17,53.4,53.97,0.0,0,0,0,0,0,0,0,0,0,0,0,0,0,,1865.0,3.0,1.0,8.0,1017.0,1.0,65.0,226.0,58.0,7.0,128.0,234.0,648.0,75.0,3.0,,1077.0,44.0,801.0,26.0,203.0,348.0,2.0,135.0,,,92.0,21.0,,71.0,1373.0,26.0,15.0,,128.0,441.0,13.0,10.0,102.0,73.0,16.0,,,34.0,191.0,92.0,,,26.0,,,,60.0,223.0,835.0,874.0,63.0,3.0,89.0,68.0,2.0,3.0,,,,,6.0,46.0,19.0,,,24.0,26.0,15.0,29.0,22.0,10.0,5.0,4.0,6.0,1.0,18.0,,3.0,,5.0,,2.0,3.0,,,,,,,,,,2.0,,1.0,,1.0,,1.0,,,,,,,,,,0.0,0.0,1.0,11.0,3.0,,,,,,,,,,
cpl::Football_Player::b48a3c5692c34ed3915577a233b54697,N. Abatneh,Inter Toronto,Defender,2024,defender,22,1671,1,0,5,1,1,0,14,16,19,0,4,0,0,91.0,24,1.29,0,0,0,0,0,0,0,0,51.85,53.91,46.0,0.0,0,0,0,0,0,0,0,0,0,0,0,0,0,,1671.0,1.0,,1.0,1100.0,2.0,94.0,212.0,27.0,4.0,59.0,139.0,821.0,55.0,2.0,,1147.0,16.0,977.0,21.0,114.0,200.0,1.0,71.0,,,63.0,20.0,,43.0,1363.0,22.0,9.0,,78.0,344.0,9.0,10.0,69.0,56.0,19.0,,,23.0,128.0,40.0,,,22.0,,,,32.0,509.0,989.0,1033.0,50.0,2.0,59.0,46.0,3.0,6.0,,,,,1.0,27.0,17.0,,,14.0,23.0,10.0,27.0,13.0,28.0,2.0,4.0,5.0,,9.0,,,,13.0,,2.0,,,,,,,,,,,1.0,,1.0,,1.0,,,,,,,,,,1.0,,0.0,1.0,0.0,9.0,1.0,,,,,,,,,,
cpl::Football_Player::7205a0ef2aab4cf98da19157fb879f8a,E. Lajeunesse,Pacific,Defender,2024,defender,14,1198,0,0,2,0,0,0,20,13,17,0,2,0,0,79.0,15,1.13,0,0,0,0,0,0,0,0,64.52,61.02,62.86,0.0,0,0,0,0,0,0,0,0,0,0,0,0,0,,1198.0,2.0,,6.0,695.0,2.0,68.0,226.0,37.0,2.0,58.0,217.0,342.0,99.0,1.0,,725.0,13.0,543.0,13.0,157.0,239.0,5.0,107.0,,,54.0,13.0,,57.0,1026.0,14.0,9.0,,83.0,380.0,5.0,10.0,72.0,25.0,17.0,,,22.0,118.0,28.0,,,14.0,,,,33.0,38.0,541.0,568.0,35.0,5.0,46.0,50.0,2.0,,,,,,4.0,31.0,36.0,1.0,,20.0,21.0,20.0,13.0,11.0,72.0,1.0,2.0,2.0,,3.0,,7.0,,28.0,,5.0,7.0,,,,,,,,,,,,,,,,,,,,,,,,,,0.0,,,13.0,2.0,,,,,,,,,,
cpl::Football_Player::6981001867ad42d9b6d9bfc216cfab71,D. Samuel,Forge,Defender,2024,defender,21,742,0,0,1,0,0,0,17,10,19,0,2,0,0,85.0,10,1.21,0,0,1,0,0,0,0,0,60.71,62.26,45.45,0.0,0,0,0,0,0,0,0,0,0,0,0,0,0,,742.0,,1.0,,435.0,1.0,33.0,175.0,17.0,2.0,23.0,101.0,205.0,46.0,1.0,,449.0,10.0,374.0,9.0,69.0,84.0,1.0,39.0,,,44.0,7.0,,33.0,647.0,21.0,5.0,,84.0,194.0,2.0,10.0,66.0,6.0,19.0,,,10.0,106.0,23.0,,,21.0,,,,28.0,138.0,366.0,380.0,22.0,2.0,40.0,56.0,1.0,2.0,,,,,9.0,28.0,18.0,,,17.0,7.0,6.0,12.0,11.0,45.0,14.0,1.0,1.0,,7.0,,3.0,,8.0,,3.0,3.0,,,,,,,,,,,,,,,,,,,,,,,,,,0.0,,,13.0,,,2.0,,,,,,,,
cpl::Football_Player::443ef0f7c9294dd4a32e868c6e332abe,Jesús del Amo,Atlético,Defender,2024,defender,7,587,0,0,0,0,0,0,2,5,2,0,2,0,0,90.0,5,0.77,3,0,0,0,0,0,0,0,33.33,52.0,55.56,0.0,0,0,0,0,0,0,0,0,0,0,0,0,0,,587.0,,,7.0,380.0,2.0,33.0,93.0,15.0,2.0,23.0,46.0,255.0,16.0,,,387.0,5.0,323.0,5.0,39.0,163.0,1.0,27.0,,,25.0,6.0,,15.0,434.0,7.0,3.0,,16.0,142.0,3.0,10.0,13.0,25.0,2.0,,,5.0,25.0,17.0,,,7.0,,,,8.0,49.0,341.0,348.0,9.0,2.0,12.0,8.0,,,,,,,1.0,6.0,2.0,,,2.0,4.0,2.0,4.0,4.0,3.0,1.0,,,,,,,,,,,3.0,,,3.0,,3.0,,,,,,,,,,,,,,,,,,,,,0.0,,,1.0,,,,,,,,,,,
cpl::Football_Player::b6597676a5e34edf998b3ef92a3c14d0,M. Campagna,Vancouver,Defender,2024,defender,11,382,0,1,3,1,0,1,5,10,3,0,2,0,0,83.0,12,2.83,0,0,0,0,0,0,0,0,55.56,53.49,58.82,0.0,0,0,0,0,0,0,0,0,0,0,0,0,0,,382.0,,1.0,2.0,215.0,2.0,21.0,72.0,10.0,2.0,16.0,49.0,107.0,22.0,2.0,,217.0,10.0,167.0,12.0,38.0,17.0,2.0,30.0,,,15.0,2.0,,13.0,290.0,11.0,3.0,,26.0,97.0,8.0,10.0,23.0,12.0,3.0,,,10.0,43.0,17.0,,,11.0,,,,13.0,82.0,177.0,179.0,17.0,,20.0,13.0,,1.0,,,,,1.0,9.0,7.0,1.0,,5.0,6.0,1.0,7.0,4.0,10.0,9.0,3.0,3.0,,3.0,,5.0,,3.0,,1.0,5.0,,,,,,,1.0,,,,,,,,,,,,,,,,,,,0.0,,,1.0,,,,,,,,,,,
cpl::Football_Player::edf6ef9ee973485dbbf8b5123cf83a94,K. Chung,Vancouver,Defender,2024,defender,19,1370,0,2,5,2,2,2,21,10,15,1,2,0,0,82.0,20,1.31,0,0,0,0,0,0,0,0,77.78,58.33,44.74,19.35,0,0,0,0,0,0,0,0,0,0,0,0,0,,1370.0,,,4.0,580.0,7.0,145.0,225.0,26.0,2.0,42.0,189.0,259.0,66.0,2.0,,586.0,10.0,452.0,18.0,108.0,29.0,9.0,82.0,,,61.0,17.0,,51.0,950.0,19.0,7.0,,94.0,179.0,7.0,10.0,77.0,26.0,15.0,,,17.0,132.0,35.0,,,19.0,,,,34.0,233.0,472.0,478.0,38.0,2.0,55.0,60.0,2.0,8.0,,,,,19.0,27.0,27.0,,,21.0,21.0,10.0,21.0,6.0,118.0,2.0,3.0,5.0,2.0,1.0,,25.0,6.0,23.0,6.0,17.0,25.0,,1.0,,,,2.0,2.0,1.0,,2.0,,,,,,,,,,,,,,,,0.0,,,20.0,,,,,,,,,,,
cpl::Football_Player::ce073937285b4114bca2f2a3b658f3da,L. Singh,Atlético,Defender,2024,defender,19,1482,0,0,5,0,2,0,8,9,4,0,5,0,0,89.0,20,1.21,0,0,0,0,0,0,0,0,50.0,56.34,53.57,0.0,0,0,0,0,0,0,0,0,0,0,0,0,0,,1482.0,7.0,,10.0,1044.0,2.0,62.0,265.0,26.0,5.0,74.0,134.0,688.0,46.0,,,1073.0,9.0,857.0,16.0,120.0,478.0,3.0,77.0,,,45.0,16.0,,44.0,1198.0,19.0,5.0,,43.0,284.0,6.0,10.0,40.0,96.0,4.0,,,15.0,71.0,45.0,,,19.0,,,,18.0,249.0,927.0,953.0,28.0,4.0,31.0,25.0,4.0,3.0,,,,1.0,5.0,16.0,10.0,,,8.0,6.0,4.0,13.0,8.0,2.0,3.0,3.0,5.0,4.0,6.0,,1.0,,1.0,,3.0,1.0,,,,,,,,,,2.0,1.0,,,,,,,,,,,,,,,0.0,,,4.0,7.0,1.0,,,,,,,,,
cpl::Football_Player::20d3548360484da9961196997ffa91d6,T. Mourdoukoutas,Valour,Defender,2024,defender,25,2070,0,0,3,0,1,0,25,20,8,1,3,0,0,84.0,29,1.26,0,0,0,0,0,0,0,0,71.43,59.72,57.97,0.0,0,0,0,0,0,0,0,0,0,0,0,0,0,,2070.0,,1.0,25.0,1224.0,3.0,64.0,223.0,61.0,3.0,115.0,224.0,844.0,90.0,6.0,,1272.0,20.0,969.0,28.0,205.0,337.0,2.0,134.0,,,79.0,23.0,,72.0,1563.0,25.0,16.0,,75.0,438.0,20.0,10.0,86.0,98.0,8.0,,,40.0,144.0,143.0,,,25.0,,,,29.0,433.0,1030.0,1067.0,69.0,4.0,58.0,46.0,1.0,1.0,,,,,4.0,35.0,13.0,,,25.0,27.0,9.0,29.0,10.0,1.0,2.0,2.0,3.0,3.0,15.0,,1.0,,,,1.0,1.0,1.0,,,,,,,1.0,,1.0,,,,,,,,,,1.0,,,,,,0.0,,,2.0,,,1.0,,,,,,,,
cpl::Football_Player::88981199ee1c47cbb911a6b22266e324,M. Tissot,Atlético,Defender,2024,defender,12,296,0,1,2,1,1,1,7,3,5,0,0,0,0,79.0,2,0.61,1,0,1,0,0,0,0,0,70.0,64.52,57.14,20.0,0,0,0,0,0,0,0,0,0,0,0,0,0,,296.0,,,1.0,116.0,2.0,30.0,48.0,12.0,,14.0,56.0,47.0,12.0,,,119.0,3.0,83.0,2.0,26.0,37.0,,23.0,,,13.0,2.0,,11.0,214.0,12.0,2.0,,24.0,46.0,3.0,10.0,20.0,10.0,5.0,,,4.0,31.0,10.0,,,12.0,,,,8.0,6.0,90.0,93.0,7.0,1.0,11.0,16.0,,,,,,,1.0,10.0,3.0,,,7.0,2.0,3.0,3.0,3.0,23.0,10.0,1.0,2.0,,1.0,,2.0,2.0,10.0,2.0,2.0,8.0,,,1.0,,1.0,1.0,1.0,,,1.0,,,,,,,,,,,,,,,,0.0,,,5.0,,,,,,,,,,,
cpl::Football_Player::a90bb203b7f24093abfdfd43e8c6ff40,M. Duncan,Forge,Defender,2024,defender,30,1960,0,0,1,0,0,0,30,19,23,1,2,0,0,86.0,27,1.24,0,0,0,0,0,0,0,0,61.22,57.95,65.85,18.52,0,0,0,0,0,0,0,0,0,0,0,0,0,,1960.0,,1.0,3.0,1080.0,10.0,202.0,527.0,23.0,2.0,54.0,274.0,414.0,108.0,2.0,,1098.0,19.0,899.0,24.0,162.0,72.0,13.0,138.0,,,80.0,21.0,,46.0,1605.0,30.0,11.0,,154.0,437.0,15.0,10.0,113.0,37.0,23.0,,,27.0,195.0,45.0,,,30.0,,,,68.0,387.0,918.0,936.0,41.0,5.0,82.0,86.0,3.0,11.0,,,,,14.0,49.0,41.0,,,30.0,29.0,19.0,14.0,19.0,156.0,9.0,1.0,1.0,1.0,3.0,,22.0,5.0,27.0,5.0,18.0,22.0,,1.0,,,,,,1.0,,,,,,,,,,,,,,,,,,0.0,,,33.0,,,,,,,,,,,
cpl::Football_Player::e879ca3a6c7e4bb9ba29edd41f2b202e,Z. Roy,Atlético,Defender,2024,defender,8,158,0,0,2,0,1,0,1,1,5,0,1,0,0,86.0,1,0.57,0,0,0,0,0,0,0,0,33.33,52.94,0.0,0.0,0,0,0,0,0,0,0,0,0,0,0,0,0,,158.0,,,,41.0,1.0,18.0,18.0,2.0,1.0,2.0,20.0,17.0,4.0,,,41.0,1.0,34.0,1.0,6.0,2.0,,7.0,,,7.0,2.0,,2.0,85.0,8.0,,,16.0,8.0,4.0,10.0,9.0,1.0,5.0,,,,17.0,1.0,,,8.0,,,,7.0,13.0,35.0,35.0,1.0,,8.0,9.0,,2.0,,,,,1.0,3.0,4.0,,,1.0,3.0,2.0,1.0,2.0,3.0,6.0,1.0,2.0,,,,3.0,,2.0,,1.0,3.0,,,,,,,,,,1.0,,,,,,,,,,,,,,,,0.0,,,6.0,,1.0,,,,,,,,,
cpl::Football_Player::58c03096b6c940afacb752b030a52ad2,M. Owolabi-Belewu,Forge,Defender,2024,defender,25,1685,2,0,3,2,2,0,48,29,27,1,11,0,0,85.0,21,1.12,0,0,0,0,0,0,0,0,65.75,66.06,53.85,20.0,0,0,0,0,0,0,0,0,0,0,0,0,0,,1685.0,,1.0,1.0,905.0,5.0,50.0,292.0,23.0,11.0,50.0,184.0,493.0,97.0,2.0,,931.0,29.0,738.0,19.0,147.0,311.0,5.0,92.0,,,89.0,19.0,,59.0,1272.0,25.0,19.0,,166.0,408.0,8.0,10.0,144.0,46.0,27.0,,,28.0,218.0,53.0,,,25.0,,,,50.0,162.0,759.0,784.0,52.0,4.0,74.0,116.0,2.0,4.0,,,,,16.0,73.0,23.0,,,48.0,28.0,9.0,24.0,25.0,46.0,6.0,1.0,3.0,2.0,9.0,,4.0,1.0,8.0,1.0,6.0,4.0,2.0,,,,,,,1.0,,2.0,,2.0,,2.0,,2.0,,,,,,,,,,1.0,2.0,0.0,13.0,,,2.0,,,,,,,,
cpl::Football_Player::46e85b6f18f042fe837554290482828b,A. Đidić,Atlético,Defender,2024,defender,29,2640,4,0,25,4,15,0,18,13,8,1,5,0,0,86.0,32,1.09,0,0,2,0,0,0,0,0,64.29,71.43,74.24,50.0,0,0,0,0,0,0,0,0,0,0,0,0,0,,2640.0,12.0,,18.0,1690.0,3.0,123.0,392.0,61.0,5.0,124.0,274.0,1091.0,134.0,1.0,,1740.0,13.0,1326.0,27.0,258.0,277.0,9.0,186.0,,,76.0,29.0,,73.0,2058.0,29.0,4.0,,57.0,589.0,43.0,10.0,135.0,156.0,8.0,,,98.0,189.0,140.0,,,29.0,,,,20.0,751.0,1436.0,1482.0,132.0,9.0,54.0,37.0,5.0,,,,,,2.0,28.0,12.0,,,18.0,37.0,7.0,34.0,10.0,1.0,,10.0,25.0,4.0,20.0,,1.0,1.0,,1.0,,1.0,,2.0,,,,,,1.0,,15.0,2.0,4.0,1.0,4.0,,3.0,,,,,,,,,,0.0,4.0,0.0,2.0,12.0,,1.0,,,,,,,,
cpl::Football_Player::7b0f6d51a0774b0691b240a3a96bc0ee,M. de Brienne,Atlético,Defender,2024,defender,28,2385,0,1,20,1,5,1,38,33,22,2,10,0,0,76.0,29,1.09,8,0,1,0,0,0,0,0,63.33,55.77,72.73,19.23,0,0,0,0,0,0,0,0,0,0,0,0,0,,2385.0,,,9.0,975.0,18.0,218.0,376.0,49.0,10.0,87.0,441.0,389.0,151.0,1.0,,991.0,33.0,708.0,24.0,238.0,388.0,24.0,212.0,,,120.0,27.0,,66.0,1702.0,28.0,18.0,,205.0,344.0,44.0,10.0,145.0,45.0,22.0,,,40.0,260.0,60.0,,,28.0,,,,100.0,41.0,739.0,753.0,55.0,4.0,115.0,105.0,5.0,11.0,,,,,23.0,60.0,66.0,3.0,,38.0,45.0,43.0,15.0,22.0,145.0,1.0,15.0,20.0,7.0,6.0,,33.0,12.0,73.0,10.0,32.0,40.0,1.0,1.0,8.0,,6.0,1.0,1.0,2.0,2.0,5.0,,,,,1.0,,,,,,,,,,,0.0,,,47.0,,1.0,,,,,,,,,
cpl::Football_Player::3369d66b5c1c44c38f4b479aed83a7e7,Roberto Alarcón,Valour,Defender,2024,defender,23,1810,0,1,5,1,1,1,29,29,29,1,6,1,0,88.0,30,1.49,28,0,1,0,0,0,0,0,69.05,55.17,45.16,14.93,0,0,0,0,0,0,0,0,0,0,0,0,0,,1810.0,,,3.0,806.0,3.0,156.0,280.0,22.0,6.0,46.0,207.0,491.0,59.0,4.0,,846.0,29.0,666.0,28.0,105.0,47.0,18.0,99.0,,,72.0,21.0,,50.0,1333.0,23.0,14.0,,143.0,223.0,5.0,10.0,96.0,75.0,29.0,,,14.0,174.0,48.0,,,23.0,,,,61.0,420.0,706.0,741.0,31.0,3.0,78.0,82.0,2.0,7.0,1.0,1.0,,,11.0,42.0,24.0,,,29.0,14.0,6.0,17.0,13.0,144.0,2.0,4.0,5.0,4.0,19.0,2.0,23.0,30.0,16.0,10.0,14.0,44.0,,,28.0,,14.0,1.0,1.0,1.0,13.0,1.0,3.0,,,,,,,,,,,,,,,0.0,,,20.0,,2.0,,,,,,,,,
cpl::Football_Player::31591c7a0e35481b998578ee63a10adc,L. Torres,Atlético,Defender,2024,defender,16,475,1,0,2,1,1,0,14,10,5,0,1,1,0,92.0,6,1.14,0,0,0,0,0,0,0,0,82.35,57.63,85.71,0.0,0,0,0,0,0,0,0,0,0,0,0,0,0,,475.0,,,1.0,278.0,,48.0,99.0,5.0,1.0,5.0,42.0,159.0,18.0,,,281.0,10.0,248.0,5.0,23.0,64.0,5.0,15.0,,,31.0,6.0,,8.0,354.0,16.0,8.0,,52.0,58.0,3.0,10.0,34.0,10.0,5.0,,,6.0,59.0,5.0,,,16.0,,,,24.0,111.0,255.0,258.0,7.0,,25.0,28.0,1.0,4.0,1.0,1.0,,,6.0,17.0,7.0,,,14.0,3.0,3.0,1.0,3.0,,10.0,1.0,2.0,1.0,3.0,,,,,,4.0,,,3.0,,,,,,,,1.0,,1.0,,1.0,,1.0,,,,,,,,,,1.0,1.0,0.0,8.0,,1.0,,,,,,,,,
cpl::Football_Player::fc76edbb94da42899c7c12d79da56e2e,O. León,Inter Toronto,Defender,2024,defender,20,1526,2,0,8,2,2,0,18,20,23,0,6,1,0,81.0,16,0.94,0,0,0,0,0,0,0,0,66.67,61.97,53.45,0.0,0,0,0,0,0,0,0,0,0,0,0,0,0,,1526.0,,,18.0,965.0,2.0,76.0,308.0,66.0,6.0,124.0,214.0,504.0,73.0,1.0,,1009.0,20.0,718.0,12.0,197.0,327.0,4.0,135.0,,,58.0,17.0,,63.0,1236.0,20.0,8.0,,84.0,430.0,13.0,10.0,88.0,94.0,23.0,,,31.0,142.0,70.0,,,20.0,,,1.0,27.0,176.0,775.0,812.0,58.0,5.0,54.0,57.0,4.0,2.0,1.0,,,,7.0,27.0,17.0,,,18.0,12.0,7.0,27.0,9.0,13.0,3.0,6.0,8.0,2.0,12.0,,1.0,,5.0,,1.0,1.0,,,,1.0,,,,,,2.0,,2.0,,2.0,,1.0,,1.0,,,,,,,,1.0,2.0,0.0,2.0,1.0,,,,,,,,,,
cpl::Football_Player::9fa7232743934bf2a022c4fe6a62c1b6,J. Haynes,Valour,Defender,2024,defender,9,70,0,0,2,0,1,0,3,4,1,0,1,0,0,74.0,2,2.57,0,0,0,0,0,0,0,0,75.0,44.44,50.0,16.67,0,0,0,0,0,0,0,0,0,0,0,0,0,,70.0,,,,45.0,2.0,8.0,17.0,1.0,1.0,3.0,21.0,18.0,9.0,,,46.0,4.0,32.0,1.0,12.0,17.0,1.0,12.0,,,9.0,,,5.0,83.0,9.0,2.0,,14.0,19.0,4.0,10.0,8.0,2.0,1.0,,,2.0,18.0,2.0,,,9.0,,,,8.0,2.0,33.0,34.0,4.0,,10.0,6.0,1.0,,,,,,1.0,4.0,7.0,,,3.0,1.0,3.0,2.0,1.0,10.0,9.0,1.0,2.0,,,,5.0,1.0,,1.0,1.0,5.0,,,,,,,,,,1.0,,,,,,,,,,,,,,,,0.0,,,2.0,,,,,,,,,,,
cpl::Football_Player::daa25be58b5a4bf1a1a9adfd1aa8bd18,F. Sturing,Inter Toronto,Defender,2024,defender,19,1593,0,0,3,0,1,0,22,28,11,1,2,0,0,89.0,21,1.19,0,0,0,0,0,0,0,0,70.97,54.61,62.5,50.0,0,0,0,0,0,0,0,0,0,0,0,0,0,,1593.0,1.0,,7.0,991.0,,54.0,233.0,25.0,2.0,57.0,132.0,681.0,59.0,2.0,,1029.0,28.0,842.0,17.0,116.0,326.0,2.0,62.0,,,81.0,18.0,,55.0,1196.0,19.0,16.0,,88.0,340.0,12.0,10.0,83.0,71.0,11.0,,,40.0,152.0,53.0,,,19.0,,,,45.0,309.0,875.0,913.0,64.0,4.0,69.0,43.0,4.0,3.0,,,,,2.0,31.0,14.0,,,22.0,15.0,9.0,24.0,9.0,1.0,1.0,2.0,3.0,3.0,10.0,,1.0,1.0,,1.0,2.0,1.0,,,,,,,,1.0,,1.0,,,,,,,,,,,,,,,,0.0,,,10.0,1.0,,1.0,,,,,,,,
cpl::Football_Player::bc0960bcc0aa44d6a2f7dc8d20680752,Dani Morer,Atlético,Defender,2024,defender,27,1316,0,6,2,6,1,6,19,34,9,2,5,0,0,86.0,16,1.09,16,0,0,0,0,0,0,0,79.17,39.38,62.5,25.76,0,0,0,0,0,0,0,0,0,0,0,0,0,,1316.0,,,1.0,490.0,7.0,156.0,270.0,11.0,5.0,27.0,199.0,181.0,49.0,,,507.0,34.0,400.0,14.0,76.0,44.0,20.0,108.0,,,49.0,14.0,,15.0,843.0,27.0,16.0,,152.0,130.0,17.0,10.0,63.0,31.0,9.0,,,5.0,160.0,13.0,,,27.0,,,,94.0,177.0,417.0,431.0,8.0,,97.0,58.0,2.0,14.0,,,,,25.0,24.0,17.0,,,19.0,2.0,6.0,3.0,5.0,78.0,13.0,1.0,2.0,3.0,1.0,,33.0,20.0,8.0,17.0,32.0,47.0,,2.0,16.0,,11.0,5.0,6.0,2.0,2.0,1.0,,,,,,,,,,,,,,,,0.0,,,43.0,,3.0,,,,,,,,,
cpl::Football_Player::a742bcbb546f417d9003cfe9bf5e3676,N. Higgins,Inter Toronto,Defender,2024,defender,18,1085,1,1,1,2,1,1,14,13,2,1,4,0,0,88.0,15,1.24,0,0,0,0,0,0,0,0,77.78,50.0,47.5,0.0,0,0,0,0,0,0,0,0,0,0,0,0,0,,1085.0,,,8.0,564.0,,45.0,110.0,22.0,4.0,34.0,81.0,388.0,39.0,1.0,,571.0,13.0,481.0,13.0,73.0,141.0,,40.0,,,28.0,13.0,,33.0,693.0,18.0,8.0,,42.0,180.0,4.0,10.0,41.0,17.0,2.0,,,19.0,82.0,48.0,,,18.0,,,,20.0,205.0,491.0,498.0,40.0,3.0,41.0,22.0,2.0,5.0,,,,,2.0,18.0,10.0,,,14.0,15.0,5.0,21.0,4.0,2.0,5.0,,1.0,,5.0,,,,,,,,,,,,,1.0,1.0,1.0,,1.0,,1.0,,1.0,,1.0,,,,,,,,,,1.0,0.0,1.0,,,1.0,,,,,,,,,
cpl::Football_Player::1189f25d808e414eb258930a8b41dcc9,C. Chantzopoulos,Valour,Defender,2024,defender,16,1019,0,0,3,0,0,0,13,11,5,1,0,0,0,85.0,24,2.12,0,0,0,0,0,0,0,0,61.9,64.38,70.37,0.0,0,0,0,0,0,0,0,0,0,0,0,0,0,,1019.0,,2.0,10.0,463.0,1.0,30.0,114.0,34.0,,43.0,80.0,295.0,33.0,5.0,,485.0,11.0,382.0,22.0,76.0,135.0,3.0,50.0,,,28.0,12.0,,26.0,619.0,16.0,3.0,,46.0,191.0,6.0,10.0,47.0,27.0,5.0,,,19.0,73.0,46.0,,,16.0,,,,18.0,129.0,395.0,409.0,27.0,,26.0,28.0,2.0,5.0,,,,,2.0,21.0,10.0,1.0,,13.0,20.0,7.0,8.0,8.0,2.0,4.0,3.0,3.0,1.0,10.0,,,,,,1.0,,,,,,,,,1.0,,,,,,,,,,,,,,,,,,0.0,,,2.0,,,,,,,,,,,
cpl::Football_Player::373e4451a3104cb29bd3a4c2e716692a,J. Córdova,Inter Toronto,Defender,2024,defender,22,1856,3,3,19,6,6,3,25,22,33,1,8,0,0,84.0,23,1.12,18,0,2,0,0,0,0,0,65.79,49.52,45.45,12.73,0,0,0,0,0,0,0,0,0,0,0,0,0,,1856.0,,,3.0,877.0,13.0,262.0,441.0,17.0,8.0,46.0,281.0,327.0,103.0,2.0,,908.0,22.0,702.0,19.0,149.0,135.0,12.0,157.0,,,104.0,21.0,,38.0,1336.0,22.0,11.0,,177.0,240.0,25.0,10.0,104.0,57.0,33.0,,,15.0,210.0,25.0,,,22.0,,,,88.0,271.0,730.0,759.0,33.0,3.0,106.0,89.0,4.0,10.0,,,,,18.0,38.0,48.0,2.0,,25.0,27.0,16.0,18.0,13.0,56.0,1.0,13.0,19.0,8.0,2.0,,39.0,9.0,3.0,7.0,24.0,46.0,3.0,14.0,18.0,,4.0,3.0,3.0,1.0,2.0,6.0,1.0,3.0,3.0,1.0,2.0,,2.0,,,1.0,,,,,,2.0,3.0,0.0,52.0,,2.0,,,,,,,,,
cpl::Football_Player::bf1559f63d3642679c430ff1f41355a7,G. Mukumbilwa,Pacific,Defender,2024,defender,11,657,0,1,0,1,0,1,12,3,10,0,2,0,0,80.0,5,0.68,0,0,0,0,0,0,0,0,80.0,53.97,31.25,16.0,0,0,0,0,0,0,0,0,0,0,0,0,0,,657.0,,1.0,4.0,326.0,2.0,77.0,112.0,16.0,2.0,28.0,131.0,159.0,39.0,,,334.0,3.0,250.0,4.0,67.0,72.0,2.0,67.0,,,24.0,7.0,,21.0,541.0,11.0,1.0,,47.0,133.0,3.0,10.0,34.0,17.0,10.0,,,5.0,63.0,44.0,,,11.0,,,,18.0,52.0,262.0,267.0,16.0,3.0,29.0,29.0,1.0,2.0,,,,,4.0,15.0,13.0,1.0,,12.0,13.0,5.0,11.0,3.0,36.0,4.0,,,1.0,1.0,,21.0,4.0,19.0,4.0,6.0,21.0,,1.0,,,,,1.0,,,,,,,,,,,,,,,,,,,0.0,,,14.0,,,,,,,,,,,
cpl::Football_Player::c182423a01294fc4a488163b7c07b7f4,G. Metusala,Forge,Defender,2024,defender,23,1862,0,0,0,0,0,0,19,14,6,0,4,0,0,91.0,23,1.11,0,0,0,0,0,0,0,0,73.08,63.81,67.44,0.0,0,0,0,0,0,0,0,0,0,0,0,0,0,,1862.0,,,8.0,1205.0,,58.0,388.0,20.0,4.0,57.0,140.0,721.0,62.0,2.0,,1228.0,14.0,1029.0,21.0,119.0,406.0,4.0,82.0,,,98.0,20.0,,38.0,1421.0,23.0,4.0,,62.0,434.0,3.0,10.0,67.0,80.0,6.0,,,29.0,105.0,57.0,,,23.0,,,,24.0,330.0,1087.0,1109.0,43.0,6.0,38.0,38.0,2.0,4.0,,,,,6.0,26.0,13.0,1.0,,19.0,19.0,9.0,14.0,7.0,10.0,3.0,,,1.0,7.0,,1.0,,2.0,,2.0,1.0,1.0,,,,,,,,,,,,,,,,,,,,,,,,,0.0,,,5.0,,,,,,,,,,,
cpl::Football_Player::242992e119ea4cf3b76878a2029dddac,P. Gee,Vancouver,Defender,2024,defender,24,1927,1,4,5,5,1,4,17,28,19,1,4,0,0,77.0,36,1.68,0,0,0,0,0,0,0,0,56.67,45.41,57.69,18.27,0,0,0,0,0,0,0,0,0,0,0,0,0,,1927.0,,1.0,12.0,920.0,20.0,166.0,328.0,39.0,4.0,80.0,436.0,403.0,140.0,4.0,,932.0,28.0,666.0,35.0,220.0,265.0,16.0,241.0,,,92.0,23.0,,64.0,1481.0,24.0,13.0,,166.0,343.0,13.0,10.0,99.0,46.0,19.0,,,30.0,218.0,45.0,,,24.0,,,,97.0,158.0,702.0,712.0,52.0,3.0,119.0,69.0,1.0,8.0,,,,,20.0,30.0,48.0,1.0,,17.0,23.0,13.0,22.0,13.0,116.0,1.0,4.0,5.0,3.0,1.0,,85.0,19.0,41.0,19.0,28.0,85.0,,3.0,,,,4.0,4.0,1.0,,1.0,,1.0,1.0,,,,1.0,,,,,,,,,1.0,1.0,0.0,50.0,,4.0,,,,,,,,,
cpl::Football_Player::f5f9dbfb4ae043d7bf4f7094d31693c3,J. Quintana,Pacific,Defender,2024,defender,17,1199,0,0,4,0,0,0,32,25,21,4,6,1,0,78.0,13,0.98,0,0,0,0,0,0,0,0,65.31,67.9,65.22,0.0,0,0,0,0,0,0,0,0,0,0,0,0,0,,1199.0,,,13.0,535.0,,34.0,118.0,51.0,6.0,65.0,153.0,315.0,59.0,,,557.0,25.0,397.0,12.0,124.0,73.0,3.0,78.0,,,49.0,14.0,,47.0,806.0,17.0,12.0,,116.0,253.0,11.0,10.0,110.0,36.0,21.0,,,30.0,162.0,62.0,,,17.0,,,,36.0,197.0,415.0,433.0,46.0,2.0,52.0,80.0,1.0,2.0,1.0,,,,10.0,49.0,18.0,,,32.0,14.0,7.0,16.0,17.0,13.0,3.0,4.0,4.0,1.0,10.0,,1.0,,4.0,,3.0,1.0,,,,1.0,,,,4.0,,,,,,,,,,,,,,,,,,0.0,,,8.0,,,,,,,,,,,
cpl::Football_Player::2643a053f0b04373b2b6da28c55fe66e,T. Antonoglou,Valour,Defender,2024,defender,27,2419,1,7,10,8,7,7,51,25,30,1,5,0,0,83.0,40,1.49,50,0,1,0,0,0,0,0,70.83,56.8,45.45,12.17,0,0,0,0,0,0,0,0,0,0,0,0,0,,2419.0,1.0,,11.0,935.0,16.0,193.0,386.0,33.0,5.0,67.0,366.0,439.0,106.0,7.0,,965.0,25.0,709.0,38.0,173.0,389.0,24.0,197.0,,,137.0,27.0,,62.0,1713.0,27.0,14.0,,228.0,342.0,30.0,10.0,142.0,83.0,30.0,,,10.0,250.0,48.0,,,27.0,,,,96.0,41.0,768.0,792.0,22.0,4.0,108.0,132.0,2.0,4.0,,,,1.0,30.0,72.0,54.0,1.0,,51.0,60.0,29.0,12.0,21.0,162.0,,3.0,10.0,6.0,6.0,1.0,42.0,33.0,24.0,14.0,24.0,86.0,2.0,,50.0,,27.0,6.0,7.0,1.0,15.0,7.0,2.0,1.0,1.0,1.0,,,,,,,,,,,,1.0,0.0,1.0,46.0,1.0,3.0,1.0,,,,,,,,
cpl::Football_Player::cad9192d6a9541128a76febb4a58387f,E. Kobza,Cavalry,Defender,2024,defender,20,1043,0,0,5,0,2,0,9,11,11,0,1,0,0,87.0,9,0.78,0,0,0,0,0,0,0,0,64.29,57.5,51.52,0.0,0,0,0,0,0,0,0,0,0,0,0,0,0,,1043.0,,,11.0,792.0,1.0,43.0,252.0,33.0,1.0,66.0,128.0,445.0,47.0,,,810.0,11.0,635.0,9.0,113.0,109.0,1.0,85.0,,,54.0,11.0,,28.0,951.0,20.0,2.0,,47.0,346.0,6.0,10.0,46.0,62.0,11.0,,,17.0,80.0,32.0,,,20.0,,,,18.0,312.0,682.0,697.0,33.0,4.0,34.0,29.0,,,,,,,4.0,14.0,7.0,,,9.0,10.0,4.0,16.0,5.0,18.0,9.0,3.0,5.0,,4.0,1.0,,,4.0,,2.0,,,1.0,,,,,,,,2.0,,,,,,,,,,,,,,,,0.0,,,5.0,,,,,,,,,,,
cpl::Football_Player::130bf1bad34e405d8bf525d7dab36e0f,T. Walker,Atlético,Defender,2024,defender,18,1352,0,0,3,0,2,0,21,20,16,0,1,0,0,85.0,16,1.07,0,0,0,0,0,0,0,0,75.0,58.59,57.89,0.0,0,0,0,0,0,0,0,0,0,0,0,0,0,,1352.0,5.0,,6.0,740.0,1.0,50.0,174.0,31.0,1.0,63.0,145.0,472.0,56.0,1.0,,765.0,20.0,584.0,15.0,119.0,148.0,1.0,80.0,,,58.0,16.0,,41.0,961.0,18.0,8.0,,90.0,271.0,9.0,10.0,75.0,62.0,16.0,,,22.0,128.0,45.0,,,18.0,,,,37.0,296.0,624.0,646.0,38.0,3.0,53.0,53.0,1.0,6.0,,,,,10.0,28.0,17.0,,,21.0,14.0,9.0,16.0,7.0,10.0,2.0,1.0,3.0,,12.0,,2.0,,5.0,,3.0,2.0,,,,,,,,,,2.0,,,,,,,,,,,,,,,,0.0,,,6.0,5.0,,1.0,,,,,,,,
cpl::Football_Player::98cef9b296074f4cbb6253e20e5d86a5,C. Rogozinski,Cavalry,Defender,2024,defender,0,0,0,0,0,0,0,0,0,0,0,0,0,0,0,,0,,0,0,0,0,0,0,0,0,0.0,0.0,0.0,0.0,0,0,0,0,0,0,0,0,0,0,0,0,0,,,,,,,,,,,,,,,,,,,,,,,,,,,,,,,,,,,,,,,,,,,,,,,,,,,,,,,,,,,,,,,,,,,,,,,,,,,,,,,,,,,,,,,,,,,,,,,,,,,,,,,,,,,,,,,,,,,,,,,,,,,,,,,,,,
cpl::Football_Player::bb4f3ceb0dea445ba52fbc803fac84dd,Y. Gavas,Wanderers,Defender,2024,defender,0,0,0,0,0,0,0,0,0,0,0,0,0,0,0,,0,,0,0,0,0,0,0,0,0,0.0,0.0,0.0,0.0,0,0,0,0,0,0,0,0,0,0,0,0,0,,,,,,,,,,,,,,,,,,,,,,,,,,,,,,,,,,,,,,,,,,,,,,,,,,,,,,,,,,,,,,,,,,,,,,,,,,,,,,,,,,,,,,,,,,,,,,,,,,,,,,,,,,,,,,,,,,,,,,,,,,,,,,,,,,
cpl::Football_Player::fd9ddb9946a84feeb1b5e9a8dd531160,A. Samaké,Valour,Defender,2024,defender,3,270,0,0,3,0,1,0,1,3,1,0,0,0,0,86.0,8,2.67,0,0,0,0,0,0,0,0,25.0,52.38,40.0,0.0,0,0,0,0,0,0,0,0,0,0,0,0,0,,270.0,,,,113.0,1.0,8.0,44.0,4.0,,10.0,23.0,56.0,7.0,,,117.0,3.0,86.0,6.0,17.0,14.0,,13.0,,,7.0,3.0,,5.0,155.0,3.0,2.0,,16.0,68.0,3.0,10.0,11.0,14.0,1.0,,,2.0,21.0,9.0,,,3.0,,,,7.0,27.0,97.0,100.0,5.0,,10.0,9.0,2.0,,,,,,4.0,4.0,4.0,,,1.0,3.0,2.0,3.0,3.0,1.0,,2.0,3.0,,1.0,1.0,1.0,,,,,1.0,,,,,,,,,,1.0,,,,,,,,,,,,,,,,0.0,,,2.0,,,,,,,,,,,
cpl::Football_Player::a5cbbda67e8146238f0b2a599afb2392,G. Carvalho,Atlético,Defender,2024,defender,0,0,0,0,0,0,0,0,0,0,0,0,0,0,0,,0,,0,0,0,0,0,0,0,0,0.0,0.0,0.0,0.0,0,0,0,0,0,0,0,0,0,0,0,0,0,,,,,,,,,,,,,,,,,,,,,,,,,,,,,,,,,,,,,,,,,,,,,,,,,,,,,,,,,,,,,,,,,,,,,,,,,,,,,,,,,,,,,,,,,,,,,,,,,,,,,,,,,,,,,,,,,,,,,,,,,,,,,,,,,,
cpl::Football_Player::9a6571b3737143b79989244b08fbd50d,S. Camargo,Cavalry,Midfielder,2024,midfielder,26,1740,3,4,24,7,15,4,7,15,22,6,1,0,0,85.0,15,0.78,1,0,0,0,0,0,0,0,63.64,39.86,60.87,22.73,0,0,0,0,0,0,0,0,0,0,0,0,0,,1740.0,,,2.0,679.0,13.0,262.0,409.0,3.0,1.0,17.0,236.0,198.0,91.0,2.0,,710.0,15.0,585.0,12.0,108.0,170.0,23.0,105.0,,,124.0,21.0,,20.0,1008.0,26.0,8.0,,125.0,163.0,109.0,10.0,59.0,17.0,22.0,,,14.0,148.0,3.0,,,26.0,,,,80.0,115.0,571.0,602.0,23.0,2.0,89.0,45.0,3.0,16.0,,,,,12.0,11.0,32.0,1.0,,7.0,15.0,16.0,9.0,4.0,5.0,5.0,9.0,24.0,7.0,3.0,,17.0,5.0,,5.0,23.0,17.0,1.0,22.0,1.0,,,2.0,4.0,6.0,,15.0,,3.0,2.0,2.0,1.0,1.0,1.0,,3.0,,,,,,,1.0,1.0,2.0,55.0,,5.0,,,,,,,,,
cpl::Football_Player::83cede75122b41d0aad420f4fb5daf2e,J. Daley,Cavalry,Midfielder,2024,midfielder,17,622,0,0,2,0,0,0,18,15,17,1,4,0,0,84.0,8,1.16,1,0,1,0,0,0,0,0,75.0,53.66,33.33,30.0,0,0,0,0,0,0,0,0,0,0,0,0,0,,622.0,,,2.0,301.0,3.0,81.0,159.0,14.0,4.0,18.0,90.0,111.0,35.0,1.0,,320.0,15.0,260.0,6.0,53.0,69.0,6.0,49.0,,,41.0,7.0,,11.0,451.0,17.0,10.0,,70.0,106.0,11.0,10.0,44.0,7.0,17.0,,,4.0,82.0,2.0,,,17.0,,,,30.0,64.0,249.0,267.0,12.0,,38.0,40.0,2.0,7.0,,,,,1.0,24.0,14.0,,,18.0,6.0,6.0,8.0,6.0,14.0,10.0,2.0,2.0,4.0,2.0,,7.0,3.0,3.0,3.0,2.0,7.0,,1.0,1.0,,,,,1.0,,,,,,,,,,,,,,,,,,0.0,,,7.0,,1.0,,,,,,,,,
cpl::Football_Player::0f32aad5bf304f70bb295ab41b41b4d9,M. Henry,Cavalry,Midfielder,2024,midfielder,9,419,2,0,10,2,7,0,2,10,11,1,1,0,0,85.0,4,0.86,0,0,2,0,0,0,0,0,20.0,43.28,28.57,14.29,0,0,0,0,0,0,0,0,0,0,0,0,0,,419.0,,,1.0,137.0,3.0,33.0,83.0,,1.0,1.0,60.0,39.0,22.0,1.0,,144.0,10.0,113.0,4.0,23.0,39.0,8.0,28.0,,,12.0,5.0,,1.0,246.0,9.0,8.0,,60.0,39.0,13.0,10.0,29.0,8.0,11.0,,,2.0,67.0,4.0,,,9.0,,,,33.0,33.0,115.0,121.0,7.0,,38.0,27.0,,5.0,,,,,6.0,10.0,7.0,,,2.0,2.0,4.0,5.0,8.0,2.0,4.0,3.0,10.0,4.0,,,6.0,1.0,,1.0,6.0,6.0,,5.0,,,,,,1.0,,7.0,,2.0,1.0,2.0,,,,1.0,,,,,,,,1.0,0.0,2.0,17.0,,1.0,,,,,,,,,
cpl::Football_Player::edcfdeb0583a4f25b44f57a7e66b2d6d,L. Callegari,Wanderers,Midfielder,2024,midfielder,25,2091,0,3,7,3,3,3,54,45,27,1,4,1,0,91.0,35,1.51,32,0,0,0,0,0,0,0,77.14,53.04,58.82,8.7,0,0,0,0,0,0,0,0,0,0,0,0,0,,2091.0,,,2.0,1621.0,8.0,330.0,747.0,7.0,4.0,46.0,250.0,787.0,114.0,2.0,,1679.0,45.0,1408.0,31.0,160.0,458.0,32.0,149.0,,,192.0,24.0,,45.0,2046.0,25.0,29.0,,213.0,441.0,8.0,10.0,131.0,111.0,27.0,,,20.0,247.0,20.0,,,25.0,,,,102.0,450.0,1465.0,1519.0,34.0,4.0,116.0,111.0,4.0,2.0,1.0,1.0,,,14.0,70.0,38.0,,,54.0,47.0,26.0,14.0,16.0,10.0,1.0,4.0,7.0,4.0,3.0,,10.0,15.0,1.0,4.0,11.0,34.0,8.0,30.0,32.0,,13.0,3.0,3.0,1.0,8.0,3.0,1.0,,,,,,,,,1.0,,,,,,0.0,,,26.0,,2.0,,,,,,,,,
cpl::Football_Player::64ff8ebb61c74060b52ab17341495a05,M. Ferrin,Wanderers,Midfielder,2024,midfielder,27,2126,6,2,48,8,27,2,22,26,79,3,0,0,0,83.0,32,1.35,3,0,1,1,1,0,0,0,64.71,57.0,55.17,4.76,0,0,0,0,0,0,0,0,0,0,0,0,0,,2126.0,,,,619.0,17.0,169.0,398.0,7.0,,16.0,253.0,122.0,94.0,2.0,,628.0,26.0,513.0,27.0,110.0,239.0,19.0,109.0,,,78.0,24.0,,20.0,1106.0,27.0,13.0,,249.0,173.0,97.0,10.0,175.0,5.0,79.0,,,32.0,307.0,20.0,,,27.0,,,,106.0,47.0,509.0,518.0,58.0,2.0,132.0,143.0,5.0,13.0,,,,,31.0,34.0,33.0,,,22.0,14.0,18.0,26.0,12.0,11.0,3.0,21.0,48.0,16.0,3.0,,16.0,2.0,2.0,1.0,32.0,19.0,3.0,10.0,3.0,,2.0,2.0,2.0,3.0,1.0,27.0,7.0,6.0,4.0,6.0,4.0,1.0,,1.0,3.0,1.0,,1.0,1.0,,,0.0,5.0,1.0,72.0,,8.0,,,,,,,,,
cpl::Football_Player::665cea6eccc741f8aef577d5196aa0be,J. McGlinchey,Cavalry,Midfielder,2024,midfielder,0,0,0,0,0,0,0,0,0,0,0,0,0,0,0,,0,,0,0,0,0,0,0,0,0,0.0,0.0,0.0,0.0,0,0,0,0,0,0,0,0,0,0,0,0,0,,,,,,,,,,,,,,,,,,,,,,,,,,,,,,,,,,,,,,,,,,,,,,,,,,,,,,,,,,,,,,,,,,,,,,,,,,,,,,,,,,,,,,,,,,,,,,,,,,,,,,,,,,,,,,,,,,,,,,,,,,,,,,,,,,
cpl::Football_Player::29146de022e149ceb100b57434a926f9,S. Rea,Wanderers,Midfielder,2024,midfielder,14,734,1,0,12,1,5,0,6,10,9,2,3,0,0,82.0,13,1.59,6,0,0,0,0,0,0,0,60.0,41.11,0.0,27.27,0,0,0,0,0,0,0,0,0,0,0,0,0,,734.0,,,,288.0,7.0,84.0,155.0,,3.0,7.0,130.0,97.0,49.0,,,299.0,10.0,235.0,11.0,56.0,52.0,9.0,64.0,,,24.0,9.0,,6.0,483.0,14.0,5.0,,88.0,89.0,24.0,10.0,37.0,8.0,9.0,,,,90.0,,,,14.0,,,,51.0,74.0,233.0,243.0,2.0,,53.0,37.0,2.0,9.0,,,,,18.0,10.0,14.0,,,6.0,6.0,6.0,2.0,4.0,5.0,5.0,7.0,12.0,16.0,,,12.0,9.0,,6.0,20.0,14.0,,11.0,6.0,,2.0,,,2.0,2.0,5.0,1.0,1.0,,1.0,,,,1.0,,,,,,,,0.0,1.0,0.0,36.0,,1.0,,,,,,,,,
cpl::Football_Player::6f78048ef6fe4d51aa66aa87e5fbf0c5,A. Daniels,Wanderers,Midfielder,2024,midfielder,26,1257,0,1,9,1,6,1,16,10,15,0,1,0,0,84.0,26,1.86,6,0,0,0,0,0,0,0,69.57,44.78,46.67,19.23,0,0,0,0,0,0,0,0,0,0,0,0,0,,1257.0,,,1.0,535.0,6.0,135.0,276.0,6.0,1.0,20.0,192.0,201.0,74.0,2.0,,562.0,10.0,437.0,22.0,94.0,131.0,19.0,92.0,,,57.0,14.0,,21.0,801.0,26.0,6.0,,119.0,160.0,20.0,10.0,60.0,31.0,15.0,,,7.0,134.0,9.0,,,26.0,,,,66.0,136.0,445.0,468.0,15.0,1.0,74.0,53.0,4.0,10.0,,,,,16.0,23.0,23.0,,,16.0,4.0,9.0,8.0,7.0,17.0,12.0,3.0,9.0,7.0,3.0,,14.0,9.0,,5.0,22.0,19.0,2.0,10.0,6.0,,3.0,1.0,1.0,,2.0,6.0,1.0,,,,1.0,,,,,,,,,,,0.0,,,46.0,,4.0,,,,,,,,,
cpl::Football_Player::423863e33e8f4745b70e6092f11a184d,B. Fisk,Vancouver,Midfielder,2024,midfielder,21,630,0,0,6,0,2,0,3,10,11,0,0,0,0,76.0,16,2.29,19,0,0,0,0,0,0,0,30.0,40.3,28.57,12.77,0,0,0,0,0,0,0,0,0,0,0,0,0,,630.0,,,,265.0,6.0,62.0,141.0,5.0,,18.0,131.0,80.0,50.0,2.0,,276.0,10.0,198.0,16.0,68.0,53.0,11.0,92.0,,,45.0,6.0,,13.0,403.0,21.0,2.0,,53.0,82.0,19.0,10.0,27.0,10.0,11.0,,,4.0,67.0,3.0,,,21.0,,,,30.0,79.0,199.0,208.0,14.0,,40.0,23.0,,6.0,,,,,2.0,10.0,12.0,1.0,,3.0,2.0,3.0,10.0,7.0,3.0,15.0,4.0,6.0,3.0,1.0,,21.0,13.0,,6.0,4.0,37.0,,4.0,19.0,,11.0,,,,4.0,2.0,,,,,1.0,,,,,,,,,,,0.0,,,11.0,,,,,,,,,,,
cpl::Football_Player::6aa0420a7a3448a49b34c863c5b11ce4,N. Myroniuk,Cavalry,Midfielder,2024,midfielder,11,364,0,1,3,1,1,1,6,7,5,0,1,0,0,70.0,2,0.49,1,0,0,0,0,0,0,0,50.0,41.54,33.33,0.0,0,0,0,0,0,0,0,0,0,0,0,0,0,,364.0,,,1.0,102.0,6.0,43.0,49.0,2.0,1.0,3.0,73.0,23.0,29.0,,,104.0,7.0,71.0,2.0,32.0,25.0,3.0,35.0,,,18.0,4.0,,4.0,212.0,11.0,1.0,,50.0,25.0,12.0,10.0,27.0,1.0,5.0,,,5.0,65.0,4.0,,,11.0,,,,28.0,11.0,70.0,72.0,15.0,,38.0,22.0,,4.0,,,,,5.0,12.0,22.0,,,6.0,4.0,13.0,10.0,6.0,2.0,7.0,2.0,3.0,2.0,,,7.0,,1.0,,5.0,7.0,,3.0,1.0,,,1.0,1.0,,,1.0,,,,,,,,,,,,,,,,0.0,,,15.0,,,,,,,,,,,
cpl::Football_Player::ad84db4f538d40f0b2ef200c7a5ed403,Renan Garcia,Vancouver,Midfielder,2024,midfielder,27,2247,0,0,21,0,9,0,35,47,10,0,6,0,0,85.0,39,1.56,0,0,0,0,0,0,0,0,53.85,47.13,51.76,25.0,0,0,0,0,0,0,0,0,0,0,0,0,0,,2247.0,,,6.0,1059.0,4.0,132.0,430.0,24.0,6.0,37.0,217.0,497.0,133.0,4.0,,1095.0,47.0,855.0,37.0,170.0,269.0,14.0,97.0,,,142.0,26.0,,79.0,1458.0,27.0,32.0,,176.0,361.0,21.0,10.0,123.0,70.0,10.0,,,44.0,261.0,59.0,,,27.0,,,,97.0,333.0,890.0,925.0,85.0,4.0,138.0,79.0,2.0,8.0,,,,,5.0,65.0,54.0,2.0,,35.0,32.0,29.0,41.0,30.0,,1.0,12.0,21.0,9.0,14.0,,6.0,2.0,1.0,2.0,6.0,6.0,,6.0,,,,,,,,9.0,6.0,,,,,,,,,,,,,,,0.0,,,18.0,,,,,,,,,,,
cpl::Football_Player::6b46d359901b4fcdbbc99c0d60edd8fe,Vitor Dias,Wanderers,Midfielder,2024,midfielder,18,490,1,1,7,2,2,1,6,8,22,2,0,0,0,79.0,9,1.65,3,0,0,0,0,0,0,0,54.55,51.89,54.55,33.33,0,0,0,0,0,0,0,0,0,0,0,0,0,,490.0,,,1.0,211.0,5.0,48.0,130.0,1.0,,6.0,100.0,43.0,42.0,,,220.0,8.0,163.0,6.0,48.0,41.0,7.0,38.0,,,35.0,4.0,,12.0,364.0,18.0,4.0,,95.0,72.0,32.0,10.0,55.0,9.0,22.0,,,6.0,106.0,1.0,,,18.0,,,,46.0,59.0,163.0,172.0,11.0,,51.0,49.0,3.0,4.0,,,,,16.0,11.0,13.0,,,6.0,4.0,4.0,5.0,5.0,4.0,14.0,5.0,7.0,2.0,2.0,,1.0,1.0,1.0,1.0,12.0,2.0,2.0,5.0,3.0,,1.0,1.0,1.0,2.0,,2.0,,1.0,,1.0,,,,1.0,1.0,,,,,,,0.0,1.0,0.0,30.0,,,,,,,,,,,
cpl::Football_Player::ea993e84d28d42ad8bdef8cff90110c3,J. Gagnon-Laparé,Wanderers,Midfielder,2024,midfielder,23,1264,0,2,10,2,4,2,18,27,28,0,10,1,0,85.0,23,1.64,10,0,1,0,0,0,0,0,58.06,50.32,70.0,14.29,0,0,0,0,0,0,0,0,0,0,0,0,0,,1264.0,,,,618.0,7.0,171.0,286.0,3.0,10.0,20.0,162.0,275.0,79.0,2.0,,656.0,27.0,516.0,20.0,99.0,194.0,11.0,86.0,,,66.0,16.0,,30.0,882.0,23.0,10.0,,135.0,179.0,26.0,10.0,78.0,41.0,28.0,,,14.0,155.0,13.0,,,23.0,,,,71.0,112.0,524.0,557.0,20.0,,77.0,64.0,3.0,14.0,1.0,1.0,,,5.0,31.0,21.0,2.0,,18.0,14.0,11.0,6.0,13.0,6.0,7.0,6.0,10.0,5.0,2.0,1.0,6.0,4.0,,3.0,3.0,17.0,3.0,12.0,10.0,,7.0,1.0,2.0,,1.0,4.0,,,,,1.0,,,,,,,,,,,0.0,,,28.0,,2.0,,,,,,,,,
cpl::Football_Player::88ac022bf06149f1be2ce2ab7f3c087c,Z. Verhoven,Vancouver,Midfielder,2024,midfielder,4,96,0,0,1,0,0,0,3,9,3,0,2,0,0,78.0,2,1.88,0,0,0,0,0,0,0,0,60.0,33.33,0.0,0.0,0,0,0,0,0,0,0,0,0,0,0,0,0,,96.0,,1.0,,44.0,2.0,10.0,23.0,,2.0,,24.0,11.0,10.0,1.0,,44.0,9.0,32.0,2.0,10.0,10.0,3.0,9.0,,,3.0,,,3.0,91.0,4.0,8.0,,35.0,14.0,8.0,10.0,12.0,2.0,3.0,,,,36.0,2.0,,,4.0,,,,23.0,10.0,34.0,34.0,1.0,,24.0,12.0,,,,,,,4.0,5.0,2.0,,,3.0,1.0,1.0,1.0,2.0,6.0,4.0,1.0,1.0,1.0,,,2.0,,,,5.0,2.0,,1.0,,,,,,,,,,,,,,,,,,,,,,,,0.0,,,10.0,,,,,,,,,,,
cpl::Football_Player::b78b9cf10b374d23824749c6e410990c,E. Adekugbe,Inter Toronto,Midfielder,2024,midfielder,29,2171,1,2,6,3,2,2,31,32,39,1,9,0,0,90.0,31,1.29,2,0,1,0,0,0,0,0,59.62,62.23,57.14,16.67,0,0,0,0,0,0,0,0,0,0,0,0,0,,2171.0,,1.0,9.0,1522.0,4.0,187.0,603.0,24.0,9.0,52.0,201.0,809.0,109.0,2.0,,1572.0,32.0,1299.0,26.0,161.0,461.0,7.0,111.0,,,121.0,23.0,,55.0,1831.0,29.0,16.0,,153.0,452.0,14.0,10.0,117.0,112.0,39.0,,,20.0,188.0,34.0,,,29.0,,,,56.0,472.0,1364.0,1411.0,35.0,6.0,71.0,97.0,5.0,4.0,,,,,7.0,52.0,17.0,,,31.0,21.0,11.0,15.0,21.0,3.0,6.0,4.0,6.0,2.0,11.0,3.0,4.0,1.0,,1.0,2.0,5.0,,7.0,2.0,,,1.0,2.0,1.0,,2.0,,1.0,,1.0,,1.0,,,,,,,,,,0.0,1.0,0.0,9.0,,,,,,,,,,,
cpl::Football_Player::d80c8273244649a0841591e849fc3590,D. Gutiérrez,Cavalry,Midfielder,2024,midfielder,29,2148,0,0,16,0,2,0,53,22,23,1,6,0,0,90.0,23,0.96,12,0,1,0,0,0,0,0,68.83,55.07,43.75,20.83,0,0,0,0,0,0,0,0,0,0,0,0,0,,2148.0,,,5.0,1247.0,2.0,275.0,622.0,16.0,6.0,32.0,223.0,538.0,109.0,3.0,,1292.0,22.0,1065.0,20.0,141.0,371.0,31.0,108.0,,,155.0,24.0,,49.0,1659.0,29.0,15.0,,211.0,324.0,27.0,10.0,125.0,86.0,23.0,,,7.0,227.0,22.0,,,29.0,,,,93.0,322.0,1106.0,1151.0,16.0,5.0,102.0,118.0,3.0,10.0,,,,,18.0,77.0,40.0,,,53.0,23.0,21.0,9.0,24.0,11.0,5.0,14.0,16.0,9.0,3.0,1.0,9.0,9.0,,5.0,15.0,16.0,1.0,22.0,12.0,,5.0,,,1.0,3.0,2.0,2.0,,,,1.0,,,,,,,,,,,0.0,,,39.0,,2.0,,,,,,,,,
cpl::Football_Player::045e23648de340b18402e45860ddb268,G. McDonnell,Vancouver,Midfielder,2024,midfielder,17,407,0,2,4,2,2,2,9,5,11,0,1,0,0,79.0,12,2.65,1,0,0,0,0,0,0,0,60.0,44.44,23.53,14.29,0,0,0,0,0,0,0,0,0,0,0,0,0,,407.0,,,1.0,101.0,7.0,25.0,61.0,2.0,1.0,4.0,69.0,20.0,18.0,1.0,,102.0,5.0,78.0,11.0,22.0,24.0,2.0,24.0,,,20.0,3.0,,4.0,223.0,17.0,3.0,,64.0,32.0,21.0,10.0,36.0,2.0,11.0,,,4.0,81.0,5.0,,,17.0,,,,32.0,21.0,79.0,80.0,17.0,,45.0,32.0,1.0,3.0,,,,,6.0,15.0,15.0,,,9.0,2.0,7.0,13.0,6.0,3.0,14.0,2.0,4.0,3.0,,,6.0,1.0,1.0,1.0,16.0,6.0,,,1.0,,,2.0,2.0,,,2.0,,,,,,,,,,,,,,,,0.0,,,21.0,,3.0,,,,,,,,,
cpl::Football_Player::d3d6fda71a9e4981abbb1d3785bc0dee,C. Trafford,Cavalry,Midfielder,2024,midfielder,22,892,1,0,8,1,4,0,25,30,33,0,3,0,0,88.0,9,0.91,0,0,0,0,0,0,0,0,75.76,60.51,72.22,0.0,0,0,0,0,0,0,0,0,0,0,0,0,0,,892.0,,,1.0,592.0,1.0,116.0,236.0,7.0,3.0,16.0,111.0,299.0,63.0,,,614.0,30.0,511.0,7.0,79.0,149.0,6.0,56.0,,,72.0,11.0,,25.0,798.0,22.0,15.0,,121.0,195.0,12.0,10.0,95.0,24.0,33.0,,,26.0,157.0,18.0,,,22.0,,,,52.0,154.0,514.0,535.0,36.0,,62.0,69.0,2.0,9.0,,,,,3.0,33.0,22.0,4.0,,25.0,16.0,15.0,10.0,8.0,,11.0,4.0,8.0,1.0,4.0,,2.0,,,,7.0,2.0,,6.0,,,,,,,,4.0,,1.0,,1.0,,,,1.0,,,,,,,,1.0,1.0,0.0,17.0,,1.0,,,,,,,,,
cpl::Football_Player::f52a8b692a56475c9c08c17236a42e86,S. Shome,Cavalry,Midfielder,2024,midfielder,30,2504,0,1,11,1,3,1,32,35,20,0,4,0,0,86.0,26,0.93,0,0,0,0,0,0,0,0,61.54,54.63,62.5,16.67,0,0,0,0,0,0,0,0,0,0,0,0,0,,2504.0,,,7.0,1008.0,7.0,161.0,507.0,12.0,4.0,31.0,236.0,370.0,122.0,3.0,,1028.0,35.0,839.0,22.0,153.0,266.0,26.0,118.0,,,104.0,29.0,,45.0,1414.0,30.0,21.0,,179.0,355.0,36.0,10.0,124.0,36.0,20.0,,,30.0,227.0,28.0,,,30.0,,,,85.0,246.0,855.0,875.0,48.0,6.0,103.0,94.0,4.0,10.0,,,,,22.0,52.0,46.0,2.0,,32.0,37.0,28.0,18.0,20.0,32.0,1.0,8.0,11.0,6.0,3.0,,10.0,2.0,5.0,2.0,10.0,10.0,1.0,6.0,,,,,1.0,,,3.0,,,,,2.0,,,,,,,,,,,0.0,,,30.0,,1.0,,,,,,,,,
cpl::Football_Player::6dd3b00ab7fe46b8bd3bac07dda809e8,O. Rommens,Vancouver,Midfielder,2024,midfielder,14,1043,0,0,8,0,2,0,13,17,21,0,3,0,0,88.0,13,1.12,15,0,0,0,0,0,0,0,61.9,58.16,60.0,11.11,0,0,0,0,0,0,0,0,0,0,0,0,0,,1043.0,,,2.0,510.0,5.0,94.0,238.0,8.0,3.0,18.0,111.0,230.0,47.0,,,527.0,17.0,422.0,12.0,65.0,138.0,14.0,73.0,,,52.0,13.0,,14.0,695.0,14.0,6.0,,83.0,136.0,13.0,10.0,57.0,40.0,21.0,,,9.0,98.0,9.0,,,14.0,,,,35.0,159.0,447.0,462.0,15.0,1.0,41.0,48.0,1.0,7.0,,,,,7.0,21.0,20.0,1.0,,13.0,7.0,13.0,6.0,8.0,2.0,1.0,6.0,8.0,3.0,2.0,,8.0,6.0,,3.0,5.0,22.0,,6.0,15.0,,11.0,,,,2.0,2.0,1.0,,,,,,,,,,,,,,,0.0,,,13.0,,,,,,,,,,,
cpl::Football_Player::b631f78036324d79a97a6c1cfe650d2a,P. Lamothe,Pacific,Midfielder,2024,midfielder,22,1070,0,0,5,0,0,0,28,33,8,2,2,1,0,90.0,10,0.84,1,0,0,0,0,0,0,0,66.67,46.43,42.86,14.29,0,0,0,0,0,0,0,0,0,0,0,0,0,,1070.0,,,1.0,493.0,2.0,98.0,238.0,8.0,2.0,11.0,102.0,209.0,42.0,,,499.0,33.0,426.0,10.0,53.0,101.0,7.0,40.0,,,62.0,12.0,,19.0,687.0,22.0,20.0,,126.0,130.0,9.0,10.0,65.0,20.0,8.0,,,6.0,140.0,9.0,,,22.0,,,,67.0,170.0,440.0,446.0,14.0,1.0,75.0,59.0,,9.0,1.0,,,,10.0,42.0,19.0,1.0,,28.0,10.0,11.0,8.0,14.0,1.0,10.0,5.0,5.0,1.0,1.0,,6.0,1.0,,1.0,8.0,6.0,2.0,6.0,1.0,1.0,,,,2.0,,,,,,,1.0,,,,,,,,,,,0.0,,,23.0,,2.0,,,,,,,,,
cpl::Football_Player::9d723c58b62545c7b3ff13a3e7d81b87,Diogo Ressurreição,Valour,Midfielder,2024,midfielder,27,2009,3,2,28,5,13,2,13,28,26,0,3,0,0,77.0,29,1.3,3,0,0,0,0,0,0,0,54.17,41.97,25.0,20.0,0,0,0,0,0,0,0,0,0,0,0,0,0,,2009.0,,,2.0,702.0,8.0,144.0,355.0,14.0,3.0,52.0,298.0,199.0,116.0,7.0,,714.0,28.0,497.0,27.0,168.0,195.0,18.0,153.0,,,117.0,22.0,,47.0,1050.0,27.0,17.0,,177.0,245.0,21.0,10.0,81.0,49.0,26.0,,,4.0,193.0,3.0,,,27.0,,,,100.0,130.0,534.0,546.0,16.0,1.0,112.0,77.0,2.0,8.0,,,,,28.0,24.0,54.0,,,13.0,14.0,20.0,12.0,11.0,8.0,5.0,15.0,28.0,9.0,3.0,,29.0,8.0,,8.0,19.0,32.0,5.0,15.0,3.0,,2.0,1.0,2.0,,,13.0,1.0,3.0,2.0,1.0,3.0,,2.0,1.0,,,,,,,,2.0,2.0,1.0,51.0,,7.0,,,,,,,,,
cpl::Football_Player::3c3cd8920062442f93c9e257f9d44111,N. Jensen,Forge,Midfielder,2024,midfielder,28,1480,6,0,32,6,19,0,10,23,20,2,1,0,0,82.0,15,0.91,20,0,0,0,0,0,0,0,58.82,34.84,9.09,14.29,0,0,0,0,0,0,0,0,0,0,0,0,0,,1480.0,,,6.0,679.0,9.0,149.0,381.0,7.0,1.0,35.0,246.0,202.0,92.0,1.0,,704.0,23.0,506.0,13.0,127.0,159.0,24.0,141.0,,,71.0,16.0,,22.0,1014.0,28.0,6.0,,144.0,221.0,48.0,10.0,54.0,71.0,20.0,,,1.0,155.0,18.0,,,28.0,,,,91.0,175.0,558.0,577.0,11.0,2.0,101.0,53.0,2.0,12.0,,,,,17.0,17.0,24.0,,,10.0,12.0,12.0,10.0,7.0,10.0,12.0,13.0,32.0,9.0,3.0,,22.0,6.0,,6.0,25.0,36.0,3.0,7.0,20.0,,11.0,,,2.0,,19.0,,6.0,3.0,3.0,,,3.0,3.0,,,,,,,,4.0,4.0,2.0,51.0,,1.0,,,,,,,,,
cpl::Football_Player::edcf64e77c8c4771af573d1d441cc470,C. Toussaint,Pacific,Midfielder,2024,midfielder,19,1221,0,0,12,0,6,0,38,17,17,0,5,0,0,82.0,14,1.03,0,0,1,0,0,0,0,0,71.7,57.67,44.44,25.0,0,0,0,0,0,0,0,0,0,0,0,0,0,,1221.0,,,1.0,664.0,1.0,113.0,303.0,12.0,5.0,24.0,177.0,259.0,102.0,1.0,,685.0,17.0,535.0,10.0,126.0,183.0,14.0,100.0,,,80.0,13.0,,35.0,935.0,19.0,9.0,,136.0,250.0,13.0,10.0,94.0,24.0,17.0,,,12.0,163.0,24.0,,,19.0,,,,54.0,139.0,538.0,559.0,27.0,4.0,69.0,82.0,4.0,5.0,,,,,13.0,53.0,27.0,3.0,,38.0,16.0,13.0,15.0,15.0,14.0,6.0,6.0,12.0,2.0,4.0,,9.0,3.0,1.0,3.0,12.0,9.0,,15.0,,,,,,,,6.0,,,,,,,,,,,,,,,,0.0,,,21.0,,2.0,,,,,,,,,
cpl::Football_Player::c0ae1ca6360b41c6ad94f45a8b50a872,T. Crawford,Vancouver,Midfielder,2024,midfielder,8,151,0,0,0,0,0,0,5,1,2,0,0,0,0,80.0,3,1.79,0,0,0,0,0,0,0,0,71.43,61.11,100.0,18.18,0,0,0,0,0,0,0,0,0,0,0,0,0,,151.0,,,1.0,103.0,1.0,19.0,37.0,3.0,,6.0,39.0,49.0,15.0,,,105.0,1.0,82.0,3.0,21.0,52.0,2.0,21.0,,,3.0,1.0,,9.0,158.0,8.0,,,16.0,34.0,,10.0,11.0,2.0,2.0,,,2.0,18.0,4.0,,,8.0,,,,7.0,,82.0,84.0,2.0,,7.0,9.0,,2.0,,,,,,7.0,3.0,1.0,,5.0,,1.0,,2.0,14.0,7.0,,,,1.0,,9.0,2.0,1.0,2.0,3.0,9.0,,,,,,,,,,,,,,,,,,,,,,,,,,0.0,,,3.0,,,,,,,,,,,
cpl::Football_Player::913d577963044f029317574fd338c2ae,M. Domínguez,Pacific,Midfielder,2024,midfielder,10,741,0,0,4,0,0,0,23,18,13,2,7,0,0,82.0,12,1.46,0,0,0,0,0,0,0,0,63.89,62.38,75.0,50.0,0,0,0,0,0,0,0,0,0,0,0,0,0,,741.0,,,6.0,329.0,1.0,40.0,141.0,8.0,7.0,28.0,89.0,144.0,37.0,,,349.0,18.0,249.0,10.0,65.0,112.0,7.0,49.0,,,66.0,9.0,,17.0,486.0,10.0,9.0,,89.0,106.0,3.0,10.0,63.0,35.0,13.0,,,9.0,101.0,16.0,,,10.0,,,,35.0,91.0,266.0,284.0,12.0,,38.0,54.0,2.0,6.0,,,,,5.0,36.0,14.0,1.0,,23.0,15.0,10.0,3.0,13.0,1.0,1.0,4.0,4.0,,2.0,,1.0,1.0,,1.0,2.0,1.0,1.0,1.0,,,,,,2.0,,,,,,,,,,,,,,,,,,0.0,,,10.0,,2.0,,,,,,,,,
cpl::Football_Player::8672b437fd894bf59745276b8d578193,S. Márquez,Inter Toronto,Midfielder,2024,midfielder,12,591,0,1,2,1,0,1,4,5,6,1,2,0,0,85.0,11,1.68,0,0,0,0,0,0,0,0,33.33,52.08,50.0,0.0,0,0,0,0,0,0,0,0,0,0,0,0,0,,591.0,,,,339.0,1.0,74.0,143.0,9.0,2.0,17.0,74.0,147.0,37.0,1.0,,344.0,5.0,270.0,11.0,54.0,104.0,3.0,42.0,,,37.0,5.0,,15.0,423.0,12.0,2.0,,44.0,78.0,8.0,10.0,25.0,20.0,6.0,,,2.0,48.0,3.0,,,12.0,,,,21.0,88.0,285.0,290.0,4.0,1.0,23.0,23.0,,1.0,,,,,5.0,12.0,6.0,1.0,,4.0,13.0,5.0,2.0,8.0,,7.0,2.0,2.0,3.0,,,3.0,,,,3.0,3.0,,2.0,,,,1.0,1.0,1.0,,,,,,,,,,,,,,,,,,0.0,,,12.0,,,,,,,,,,,
cpl::Football_Player::82ff8e880ba54f74a34fe1f8165f3b46,Matthew Baldisimo,Inter Toronto,Midfielder,2024,midfielder,14,766,0,0,1,0,0,0,11,14,2,0,3,0,0,88.0,11,1.29,1,0,0,0,0,0,0,0,50.0,50.79,63.64,0.0,0,0,0,0,0,0,0,0,0,0,0,0,0,,766.0,,,1.0,402.0,2.0,67.0,131.0,6.0,3.0,19.0,71.0,233.0,33.0,1.0,,415.0,14.0,333.0,11.0,52.0,102.0,1.0,34.0,,,23.0,9.0,,24.0,509.0,14.0,8.0,,52.0,111.0,2.0,10.0,32.0,30.0,2.0,,,7.0,63.0,18.0,,,14.0,,,,27.0,135.0,350.0,363.0,11.0,1.0,31.0,25.0,,4.0,,,,,2.0,22.0,14.0,1.0,,11.0,8.0,2.0,4.0,11.0,1.0,5.0,1.0,1.0,,4.0,,6.0,1.0,,,2.0,6.0,,4.0,1.0,,,,,,1.0,,,,,,1.0,,,,,,,,,,,0.0,,,5.0,,,,,,,,,,,
cpl::Football_Player::3aa93b6a47f24dd59a4d50f71ae926d5,M. Cantave,Vancouver,Midfielder,2024,midfielder,25,1443,1,3,23,4,6,3,21,38,43,4,5,0,0,76.0,20,1.25,9,0,0,0,0,0,0,0,67.74,50.19,45.45,27.78,0,0,0,0,0,0,0,0,0,0,0,0,0,,1443.0,,,,338.0,10.0,97.0,159.0,6.0,5.0,15.0,221.0,108.0,70.0,3.0,,341.0,38.0,244.0,20.0,85.0,81.0,8.0,88.0,,,60.0,16.0,,22.0,697.0,25.0,23.0,,225.0,91.0,51.0,10.0,135.0,12.0,43.0,,,20.0,269.0,9.0,,,25.0,,,,110.0,72.0,253.0,256.0,44.0,,134.0,115.0,,16.0,,,,,42.0,31.0,25.0,1.0,,21.0,5.0,13.0,24.0,10.0,2.0,9.0,17.0,23.0,5.0,3.0,,17.0,11.0,,10.0,40.0,25.0,2.0,7.0,9.0,,7.0,3.0,3.0,4.0,1.0,6.0,1.0,1.0,,1.0,1.0,1.0,,,,,,,,,,0.0,0.0,1.0,65.0,,5.0,,,,,,,,,
cpl::Football_Player::f96ba1d3c2ae48a9b93c5022d4b5a8a8,J. Lopez,Inter Toronto,Midfielder,2024,midfielder,1,1,0,0,0,0,0,0,0,0,0,0,0,0,0,50.0,0,0.0,0,0,0,0,0,0,0,0,0.0,100.0,0.0,0.0,0,0,0,0,0,0,0,0,0,0,0,0,0,,1.0,,,,2.0,,,1.0,,,,1.0,,1.0,,,2.0,,1.0,,1.0,,,1.0,,,1.0,,,,4.0,1.0,,,1.0,,,10.0,1.0,,,,,,1.0,,,,1.0,,,,,2.0,1.0,1.0,,,,1.0,,,,,,,,1.0,,,,,,,,1.0,,1.0,,,,,,,,,,,,,,,,,,,,,,,,,,,,,,,,,,,,,0.0,,,,,,,,,,,,,,
cpl::Football_Player::03b82a7bcff7496e991befe586fcc2c9,S. Young,Pacific,Midfielder,2024,midfielder,29,2248,2,0,22,2,7,0,40,22,17,0,5,0,0,84.0,29,1.16,0,0,0,2,1,0,0,0,63.49,54.78,57.41,0.0,0,0,0,0,0,0,0,0,0,0,0,0,0,,2248.0,,,10.0,1274.0,1.0,116.0,498.0,30.0,5.0,56.0,275.0,598.0,154.0,1.0,,1306.0,22.0,1006.0,24.0,210.0,360.0,10.0,142.0,,,143.0,26.0,,71.0,1690.0,29.0,10.0,,176.0,429.0,30.0,10.0,126.0,90.0,17.0,,,31.0,230.0,52.0,,,29.0,,,,81.0,401.0,1066.0,1096.0,54.0,6.0,104.0,95.0,5.0,8.0,,,,,16.0,63.0,58.0,,,40.0,37.0,37.0,23.0,23.0,2.0,3.0,15.0,22.0,6.0,20.0,,3.0,,,,12.0,3.0,1.0,12.0,,,,,,,,7.0,1.0,2.0,2.0,2.0,2.0,,,,,,,2.0,1.0,,,0.0,1.0,1.0,36.0,,2.0,,,,,,,,,
cpl::Football_Player::25edf8435cd445dfbfb5185b259ca0cf,V. Fry,Vancouver,Midfielder,2024,midfielder,23,1728,2,2,11,4,4,2,36,43,20,1,9,1,0,81.0,23,1.2,49,0,0,0,0,0,0,0,53.73,51.14,47.06,8.33,0,0,0,0,0,0,0,0,0,0,0,0,0,,1728.0,,1.0,2.0,752.0,13.0,123.0,356.0,17.0,9.0,45.0,272.0,305.0,106.0,3.0,,783.0,43.0,574.0,22.0,151.0,208.0,23.0,188.0,,,97.0,22.0,,37.0,1160.0,23.0,32.0,,185.0,254.0,16.0,10.0,112.0,58.0,20.0,,,16.0,219.0,23.0,,,23.0,,,,89.0,198.0,607.0,632.0,34.0,2.0,107.0,96.0,1.0,10.0,1.0,1.0,,,9.0,67.0,46.0,3.0,,36.0,22.0,28.0,18.0,31.0,3.0,1.0,7.0,11.0,4.0,6.0,,33.0,29.0,1.0,8.0,7.0,74.0,,9.0,49.0,,28.0,1.0,2.0,1.0,14.0,4.0,,2.0,,1.0,2.0,,1.0,2.0,,1.0,,,,,,2.0,1.0,1.0,15.0,,1.0,,,,,,,,,
cpl::Football_Player::258f605d8ae64e80ad26709927d49cec,S. Keshavarz,Pacific,Midfielder,2024,midfielder,8,375,0,0,2,0,2,0,7,2,3,2,0,0,0,78.0,3,0.72,2,0,0,0,0,0,0,0,46.67,46.43,35.29,25.0,0,0,0,0,0,0,0,0,0,0,0,0,0,,375.0,,,2.0,103.0,1.0,34.0,55.0,4.0,,8.0,43.0,30.0,16.0,,,107.0,2.0,77.0,3.0,24.0,21.0,4.0,19.0,,,17.0,4.0,,7.0,171.0,8.0,1.0,,39.0,30.0,6.0,10.0,26.0,6.0,3.0,,,6.0,56.0,3.0,,,8.0,,,,19.0,22.0,79.0,83.0,17.0,2.0,30.0,20.0,,2.0,,,,,2.0,15.0,9.0,,,7.0,1.0,5.0,11.0,8.0,,4.0,,2.0,1.0,3.0,,1.0,2.0,,1.0,3.0,2.0,,4.0,2.0,,1.0,,,2.0,1.0,2.0,,,,,,,,,,,,,,,,0.0,,,10.0,,,,,,,,,,,
cpl::Football_Player::165349da6f4642fb9d3d648ac53a905c,A. Ndom,Pacific,Midfielder,2024,midfielder,6,455,0,0,2,0,1,0,2,7,3,0,1,0,0,88.0,0,0.0,0,0,0,0,0,0,0,0,66.67,50.0,75.0,0.0,0,0,0,0,0,0,0,0,0,0,0,0,0,,455.0,3.0,,3.0,264.0,2.0,14.0,70.0,6.0,1.0,18.0,41.0,171.0,17.0,,,276.0,7.0,218.0,,35.0,107.0,1.0,22.0,,,20.0,6.0,,14.0,340.0,6.0,5.0,,26.0,103.0,1.0,10.0,17.0,23.0,3.0,,,6.0,34.0,20.0,,,6.0,,,,15.0,52.0,230.0,241.0,8.0,5.0,17.0,11.0,,1.0,,,,,5.0,3.0,1.0,,,2.0,6.0,,2.0,1.0,8.0,,1.0,2.0,1.0,3.0,,1.0,,2.0,,2.0,1.0,2.0,,,,,,,,,1.0,1.0,,,,,,,,,,,,,,,0.0,,,2.0,3.0,,,,,,,,,,
cpl::Football_Player::a2d59a105ffa40e592a486e9b62e55b0,M. Voytsekhovskyi,Inter Toronto,Midfielder,2024,midfielder,14,549,2,1,10,3,6,1,7,11,10,2,3,0,0,74.0,10,1.64,0,0,1,0,0,0,0,0,70.0,37.5,35.71,11.11,0,0,0,0,0,0,0,0,0,0,0,0,0,,549.0,,,,132.0,4.0,33.0,77.0,1.0,3.0,8.0,78.0,22.0,28.0,,,134.0,11.0,96.0,8.0,36.0,28.0,6.0,34.0,,,23.0,5.0,,10.0,246.0,14.0,5.0,,66.0,41.0,27.0,10.0,30.0,2.0,10.0,,,5.0,80.0,1.0,,,14.0,,,,41.0,32.0,96.0,98.0,14.0,,50.0,25.0,2.0,4.0,,,,,6.0,10.0,17.0,,,7.0,,9.0,9.0,3.0,2.0,9.0,4.0,10.0,4.0,1.0,,8.0,1.0,,1.0,11.0,8.0,,1.0,,,,,1.0,2.0,,6.0,,2.0,1.0,2.0,,1.0,,,,,,,,,,0.0,2.0,0.0,19.0,,1.0,,,,,,,,,
cpl::Football_Player::1f4a9af68a764f0c95fa10063975c4c8,S. Mlah,Valour,Midfielder,2024,midfielder,14,888,1,1,8,2,2,1,10,13,7,0,2,0,0,79.0,10,1.01,2,0,1,0,0,0,0,0,62.5,45.68,36.84,12.5,0,0,0,0,0,0,0,0,0,0,0,0,0,,888.0,,,3.0,280.0,3.0,46.0,100.0,2.0,2.0,6.0,103.0,123.0,54.0,2.0,,282.0,13.0,215.0,10.0,60.0,61.0,2.0,44.0,,,51.0,11.0,,23.0,430.0,14.0,7.0,,62.0,102.0,10.0,10.0,37.0,7.0,7.0,,,7.0,81.0,16.0,,,14.0,,,,32.0,73.0,220.0,222.0,19.0,,44.0,30.0,,10.0,,,,,8.0,16.0,23.0,,,10.0,16.0,9.0,12.0,6.0,2.0,3.0,6.0,8.0,3.0,4.0,,6.0,1.0,,1.0,6.0,7.0,1.0,1.0,2.0,,1.0,1.0,1.0,,,2.0,,1.0,1.0,1.0,,,,,,,,,,,,0.0,0.0,1.0,15.0,,1.0,,,,,,,,,
cpl::Football_Player::bcd2bd431fea40f2ad5e2cd7d95bef32,A. Sissoko,Atlético,Midfielder,2024,midfielder,30,2151,3,2,18,5,9,2,25,19,59,0,6,0,0,88.0,30,1.26,0,0,0,0,0,0,0,0,62.5,57.78,52.63,6.25,0,0,0,0,0,0,0,0,0,0,0,0,0,,2151.0,,,3.0,871.0,7.0,189.0,364.0,10.0,6.0,20.0,208.0,412.0,93.0,1.0,,888.0,19.0,747.0,25.0,113.0,280.0,11.0,103.0,,,124.0,25.0,,25.0,1247.0,30.0,10.0,,187.0,185.0,36.0,10.0,130.0,28.0,59.0,,,20.0,225.0,35.0,,,30.0,,,,77.0,234.0,763.0,775.0,38.0,4.0,95.0,110.0,5.0,13.0,,,,,12.0,40.0,43.0,2.0,,25.0,21.0,23.0,18.0,15.0,14.0,5.0,9.0,18.0,5.0,3.0,,15.0,1.0,,1.0,19.0,15.0,3.0,13.0,,,,1.0,2.0,,,9.0,,3.0,2.0,3.0,,1.0,,,1.0,,,,,,,1.0,2.0,1.0,44.0,,,,,,,,,,,
cpl::Football_Player::a4c7c645cfc244d59a886830c20ae894,M. Vales,Pacific,Midfielder,2024,midfielder,0,0,0,0,0,0,0,0,0,0,0,0,0,0,0,,0,,0,0,0,0,0,0,0,0,0.0,0.0,0.0,0.0,0,0,0,0,0,0,0,0,0,0,0,0,0,,,,,,,,,,,,,,,,,,,,,,,,,,,,,,,,,,,,,,,,,,,,,,,,,,,,,,,,,,,,,,,,,,,,,,,,,,,,,,,,,,,,,,,,,,,,,,,,,,,,,,,,,,,,,,,,,,,,,,,,,,,,,,,,,,
cpl::Football_Player::fd8128d359f64c5180b7115c46766e93,T. Esprit,Inter Toronto,Midfielder,2024,midfielder,13,179,0,0,0,0,0,0,3,4,4,0,0,0,0,91.0,5,2.51,1,0,0,0,0,0,0,0,75.0,38.89,25.0,0.0,0,0,0,0,0,0,0,0,0,0,0,0,0,,179.0,,,,50.0,1.0,21.0,23.0,,,1.0,27.0,23.0,4.0,1.0,,51.0,4.0,46.0,5.0,5.0,6.0,1.0,8.0,,,12.0,2.0,,1.0,97.0,13.0,1.0,,32.0,10.0,3.0,10.0,14.0,,4.0,,,1.0,36.0,3.0,,,13.0,,,,19.0,14.0,45.0,46.0,4.0,,22.0,13.0,,2.0,,,,,5.0,4.0,4.0,,,3.0,,2.0,3.0,1.0,1.0,11.0,,,,1.0,,3.0,,,,7.0,4.0,,3.0,1.0,,1.0,,,,,,,,,,,,,,,,,,,,,0.0,,,11.0,,1.0,,,,,,,,,
cpl::Football_Player::9a040c91c1d2424ca095e663faf5075a,K. Kane,Forge,Midfielder,2024,midfielder,9,155,0,0,2,0,1,0,3,4,7,0,2,1,0,78.0,1,0.58,0,0,0,0,0,0,0,0,60.0,61.54,50.0,0.0,0,0,0,0,0,0,0,0,0,0,0,0,0,,155.0,,,,77.0,,20.0,28.0,2.0,2.0,5.0,27.0,33.0,13.0,,,79.0,4.0,56.0,1.0,18.0,17.0,,12.0,,,12.0,1.0,,6.0,116.0,9.0,1.0,,20.0,19.0,,10.0,16.0,5.0,7.0,,,3.0,26.0,,,,9.0,,,,7.0,23.0,60.0,61.0,6.0,,10.0,13.0,,,1.0,1.0,,,1.0,5.0,3.0,1.0,,3.0,7.0,,3.0,2.0,,8.0,1.0,2.0,,,,,,,,3.0,,,,,,,,,,,1.0,,,,,1.0,,,,,,,,,,,0.0,,,4.0,,,,,,,,,,,
cpl::Football_Player::c61bc69e3cc04986a50e309ba356335c,K. Kibato,Inter Toronto,Midfielder,2024,midfielder,14,620,0,0,1,0,1,0,10,7,13,0,2,0,0,87.0,14,2.03,2,0,0,0,0,0,0,0,55.56,54.88,40.0,33.33,0,0,0,0,0,0,0,0,0,0,0,0,0,,620.0,,,1.0,280.0,1.0,72.0,133.0,5.0,2.0,10.0,70.0,119.0,29.0,1.0,,287.0,7.0,242.0,11.0,39.0,97.0,4.0,28.0,,,28.0,7.0,,16.0,414.0,14.0,6.0,,72.0,69.0,3.0,10.0,45.0,6.0,13.0,,,4.0,82.0,3.0,,,14.0,,,,31.0,49.0,241.0,248.0,10.0,,37.0,41.0,3.0,4.0,,,,,10.0,18.0,17.0,,,10.0,4.0,8.0,6.0,8.0,22.0,7.0,,1.0,1.0,3.0,,4.0,4.0,4.0,3.0,8.0,5.0,,5.0,2.0,,1.0,,,,1.0,1.0,,,,,,,,,,,,,,,,0.0,,,13.0,,1.0,,,,,,,,,
cpl::Football_Player::b2128eb98c0e4992a9bce2dd26483fb4,O. Benítez,Forge,Midfielder,2024,midfielder,3,73,0,0,0,0,0,0,1,2,3,1,0,0,0,81.0,0,0.0,1,0,0,0,0,0,0,0,50.0,50.0,50.0,14.29,0,0,0,0,0,0,0,0,0,0,0,0,0,,73.0,,,,30.0,1.0,11.0,17.0,,,,16.0,9.0,6.0,,,31.0,2.0,25.0,,6.0,3.0,,11.0,,,7.0,,,1.0,48.0,3.0,1.0,,10.0,6.0,1.0,10.0,6.0,,3.0,,,1.0,12.0,,,,3.0,,,,5.0,11.0,24.0,25.0,2.0,,6.0,5.0,,,,,,,,2.0,1.0,,,1.0,,1.0,1.0,1.0,,3.0,,,,,,5.0,1.0,,1.0,,6.0,,,1.0,,1.0,,,1.0,,,,,,,,,,,,,,,,,,0.0,,,1.0,,,,,,,,,,,
cpl::Football_Player::a4d26a57d62040df8359a9bc96b1db67,D. Campbell,Valour,Midfielder,2024,midfielder,24,2088,1,0,5,1,3,0,41,50,53,0,10,0,0,80.0,30,1.29,0,0,0,0,0,0,0,0,64.06,54.39,50.72,28.57,0,0,0,0,0,0,0,0,0,0,0,0,0,,2088.0,,1.0,9.0,889.0,1.0,149.0,331.0,42.0,10.0,92.0,282.0,408.0,103.0,3.0,,930.0,50.0,684.0,27.0,195.0,173.0,7.0,154.0,,,100.0,23.0,,51.0,1391.0,24.0,24.0,,227.0,373.0,14.0,10.0,161.0,51.0,53.0,,,35.0,296.0,59.0,,,24.0,,,,101.0,235.0,695.0,735.0,69.0,2.0,135.0,126.0,3.0,2.0,,,,,10.0,64.0,40.0,6.0,,41.0,40.0,25.0,34.0,23.0,55.0,1.0,2.0,5.0,,15.0,1.0,10.0,4.0,18.0,4.0,12.0,10.0,1.0,2.0,,,,,,,,3.0,,1.0,,1.0,1.0,1.0,,,,,,,,,,0.0,0.0,1.0,31.0,,,,,,,,,,,
cpl::Football_Player::6a778700603244eeabcce04c59c6ccc0,A. Hojabrpour,Forge,Midfielder,2024,midfielder,30,2529,1,2,13,3,2,2,30,20,21,0,6,1,0,88.0,32,1.14,0,0,1,0,0,0,0,0,49.18,56.16,54.05,50.0,0,0,0,0,0,0,0,0,0,0,0,0,0,,2529.0,,,9.0,1434.0,2.0,149.0,724.0,8.0,6.0,49.0,225.0,595.0,132.0,3.0,,1499.0,20.0,1191.0,28.0,181.0,344.0,25.0,130.0,,,159.0,29.0,,52.0,1820.0,30.0,12.0,,166.0,478.0,20.0,10.0,114.0,127.0,21.0,,,20.0,203.0,36.0,,,30.0,,,1.0,72.0,528.0,1256.0,1318.0,37.0,9.0,89.0,94.0,4.0,6.0,1.0,,,,13.0,61.0,31.0,2.0,,30.0,40.0,16.0,17.0,31.0,4.0,1.0,11.0,13.0,4.0,12.0,2.0,1.0,1.0,,1.0,11.0,1.0,5.0,10.0,,1.0,,1.0,2.0,,,2.0,,1.0,1.0,,,,1.0,,,1.0,,,,,,1.0,1.0,0.0,20.0,1.0,2.0,,,,,,,,,
cpl::Football_Player::4aaee5db17ba48859051daf2523b6845,I. Iliadis,Atlético,Midfielder,2024,midfielder,11,663,2,0,4,2,3,0,12,5,3,1,3,0,0,78.0,9,1.22,16,0,2,0,0,0,0,0,85.71,50.82,60.0,10.0,0,0,0,0,0,0,0,0,0,0,0,0,0,,663.0,,,10.0,351.0,4.0,47.0,109.0,31.0,3.0,54.0,139.0,176.0,25.0,1.0,,358.0,5.0,237.0,8.0,79.0,147.0,6.0,83.0,,,42.0,6.0,,22.0,526.0,11.0,3.0,,46.0,144.0,5.0,10.0,31.0,42.0,3.0,,,9.0,61.0,22.0,,,11.0,,,,24.0,20.0,275.0,279.0,15.0,2.0,30.0,22.0,1.0,1.0,,,,,5.0,14.0,9.0,1.0,,12.0,16.0,3.0,6.0,2.0,12.0,5.0,1.0,4.0,3.0,4.0,1.0,10.0,6.0,12.0,3.0,5.0,26.0,1.0,,16.0,,13.0,,,1.0,1.0,3.0,,2.0,,,,,2.0,2.0,,,,,,,,2.0,1.0,1.0,11.0,,,,,,,,,,,
cpl::Football_Player::6ed2482185664d628c7b93825e1da6f9,A. Tîrcoveanu,Pacific,Midfielder,2024,midfielder,22,856,2,1,22,3,12,1,12,12,21,1,3,0,0,78.0,14,1.47,34,0,1,0,0,0,0,0,80.0,41.73,28.57,6.38,0,0,0,0,0,0,0,0,0,0,0,0,0,,856.0,,,,303.0,18.0,69.0,173.0,,3.0,11.0,199.0,84.0,60.0,1.0,,317.0,12.0,221.0,11.0,71.0,33.0,18.0,99.0,,,59.0,9.0,,10.0,585.0,22.0,10.0,,125.0,100.0,28.0,10.0,58.0,25.0,21.0,,,4.0,139.0,5.0,,,22.0,,,,71.0,115.0,234.0,246.0,14.0,1.0,81.0,54.0,3.0,8.0,,,,,18.0,15.0,21.0,1.0,,12.0,7.0,5.0,10.0,3.0,3.0,13.0,10.0,22.0,11.0,,,5.0,11.0,,3.0,33.0,38.0,3.0,5.0,34.0,,26.0,1.0,1.0,1.0,6.0,12.0,7.0,2.0,,2.0,,,,2.0,,,,,,,,1.0,1.0,1.0,50.0,,5.0,,,,,,,,,
cpl::Football_Player::df5525a7e5df4064bd9ac12d35b0fd14,L. Piccioli,Atlético,Midfielder,2024,midfielder,0,0,0,0,0,0,0,0,0,0,0,0,0,0,0,,0,,0,0,0,0,0,0,0,0,0.0,0.0,0.0,0.0,0,0,0,0,0,0,0,0,0,0,0,0,0,,,,,,,,,,,,,,,,,,,,,,,,,,,,,,,,,,,,,,,,,,,,,,,,,,,,,,,,,,,,,,,,,,,,,,,,,,,,,,,,,,,,,,,,,,,,,,,,,,,,,,,,,,,,,,,,,,,,,,,,,,,,,,,,,,
cpl::Football_Player::9530e64bf7744102b3eeecd7fcf46c34,E. Cissé,Forge,Midfielder,2024,midfielder,11,457,1,1,2,2,2,1,7,5,2,1,1,0,0,87.0,5,0.98,1,0,0,0,0,0,0,0,58.33,48.78,75.0,0.0,0,0,0,0,0,0,0,0,0,0,0,0,0,,457.0,,,1.0,224.0,2.0,49.0,117.0,2.0,1.0,12.0,56.0,85.0,20.0,,,234.0,5.0,196.0,5.0,32.0,17.0,2.0,20.0,,,31.0,6.0,,14.0,333.0,11.0,2.0,,37.0,89.0,7.0,10.0,20.0,6.0,2.0,,,3.0,41.0,13.0,,,11.0,,,,20.0,79.0,192.0,202.0,4.0,,21.0,17.0,,4.0,,,,,3.0,12.0,7.0,,,7.0,8.0,2.0,1.0,5.0,24.0,5.0,,2.0,1.0,3.0,,2.0,,4.0,,1.0,2.0,,1.0,1.0,,,1.0,1.0,1.0,,2.0,,1.0,,1.0,,,,1.0,,,,,,,,0.0,1.0,0.0,5.0,,,,,,,,,,,
cpl::Football_Player::0193e9b2803b43938a676ad9232cede8,N. Verhoeven,Valour,Midfielder,2024,midfielder,20,1045,0,0,5,0,1,0,11,14,15,1,6,0,0,84.0,26,2.24,2,0,0,0,0,0,0,0,55.0,53.85,58.33,29.41,0,0,0,0,0,0,0,0,0,0,0,0,0,,1045.0,,1.0,2.0,510.0,,98.0,240.0,6.0,6.0,30.0,136.0,204.0,55.0,5.0,,524.0,14.0,405.0,23.0,85.0,120.0,6.0,74.0,,,64.0,11.0,,23.0,689.0,20.0,7.0,,92.0,182.0,2.0,10.0,56.0,34.0,15.0,,,7.0,104.0,7.0,,,20.0,,,,43.0,124.0,425.0,439.0,12.0,,48.0,49.0,3.0,6.0,,,,,14.0,20.0,22.0,1.0,,11.0,10.0,6.0,5.0,9.0,3.0,9.0,4.0,5.0,3.0,2.0,,9.0,5.0,,5.0,10.0,12.0,,7.0,2.0,,2.0,,,1.0,,1.0,,,,,,,,,,,,,,,,0.0,,,18.0,,2.0,,,,,,,,,
cpl::Football_Player::eae44bc0cb2c42dd86f566cebebbf690,O. Bassett,Atlético,Midfielder,2024,midfielder,29,2258,4,4,30,8,10,4,32,25,14,5,4,0,0,86.0,25,1.0,101,0,1,3,1,0,0,0,82.05,37.64,12.5,4.29,0,0,0,0,0,0,0,0,0,0,0,0,0,,2258.0,,,3.0,1274.0,19.0,304.0,739.0,9.0,4.0,45.0,391.0,431.0,142.0,,,1322.0,25.0,1071.0,21.0,187.0,303.0,48.0,265.0,,,123.0,25.0,,32.0,1787.0,29.0,15.0,,170.0,353.0,46.0,10.0,67.0,64.0,14.0,,,1.0,178.0,4.0,,,29.0,,,,104.0,362.0,1101.0,1135.0,8.0,1.0,111.0,66.0,4.0,17.0,,,,,13.0,39.0,56.0,2.0,,32.0,24.0,22.0,7.0,7.0,23.0,4.0,20.0,30.0,20.0,,,25.0,35.0,2.0,6.0,24.0,110.0,4.0,13.0,101.0,,67.0,4.0,4.0,5.0,24.0,10.0,8.0,4.0,4.0,2.0,2.0,,2.0,,,,,3.0,1.0,,1.0,1.0,2.0,2.0,46.0,,2.0,,,,,,,,,
cpl::Football_Player::e062e50eb3404d07b682bf9855e3a980,Alberto Zapater,Atlético,Midfielder,2024,midfielder,24,1433,3,0,7,3,5,0,28,19,11,0,3,0,0,88.0,21,1.32,0,0,0,0,0,0,0,0,57.14,53.1,46.15,33.33,0,0,0,0,0,0,0,0,0,0,0,0,0,,1433.0,,,4.0,771.0,,82.0,306.0,20.0,3.0,37.0,135.0,385.0,65.0,1.0,,791.0,19.0,637.0,17.0,102.0,232.0,10.0,76.0,,,93.0,15.0,,30.0,978.0,24.0,12.0,,119.0,206.0,10.0,10.0,77.0,52.0,11.0,,,12.0,145.0,11.0,,,24.0,,,,54.0,271.0,671.0,689.0,26.0,3.0,68.0,65.0,4.0,8.0,,,,,6.0,49.0,30.0,1.0,,28.0,23.0,19.0,14.0,21.0,1.0,9.0,2.0,7.0,1.0,3.0,,4.0,2.0,,2.0,2.0,4.0,2.0,3.0,,,,,,,,5.0,3.0,3.0,,3.0,,3.0,,,,,,,,,,0.0,2.0,1.0,10.0,,,,,,,,,,,
cpl::Football_Player::8478206db8304d6487d404b1b5dd322c,Gabriel Antinoro,Atlético,Midfielder,2024,midfielder,19,720,1,2,8,3,3,2,10,10,11,0,1,0,0,80.0,10,1.25,6,0,0,0,0,0,0,0,47.62,32.23,21.43,14.29,0,0,0,0,0,0,0,0,0,0,0,0,0,,720.0,,,,208.0,9.0,74.0,107.0,3.0,1.0,6.0,132.0,66.0,37.0,,,212.0,10.0,167.0,9.0,43.0,53.0,7.0,48.0,,,51.0,10.0,,6.0,402.0,19.0,1.0,,107.0,52.0,24.0,10.0,39.0,2.0,11.0,,,3.0,121.0,4.0,,,19.0,,,,71.0,33.0,167.0,169.0,14.0,,82.0,36.0,1.0,10.0,,,,,4.0,21.0,18.0,,,10.0,8.0,10.0,11.0,11.0,1.0,9.0,5.0,8.0,4.0,,,8.0,4.0,1.0,2.0,24.0,11.0,1.0,3.0,6.0,,3.0,2.0,2.0,,1.0,3.0,,1.0,1.0,1.0,1.0,,,,,,,,,,,0.0,1.0,0.0,47.0,,4.0,,,,,,,,,
cpl::Football_Player::2e1e79cce5ce42688603ef02e9ccf402,Z. Sukunda,Valour,Midfielder,2024,midfielder,13,319,0,0,1,0,0,0,3,3,3,0,1,0,0,71.0,8,2.26,0,0,0,0,0,0,0,0,42.86,52.0,50.0,6.25,0,0,0,0,0,0,0,0,0,0,0,0,0,,319.0,,,1.0,142.0,4.0,32.0,49.0,12.0,1.0,18.0,66.0,53.0,24.0,,,143.0,3.0,96.0,7.0,42.0,13.0,4.0,47.0,,,21.0,2.0,,10.0,224.0,13.0,2.0,,21.0,52.0,2.0,10.0,13.0,5.0,3.0,,,2.0,25.0,9.0,,,13.0,,,,10.0,46.0,100.0,101.0,4.0,,12.0,11.0,1.0,1.0,,,,,1.0,7.0,9.0,,,3.0,5.0,3.0,2.0,4.0,20.0,11.0,1.0,1.0,1.0,1.0,,15.0,1.0,2.0,1.0,1.0,15.0,1.0,3.0,,,,,,,,,,,,,,,,,,,,,,,,0.0,,,1.0,,,,,,,,,,,
cpl::Football_Player::33b0cf3a477d454f96fe4f14c3b6125c,A. Achinioti-Jönsson,Forge,Midfielder,2024,midfielder,31,2790,2,0,8,2,3,0,19,22,34,1,4,0,0,90.0,34,1.1,0,0,0,0,0,0,0,0,63.33,57.82,55.56,0.0,0,0,0,0,0,0,0,0,0,0,0,0,0,,2790.0,2.0,,9.0,1801.0,1.0,75.0,459.0,29.0,4.0,77.0,227.0,1214.0,116.0,3.0,,1866.0,22.0,1568.0,30.0,193.0,461.0,2.0,121.0,,,98.0,31.0,,75.0,2188.0,31.0,8.0,,112.0,586.0,15.0,10.0,122.0,105.0,34.0,,,55.0,211.0,87.0,,,31.0,,,,45.0,744.0,1612.0,1673.0,99.0,11.0,89.0,67.0,4.0,,,,,,6.0,30.0,24.0,,,19.0,34.0,13.0,44.0,11.0,6.0,,5.0,8.0,1.0,24.0,1.0,3.0,,1.0,,3.0,3.0,,2.0,,,,,,1.0,,3.0,,2.0,1.0,2.0,,1.0,,,,,,,,,,0.0,0.0,2.0,7.0,2.0,,1.0,,,,,,,,
cpl::Football_Player::2fb8d39dd40f4a81853d0221df63464c,M. Schiavoni,Forge,Midfielder,2024,midfielder,14,163,1,0,1,1,1,0,2,4,2,0,0,0,0,81.0,2,1.1,2,0,0,0,0,0,0,0,50.0,34.78,50.0,0.0,0,0,0,0,0,0,0,0,0,0,0,0,0,,163.0,,,,65.0,1.0,21.0,42.0,2.0,,2.0,28.0,12.0,11.0,,,67.0,4.0,54.0,2.0,13.0,17.0,2.0,7.0,,,8.0,1.0,,8.0,105.0,14.0,2.0,,21.0,17.0,6.0,10.0,8.0,,2.0,,,1.0,23.0,2.0,,,14.0,,,,14.0,12.0,52.0,54.0,2.0,,15.0,7.0,,1.0,,,,,1.0,4.0,9.0,,,2.0,1.0,4.0,1.0,2.0,1.0,13.0,,1.0,,1.0,,2.0,,,,5.0,2.0,,1.0,2.0,,,,,,,1.0,,1.0,1.0,1.0,,,,,,,,,,,,1.0,0.0,1.0,7.0,,,,,,,,,,,
cpl::Football_Player::d1bd92c79ce942a2aeca15c546b854c2,L. Pareja,Inter Toronto,Midfielder,2024,midfielder,1,10,0,0,0,0,0,0,0,0,1,0,0,0,0,67.0,1,9.0,0,0,0,0,0,0,0,0,0.0,50.0,0.0,0.0,0,0,0,0,0,0,0,0,0,0,0,0,0,,10.0,,,,3.0,,,1.0,,,,4.0,1.0,1.0,,,3.0,,2.0,1.0,1.0,1.0,,2.0,,,1.0,,,,10.0,1.0,,,5.0,1.0,,10.0,3.0,,1.0,,,,6.0,,,,1.0,,,,2.0,1.0,2.0,2.0,1.0,,3.0,3.0,,,,,,,1.0,1.0,,,,,,,1.0,1.0,,1.0,,,,,,1.0,,,,,1.0,,,,,,,,,,,,,,,,,,,,,,,,,,0.0,,,2.0,,,,,,,,,,,
cpl::Football_Player::b88aa9288a38438a8801e10a74326f88,J. Faria,Valour,Midfielder,2024,midfielder,26,1730,2,5,17,7,7,5,23,18,34,2,4,1,0,84.0,29,1.51,10,0,0,0,0,0,0,0,79.31,43.16,0.0,20.24,0,0,0,0,0,0,0,0,0,0,0,0,0,,1730.0,,,1.0,401.0,14.0,137.0,246.0,4.0,4.0,10.0,221.0,110.0,58.0,4.0,,405.0,18.0,329.0,28.0,68.0,70.0,16.0,111.0,,,65.0,22.0,,22.0,748.0,26.0,8.0,,173.0,87.0,55.0,10.0,82.0,8.0,34.0,,,,190.0,8.0,,,26.0,,,,91.0,111.0,333.0,337.0,17.0,,108.0,82.0,1.0,17.0,1.0,,,,19.0,29.0,33.0,1.0,,23.0,6.0,13.0,17.0,6.0,4.0,4.0,10.0,17.0,7.0,,,54.0,19.0,1.0,17.0,33.0,65.0,4.0,7.0,10.0,1.0,7.0,4.0,5.0,2.0,2.0,7.0,1.0,2.0,2.0,2.0,,,,,,,,,,,,0.0,0.0,2.0,56.0,,4.0,,,,,,,,,
cpl::Football_Player::47690253116d4e34ac0d075eb36df3b3,T. Giraldo,Inter Toronto,Midfielder,2024,midfielder,6,154,0,0,1,0,0,0,4,7,1,1,1,0,0,88.0,2,1.17,0,0,0,0,0,0,0,0,80.0,40.0,28.57,0.0,0,0,0,0,0,0,0,0,0,0,0,0,0,,154.0,,,,54.0,,14.0,24.0,,1.0,3.0,12.0,25.0,4.0,,,56.0,7.0,47.0,1.0,7.0,17.0,,4.0,,,6.0,2.0,,4.0,77.0,6.0,2.0,,18.0,11.0,3.0,10.0,10.0,2.0,1.0,,,2.0,25.0,1.0,,,6.0,,,,10.0,14.0,47.0,49.0,7.0,,15.0,8.0,1.0,2.0,,,,,2.0,5.0,4.0,,,4.0,,1.0,5.0,1.0,1.0,4.0,1.0,1.0,,,,1.0,,,,1.0,1.0,,3.0,,,,,,1.0,,,,,,,,,,,,,,,,,,0.0,,,3.0,,,,,,,,,,,
cpl::Football_Player::cd0f48e51e574e3187c55422f0de5be5,J. Martínez,Inter Toronto,Midfielder,2024,midfielder,28,1890,1,1,7,2,2,1,23,19,31,2,7,0,0,86.0,23,1.1,9,0,1,0,0,0,0,0,50.0,53.85,25.0,11.11,0,0,0,0,0,0,0,0,0,0,0,0,0,,1890.0,,,3.0,1006.0,7.0,250.0,490.0,8.0,7.0,29.0,220.0,411.0,118.0,3.0,,1044.0,19.0,849.0,19.0,147.0,247.0,21.0,132.0,,,89.0,21.0,,29.0,1293.0,28.0,11.0,,146.0,284.0,31.0,10.0,98.0,48.0,31.0,,,9.0,182.0,12.0,,,28.0,,,,57.0,263.0,860.0,897.0,36.0,1.0,84.0,89.0,4.0,19.0,,,,,12.0,46.0,33.0,,,23.0,8.0,12.0,27.0,23.0,10.0,7.0,5.0,7.0,,2.0,,7.0,4.0,1.0,2.0,11.0,14.0,2.0,12.0,9.0,,3.0,1.0,1.0,2.0,2.0,2.0,,1.0,,1.0,,1.0,,,,,,,,,,0.0,1.0,0.0,25.0,,2.0,,,,,,,,,
cpl::Football_Player::f4d883a75e7d4f129681bd5d56c43d19,K. Twardek,Atlético,Midfielder,2024,midfielder,23,1574,1,2,5,3,5,2,31,13,29,2,5,0,0,78.0,21,1.2,0,0,0,0,0,0,0,0,68.89,59.52,59.38,27.87,0,0,0,0,0,0,0,0,0,0,0,0,0,,1574.0,,,6.0,529.0,11.0,198.0,201.0,34.0,5.0,43.0,252.0,237.0,79.0,,,543.0,13.0,398.0,17.0,122.0,28.0,6.0,124.0,,,56.0,17.0,,42.0,980.0,23.0,5.0,,136.0,162.0,11.0,10.0,100.0,23.0,29.0,,,19.0,168.0,34.0,,,23.0,,,,55.0,155.0,407.0,421.0,32.0,5.0,68.0,81.0,4.0,3.0,,,,1.0,9.0,45.0,35.0,1.0,,31.0,22.0,12.0,13.0,14.0,102.0,6.0,,5.0,,5.0,,44.0,17.0,33.0,17.0,22.0,44.0,,1.0,,,,2.0,2.0,2.0,,5.0,,1.0,1.0,1.0,,,,,,,,,,,,1.0,1.0,0.0,33.0,,1.0,,,,,,,,,
cpl::Football_Player::55a8a1aea5f543dbaac3bf7112ad867b,Z. Bahous,Pacific,Midfielder,2024,midfielder,16,466,1,0,15,1,6,0,6,9,11,3,3,0,0,78.0,6,1.16,1,0,0,0,0,0,0,0,37.5,53.66,15.38,0.0,0,0,0,0,0,0,0,0,0,0,0,0,0,,466.0,,,,206.0,5.0,57.0,102.0,2.0,3.0,6.0,91.0,61.0,42.0,,,211.0,9.0,158.0,4.0,48.0,49.0,5.0,41.0,,,35.0,5.0,,13.0,344.0,16.0,6.0,,69.0,52.0,21.0,10.0,44.0,5.0,11.0,,,2.0,82.0,2.0,,,16.0,,,,27.0,53.0,158.0,163.0,13.0,,38.0,42.0,2.0,5.0,,,,,15.0,16.0,16.0,1.0,,6.0,1.0,6.0,11.0,10.0,3.0,11.0,9.0,15.0,8.0,1.0,,4.0,,,,8.0,6.0,2.0,12.0,1.0,,1.0,,,3.0,,6.0,,1.0,,,1.0,,1.0,1.0,,,,,,,,1.0,0.0,1.0,15.0,,,,,,,,,,,
cpl::Football_Player::5e944a82a82b42b483bed288bb7633a8,M. Aparicio,Atlético,Midfielder,2024,midfielder,29,2562,5,2,25,7,12,2,60,69,22,4,9,0,0,82.0,31,1.09,0,0,2,0,0,0,0,0,68.18,45.96,46.67,28.57,0,0,0,0,0,0,0,0,0,0,0,0,0,,2562.0,,1.0,6.0,1182.0,19.0,216.0,552.0,27.0,9.0,58.0,367.0,439.0,163.0,1.0,,1204.0,69.0,909.0,29.0,221.0,362.0,27.0,180.0,,,176.0,28.0,,61.0,1702.0,29.0,41.0,,314.0,376.0,47.0,10.0,165.0,74.0,22.0,,,21.0,359.0,14.0,,,29.0,,,,170.0,250.0,962.0,983.0,45.0,7.0,194.0,144.0,2.0,3.0,,,,,34.0,88.0,80.0,1.0,,60.0,32.0,57.0,24.0,28.0,14.0,1.0,13.0,25.0,5.0,5.0,,20.0,8.0,5.0,8.0,25.0,20.0,3.0,18.0,,,,2.0,2.0,4.0,,12.0,,5.0,2.0,4.0,2.0,3.0,1.0,,,,,,,,,3.0,2.0,3.0,54.0,,10.0,,,,,,,,,
cpl::Football_Player::d9884452bb6e4ebd802b73a429b81f2d,Z. Bruno,Forge,Midfielder,2024,midfielder,0,0,0,0,0,0,0,0,0,0,0,0,0,0,0,,0,,0,0,0,0,0,0,0,0,0.0,0.0,0.0,0.0,0,0,0,0,0,0,0,0,0,0,0,0,0,,,,,,,,,,,,,,,,,,,,,,,,,,,,,,,,,,,,,,,,,,,,,,,,,,,,,,,,,,,,,,,,,,,,,,,,,,,,,,,,,,,,,,,,,,,,,,,,,,,,,,,,,,,,,,,,,,,,,,,,,,,,,,,,,,
cpl::Football_Player::8eb11a313b2348b888a9b1799feba47c,S. Yeates,Pacific,Midfielder,2024,midfielder,27,2092,1,3,22,4,8,3,31,29,33,2,3,0,0,83.0,29,1.25,64,0,0,0,0,0,0,0,70.45,46.09,37.5,5.1,0,0,0,0,0,0,0,0,0,0,0,0,0,,2092.0,,,2.0,1049.0,9.0,261.0,553.0,7.0,3.0,24.0,374.0,380.0,164.0,1.0,,1092.0,29.0,874.0,24.0,188.0,299.0,38.0,211.0,,,112.0,23.0,,49.0,1544.0,27.0,16.0,,203.0,292.0,35.0,10.0,112.0,30.0,33.0,,,15.0,243.0,12.0,,,27.0,,,,106.0,240.0,868.0,904.0,40.0,4.0,131.0,97.0,5.0,9.0,,,,,21.0,44.0,46.0,1.0,,31.0,9.0,17.0,25.0,13.0,25.0,4.0,14.0,22.0,7.0,2.0,,20.0,29.0,2.0,5.0,25.0,72.0,,19.0,64.0,,33.0,3.0,3.0,2.0,21.0,8.0,3.0,1.0,,1.0,2.0,1.0,,,,,,,,,,0.0,1.0,0.0,52.0,,7.0,,,,,,,,,
cpl::Football_Player::0e2b6aa5fbdf49f399441b22b356d14c,K. Bekker,Forge,Midfielder,2024,midfielder,28,2020,2,7,29,9,9,7,21,13,15,3,3,0,0,86.0,25,1.11,73,0,2,0,0,0,0,0,65.62,51.15,52.94,13.48,0,0,0,0,0,0,0,0,0,0,0,0,0,,2020.0,,,2.0,1181.0,18.0,256.0,651.0,11.0,3.0,53.0,310.0,427.0,131.0,3.0,,1241.0,13.0,971.0,22.0,184.0,380.0,35.0,214.0,,,96.0,23.0,,37.0,1566.0,28.0,7.0,,114.0,337.0,57.0,10.0,67.0,86.0,15.0,,,9.0,131.0,19.0,,,28.0,,,,56.0,268.0,1002.0,1057.0,17.0,4.0,64.0,58.0,3.0,12.0,,,,,12.0,32.0,29.0,,,21.0,13.0,8.0,8.0,11.0,11.0,5.0,20.0,29.0,8.0,3.0,,34.0,21.0,1.0,12.0,8.0,67.0,5.0,22.0,73.0,,32.0,7.0,7.0,3.0,10.0,9.0,2.0,2.0,1.0,2.0,,,,1.0,,,,,,,,1.0,2.0,0.0,22.0,,2.0,,,,,,,,,
cpl::Football_Player::4351cc0a7b0b41b0932bec33949a8b6a,J. Sanchez,Valour,Midfielder,2024,midfielder,15,688,1,0,3,1,1,0,17,7,7,0,3,0,0,87.0,12,1.57,0,0,0,0,0,0,0,0,70.83,50.0,30.0,0.0,0,0,0,0,0,0,0,0,0,0,0,0,0,,688.0,,,4.0,316.0,,72.0,117.0,7.0,3.0,11.0,70.0,161.0,32.0,2.0,,321.0,7.0,255.0,11.0,43.0,78.0,3.0,23.0,,,49.0,7.0,,20.0,427.0,15.0,5.0,,66.0,70.0,,10.0,38.0,23.0,7.0,,,3.0,76.0,10.0,,,15.0,,,,31.0,101.0,273.0,278.0,10.0,1.0,38.0,35.0,1.0,3.0,,,,,5.0,24.0,12.0,,,17.0,4.0,5.0,7.0,7.0,1.0,8.0,2.0,3.0,1.0,1.0,,,,,,8.0,,,3.0,,,,,,,,1.0,,1.0,1.0,,,,1.0,,,,,,,,,0.0,0.0,1.0,14.0,,,,,,,,,,,
cpl::Football_Player::b00f998dc9ab48df9be8be1e6a9bea0d,T. Tahid,Vancouver,Midfielder,2024,midfielder,16,213,1,0,1,1,1,0,7,7,5,1,1,0,0,77.0,3,1.27,0,0,0,0,0,0,0,0,63.64,44.74,10.0,25.0,0,0,0,0,0,0,0,0,0,0,0,0,0,,213.0,,,,55.0,4.0,11.0,32.0,3.0,1.0,4.0,30.0,12.0,9.0,,,56.0,7.0,40.0,3.0,13.0,13.0,2.0,13.0,,,7.0,2.0,,3.0,107.0,16.0,4.0,,28.0,15.0,8.0,10.0,17.0,3.0,5.0,,,1.0,38.0,1.0,,,16.0,,,,12.0,17.0,42.0,43.0,10.0,,21.0,16.0,,2.0,,,,,,11.0,6.0,,,7.0,1.0,3.0,9.0,4.0,2.0,14.0,,1.0,3.0,,,3.0,1.0,,1.0,2.0,3.0,,3.0,,,,,,1.0,,1.0,,1.0,1.0,1.0,,,,,,,,,,,,0.0,1.0,0.0,5.0,,,,,,,,,,,
cpl::Football_Player::f6cad4e96b1a4fe1847951f5a8de61b1,M. Ferrari,Inter Toronto,Midfielder,2024,midfielder,27,2253,0,3,8,3,1,3,36,34,52,4,7,0,0,83.0,32,1.28,0,0,0,0,0,0,0,0,76.6,55.02,42.22,11.9,0,0,0,0,0,0,0,0,0,0,0,0,0,,2253.0,,1.0,10.0,882.0,13.0,222.0,394.0,24.0,7.0,42.0,349.0,357.0,113.0,3.0,,896.0,34.0,717.0,28.0,155.0,44.0,11.0,174.0,,,81.0,25.0,,55.0,1491.0,27.0,18.0,,204.0,304.0,38.0,10.0,137.0,24.0,52.0,,,19.0,249.0,50.0,,,27.0,,,,86.0,326.0,727.0,741.0,45.0,5.0,112.0,118.0,4.0,2.0,,,,1.0,19.0,47.0,48.0,,,36.0,15.0,19.0,26.0,11.0,131.0,2.0,7.0,8.0,2.0,6.0,,74.0,10.0,43.0,10.0,18.0,74.0,4.0,1.0,,,,2.0,3.0,4.0,,1.0,,,,,1.0,,,,,1.0,,,,,,0.0,,,36.0,,2.0,,,,,,,,,
cpl::Football_Player::c2267256cd964bb3b0bda247e07fc87b,R. Ohin,Valour,Midfielder,2024,midfielder,21,1230,1,0,14,1,4,0,17,26,27,0,8,0,0,84.0,22,1.61,0,0,1,0,0,0,0,0,70.83,50.34,47.37,0.0,0,0,0,0,0,0,0,0,0,0,0,0,0,,1230.0,,1.0,4.0,529.0,2.0,74.0,188.0,18.0,8.0,34.0,135.0,266.0,53.0,6.0,,541.0,26.0,420.0,22.0,87.0,193.0,5.0,61.0,,,92.0,13.0,,27.0,744.0,21.0,18.0,,130.0,141.0,11.0,10.0,75.0,34.0,27.0,,,9.0,149.0,15.0,,,21.0,,,,64.0,133.0,442.0,454.0,19.0,1.0,74.0,66.0,,7.0,,,,,15.0,24.0,14.0,3.0,,17.0,12.0,8.0,10.0,7.0,1.0,8.0,10.0,14.0,9.0,3.0,,1.0,,,,12.0,1.0,1.0,8.0,,,,,,,,4.0,1.0,1.0,,1.0,,1.0,,,,,,,,,,0.0,0.0,1.0,28.0,,1.0,,,,,,,,,
cpl::Football_Player::4d70b47d3a204f74aa5f64db85c4eab6,G. Probo,Wanderers,Midfielder,2024,midfielder,28,1384,4,2,31,6,14,2,12,10,22,6,3,0,0,77.0,22,1.43,23,0,0,0,0,0,0,0,70.59,50.43,42.86,13.64,0,0,0,0,0,0,0,0,0,0,0,0,0,,1384.0,,,3.0,762.0,12.0,159.0,433.0,14.0,3.0,47.0,288.0,193.0,135.0,2.0,,790.0,10.0,526.0,19.0,182.0,184.0,33.0,195.0,,,70.0,16.0,,36.0,1066.0,28.0,9.0,,87.0,266.0,34.0,10.0,58.0,82.0,22.0,,,12.0,115.0,8.0,,,28.0,,,,41.0,181.0,582.0,608.0,28.0,2.0,57.0,46.0,3.0,13.0,,,,,8.0,17.0,41.0,,,12.0,10.0,16.0,16.0,5.0,8.0,12.0,17.0,31.0,9.0,2.0,,34.0,18.0,2.0,9.0,10.0,49.0,4.0,10.0,23.0,,9.0,2.0,2.0,6.0,8.0,14.0,2.0,4.0,2.0,3.0,3.0,1.0,1.0,1.0,,,,,,,,1.0,2.0,2.0,22.0,,2.0,,,,,,,,,
cpl::Football_Player::7727bd856f6142ccb04b744b64364141,A. Rampersad,Wanderers,Midfielder,2024,midfielder,22,1866,2,0,12,2,4,0,18,19,37,0,2,1,0,90.0,32,1.54,0,0,1,0,0,0,0,0,47.37,60.54,52.5,20.0,0,0,0,0,0,0,0,0,0,0,0,0,0,,1866.0,1.0,,1.0,1067.0,2.0,145.0,485.0,9.0,2.0,27.0,170.0,495.0,92.0,2.0,,1098.0,19.0,934.0,28.0,119.0,375.0,15.0,80.0,,,151.0,21.0,,43.0,1400.0,22.0,9.0,,145.0,330.0,26.0,10.0,112.0,45.0,37.0,,,21.0,185.0,35.0,,,22.0,,,,54.0,248.0,948.0,979.0,40.0,,73.0,91.0,4.0,3.0,1.0,1.0,,,17.0,38.0,23.0,2.0,,18.0,37.0,16.0,19.0,20.0,8.0,1.0,8.0,12.0,2.0,10.0,,4.0,1.0,,1.0,9.0,4.0,1.0,11.0,,,,,,,,4.0,1.0,2.0,1.0,2.0,,1.0,,,1.0,,,,,,,0.0,2.0,0.0,24.0,1.0,,,,,,,,,,
cpl::Football_Player::8baee08a0ffb48ed8e4c68b4c56a02cc,C. Greco-Taylor,Pacific,Midfielder,2024,midfielder,15,1013,0,0,2,0,0,0,27,14,16,0,5,0,0,72.0,16,1.42,8,0,0,0,0,0,0,0,65.85,60.5,47.06,17.24,0,0,0,0,0,0,0,0,0,0,0,0,0,,1013.0,,,6.0,445.0,6.0,60.0,196.0,44.0,5.0,59.0,239.0,147.0,73.0,,,461.0,14.0,295.0,13.0,132.0,161.0,14.0,131.0,,,52.0,10.0,,46.0,785.0,15.0,10.0,,102.0,232.0,5.0,10.0,72.0,34.0,16.0,,,8.0,119.0,14.0,,,15.0,,,,38.0,8.0,315.0,329.0,17.0,2.0,47.0,64.0,3.0,1.0,,,,,7.0,41.0,27.0,,,27.0,16.0,9.0,9.0,14.0,73.0,5.0,2.0,2.0,2.0,5.0,2.0,37.0,14.0,26.0,10.0,8.0,45.0,,,8.0,,4.0,,,,3.0,,1.0,,,,,,,,,,,,,,,0.0,,,15.0,,3.0,,,,,,,,,
cpl::Football_Player::51c2ca2de31b48cd87ef65f30b24f663,L. Dias,Cavalry,Midfielder,2024,midfielder,11,501,0,1,3,1,0,1,3,11,13,1,1,0,0,81.0,5,0.9,9,0,0,0,0,0,0,0,60.0,38.1,28.57,18.18,0,0,0,0,0,0,0,0,0,0,0,0,0,,501.0,,,,172.0,3.0,55.0,100.0,3.0,1.0,9.0,86.0,50.0,25.0,,,177.0,11.0,132.0,4.0,34.0,64.0,6.0,44.0,,,24.0,5.0,,5.0,286.0,11.0,3.0,,56.0,49.0,10.0,10.0,24.0,11.0,13.0,,,2.0,63.0,1.0,,,11.0,,,,34.0,9.0,139.0,143.0,7.0,1.0,39.0,22.0,1.0,4.0,,,,,4.0,5.0,6.0,1.0,,3.0,3.0,3.0,5.0,2.0,1.0,6.0,3.0,3.0,5.0,,,5.0,7.0,,4.0,10.0,15.0,2.0,2.0,9.0,,6.0,1.0,1.0,1.0,3.0,,,,,,,,,,,,,,,,,0.0,,,18.0,,4.0,,,,,,,,,
cpl::Football_Player::3e29f3a4fcaa401fb6b92e75b6a94f42,M. Piepgrass,Cavalry,Midfielder,2024,midfielder,0,0,0,0,0,0,0,0,0,0,0,0,0,0,0,,0,,0,0,0,0,0,0,0,0,0.0,0.0,0.0,0.0,0,0,0,0,0,0,0,0,0,0,0,0,0,,,,,,,,,,,,,,,,,,,,,,,,,,,,,,,,,,,,,,,,,,,,,,,,,,,,,,,,,,,,,,,,,,,,,,,,,,,,,,,,,,,,,,,,,,,,,,,,,,,,,,,,,,,,,,,,,,,,,,,,,,,,,,,,,,
cpl::Football_Player::b0a7f5c0cf994edbb5392b5b73bf8898,T. Powell,Vancouver,Midfielder,2024,midfielder,6,186,0,0,2,0,0,0,1,5,2,0,1,0,0,64.0,1,0.48,0,0,0,0,0,0,0,0,100.0,24.0,0.0,50.0,0,0,0,0,0,0,0,0,0,0,0,0,0,,186.0,,,,55.0,1.0,10.0,20.0,3.0,1.0,7.0,34.0,16.0,13.0,,,55.0,5.0,32.0,1.0,20.0,11.0,1.0,17.0,,,11.0,3.0,,4.0,88.0,6.0,3.0,,22.0,13.0,2.0,10.0,6.0,3.0,2.0,,,,25.0,2.0,,,6.0,,,,16.0,21.0,35.0,35.0,3.0,,19.0,6.0,,3.0,,,,,3.0,1.0,4.0,,,1.0,,1.0,3.0,,1.0,3.0,2.0,2.0,2.0,,,1.0,1.0,,1.0,3.0,1.0,,,,,,,,,,,,,,,,,,,,,,,,,,0.0,,,6.0,,2.0,,,,,,,,,
cpl::Football_Player::e512d7955b56480a81777677f3985c3b,K. Martin-Pereux,Inter Toronto,Midfielder,2024,midfielder,14,536,0,2,1,2,1,2,8,16,5,0,2,0,0,80.0,6,1.01,2,0,0,0,0,0,0,0,72.73,38.64,50.0,28.57,0,0,0,0,0,0,0,0,0,0,0,0,0,,536.0,,1.0,1.0,170.0,3.0,39.0,77.0,3.0,2.0,6.0,88.0,65.0,29.0,1.0,,171.0,16.0,132.0,5.0,35.0,62.0,5.0,33.0,,,25.0,5.0,,17.0,333.0,14.0,2.0,,64.0,59.0,15.0,10.0,34.0,4.0,5.0,,,12.0,88.0,15.0,,,14.0,,,,42.0,11.0,135.0,136.0,24.0,,54.0,22.0,1.0,3.0,,,,,6.0,11.0,14.0,2.0,,8.0,8.0,6.0,12.0,3.0,27.0,9.0,,1.0,2.0,,,13.0,6.0,5.0,6.0,15.0,15.0,,1.0,2.0,,2.0,2.0,2.0,,,1.0,,,,,,,,,,,,,,,,0.0,,,20.0,,1.0,,,,,,,,,
cpl::Football_Player::3cdc55010c114c4ab03d858ecfa80713,B. Soumaoro,Inter Toronto,Midfielder,2024,midfielder,11,885,0,1,2,1,0,1,12,16,10,2,2,0,0,88.0,14,1.42,0,0,0,0,0,0,0,0,54.55,48.19,22.22,0.0,0,0,0,0,0,0,0,0,0,0,0,0,0,,885.0,,,,344.0,,93.0,122.0,7.0,2.0,14.0,68.0,185.0,29.0,1.0,,350.0,16.0,284.0,13.0,43.0,107.0,3.0,22.0,,,47.0,10.0,,21.0,454.0,11.0,12.0,,74.0,65.0,3.0,10.0,40.0,23.0,10.0,,,2.0,83.0,7.0,,,11.0,,,,36.0,85.0,301.0,307.0,9.0,2.0,43.0,38.0,1.0,3.0,,,,,6.0,22.0,11.0,,,12.0,6.0,3.0,7.0,10.0,,1.0,2.0,2.0,2.0,6.0,,,,,,6.0,,,13.0,,,,,1.0,2.0,,,,,,,,,,,,,,,,,,0.0,,,10.0,,1.0,,,,,,,,,
cpl::Football_Player::b428d3e5d4c24213a3e6af3b838d650d,C. Zeppieri,Inter Toronto,Midfielder,2024,midfielder,8,151,0,0,1,0,1,0,3,2,2,0,1,0,0,83.0,4,2.38,0,0,0,0,0,0,0,0,75.0,50.0,0.0,0.0,0,0,0,0,0,0,0,0,0,0,0,0,0,,151.0,,,,47.0,2.0,8.0,22.0,1.0,1.0,1.0,13.0,17.0,7.0,1.0,,47.0,2.0,37.0,4.0,8.0,14.0,,5.0,,,15.0,,,4.0,78.0,8.0,,,16.0,12.0,2.0,10.0,10.0,2.0,2.0,,,,20.0,5.0,,,8.0,,,,6.0,13.0,39.0,39.0,4.0,,10.0,10.0,,1.0,,,,,4.0,4.0,1.0,,,3.0,3.0,1.0,4.0,1.0,,8.0,,1.0,1.0,1.0,,1.0,,,,,1.0,,,,,,,,,,1.0,,,,,,,,,,,,,,,,0.0,,,3.0,,,,,,,,,,,
cpl::Football_Player::468783c9b1c041c987781c4facdee0b1,J. Hartill,Inter Toronto,Midfielder,2024,midfielder,2,16,0,0,0,0,0,0,0,0,1,0,0,0,0,72.0,1,5.62,0,0,0,0,0,0,0,0,0.0,28.57,50.0,0.0,0,0,0,0,0,0,0,0,0,0,0,0,0,,16.0,,,,7.0,,2.0,,,,,6.0,5.0,2.0,,,7.0,,5.0,1.0,2.0,3.0,,4.0,,,,,,,17.0,2.0,,,5.0,1.0,1.0,10.0,2.0,,1.0,,,1.0,7.0,,,,2.0,,,,4.0,1.0,5.0,5.0,2.0,,5.0,1.0,,,,,,,,,,,,,,,1.0,,2.0,2.0,,,1.0,,,2.0,,,,1.0,2.0,,,,,,,,,,,,,,,,,,,,,,,,,,0.0,,,2.0,,,,,,,,,,,
cpl::Football_Player::921e4a14fc0748d5b1160d54caf93c23,A. Sacko,Atlético,Midfielder,2024,midfielder,1,7,0,0,1,0,1,0,1,2,0,1,0,0,0,100.0,0,0.0,0,0,0,0,0,0,0,0,100.0,25.0,0.0,0.0,0,0,0,0,0,0,0,0,0,0,0,0,0,,7.0,,,,1.0,,,,,,,2.0,1.0,,,,1.0,2.0,1.0,,,1.0,,,,,,,,,5.0,1.0,2.0,,4.0,,1.0,10.0,1.0,,,,,,4.0,,,,1.0,,,,3.0,,1.0,1.0,,,3.0,1.0,,,,,,,,1.0,,,,1.0,,,,,,1.0,,1.0,,,,,,,,,,,,,,,,,1.0,,1.0,,,,,,,,,,,,,,,,0.0,,,1.0,,,,,,,,,,,
cpl::Football_Player::5689e826363240e892378a5cd52e5101,N. Wähling,Cavalry,Forward,2024,forward,14,874,0,0,11,0,4,0,4,15,7,5,0,0,0,79.0,10,1.03,0,0,0,0,0,0,0,0,100.0,33.73,31.03,16.67,0,0,0,0,0,0,0,0,0,0,0,0,0,,874.0,,,1.0,202.0,5.0,57.0,112.0,4.0,,7.0,89.0,47.0,37.0,2.0,,202.0,15.0,151.0,8.0,44.0,69.0,8.0,39.0,,,28.0,10.0,,10.0,316.0,14.0,5.0,,54.0,56.0,31.0,10.0,28.0,7.0,7.0,,,9.0,83.0,4.0,,,14.0,,,,35.0,20.0,158.0,158.0,29.0,2.0,55.0,19.0,2.0,5.0,,,,,8.0,4.0,14.0,,,4.0,3.0,6.0,20.0,,2.0,4.0,7.0,11.0,5.0,1.0,,5.0,1.0,,1.0,10.0,5.0,1.0,3.0,,,,,,5.0,,4.0,2.0,,,,,,,,,,,,,,,0.0,,,18.0,,2.0,,,,,,,,,
cpl::Football_Player::6b48ced0357d4fd4a50e8ba77b6784d8,T. Warschewski,Cavalry,Forward,2024,forward,26,2060,14,3,69,17,35,3,20,18,57,5,3,0,0,75.0,20,0.87,1,0,6,5,4,0,0,0,54.05,47.95,52.89,14.58,0,0,0,0,0,0,0,0,0,0,0,0,0,,2060.0,,,1.0,595.0,17.0,164.0,363.0,3.0,3.0,20.0,440.0,96.0,131.0,2.0,,603.0,18.0,424.0,16.0,151.0,136.0,28.0,170.0,,,89.0,24.0,,21.0,1277.0,26.0,6.0,,319.0,184.0,123.0,10.0,211.0,28.0,57.0,,,64.0,440.0,13.0,,,26.0,,,,172.0,119.0,445.0,452.0,121.0,5.0,229.0,147.0,4.0,9.0,,,,,57.0,37.0,49.0,3.0,,20.0,15.0,20.0,57.0,17.0,17.0,2.0,34.0,69.0,19.0,2.0,,39.0,7.0,,7.0,52.0,40.0,5.0,14.0,1.0,,,3.0,3.0,5.0,1.0,35.0,13.0,14.0,12.0,13.0,1.0,1.0,1.0,1.0,2.0,,,5.0,4.0,,,4.0,8.0,6.0,142.0,,7.0,,,,,,,,,
cpl::Football_Player::0b3c2dfa6c324a4f9203996ab6e6181b,J. Herdman,Cavalry,Forward,2024,forward,8,401,1,1,6,2,4,1,5,13,10,1,2,0,0,81.0,4,0.9,0,0,0,0,0,0,0,0,62.5,37.14,33.33,22.22,0,0,0,0,0,0,0,0,0,0,0,0,0,,401.0,,,2.0,108.0,3.0,37.0,55.0,1.0,2.0,1.0,56.0,35.0,20.0,1.0,,109.0,13.0,85.0,3.0,21.0,38.0,5.0,21.0,,,18.0,5.0,,7.0,207.0,8.0,8.0,,64.0,25.0,16.0,10.0,26.0,3.0,10.0,,,2.0,70.0,3.0,,,8.0,,,,40.0,9.0,87.0,88.0,6.0,,44.0,24.0,1.0,5.0,,,,,6.0,8.0,12.0,,,5.0,4.0,4.0,4.0,3.0,8.0,3.0,2.0,6.0,4.0,,,7.0,2.0,1.0,2.0,7.0,7.0,,4.0,,,,1.0,1.0,1.0,,4.0,,1.0,,1.0,,1.0,,,,,,,,,,0.0,0.0,1.0,16.0,,4.0,,,,,,,,,
cpl::Football_Player::2d8cec65b1bb4b20872a91ac73584d29,A. Musse,Cavalry,Forward,2024,forward,18,1377,4,4,37,8,14,4,13,15,27,3,2,0,0,79.0,14,0.92,47,0,1,0,0,0,0,0,52.0,42.36,34.62,18.6,0,0,0,0,0,0,0,0,0,0,0,0,0,,1377.0,,,2.0,414.0,24.0,112.0,292.0,6.0,2.0,12.0,265.0,85.0,82.0,2.0,,436.0,15.0,329.0,12.0,94.0,53.0,37.0,133.0,,,60.0,16.0,,16.0,857.0,18.0,10.0,,177.0,127.0,86.0,10.0,86.0,13.0,27.0,,,9.0,203.0,5.0,,,18.0,,,,100.0,144.0,322.0,342.0,26.0,3.0,117.0,77.0,2.0,7.0,,,,,25.0,25.0,41.0,,,13.0,14.0,17.0,17.0,12.0,8.0,2.0,23.0,37.0,16.0,2.0,,30.0,35.0,1.0,16.0,34.0,55.0,3.0,16.0,47.0,,23.0,4.0,4.0,3.0,15.0,14.0,5.0,4.0,,1.0,2.0,,3.0,4.0,,1.0,,,,,,2.0,1.0,3.0,67.0,,2.0,,,,,,,,,
cpl::Football_Player::cd1e9f98817545a8904ffd9556963f44,A. Díaz,Vancouver,Forward,2024,forward,28,2176,10,2,34,12,21,2,5,22,8,14,1,0,0,73.0,35,1.45,0,0,1,1,1,0,0,0,71.43,34.83,40.82,0.0,0,0,0,0,0,0,0,0,0,0,0,0,0,,2176.0,,,1.0,347.0,6.0,149.0,171.0,6.0,1.0,13.0,181.0,112.0,93.0,3.0,,389.0,22.0,277.0,33.0,106.0,86.0,20.0,95.0,,,53.0,26.0,,19.0,613.0,28.0,8.0,,80.0,80.0,63.0,10.0,62.0,6.0,8.0,,,40.0,178.0,27.0,,,28.0,,,,58.0,74.0,241.0,283.0,98.0,1.0,116.0,22.0,2.0,16.0,,,,,7.0,7.0,32.0,3.0,,5.0,7.0,15.0,58.0,2.0,1.0,2.0,13.0,34.0,8.0,3.0,,8.0,,,,14.0,8.0,1.0,25.0,,,,2.0,2.0,14.0,,21.0,,10.0,5.0,8.0,11.0,2.0,2.0,3.0,,,,1.0,1.0,,,1.0,5.0,5.0,29.0,,1.0,,,,,,,,,
cpl::Football_Player::1b99b171024743c4a0fb01eeea19478e,D. Zanatta,Pacific,Forward,2024,forward,25,1566,5,2,31,7,18,2,13,29,11,11,2,0,0,76.0,15,0.86,2,0,1,2,2,0,0,0,56.52,33.33,32.2,13.73,0,0,0,0,0,0,0,0,0,0,0,0,0,,1566.0,,,1.0,388.0,21.0,128.0,200.0,1.0,2.0,6.0,238.0,106.0,92.0,,,397.0,29.0,291.0,13.0,98.0,125.0,22.0,124.0,,,55.0,19.0,,18.0,721.0,25.0,11.0,,130.0,78.0,104.0,10.0,63.0,8.0,11.0,,,19.0,189.0,11.0,,,25.0,,,,86.0,66.0,290.0,299.0,59.0,1.0,126.0,44.0,2.0,15.0,,,,,10.0,23.0,46.0,2.0,,13.0,6.0,21.0,40.0,10.0,12.0,6.0,13.0,31.0,13.0,3.0,,44.0,7.0,2.0,7.0,24.0,44.0,1.0,26.0,2.0,,,2.0,2.0,11.0,,18.0,,5.0,4.0,5.0,5.0,,,1.0,,,,2.0,2.0,,,2.0,5.0,0.0,47.0,,4.0,,,,,,,,,
cpl::Football_Player::5cfbd430bf3149adb654cadb7f68b7c2,L. Wright,Cavalry,Forward,2024,forward,12,386,1,0,8,1,6,0,3,8,8,1,0,0,0,75.0,2,0.47,0,0,0,0,0,0,0,0,60.0,30.43,26.32,25.0,0,0,0,0,0,0,0,0,0,0,0,0,0,,386.0,,,,87.0,3.0,30.0,54.0,,,,64.0,12.0,22.0,,,87.0,8.0,63.0,2.0,22.0,22.0,5.0,22.0,,,15.0,2.0,,3.0,175.0,12.0,2.0,,50.0,19.0,19.0,10.0,21.0,2.0,8.0,,,5.0,69.0,2.0,,,12.0,,,,34.0,16.0,65.0,65.0,19.0,,48.0,16.0,,2.0,,,,,3.0,5.0,3.0,,,3.0,,2.0,14.0,2.0,,10.0,2.0,8.0,2.0,,,3.0,1.0,,1.0,11.0,3.0,1.0,3.0,,,,,,1.0,,6.0,,1.0,1.0,1.0,,,,,,,,,,,,0.0,0.0,1.0,26.0,,1.0,,,,,,,,,
cpl::Football_Player::1ece129a4fee46d18322a9312200459f,A. Ricci,Vancouver,Forward,2024,forward,19,1020,4,2,28,6,16,2,6,24,11,3,6,1,0,70.0,19,1.68,1,0,2,0,0,0,0,0,40.0,39.13,30.0,35.29,0,0,0,0,0,0,0,0,0,0,0,0,0,,1020.0,,,,171.0,6.0,53.0,87.0,4.0,6.0,15.0,132.0,47.0,42.0,1.0,,185.0,24.0,127.0,19.0,57.0,37.0,6.0,59.0,,,26.0,11.0,,9.0,387.0,19.0,15.0,,95.0,54.0,47.0,10.0,45.0,1.0,11.0,,,6.0,115.0,6.0,,,19.0,,,,56.0,41.0,114.0,128.0,20.0,,70.0,39.0,,5.0,1.0,1.0,,,13.0,15.0,22.0,,,6.0,7.0,14.0,14.0,9.0,2.0,8.0,12.0,28.0,4.0,1.0,,11.0,6.0,,6.0,11.0,11.0,,3.0,1.0,,,2.0,2.0,3.0,,16.0,,4.0,3.0,3.0,2.0,,1.0,1.0,,,,,,,,0.0,1.0,3.0,23.0,,4.0,,,,,,,,,
cpl::Football_Player::0fd02f7d64ca484bbfcbbf30c395f33b,R. Moore,Pacific,Forward,2024,forward,20,1072,3,2,20,5,11,2,6,23,11,8,2,1,0,76.0,17,1.43,1,0,0,0,0,0,0,0,75.0,35.44,38.67,42.86,0,0,0,0,0,0,0,0,0,0,0,0,0,,1072.0,,,,190.0,9.0,66.0,117.0,2.0,2.0,3.0,124.0,37.0,45.0,1.0,,199.0,23.0,145.0,13.0,48.0,53.0,9.0,46.0,,,26.0,11.0,,6.0,377.0,20.0,10.0,,83.0,36.0,68.0,10.0,56.0,6.0,11.0,,,29.0,158.0,11.0,,,20.0,,,,56.0,44.0,142.0,151.0,75.0,2.0,102.0,27.0,4.0,5.0,1.0,1.0,,,8.0,8.0,9.0,2.0,,6.0,2.0,6.0,46.0,2.0,4.0,9.0,9.0,20.0,7.0,1.0,,4.0,3.0,,3.0,15.0,4.0,,10.0,1.0,,,1.0,2.0,8.0,,11.0,,3.0,2.0,3.0,5.0,,,1.0,3.0,,,,,,,2.0,1.0,2.0,30.0,,3.0,,,,,,,,,
cpl::Football_Player::a63da4a535904f639ece3007ff800854,Gabriel Bitar,Vancouver,Forward,2024,forward,26,1794,4,2,32,6,12,2,20,36,26,1,2,0,0,79.0,28,1.4,22,0,0,0,0,0,0,0,58.82,38.56,18.18,7.27,0,0,0,0,0,0,0,0,0,0,0,0,0,,1794.0,,,2.0,459.0,15.0,115.0,276.0,2.0,2.0,20.0,264.0,115.0,82.0,2.0,,480.0,36.0,358.0,26.0,102.0,133.0,23.0,139.0,,,88.0,20.0,,11.0,848.0,26.0,21.0,,214.0,149.0,58.0,10.0,91.0,20.0,26.0,,,4.0,236.0,5.0,,,26.0,,,,127.0,83.0,362.0,378.0,22.0,1.0,145.0,87.0,2.0,14.0,,,,,27.0,34.0,17.0,4.0,,20.0,7.0,6.0,18.0,14.0,15.0,6.0,20.0,32.0,8.0,,,23.0,13.0,1.0,4.0,42.0,48.0,5.0,11.0,22.0,,14.0,,2.0,1.0,3.0,12.0,3.0,4.0,4.0,3.0,,,1.0,,1.0,,,,,,,0.0,1.0,3.0,78.0,,4.0,,,,,,,,,
cpl::Football_Player::06a7cbbdbcac4641ac0ddc55b4c05117,M. Dyer,Pacific,Forward,2024,forward,24,1964,8,1,47,9,20,1,10,32,50,10,8,0,0,71.0,34,1.56,0,0,3,1,1,0,0,0,71.43,45.99,44.64,21.43,0,0,0,0,0,0,0,0,0,0,0,0,0,,1964.0,,,1.0,336.0,17.0,118.0,192.0,2.0,8.0,8.0,249.0,72.0,99.0,4.0,,368.0,32.0,250.0,30.0,107.0,86.0,21.0,108.0,,,46.0,22.0,,10.0,720.0,24.0,12.0,,175.0,93.0,120.0,10.0,132.0,11.0,50.0,,,50.0,287.0,10.0,,,24.0,,,,93.0,71.0,229.0,261.0,112.0,1.0,155.0,82.0,4.0,12.0,,,,,18.0,14.0,22.0,,,10.0,5.0,7.0,62.0,4.0,4.0,2.0,27.0,47.0,13.0,2.0,,11.0,3.0,,3.0,23.0,11.0,3.0,11.0,,,,,1.0,10.0,,20.0,1.0,8.0,4.0,8.0,6.0,2.0,,2.0,2.0,,,1.0,1.0,,,0.0,4.0,4.0,55.0,,2.0,,,,,,,,,
cpl::Football_Player::3a8819a7f06c45a38e951d42d8743025,M. Shaw,Cavalry,Forward,2024,forward,23,1043,1,1,21,2,7,1,9,24,20,5,1,0,0,74.0,14,1.21,1,0,0,0,0,0,0,0,81.82,37.04,34.04,0.0,0,0,0,0,0,0,0,0,0,0,0,0,0,,1043.0,,,,131.0,7.0,47.0,75.0,2.0,1.0,3.0,89.0,24.0,32.0,,,134.0,24.0,97.0,11.0,35.0,29.0,8.0,31.0,,,23.0,10.0,,4.0,296.0,23.0,16.0,,88.0,29.0,47.0,10.0,50.0,2.0,20.0,,,16.0,135.0,5.0,,,23.0,,,,54.0,29.0,96.0,99.0,47.0,,85.0,34.0,3.0,5.0,,,,,4.0,11.0,12.0,2.0,,9.0,3.0,7.0,31.0,2.0,,13.0,14.0,21.0,9.0,1.0,,,,,,7.0,,,8.0,1.0,,,1.0,1.0,5.0,,7.0,1.0,1.0,,1.0,1.0,1.0,,,,,,,,,,0.0,1.0,0.0,26.0,,,,,,,,,,,
cpl::Football_Player::df0de20d12274b3d9549323a3547572b,J. Heard,Pacific,Forward,2024,forward,18,1138,1,0,13,1,5,0,8,19,30,11,5,0,0,78.0,15,1.19,0,0,0,0,0,0,0,0,66.67,46.77,29.41,11.11,0,0,0,0,0,0,0,0,0,0,0,0,0,,1138.0,,,,214.0,4.0,84.0,114.0,6.0,5.0,8.0,130.0,58.0,41.0,,,218.0,19.0,167.0,13.0,49.0,55.0,6.0,60.0,,,34.0,13.0,,13.0,410.0,18.0,9.0,,107.0,49.0,40.0,10.0,58.0,2.0,30.0,,,5.0,124.0,5.0,,,18.0,,,,54.0,30.0,165.0,169.0,17.0,,66.0,53.0,2.0,10.0,,,,,11.0,12.0,21.0,1.0,,8.0,4.0,5.0,12.0,4.0,1.0,5.0,8.0,13.0,3.0,1.0,,24.0,3.0,,3.0,13.0,24.0,,7.0,,,,,,11.0,,5.0,,1.0,,1.0,3.0,,,1.0,1.0,,,,,,,1.0,1.0,0.0,27.0,,5.0,,,,,,,,,
cpl::Football_Player::db08922169dd4965b34c10fd27536050,C. Vasconcelos,Wanderers,Forward,2024,forward,12,116,0,0,2,0,1,0,2,5,2,0,0,0,0,75.0,2,1.55,1,0,0,0,0,0,0,0,66.67,33.33,40.0,0.0,0,0,0,0,0,0,0,0,0,0,0,0,0,,116.0,,,,51.0,,12.0,31.0,1.0,,1.0,29.0,9.0,12.0,,,52.0,5.0,39.0,1.0,13.0,10.0,2.0,12.0,,,13.0,,,4.0,87.0,12.0,2.0,,22.0,20.0,6.0,10.0,9.0,,2.0,,,2.0,27.0,1.0,,,12.0,,,,15.0,10.0,38.0,39.0,5.0,,18.0,7.0,1.0,,,,,,2.0,3.0,3.0,1.0,,2.0,,2.0,3.0,1.0,2.0,12.0,1.0,2.0,1.0,,,3.0,1.0,,,4.0,3.0,,,1.0,,,,,,1.0,1.0,,,,,1.0,,,,,,,,,,,0.0,,,9.0,,,,,,,,,,,
cpl::Football_Player::e59631b9384648c1a9d3a057aabe9412,V. Klonaridis,Forge,Forward,2024,forward,3,78,0,1,0,1,0,1,0,0,1,0,0,0,0,86.0,2,2.31,0,0,0,0,0,0,0,0,0.0,40.0,0.0,0.0,0,0,0,0,0,0,0,0,0,0,0,0,0,,78.0,,,,10.0,,6.0,6.0,,,,7.0,6.0,2.0,,,14.0,,12.0,2.0,2.0,2.0,,3.0,,,3.0,1.0,,,25.0,3.0,,,4.0,4.0,1.0,10.0,2.0,,1.0,,,,5.0,,,,3.0,,,,2.0,2.0,8.0,12.0,1.0,,3.0,2.0,,1.0,,,,,,1.0,2.0,,,,,1.0,1.0,1.0,,2.0,,,,,,1.0,,,,,1.0,,,,,,1.0,1.0,,,,,,,,,,,,,,,,,,,0.0,,,1.0,,,,,,,,,,,
cpl::Football_Player::e9cd44c2190e4d57b7fec90bf7892145,T. Ciccarelli,Wanderers,Forward,2024,forward,1,1,0,0,0,0,0,0,0,0,0,0,0,0,0,,0,0.0,0,0,0,0,0,0,0,0,0.0,0.0,0.0,0.0,0,0,0,0,0,0,0,0,0,0,0,0,0,,1.0,,,,,,,,,,,,,,,,,,,,,,,,,,,,,,,1.0,,,,,,10.0,,,,,,,,,,,1.0,,,,,,,,,,,,,,,,,,,,,,,,,,,,,1.0,,,,,,,,,,,,,,,,,,,,,,,,,,,,,,,,,,,,,0.0,,,,,,,,,,,,,,
cpl::Football_Player::dace44682e2f47b8bc651c8032e6e97d,T. Coimbra,Wanderers,Forward,2024,forward,20,796,4,1,21,5,9,1,4,10,4,12,3,1,0,59.0,14,1.58,0,0,1,0,0,0,0,0,66.67,43.97,61.54,0.0,0,0,0,0,0,0,0,0,0,0,0,0,0,,796.0,,,,131.0,7.0,37.0,61.0,1.0,3.0,4.0,122.0,21.0,53.0,1.0,,139.0,10.0,80.0,12.0,57.0,33.0,5.0,49.0,,,17.0,10.0,,9.0,300.0,20.0,4.0,,64.0,32.0,52.0,10.0,51.0,2.0,4.0,,,32.0,116.0,16.0,,,20.0,,,,45.0,37.0,74.0,82.0,52.0,,65.0,19.0,2.0,10.0,1.0,,,,9.0,6.0,19.0,,,4.0,5.0,13.0,20.0,2.0,1.0,10.0,12.0,21.0,3.0,1.0,,1.0,,,,14.0,1.0,,11.0,,1.0,,,1.0,12.0,,9.0,,4.0,,4.0,2.0,2.0,,2.0,,,,,,,,1.0,2.0,2.0,29.0,,2.0,,,,,,,,,
cpl::Football_Player::f35e8387775841209e2b83c588cc5c52,J. Hamilton,Forge,Forward,2024,forward,23,664,1,1,10,2,5,1,2,10,4,6,0,0,0,82.0,5,0.68,0,0,2,0,0,0,0,0,100.0,30.19,38.1,0.0,0,0,0,0,0,0,0,0,0,0,0,0,0,,664.0,,,,98.0,3.0,51.0,51.0,,,,57.0,39.0,21.0,,,111.0,10.0,87.0,5.0,21.0,22.0,3.0,14.0,,,18.0,7.0,,7.0,189.0,23.0,3.0,,32.0,12.0,20.0,10.0,16.0,3.0,4.0,,,8.0,53.0,6.0,,,23.0,,,,24.0,26.0,77.0,90.0,21.0,1.0,37.0,8.0,,6.0,,,,,2.0,2.0,6.0,5.0,,2.0,1.0,4.0,13.0,,,16.0,5.0,10.0,3.0,1.0,,,,,,4.0,,,7.0,,,,1.0,1.0,6.0,,5.0,,1.0,1.0,1.0,1.0,,,,,,,,,,,0.0,1.0,0.0,18.0,,1.0,,,,,,,,,
cpl::Football_Player::1445e6a3753f48798c8bcc200069bdb6,A. Reid,Pacific,Forward,2024,forward,19,674,0,2,10,2,6,2,9,21,15,3,3,0,0,74.0,9,1.2,15,0,0,0,0,0,0,0,75.0,40.0,26.67,13.04,0,0,0,0,0,0,0,0,0,0,0,0,0,,674.0,,,,157.0,9.0,41.0,98.0,1.0,3.0,4.0,100.0,36.0,41.0,,,171.0,21.0,119.0,7.0,45.0,43.0,17.0,58.0,,,30.0,7.0,,1.0,320.0,19.0,14.0,,90.0,49.0,34.0,10.0,42.0,7.0,15.0,,,4.0,105.0,2.0,,,19.0,,,,52.0,38.0,112.0,126.0,15.0,1.0,63.0,38.0,2.0,6.0,,,,,11.0,12.0,10.0,,,9.0,5.0,5.0,11.0,3.0,3.0,12.0,4.0,10.0,2.0,,,4.0,8.0,,3.0,7.0,14.0,4.0,3.0,15.0,,6.0,2.0,2.0,3.0,6.0,6.0,,,,,1.0,,,,,,,,,,,0.0,,,24.0,,1.0,,,,,,,,,
cpl::Football_Player::31115f5131a74426969fd8573af2d8b9,B. Wright,Inter Toronto,Forward,2024,forward,24,2058,9,6,33,15,16,6,7,15,25,12,1,0,0,66.0,27,1.18,0,0,2,0,0,0,0,0,63.64,45.12,46.53,25.0,0,0,0,0,0,0,0,0,0,0,0,0,0,,2058.0,,,,307.0,16.0,119.0,158.0,2.0,1.0,4.0,240.0,69.0,114.0,2.0,,343.0,15.0,222.0,24.0,118.0,75.0,12.0,108.0,,,24.0,23.0,,16.0,626.0,24.0,4.0,,114.0,86.0,98.0,10.0,97.0,3.0,25.0,,,47.0,215.0,18.0,,,24.0,,,,64.0,63.0,189.0,225.0,101.0,3.0,118.0,50.0,3.0,10.0,,,,,18.0,11.0,19.0,1.0,,7.0,4.0,7.0,54.0,4.0,,1.0,17.0,33.0,6.0,4.0,,6.0,2.0,,2.0,25.0,6.0,1.0,24.0,,,,6.0,6.0,12.0,,16.0,,9.0,8.0,9.0,3.0,,,1.0,,,,,,,,4.0,5.0,4.0,43.0,,2.0,,,,,,,,,
cpl::Football_Player::fe97daed88864e66a3ecc7ab9935be5d,C. Bayiha,Wanderers,Forward,2024,forward,22,1201,0,4,6,4,4,4,27,10,24,1,1,0,0,86.0,19,1.42,0,0,0,0,0,0,0,0,84.38,47.02,23.81,24.0,0,0,0,0,0,0,0,0,0,0,0,0,0,,1201.0,,,3.0,378.0,10.0,105.0,193.0,6.0,1.0,9.0,162.0,140.0,47.0,1.0,,383.0,10.0,315.0,18.0,56.0,31.0,6.0,54.0,,,81.0,15.0,,21.0,700.0,22.0,4.0,,147.0,84.0,39.0,10.0,79.0,12.0,24.0,,,5.0,168.0,19.0,,,22.0,,,,73.0,163.0,322.0,327.0,21.0,1.0,89.0,74.0,1.0,11.0,,,,,18.0,32.0,23.0,,,27.0,14.0,10.0,16.0,5.0,53.0,7.0,2.0,6.0,2.0,3.0,,19.0,6.0,8.0,6.0,23.0,19.0,3.0,5.0,,,,3.0,4.0,1.0,,4.0,,,,,,,,,1.0,,,,,,,0.0,,,49.0,,3.0,,,,,,,,,
cpl::Football_Player::25c007080f3c4ebda4720b2425467546,J. Guzmán,Inter Toronto,Forward,2024,forward,11,944,0,5,13,5,5,5,4,6,20,1,1,1,0,80.0,12,1.14,20,0,0,0,0,0,0,0,66.67,41.84,41.67,26.09,0,0,0,0,0,0,0,0,0,0,0,0,0,,944.0,,,,305.0,17.0,98.0,176.0,1.0,1.0,5.0,189.0,101.0,62.0,,,321.0,6.0,245.0,10.0,67.0,119.0,16.0,101.0,,,31.0,11.0,,13.0,574.0,11.0,3.0,,86.0,63.0,42.0,10.0,41.0,9.0,20.0,,,5.0,98.0,1.0,,,11.0,,,,50.0,41.0,238.0,254.0,12.0,,57.0,36.0,2.0,5.0,1.0,,,,10.0,6.0,28.0,,,4.0,6.0,10.0,7.0,2.0,18.0,,8.0,13.0,3.0,,,40.0,23.0,1.0,18.0,27.0,47.0,1.0,4.0,20.0,1.0,4.0,5.0,5.0,1.0,4.0,5.0,2.0,,,,1.0,,,,,,,,,,,0.0,,,41.0,,4.0,,,,,,,,,
cpl::Football_Player::02aa7947a974467ca35b62d0357226b4,S. Dzikowski,Vancouver,Forward,2024,forward,6,109,0,0,3,0,0,0,2,3,1,1,1,0,0,60.0,3,2.48,0,0,0,0,0,0,0,0,50.0,48.0,30.77,0.0,0,0,0,0,0,0,0,0,0,0,0,0,0,,109.0,,,,17.0,1.0,9.0,5.0,,1.0,,18.0,7.0,8.0,,,20.0,3.0,12.0,3.0,8.0,3.0,,7.0,,,3.0,,,1.0,44.0,6.0,2.0,,12.0,4.0,9.0,10.0,12.0,,1.0,,,4.0,25.0,1.0,,,6.0,,,,4.0,4.0,9.0,12.0,13.0,,13.0,8.0,,,,,,,3.0,4.0,,,,2.0,1.0,,9.0,2.0,,6.0,3.0,3.0,1.0,,,,,,,1.0,,,1.0,,,,,,1.0,,,,,,,1.0,,,,,,,,,,,0.0,,,1.0,,1.0,,,,,,,,,
cpl::Football_Player::aceae7c77e384a08a0b2e7147138d478,J. Navarro,Vancouver,Forward,2024,forward,7,208,0,0,1,0,0,0,1,3,2,1,1,0,0,57.0,4,1.73,0,0,1,0,0,0,0,0,50.0,35.29,40.0,0.0,0,0,0,0,0,0,0,0,0,0,0,0,0,,208.0,,,,40.0,2.0,9.0,17.0,,1.0,,24.0,6.0,18.0,,,41.0,3.0,23.0,4.0,18.0,12.0,4.0,18.0,,,10.0,1.0,,,69.0,7.0,1.0,,14.0,12.0,14.0,10.0,12.0,,2.0,,,8.0,34.0,3.0,,,7.0,,,,10.0,8.0,22.0,23.0,20.0,,22.0,4.0,,1.0,,,,,,2.0,5.0,,,1.0,2.0,1.0,12.0,1.0,1.0,6.0,1.0,1.0,2.0,1.0,,,,,,3.0,,1.0,2.0,,,,,,1.0,,,,,,,,,,,,,,,,,,0.0,,,4.0,,,,,,,,,,,
cpl::Football_Player::a96eb3025e23467ca33277ae9c86f369,S. Salter,Atlético,Forward,2024,forward,30,942,5,2,23,7,16,2,15,30,19,2,1,0,0,73.0,14,1.34,0,0,1,0,0,0,0,0,62.5,48.47,54.1,20.0,0,0,0,0,0,0,0,0,0,0,0,0,0,,942.0,,,,238.0,7.0,70.0,120.0,3.0,1.0,5.0,152.0,60.0,63.0,1.0,,247.0,30.0,175.0,12.0,68.0,73.0,12.0,58.0,,,44.0,8.0,,14.0,473.0,30.0,10.0,,135.0,48.0,67.0,10.0,95.0,4.0,19.0,,,33.0,196.0,3.0,,,30.0,,,,73.0,56.0,170.0,179.0,61.0,,101.0,62.0,2.0,8.0,,,,,19.0,24.0,16.0,5.0,,15.0,7.0,8.0,28.0,9.0,1.0,22.0,7.0,23.0,3.0,,,4.0,1.0,,1.0,23.0,4.0,,7.0,,,,2.0,2.0,2.0,,16.0,,5.0,2.0,5.0,2.0,,,3.0,1.0,,,,,,,0.0,1.0,4.0,39.0,,2.0,,,,,,,,,
cpl::Football_Player::3a40cda943824387943792e6a62fee0f,R. Telfer,Wanderers,Forward,2024,forward,23,1659,4,2,28,6,11,2,11,15,43,6,3,0,0,74.0,22,1.19,15,0,0,0,0,0,0,0,64.71,53.77,45.76,6.67,0,0,0,0,0,0,0,0,0,0,0,0,0,,1659.0,,,2.0,393.0,13.0,123.0,228.0,4.0,3.0,11.0,233.0,80.0,99.0,2.0,,411.0,15.0,284.0,19.0,110.0,99.0,21.0,116.0,,,45.0,19.0,,16.0,737.0,23.0,8.0,,153.0,114.0,72.0,10.0,114.0,17.0,43.0,,,27.0,212.0,11.0,,,23.0,,,,66.0,75.0,284.0,301.0,59.0,1.0,98.0,87.0,3.0,14.0,,,,,28.0,17.0,25.0,1.0,,11.0,5.0,9.0,32.0,6.0,18.0,4.0,17.0,28.0,7.0,1.0,,14.0,7.0,7.0,2.0,20.0,22.0,3.0,8.0,15.0,,7.0,1.0,2.0,6.0,6.0,11.0,4.0,4.0,,4.0,,,,4.0,2.0,,,,,,,2.0,1.0,3.0,45.0,,4.0,,,,,,,,,
cpl::Football_Player::a02919161811464a8411d7a898a68fff,L. Kwemi,Valour,Forward,2024,forward,14,409,0,1,6,1,4,1,11,9,7,0,2,0,0,73.0,5,1.1,0,0,0,0,0,0,0,0,57.89,54.26,22.22,15.38,0,0,0,0,0,0,0,0,0,0,0,0,0,,409.0,,,,109.0,10.0,35.0,50.0,2.0,2.0,4.0,90.0,31.0,26.0,1.0,,109.0,9.0,76.0,4.0,30.0,29.0,8.0,35.0,,,25.0,3.0,,6.0,254.0,14.0,3.0,,85.0,29.0,45.0,10.0,51.0,3.0,7.0,,,2.0,94.0,3.0,,,14.0,,,,36.0,16.0,79.0,79.0,9.0,,43.0,49.0,1.0,2.0,,,,,23.0,19.0,14.0,,,11.0,5.0,3.0,7.0,8.0,2.0,11.0,2.0,6.0,1.0,1.0,,11.0,2.0,,2.0,12.0,11.0,1.0,1.0,,,,1.0,1.0,,,4.0,,,,,,,,,,1.0,,,,,,0.0,,,21.0,,6.0,,,,,,,,,
cpl::Football_Player::901d6c67f4fb4410a6035a929953e009,A. Koné,Forge,Forward,2024,forward,18,494,0,2,4,2,3,2,2,11,12,2,0,0,0,76.0,4,0.73,0,0,0,0,0,0,0,0,50.0,37.33,55.56,0.0,0,0,0,0,0,0,0,0,0,0,0,0,0,,494.0,,,,97.0,2.0,48.0,51.0,2.0,,4.0,81.0,28.0,22.0,,,105.0,11.0,79.0,3.0,26.0,24.0,3.0,25.0,,,15.0,5.0,,2.0,216.0,18.0,4.0,,66.0,21.0,22.0,10.0,28.0,,12.0,,,5.0,75.0,8.0,,,18.0,,,,43.0,12.0,71.0,79.0,9.0,,47.0,23.0,1.0,5.0,,,,,7.0,4.0,7.0,,,2.0,4.0,5.0,4.0,2.0,1.0,13.0,1.0,4.0,,2.0,,1.0,,1.0,,9.0,1.0,2.0,1.0,,,,1.0,2.0,2.0,,3.0,,,,,1.0,,,,,,,,,,,0.0,,,30.0,,2.0,,,,,,,,,
cpl::Football_Player::ae23ee82dcf94e9a9bd025598913c845,A. Binate,Valour,Forward,2024,forward,27,1186,4,1,18,5,13,1,17,33,15,2,3,0,0,76.0,18,1.37,0,0,0,0,0,0,0,0,60.71,35.98,37.65,6.67,0,0,0,0,0,0,0,0,0,0,0,0,0,,1186.0,,,,287.0,10.0,84.0,148.0,7.0,3.0,9.0,217.0,71.0,63.0,4.0,,290.0,33.0,214.0,17.0,72.0,63.0,12.0,67.0,,,44.0,13.0,,19.0,607.0,27.0,9.0,,179.0,84.0,41.0,10.0,95.0,4.0,15.0,,,32.0,264.0,11.0,,,27.0,,,,116.0,59.0,215.0,218.0,85.0,1.0,169.0,63.0,1.0,11.0,,,,,21.0,28.0,36.0,1.0,,17.0,1.0,23.0,53.0,11.0,1.0,14.0,5.0,18.0,2.0,3.0,,14.0,1.0,,1.0,35.0,14.0,1.0,13.0,,,,1.0,1.0,2.0,,13.0,,4.0,3.0,3.0,2.0,1.0,1.0,,,,,,,,,0.0,1.0,3.0,74.0,,10.0,,,,,,,,,
cpl::Football_Player::41d0f411d33949359fd8e13884639ba0,B. Tabla,Atlético,Forward,2024,forward,30,1844,2,4,39,6,16,4,19,22,23,12,5,0,0,84.0,21,1.02,0,0,2,0,0,0,0,0,82.61,51.15,42.86,35.0,0,0,0,0,0,0,0,0,0,0,0,0,0,,1844.0,,,,439.0,13.0,145.0,271.0,2.0,5.0,4.0,180.0,104.0,71.0,1.0,,443.0,22.0,361.0,17.0,75.0,100.0,29.0,78.0,,,54.0,23.0,,10.0,746.0,30.0,5.0,,153.0,97.0,116.0,10.0,89.0,7.0,23.0,,,9.0,174.0,4.0,,,30.0,,,,73.0,101.0,364.0,368.0,21.0,,85.0,80.0,4.0,18.0,,,,,34.0,23.0,20.0,4.0,,19.0,10.0,9.0,12.0,4.0,7.0,7.0,23.0,39.0,14.0,1.0,,13.0,7.0,,7.0,34.0,13.0,5.0,7.0,,,,2.0,4.0,12.0,,16.0,,2.0,2.0,2.0,,,,,,,,,,,,1.0,0.0,2.0,51.0,,4.0,,,,,,,,,
cpl::Football_Player::0f153dc7081442a3bc20cd568ca71e39,W. Timóteo,Wanderers,Forward,2024,forward,21,1540,0,1,7,1,1,1,35,10,7,4,3,0,0,83.0,28,1.64,33,0,1,0,0,0,0,0,72.92,57.94,44.0,9.72,0,0,0,0,0,0,0,0,0,0,0,0,0,,1540.0,,,8.0,840.0,10.0,142.0,370.0,21.0,3.0,60.0,256.0,384.0,96.0,1.0,,886.0,10.0,696.0,24.0,156.0,348.0,29.0,155.0,,,77.0,16.0,,56.0,1292.0,21.0,6.0,,101.0,342.0,21.0,10.0,73.0,34.0,7.0,,,11.0,126.0,33.0,,,21.0,,,,39.0,54.0,690.0,730.0,25.0,3.0,53.0,62.0,4.0,4.0,,,,,7.0,48.0,47.0,3.0,,35.0,13.0,22.0,14.0,13.0,106.0,5.0,6.0,7.0,4.0,7.0,,35.0,24.0,11.0,7.0,9.0,55.0,1.0,2.0,33.0,,13.0,1.0,1.0,4.0,10.0,1.0,4.0,,,,,,,,,1.0,,,,,,0.0,,,13.0,,,,,,,,,,,
cpl::Football_Player::7c7c78f8a9b24353a2c2418452327dab,Kévin Santos,Atlético,Forward,2024,forward,10,125,0,0,2,0,1,0,1,3,6,0,0,0,0,65.0,1,0.72,1,0,0,0,0,0,0,0,50.0,36.84,25.0,0.0,0,0,0,0,0,0,0,0,0,0,0,0,0,,125.0,,,,38.0,1.0,11.0,14.0,1.0,,1.0,36.0,12.0,13.0,,,39.0,3.0,22.0,1.0,14.0,15.0,1.0,19.0,,,8.0,1.0,,,89.0,10.0,,,34.0,12.0,9.0,10.0,14.0,3.0,6.0,,,1.0,38.0,3.0,,,10.0,,,,21.0,1.0,24.0,25.0,4.0,,24.0,13.0,,1.0,,,,,5.0,2.0,2.0,,,1.0,1.0,,3.0,1.0,3.0,9.0,1.0,2.0,1.0,1.0,,4.0,1.0,,,2.0,5.0,,2.0,1.0,,,,,,1.0,1.0,,,,,,,,,,,,,,,,0.0,,,10.0,,1.0,,,,,,,,,
cpl::Football_Player::a2bda4ee744a46f5ba2c6d64d47b4f9e,A. Sellouf,Vancouver,Forward,2024,forward,20,1202,4,0,15,4,11,0,8,6,24,1,0,0,0,82.0,17,1.27,23,0,0,3,3,0,0,0,72.73,48.67,37.5,10.81,0,0,0,0,0,0,0,0,0,0,0,0,0,,1202.0,,,1.0,461.0,13.0,119.0,249.0,4.0,,10.0,199.0,160.0,78.0,,,486.0,6.0,378.0,16.0,88.0,161.0,16.0,87.0,,,55.0,11.0,,27.0,757.0,20.0,4.0,,134.0,131.0,49.0,10.0,73.0,20.0,24.0,,,6.0,150.0,1.0,,,20.0,,,,67.0,75.0,374.0,398.0,16.0,,77.0,67.0,1.0,5.0,,,,,32.0,11.0,19.0,1.0,,8.0,8.0,4.0,10.0,3.0,14.0,9.0,4.0,15.0,12.0,1.0,1.0,13.0,11.0,,4.0,29.0,26.0,2.0,14.0,23.0,,10.0,,,1.0,7.0,11.0,2.0,4.0,3.0,3.0,1.0,,1.0,1.0,,,,3.0,3.0,,,1.0,1.0,3.0,56.0,,3.0,,,,,,,,,
cpl::Football_Player::fe284e4b5b5e4e43a39bdaf803f2c79d,J. Swibel,Valour,Forward,2024,forward,28,2015,7,0,37,7,23,0,6,42,26,7,6,0,0,73.0,32,1.43,1,0,1,0,0,0,0,0,54.55,26.38,19.44,16.67,0,0,0,0,0,0,0,0,0,0,0,0,0,,2015.0,,,1.0,369.0,11.0,137.0,172.0,14.0,6.0,21.0,207.0,126.0,91.0,6.0,,409.0,42.0,279.0,31.0,112.0,104.0,14.0,80.0,,,48.0,24.0,,37.0,687.0,28.0,21.0,,146.0,95.0,53.0,10.0,67.0,18.0,26.0,,,21.0,254.0,23.0,,,28.0,,,,100.0,73.0,258.0,297.0,108.0,1.0,187.0,46.0,1.0,15.0,,,,,9.0,11.0,28.0,3.0,,6.0,,15.0,87.0,5.0,1.0,4.0,14.0,37.0,7.0,2.0,,5.0,1.0,,1.0,18.0,5.0,1.0,32.0,1.0,,,,,7.0,,23.0,5.0,7.0,4.0,5.0,9.0,1.0,2.0,2.0,,,1.0,,,,,3.0,5.0,2.0,48.0,,2.0,,,,,,,,,
cpl::Football_Player::99a91175ff8e476ca86125ecab87f00b,Mo Babouli,Inter Toronto,Forward,2024,forward,23,1938,7,2,34,9,18,2,17,22,35,7,3,0,0,79.0,22,1.02,64,0,0,0,0,0,0,0,70.83,40.24,31.58,6.19,0,0,0,0,0,0,0,0,0,0,0,0,0,,1938.0,,,,657.0,23.0,143.0,391.0,7.0,3.0,34.0,372.0,186.0,117.0,1.0,,709.0,22.0,496.0,18.0,151.0,220.0,25.0,203.0,,,96.0,22.0,,25.0,1187.0,23.0,12.0,,213.0,225.0,59.0,10.0,101.0,62.0,35.0,,,12.0,251.0,18.0,,,23.0,,,,124.0,121.0,513.0,558.0,38.0,4.0,150.0,89.0,4.0,7.0,,,,,30.0,24.0,40.0,2.0,,17.0,6.0,18.0,26.0,7.0,19.0,1.0,16.0,34.0,12.0,2.0,,33.0,19.0,2.0,6.0,35.0,77.0,5.0,19.0,64.0,,31.0,2.0,2.0,7.0,14.0,18.0,11.0,7.0,4.0,5.0,5.0,2.0,2.0,1.0,,1.0,1.0,,,,,0.0,4.0,3.0,81.0,,5.0,,,,,,,,,
cpl::Football_Player::f5aec735953a459ba324940a2fc1411f,S. Jimoh,Inter Toronto,Forward,2024,forward,16,598,4,1,8,5,7,1,11,14,12,1,0,0,0,80.0,10,1.51,9,0,1,0,0,0,0,0,61.11,43.3,50.0,15.15,0,0,0,0,0,0,0,0,0,0,0,0,0,,598.0,,,,177.0,11.0,86.0,98.0,1.0,,3.0,116.0,54.0,36.0,1.0,,186.0,14.0,145.0,9.0,39.0,39.0,6.0,59.0,,,21.0,4.0,,8.0,351.0,16.0,6.0,,91.0,36.0,32.0,10.0,42.0,2.0,12.0,,,3.0,97.0,,,,16.0,,,,52.0,25.0,138.0,147.0,6.0,1.0,55.0,39.0,1.0,2.0,,,,,10.0,18.0,17.0,1.0,,11.0,3.0,7.0,3.0,7.0,4.0,12.0,1.0,8.0,3.0,,,27.0,5.0,1.0,5.0,19.0,28.0,,2.0,9.0,,1.0,1.0,1.0,1.0,,7.0,,4.0,3.0,4.0,,,,1.0,,,,,,,,2.0,2.0,2.0,26.0,,2.0,,,,,,,,,
cpl::Football_Player::4677d430ee38453e9a424d4e8c1cc96b,T. Borges,Forge,Forward,2024,forward,25,1821,8,6,40,14,21,6,28,19,26,8,8,0,0,84.0,22,1.09,46,0,1,1,1,0,0,0,57.14,44.64,15.38,8.7,0,0,0,0,0,0,0,0,0,0,0,0,0,,1821.0,,1.0,1.0,631.0,24.0,182.0,446.0,1.0,8.0,16.0,304.0,110.0,95.0,3.0,,658.0,19.0,519.0,19.0,111.0,90.0,36.0,158.0,,,105.0,21.0,,14.0,1105.0,25.0,16.0,,220.0,177.0,91.0,10.0,104.0,28.0,26.0,,,2.0,233.0,3.0,,,25.0,,,,118.0,209.0,520.0,547.0,13.0,1.0,129.0,102.0,3.0,18.0,,,,,27.0,49.0,40.0,,,28.0,13.0,20.0,11.0,21.0,14.0,4.0,19.0,40.0,15.0,,,32.0,9.0,,6.0,40.0,61.0,2.0,15.0,46.0,,25.0,6.0,6.0,8.0,2.0,21.0,3.0,8.0,1.0,7.0,1.0,1.0,1.0,6.0,,,,1.0,1.0,,,2.0,7.0,1.0,74.0,,6.0,,,,,,,,,
cpl::Football_Player::04cd976c461148d79ab8cafc0bf69c62,D. Choinière,Forge,Forward,2024,forward,30,2320,5,5,29,10,17,5,25,33,22,3,3,0,0,85.0,29,1.12,0,0,3,0,0,0,0,0,59.52,37.31,25.0,20.63,0,0,0,0,0,0,0,0,0,0,0,0,0,,2320.0,,,,870.0,31.0,253.0,579.0,8.0,3.0,15.0,347.0,172.0,121.0,3.0,,874.0,33.0,723.0,26.0,136.0,128.0,28.0,159.0,,,100.0,28.0,,27.0,1333.0,30.0,16.0,,252.0,189.0,119.0,10.0,100.0,15.0,22.0,,,4.0,268.0,5.0,,,30.0,,,,156.0,304.0,734.0,738.0,16.0,2.0,168.0,96.0,3.0,20.0,,,,,32.0,42.0,47.0,4.0,,25.0,6.0,19.0,12.0,17.0,15.0,2.0,12.0,29.0,14.0,1.0,,50.0,13.0,2.0,13.0,39.0,50.0,3.0,3.0,,,,5.0,5.0,3.0,,17.0,,5.0,4.0,5.0,3.0,,,1.0,,,,,,,,1.0,1.0,4.0,88.0,,6.0,,,,,,,,,
cpl::Football_Player::c39cf7fa836f436d961ce8dbbf72dc90,N. Ampomah,Forge,Forward,2024,forward,17,938,2,2,28,4,15,2,5,32,9,8,6,0,0,74.0,7,0.67,0,0,0,0,0,0,0,0,50.0,31.03,12.5,18.18,0,0,0,0,0,0,0,0,0,0,0,0,0,,938.0,,,,218.0,10.0,47.0,122.0,1.0,6.0,8.0,131.0,45.0,51.0,,,224.0,32.0,151.0,6.0,59.0,100.0,8.0,61.0,,,35.0,11.0,,7.0,398.0,17.0,19.0,,108.0,51.0,55.0,10.0,36.0,14.0,9.0,,,1.0,116.0,3.0,,,17.0,,,,73.0,26.0,159.0,165.0,8.0,,80.0,35.0,1.0,9.0,,,,,16.0,10.0,15.0,1.0,,5.0,3.0,6.0,7.0,5.0,4.0,6.0,13.0,28.0,4.0,,,9.0,2.0,,2.0,20.0,9.0,1.0,5.0,,,,2.0,2.0,8.0,,15.0,,2.0,1.0,1.0,,,1.0,1.0,1.0,,,,,,,0.0,2.0,0.0,34.0,,6.0,,,,,,,,,
cpl::Football_Player::c5b37ec1e74c4854b88811fb9e271617,D. Salanović,Inter Toronto,Forward,2024,forward,11,538,2,0,5,2,2,0,4,7,2,1,3,0,0,79.0,8,1.34,13,0,0,0,0,0,0,0,66.67,38.3,33.33,6.25,0,0,0,0,0,0,0,0,0,0,0,0,0,,538.0,,,1.0,140.0,4.0,57.0,84.0,4.0,3.0,7.0,78.0,43.0,26.0,1.0,,156.0,7.0,115.0,8.0,33.0,37.0,8.0,42.0,,,20.0,6.0,,4.0,246.0,11.0,3.0,,35.0,32.0,16.0,10.0,18.0,8.0,2.0,,,4.0,47.0,4.0,,,11.0,,,,21.0,30.0,107.0,123.0,12.0,,29.0,14.0,,5.0,,,,,6.0,6.0,8.0,,,4.0,5.0,2.0,8.0,2.0,1.0,5.0,3.0,5.0,3.0,,,4.0,4.0,,1.0,8.0,13.0,1.0,4.0,13.0,,7.0,,,1.0,2.0,2.0,,2.0,2.0,2.0,1.0,,,,,,,,,,,1.0,2.0,0.0,13.0,,2.0,,,,,,,,,
cpl::Football_Player::7605490b6ccd4ec881fe76b8f5e1999f,R. del Campo,Atlético,Forward,2024,forward,30,2265,12,2,61,14,27,2,6,30,34,16,5,0,0,74.0,29,1.15,0,0,3,2,2,0,0,0,50.0,36.95,35.94,19.05,0,0,0,0,0,0,0,0,0,0,0,0,0,,2265.0,,,,256.0,26.0,93.0,142.0,2.0,5.0,8.0,233.0,81.0,72.0,1.0,,299.0,30.0,213.0,24.0,80.0,83.0,16.0,93.0,,,41.0,24.0,,4.0,675.0,30.0,9.0,,167.0,63.0,130.0,10.0,109.0,6.0,34.0,,,46.0,295.0,10.0,,,30.0,,,,104.0,60.0,176.0,219.0,128.0,2.0,186.0,63.0,5.0,8.0,,,,,19.0,12.0,30.0,,,6.0,2.0,14.0,82.0,6.0,7.0,6.0,34.0,61.0,28.0,2.0,1.0,17.0,4.0,2.0,4.0,39.0,17.0,2.0,12.0,,,,2.0,2.0,16.0,,27.0,2.0,12.0,2.0,11.0,3.0,,1.0,10.0,1.0,,,2.0,2.0,,,2.0,5.0,7.0,71.0,,7.0,,,,,,,,,
cpl::Football_Player::6fcf09933f254171a16a70196c61c7e0,O. Botello,Inter Toronto,Forward,2024,forward,26,1904,0,0,10,0,2,0,27,38,27,0,14,0,0,82.0,25,1.18,12,0,0,0,0,0,0,0,54.0,50.0,33.33,20.97,0,0,0,0,0,0,0,0,0,0,0,0,0,,1904.0,,,7.0,1067.0,19.0,232.0,462.0,49.0,14.0,83.0,337.0,442.0,118.0,2.0,,1092.0,38.0,836.0,22.0,201.0,382.0,12.0,185.0,,,102.0,22.0,,65.0,1662.0,26.0,21.0,,175.0,423.0,12.0,10.0,101.0,55.0,27.0,,,9.0,202.0,44.0,,,26.0,,,,83.0,55.0,868.0,891.0,27.0,4.0,101.0,92.0,3.0,8.0,,,,,16.0,50.0,50.0,,,27.0,31.0,18.0,18.0,23.0,169.0,4.0,8.0,10.0,2.0,6.0,,34.0,13.0,21.0,13.0,12.0,49.0,,1.0,12.0,,12.0,,,,,2.0,1.0,,,,,,,,,,,,,,,0.0,,,31.0,,5.0,,,,,,,,,
cpl::Football_Player::0d635e29400f481397a6663825364631,S. Castello,Forge,Forward,2024,forward,2,41,0,0,0,0,0,0,1,2,2,1,0,0,0,75.0,0,0.0,0,0,0,0,0,0,0,0,100.0,42.86,0.0,100.0,0,0,0,0,0,0,0,0,0,0,0,0,0,,41.0,,,,20.0,,10.0,8.0,1.0,,3.0,9.0,8.0,2.0,,,20.0,2.0,15.0,,5.0,5.0,,4.0,,,2.0,,,1.0,31.0,2.0,2.0,,7.0,3.0,,10.0,3.0,,2.0,,,,7.0,,,,2.0,,,,4.0,2.0,15.0,15.0,,,4.0,3.0,,,,,,,,1.0,1.0,,,1.0,,,,,,2.0,,,,,,,1.0,1.0,1.0,,,,1.0,,,,,,1.0,,,,,,,,,,,,,,,,,,0.0,,,2.0,,,,,,,,,,,
cpl::Football_Player::085026728fc94c60b6d02a13a0a4ee6f,J. Hanson,Valour,Forward,2024,forward,10,139,0,0,0,0,0,0,0,6,4,1,2,0,0,55.0,6,3.88,0,0,0,0,0,0,0,0,0.0,39.29,35.71,0.0,0,0,0,0,0,0,0,0,0,0,0,0,0,,139.0,,,,30.0,,6.0,7.0,,2.0,,25.0,10.0,14.0,,,31.0,6.0,16.0,5.0,14.0,9.0,1.0,13.0,,,8.0,,,2.0,61.0,10.0,2.0,,14.0,5.0,4.0,10.0,11.0,1.0,4.0,,,5.0,28.0,1.0,,,10.0,,,,8.0,11.0,16.0,17.0,14.0,,17.0,6.0,1.0,1.0,,,,,1.0,1.0,1.0,,,,2.0,1.0,9.0,1.0,1.0,10.0,,,2.0,,,1.0,,,,3.0,1.0,,,,,,,,1.0,,,,,,,1.0,,,,,,,,,,,0.0,,,3.0,,,,,,,,,,,
cpl::Football_Player::37fbeb2979074ca7984fcf381abe8c12,D. O'Hea,Pacific,Forward,2024,forward,7,347,0,0,5,0,2,0,0,4,4,4,0,0,0,72.0,5,1.3,0,0,0,0,0,0,0,0,0.0,50.98,44.44,0.0,0,0,0,0,0,0,0,0,0,0,0,0,0,,347.0,,,,72.0,2.0,23.0,37.0,1.0,,2.0,39.0,16.0,19.0,1.0,,74.0,4.0,52.0,3.0,21.0,11.0,2.0,18.0,,,13.0,5.0,,5.0,120.0,7.0,2.0,,24.0,17.0,21.0,10.0,26.0,1.0,4.0,,,12.0,51.0,1.0,,,7.0,,,,10.0,23.0,51.0,53.0,27.0,,25.0,14.0,2.0,4.0,,,,,7.0,3.0,3.0,,,,1.0,1.0,15.0,3.0,,2.0,3.0,5.0,2.0,,,2.0,,,,1.0,2.0,,4.0,,,,,,4.0,,2.0,,,,,,,,,,,,,,,,0.0,,,7.0,,1.0,,,,,,,,,
cpl::Football_Player::982a96a792e04404805090a131cb95df,T. Campbell,Forge,Forward,2024,forward,8,309,0,0,4,0,3,0,2,0,3,2,0,0,0,71.0,3,0.87,0,0,0,0,0,0,0,0,28.57,51.72,22.22,0.0,0,0,0,0,0,0,0,0,0,0,0,0,0,,309.0,,,,42.0,,18.0,23.0,,,,26.0,10.0,14.0,,,47.0,,33.0,3.0,14.0,11.0,5.0,10.0,,,3.0,3.0,,5.0,86.0,8.0,,,20.0,7.0,15.0,10.0,15.0,,3.0,,,2.0,29.0,3.0,,,8.0,,,,7.0,11.0,28.0,33.0,9.0,,14.0,13.0,,3.0,,,,,3.0,7.0,7.0,,,2.0,,2.0,7.0,5.0,,5.0,1.0,4.0,,,,1.0,,,,2.0,1.0,,4.0,,,,,,2.0,,3.0,,,,,1.0,,,,,,,,,,,0.0,,,5.0,,,,,,,,,,,
cpl::Football_Player::9577790c0cf54495843d303127992c4d,S. Hundal,Valour,Forward,2024,forward,27,1887,7,3,27,10,17,3,10,30,17,11,3,0,0,74.0,31,1.48,0,0,2,2,1,0,0,0,76.92,31.65,32.58,46.15,0,0,0,0,0,0,0,0,0,0,0,0,0,,1887.0,,,,377.0,6.0,116.0,196.0,3.0,3.0,16.0,245.0,99.0,88.0,5.0,,393.0,30.0,273.0,28.0,104.0,118.0,14.0,97.0,,,44.0,22.0,,14.0,698.0,27.0,11.0,,148.0,88.0,81.0,10.0,75.0,16.0,17.0,,,29.0,237.0,17.0,,,27.0,,,,102.0,71.0,273.0,289.0,89.0,1.0,162.0,46.0,3.0,12.0,,,,1.0,16.0,13.0,18.0,,,10.0,5.0,6.0,60.0,3.0,1.0,5.0,10.0,27.0,4.0,4.0,,7.0,6.0,1.0,6.0,27.0,7.0,2.0,19.0,,,,2.0,3.0,11.0,,17.0,,7.0,5.0,7.0,3.0,1.0,,1.0,1.0,,,2.0,1.0,,,0.0,4.0,3.0,70.0,,4.0,,,,,,,,,
cpl::Football_Player::2989b90b079449a0916022698aecc47b,B. Badibanga,Forge,Forward,2024,forward,25,1873,4,3,47,7,24,3,11,25,45,1,9,0,0,80.0,26,1.25,16,0,2,1,0,0,0,0,68.75,44.76,21.05,20.88,0,0,0,0,0,0,0,0,0,0,0,0,0,,1873.0,,,1.0,785.0,23.0,212.0,468.0,3.0,9.0,26.0,399.0,197.0,140.0,3.0,,811.0,25.0,590.0,23.0,166.0,325.0,22.0,219.0,,,73.0,22.0,,17.0,1321.0,25.0,14.0,,229.0,186.0,60.0,10.0,111.0,55.0,45.0,,,4.0,248.0,7.0,,,25.0,,,,122.0,88.0,621.0,645.0,19.0,4.0,137.0,107.0,3.0,15.0,,,,,46.0,16.0,42.0,2.0,,11.0,8.0,9.0,15.0,5.0,38.0,3.0,23.0,47.0,9.0,,,60.0,20.0,3.0,19.0,43.0,70.0,3.0,10.0,16.0,,7.0,2.0,3.0,1.0,2.0,24.0,12.0,4.0,3.0,4.0,2.0,1.0,,,,,,1.0,,,1.0,2.0,1.0,3.0,94.0,,12.0,,,,,,,,,
cpl::Football_Player::1e2de1b3d9654cbe87321fe6e1f3837b,C. Chanda,Cavalry,Forward,2024,forward,7,47,0,0,0,0,0,0,1,2,2,1,1,0,0,77.0,0,0.0,0,0,0,0,0,0,0,0,100.0,64.29,60.0,0.0,0,0,0,0,0,0,0,0,0,0,0,0,0,,47.0,,,,17.0,2.0,5.0,11.0,,1.0,,8.0,2.0,4.0,,,17.0,2.0,13.0,,4.0,3.0,2.0,3.0,,,3.0,,,1.0,34.0,7.0,1.0,,9.0,4.0,3.0,10.0,9.0,,2.0,,,3.0,14.0,2.0,,,7.0,,,,3.0,5.0,13.0,13.0,5.0,,5.0,6.0,,,,,,,3.0,1.0,3.0,,,1.0,,1.0,2.0,,,7.0,,,1.0,,,,,,,,,,,,,,,,1.0,,,,,,,,,,,,,,,,,,0.0,,,1.0,,,,,,,,,,,
cpl::Football_Player::2e4482a25fcd459a992030c983aa3254,W. Akio,Cavalry,Forward,2024,forward,8,333,1,0,7,1,2,0,4,4,4,2,1,0,0,79.0,5,1.35,0,0,0,0,0,0,0,0,57.14,41.51,40.0,7.14,0,0,0,0,0,0,0,0,0,0,0,0,0,,333.0,,,,72.0,6.0,26.0,38.0,1.0,1.0,1.0,61.0,21.0,15.0,,,74.0,4.0,56.0,4.0,16.0,18.0,4.0,28.0,,,10.0,3.0,,1.0,165.0,8.0,1.0,,38.0,13.0,28.0,10.0,22.0,2.0,4.0,,,6.0,53.0,,,,8.0,,,,22.0,17.0,56.0,58.0,15.0,,31.0,16.0,1.0,4.0,,,,,5.0,7.0,6.0,1.0,,4.0,,2.0,9.0,3.0,3.0,5.0,5.0,7.0,4.0,,,13.0,1.0,,1.0,13.0,13.0,,1.0,,,,,,2.0,,2.0,,1.0,,1.0,,,,1.0,,,,,,,,0.0,0.0,1.0,19.0,,1.0,,,,,,,,,
cpl::Football_Player::def03e057c01433999d5480a94ea6ca9,L. Brooks,Cavalry,Forward,2024,forward,13,529,0,1,13,1,6,1,7,10,6,1,1,0,0,78.0,5,0.85,0,0,2,0,0,0,0,0,70.0,35.14,38.46,23.08,0,0,0,0,0,0,0,0,0,0,0,0,0,,529.0,,,,146.0,10.0,43.0,84.0,2.0,1.0,5.0,91.0,32.0,28.0,,,146.0,10.0,108.0,4.0,33.0,54.0,2.0,35.0,,,17.0,5.0,,8.0,274.0,13.0,4.0,,61.0,36.0,16.0,10.0,26.0,5.0,6.0,,,5.0,74.0,2.0,,,13.0,,,,40.0,13.0,113.0,113.0,13.0,,48.0,21.0,1.0,4.0,,,,,5.0,10.0,11.0,1.0,,7.0,6.0,4.0,8.0,3.0,3.0,8.0,7.0,13.0,2.0,1.0,,10.0,3.0,,3.0,17.0,10.0,1.0,1.0,,,,1.0,1.0,1.0,,6.0,,,,,,,,,,,,,,,,0.0,,,25.0,,2.0,,,,,,,,,
cpl::Football_Player::a7c798b2c0854f8ba2b4b6b61854a749,R. Agunbiade,Wanderers,Forward,2024,forward,1,6,0,0,0,0,0,0,1,0,0,0,0,0,0,0.0,0,0.0,0,0,0,0,0,0,0,0,100.0,50.0,0.0,0.0,0,0,0,0,0,0,0,0,0,0,0,0,0,,6.0,,,,1.0,,,,1.0,,1.0,4.0,,,,,1.0,,,,1.0,,,,,,1.0,,,1.0,5.0,1.0,,,2.0,1.0,,10.0,1.0,,,,,,2.0,,,,1.0,,,,1.0,,,,,,1.0,1.0,,,,,,,,1.0,,,,1.0,,,,,,1.0,,,,,,,,,,,,,,,,,,,,,,,,,,,,,,,,,,,,,0.0,,,1.0,,,,,,,,,,,
cpl::Football_Player::c2642324aa5f408c8f111669cd3bda6c,C. Volesky,Wanderers,Forward,2024,forward,6,202,0,0,6,0,3,0,1,2,1,1,0,0,0,76.0,4,1.78,0,0,1,0,0,0,0,0,100.0,24.0,44.44,0.0,0,0,0,0,0,0,0,0,0,0,0,0,0,,202.0,,,,27.0,2.0,16.0,15.0,,,,24.0,10.0,8.0,1.0,,33.0,2.0,25.0,4.0,8.0,7.0,2.0,5.0,,,3.0,2.0,,3.0,68.0,6.0,1.0,,16.0,5.0,18.0,10.0,6.0,,1.0,,,4.0,25.0,1.0,,,6.0,,,,14.0,5.0,19.0,25.0,9.0,,19.0,2.0,,2.0,,,,,,1.0,1.0,,,1.0,,,5.0,,1.0,4.0,3.0,6.0,,,,,,,,4.0,,,1.0,,,,,,1.0,,3.0,,,,,,,,,,,,,,,,0.0,,,10.0,,,,,,,,,,,
cpl::Football_Player::326175d3994243c1808e3738e625fb2f,K. Tavernier,Forge,Forward,2024,forward,5,39,0,0,0,0,0,0,1,3,0,0,1,0,0,64.0,1,2.31,0,0,0,0,0,0,0,0,100.0,20.0,0.0,0.0,0,0,0,0,0,0,0,0,0,0,0,0,0,,39.0,,,,11.0,,3.0,5.0,1.0,1.0,1.0,8.0,2.0,3.0,,,11.0,3.0,7.0,1.0,4.0,1.0,,1.0,,,,,,3.0,23.0,5.0,1.0,,9.0,3.0,1.0,10.0,2.0,,,,,,10.0,1.0,,,5.0,,,,7.0,4.0,7.0,7.0,1.0,,8.0,2.0,,,,,,,1.0,1.0,3.0,,,1.0,,2.0,1.0,,2.0,5.0,,,,,,,,,,1.0,,,,,,,,,,,,,,,,,,,,,,,,,,,0.0,,,2.0,,,,,,,,,,,
cpl::Football_Player::3e4a7c1ba82c479793557ba421ea6743,K. Poku,Forge,Forward,2024,forward,17,1253,8,2,31,10,17,2,9,25,12,18,3,0,0,79.0,18,1.29,0,0,1,1,0,0,0,0,75.0,33.63,42.11,15.79,0,0,0,0,0,0,0,0,0,0,0,0,0,,1253.0,,,1.0,182.0,10.0,84.0,121.0,9.0,3.0,9.0,114.0,48.0,36.0,2.0,,211.0,25.0,162.0,14.0,45.0,43.0,12.0,48.0,,,30.0,14.0,,13.0,401.0,17.0,11.0,,94.0,38.0,53.0,10.0,38.0,4.0,12.0,,,8.0,113.0,12.0,,,17.0,,,,64.0,46.0,137.0,166.0,19.0,2.0,75.0,30.0,4.0,5.0,,,,,7.0,12.0,22.0,1.0,,9.0,3.0,10.0,11.0,3.0,5.0,3.0,14.0,31.0,4.0,6.0,1.0,16.0,3.0,,3.0,20.0,16.0,1.0,3.0,,,,1.0,2.0,18.0,,17.0,1.0,8.0,1.0,8.0,1.0,,,7.0,,,,1.0,,,,3.0,6.0,2.0,33.0,,1.0,,,,,,,,,
cpl::Football_Player::23c92ceb8bee415a886f16e93c507c65,M. Carducci,Cavalry,Goalkeeper,2025,goalkeeper,31,2820,0,1,0,1,0,1,0,1,5,0,4,0,0,76.0,39,1.24,0,0,0,0,0,0,0,0,0.0,83.33,88.89,0.0,0,0,0,0,0,0,0,0,0,0,0,0,0,70.0,2820.0,238.0,,49.0,685.0,3.0,,91.0,97.0,4.0,235.0,248.0,660.0,11.0,3.0,13.0,997.0,1.0,593.0,35.0,246.0,269.0,1.0,198.0,,8.0,219.0,31.0,6.0,49.0,1234.0,31.0,,13.0,9.0,472.0,,10.0,15.0,158.0,5.0,30.0,17.0,8.0,18.0,27.0,39.0,3.0,31.0,,1.0,79.0,2.0,256.0,568.0,751.0,9.0,8.0,3.0,7.0,4.0,,,,1.0,,2.0,2.0,,1.0,,,,,1.0,2.0,1.0,,,,,,,,,,,,1.0,,,,,,,1.0,,,,,,,,,,,,,,,,,,,0.0,,,,220.0,,1.0,110.0,63.0,1.0,2.0,,,,
cpl::Football_Player::d3eccdc138364416ab9dd2b141d41e76,J. Holliday,Cavalry,Goalkeeper,2025,goalkeeper,0,0,0,0,0,0,0,0,0,0,0,0,0,0,0,,0,,0,0,0,0,0,0,0,0,0.0,0.0,0.0,0.0,0,0,0,0,0,0,0,0,0,0,0,0,0,,,,,,,,,,,,,,,,,,,,,,,,,,,,,,,,,,,,,,,,,,,,,,,,,,,,,,,,,,,,,,,,,,,,,,,,,,,,,,,,,,,,,,,,,,,,,,,,,,,,,,,,,,,,,,,,,,,,,,,,,,,,,,,,,,
cpl::Football_Player::9a4eee0d25484d5f90e1813044a4feae,N. Fewster,Cavalry,Goalkeeper,2025,goalkeeper,0,0,0,0,0,0,0,0,0,0,0,0,0,0,0,,0,,0,0,0,0,0,0,0,0,0.0,0.0,0.0,0.0,0,0,0,0,0,0,0,0,0,0,0,0,0,,,,,,,,,,,,,,,,,,,,,,,,,,,,,,,,,,,,,,,,,,,,,,,,,,,,,,,,,,,,,,,,,,,,,,,,,,,,,,,,,,,,,,,,,,,,,,,,,,,,,,,,,,,,,,,,,,,,,,,,,,,,,,,,,,
cpl::Football_Player::0b10dc469e84486cbf18d636e3bc635e,J. Koleilat,Forge,Goalkeeper,2025,goalkeeper,29,2610,0,0,0,0,0,0,0,0,4,0,2,0,0,88.0,24,0.83,0,0,0,0,0,0,0,0,0.0,100.0,100.0,0.0,0,0,0,0,0,0,0,0,0,0,0,0,0,69.0,2610.0,321.0,,14.0,258.0,,,18.0,30.0,2.0,63.0,70.0,452.0,4.0,2.0,11.0,537.0,,418.0,20.0,67.0,222.0,,38.0,,1.0,175.0,29.0,1.0,29.0,759.0,29.0,,11.0,4.0,207.0,,10.0,7.0,52.0,4.0,27.0,17.0,3.0,7.0,24.0,40.0,3.0,29.0,,3.0,22.0,,108.0,229.0,470.0,3.0,13.0,,4.0,4.0,,,,,,,,1.0,,,,,,,,,,,,,,,,,,,,,,1.0,,,,,,,,,,,,,,,,,,,,,,,,0.0,,,,232.0,,,38.0,22.0,,3.0,,,,
cpl::Football_Player::0a71cc5786ac4cb6a42caa6d849c2129,C. Kalongo,Forge,Goalkeeper,2025,goalkeeper,1,1,0,0,0,0,0,0,0,0,0,0,0,0,0,0.0,1,90.0,0,0,0,0,0,0,0,0,0.0,0.0,0.0,0.0,0,0,0,0,0,0,0,0,0,0,0,0,0,1.0,1.0,,,,,,,,,,2.0,2.0,,,,,2.0,,,,2.0,,,1.0,,,1.0,,,1.0,4.0,1.0,,,,2.0,,10.0,,,,,1.0,,,1.0,1.0,,1.0,,,1.0,,,,,,,,,1.0,,,,,,,,,,,,,,,,,1.0,,,,,,,,,,,,,,,,,,,,,,,,,,,,,,,,,,,,,0.0,,,,1.0,,,,,,,,,,
cpl::Football_Player::95c5a896975b488cb559f52bde46d3d4,R. Yesli,Wanderers,Goalkeeper,2025,goalkeeper,28,2545,0,0,1,0,0,0,0,3,2,0,5,0,0,70.0,36,1.27,0,0,0,0,0,0,0,0,0.0,42.86,80.0,0.0,0,0,0,0,0,0,0,0,0,0,0,0,0,65.0,2545.0,244.0,1.0,26.0,400.0,,,59.0,99.0,5.0,190.0,199.0,389.0,7.0,3.0,18.0,645.0,3.0,342.0,32.0,197.0,129.0,,156.0,,2.0,209.0,28.0,4.0,41.0,893.0,28.0,1.0,12.0,9.0,389.0,1.0,10.0,6.0,106.0,2.0,24.0,13.0,4.0,14.0,38.0,39.0,4.0,28.0,,4.0,51.0,7.0,127.0,298.0,448.0,5.0,8.0,8.0,2.0,4.0,,,,1.0,,,,1.0,,,,,,1.0,,1.0,,1.0,1.0,,,,,,,,,,,,,,,,,,,,,,,,,,,,,,,,,,,0.0,,,,177.0,,,64.0,17.0,,1.0,,,,
cpl::Football_Player::ed6b655ed6bb4c7baedb0fe8fc42495d,C. Irving,Vancouver,Goalkeeper,2025,goalkeeper,28,2520,0,0,0,0,0,0,0,0,5,0,0,0,0,68.0,57,2.04,0,0,0,0,0,0,0,0,0.0,94.44,100.0,0.0,0,0,0,0,0,0,0,0,0,0,0,0,0,97.0,2520.0,240.0,,30.0,619.0,,,107.0,102.0,,312.0,324.0,555.0,4.0,2.0,15.0,978.0,,443.0,46.0,316.0,199.0,,266.0,2.0,3.0,291.0,28.0,4.0,50.0,1285.0,28.0,,24.0,7.0,556.0,,10.0,17.0,219.0,5.0,29.0,27.0,11.0,18.0,33.0,66.0,4.0,28.0,2.0,2.0,97.0,1.0,223.0,483.0,662.0,11.0,2.0,1.0,6.0,11.0,,,,1.0,1.0,2.0,,,,,,,,,,,,,,,,,,,,,,,,,,,,,,,,,,,,,1.0,,,,,,,,,,,0.0,,,,207.0,,,135.0,50.0,,4.0,,,,
cpl::Football_Player::655a241e039a4965b7f38990c3f8d981,E. Himaras,Valour,Goalkeeper,2025,goalkeeper,9,810,0,0,0,0,0,0,0,0,2,0,1,1,0,77.0,21,2.33,0,0,0,0,0,0,0,0,0.0,100.0,100.0,0.0,0,0,0,0,0,0,0,0,0,0,0,0,0,22.0,810.0,86.0,,10.0,170.0,,,19.0,29.0,1.0,57.0,59.0,174.0,1.0,3.0,1.0,251.0,,152.0,19.0,58.0,76.0,1.0,44.0,1.0,,76.0,9.0,4.0,14.0,333.0,9.0,,5.0,3.0,117.0,,10.0,4.0,41.0,2.0,4.0,4.0,1.0,4.0,5.0,17.0,4.0,9.0,1.0,,12.0,,58.0,134.0,193.0,1.0,1.0,,3.0,2.0,,1.0,1.0,,,1.0,,1.0,,,,1.0,1.0,,,,,,,,,,,,,,,,,,,,,,,,,,,,,,,,,,,,,,,,,0.0,,,,58.0,,,35.0,14.0,,3.0,,,,
cpl::Football_Player::a86a1a3737bc4895b1340dc348ae5b09,S. Melvin,Pacific,Goalkeeper,2025,goalkeeper,19,1710,0,0,0,0,0,0,1,0,6,0,1,0,0,67.0,44,2.32,0,0,0,0,0,0,0,0,100.0,84.21,100.0,0.0,0,0,0,0,0,0,0,0,0,0,0,0,0,61.0,1710.0,203.0,,27.0,305.0,,,43.0,89.0,1.0,170.0,178.0,305.0,5.0,5.0,3.0,523.0,,272.0,41.0,175.0,91.0,,131.0,,3.0,160.0,19.0,,44.0,735.0,19.0,,18.0,11.0,294.0,,10.0,16.0,76.0,6.0,16.0,9.0,8.0,19.0,16.0,45.0,5.0,19.0,,,45.0,3.0,138.0,215.0,348.0,8.0,1.0,3.0,8.0,3.0,,,,,,1.0,1.0,,,,1.0,,,,,,,,,,,,,,,,,,,,,,,,,,,,,,,,,,,,,,,,,,,0.0,,,,145.0,,1.0,42.0,9.0,,,,,,
cpl::Football_Player::d65b644d608b40dbb79ba6a0fb08d7f1,A. Rushenas,Wanderers,Goalkeeper,2025,goalkeeper,1,90,0,0,0,0,0,0,0,0,0,0,2,0,0,78.0,0,0.0,0,0,0,0,0,0,0,0,0.0,0.0,0.0,0.0,0,0,0,0,0,0,0,0,0,0,0,0,0,3.0,90.0,16.0,,1.0,4.0,,,1.0,1.0,2.0,4.0,4.0,13.0,,,,18.0,,13.0,,4.0,7.0,,3.0,,,7.0,1.0,,1.0,31.0,1.0,,2.0,,8.0,,10.0,,1.0,,2.0,2.0,,,1.0,1.0,,1.0,,,3.0,,3.0,3.0,14.0,,1.0,,,,,,,,,,,,,,,,,,,,,,,,,,,,,,,,,,,,,,,,,,,,,,,,,,,,,,,,,0.0,,,,12.0,,,,,,1.0,,,,
cpl::Football_Player::364352c812a14e868234e4883c9bd4e0,N. Ingham,Atlético,Goalkeeper,2025,goalkeeper,30,2730,0,0,0,0,0,0,1,0,6,0,1,0,0,75.0,30,0.99,0,0,0,0,0,0,0,0,100.0,81.25,100.0,0.0,0,0,0,0,0,0,0,0,0,0,0,0,0,87.0,2730.0,255.0,,41.0,676.0,1.0,,52.0,143.0,1.0,228.0,245.0,651.0,11.0,2.0,12.0,942.0,,571.0,27.0,239.0,256.0,,171.0,1.0,3.0,249.0,30.0,3.0,68.0,1245.0,30.0,,18.0,12.0,468.0,,10.0,13.0,132.0,6.0,31.0,24.0,4.0,16.0,29.0,56.0,3.0,30.0,1.0,1.0,36.0,3.0,218.0,534.0,703.0,4.0,11.0,3.0,9.0,3.0,,,,,,1.0,1.0,,,,1.0,,,,,1.0,,,,,,,,,,,,,,,,,,,,,,,,,,,,,,,,,,,,,,0.0,,,,145.0,,,139.0,79.0,,5.0,,,,
cpl::Football_Player::410af9177f254590abcec9f3cd63eba5,M. Anchor,Pacific,Goalkeeper,2025,goalkeeper,9,810,0,0,0,0,0,0,1,0,1,0,2,0,0,81.0,15,1.67,0,0,0,0,0,0,0,0,100.0,100.0,100.0,0.0,0,0,0,0,0,0,0,0,0,0,0,0,0,29.0,810.0,82.0,,6.0,149.0,,,10.0,29.0,2.0,45.0,46.0,179.0,,1.0,9.0,234.0,,170.0,11.0,45.0,47.0,,38.0,,1.0,63.0,9.0,,7.0,337.0,9.0,,9.0,1.0,125.0,,10.0,10.0,19.0,1.0,18.0,6.0,9.0,10.0,23.0,10.0,1.0,9.0,,2.0,3.0,,62.0,124.0,189.0,9.0,2.0,,1.0,4.0,,,,,,,1.0,,,,1.0,,,,,1.0,,,,,,,,,,,,,,,,,,,,,,,,,,,,,,,,,,,,,,0.0,,,,51.0,,,22.0,7.0,,,,,,
cpl::Football_Player::7b7be3facecb4ab98e4c3f2b04baf071,T. Crampton,Atlético,Goalkeeper,2025,goalkeeper,0,0,0,0,0,0,0,0,0,0,0,0,0,0,0,,0,,0,0,0,0,0,0,0,0,0.0,0.0,0.0,0.0,0,0,0,0,0,0,0,0,0,0,0,0,0,,,,,,,,,,,,,,,,,,,,,,,,,,,,,,,,,,,,,,,,,,,,,,,,,,,,,,,,,,,,,,,,,,,,,,,,,,,,,,,,,,,,,,,,,,,,,,,,,,,,,,,,,,,,,,,,,,,,,,,,,,,,,,,,,,
cpl::Football_Player::d4b7a9bbb2bb49f89ab93024813fb926,J. Viscosi,Valour,Goalkeeper,2025,goalkeeper,10,900,0,0,0,0,0,0,0,1,2,0,2,0,0,64.0,22,2.2,0,0,0,0,0,0,0,0,0.0,62.5,100.0,0.0,0,0,0,0,0,0,0,0,0,0,0,0,0,30.0,900.0,80.0,1.0,14.0,144.0,1.0,,36.0,48.0,2.0,91.0,94.0,124.0,1.0,1.0,7.0,252.0,1.0,119.0,21.0,92.0,50.0,1.0,73.0,1.0,1.0,87.0,10.0,2.0,19.0,356.0,10.0,1.0,9.0,4.0,151.0,,10.0,5.0,41.0,2.0,9.0,13.0,4.0,8.0,20.0,21.0,2.0,10.0,1.0,2.0,27.0,3.0,51.0,101.0,160.0,4.0,,3.0,1.0,1.0,,,,,,,,,,,,,,,,,,,,,,,,,,,,,,,,,,,,,,,,,,,,,,,,,,,,,,0.0,,,,68.0,,,25.0,8.0,,,,,,
cpl::Football_Player::76af0bbb44f04af1b02452602e267e96,F. Jaramillo,Vancouver,Goalkeeper,2025,goalkeeper,0,0,0,0,0,0,0,0,0,0,0,0,0,0,0,,0,,0,0,0,0,0,0,0,0,0.0,0.0,0.0,0.0,0,0,0,0,0,0,0,0,0,0,0,0,0,,,,,,,,,,,,,,,,,,,,,,,,,,,,,,,,,,,,,,,,,,,,,,,,,,,,,,,,,,,,,,,,,,,,,,,,,,,,,,,,,,,,,,,,,,,,,,,,,,,,,,,,,,,,,,,,,,,,,,,,,,,,,,,,,,
cpl::Football_Player::25873ca3630f4b3098e2a7f20d7a708a,E. Marmolejo,Forge,Goalkeeper,2025,goalkeeper,0,0,0,0,0,0,0,0,0,0,0,0,0,0,0,,0,,0,0,0,0,0,0,0,0,0.0,0.0,0.0,0.0,0,0,0,0,0,0,0,0,0,0,0,0,0,,,,,,,,,,,0.0,,,,,,,,,,,,,,,,,,,,,,,,,,,,,,,,,,,,,,,0.0,,,,,,,,,,,,,0.0,0.0,0.0,,,,,,,,,,,,,,0.0,,,,,,,,,,,,,,,0.0,,,,,,,,0.0,,,,,,,,,,,,,,,,,,,,,,,,,,,,
cpl::Football_Player::3fe556ac24fd4748b30189a2bc007f20,D. Bontis,Forge,Goalkeeper,2025,goalkeeper,1,89,0,0,0,0,0,0,0,0,0,0,0,0,0,84.0,0,0.0,0,0,0,0,0,0,0,0,0.0,0.0,0.0,0.0,0,0,0,0,0,0,0,0,0,0,0,0,0,3.0,89.0,19.0,,,8.0,,,1.0,2.0,,3.0,3.0,14.0,,,,18.0,,14.0,,3.0,11.0,,2.0,,1.0,11.0,1.0,,1.0,32.0,1.0,,,,6.0,,10.0,,1.0,,,1.0,,,,3.0,,1.0,,,1.0,,1.0,6.0,15.0,,,,,,1.0,,,,,,,,,,,,,,,,,,,,,,,,,,,,,,,,,,,,,,,,,,,,,,,,,,,,,0.0,,,,10.0,,,,,,,,,,
cpl::Football_Player::6b20cc5527074f688f19bf91563701cd,I. Pavela,Inter Toronto,Goalkeeper,2025,goalkeeper,7,630,0,0,0,0,0,0,0,0,0,0,0,0,0,72.0,9,1.29,0,0,0,0,0,0,0,0,0.0,60.0,75.0,0.0,0,0,0,0,0,0,0,0,0,0,0,0,0,14.0,630.0,75.0,,7.0,75.0,,,10.0,14.0,,41.0,45.0,102.0,3.0,,3.0,156.0,,89.0,4.0,44.0,48.0,,26.0,,1.0,55.0,7.0,1.0,18.0,222.0,7.0,,9.0,1.0,72.0,,10.0,3.0,23.0,,5.0,4.0,3.0,5.0,9.0,9.0,,7.0,,,14.0,1.0,36.0,58.0,112.0,4.0,2.0,2.0,,5.0,,,,,,,,,,,,,,1.0,,,,,,,,,,,,,,,,,,,,,,,,,,,,,,,,,,,,,,,,0.0,,,,58.0,,,8.0,2.0,,,,,,
cpl::Football_Player::9c2fb41ece0d4ac7902f5799c23556f4,M. Williams,Inter Toronto,Goalkeeper,2025,goalkeeper,0,0,0,0,0,0,0,0,0,0,0,0,0,0,0,,0,,0,0,0,0,0,0,0,0,0.0,0.0,0.0,0.0,0,0,0,0,0,0,0,0,0,0,0,0,0,,,,,,,,,,,,,,,,,,,,,,,,,,,,,,,,,,,,,,,,,,,,,,,,,,,,,,,,,,,,,,,,,,,,,,,,,,,,,,,,,,,,,,,,,,,,,,,,,,,,,,,,,,,,,,,,,,,,,,,,,,,,,,,,,,
cpl::Football_Player::d986f3de68934587887e6c4ea44fad6f,D. Urtiaga,Inter Toronto,Goalkeeper,2025,goalkeeper,23,2095,0,0,0,0,0,0,0,1,4,0,2,0,0,70.0,35,1.5,0,0,0,0,0,0,0,0,0.0,81.82,100.0,0.0,0,0,0,0,0,0,0,0,0,0,0,0,0,66.0,2095.0,195.0,1.0,17.0,271.0,,1.0,35.0,67.0,2.0,153.0,162.0,329.0,3.0,5.0,12.0,520.0,1.0,277.0,30.0,156.0,126.0,,110.0,,1.0,172.0,23.0,,46.0,710.0,23.0,1.0,11.0,6.0,271.0,,10.0,9.0,87.0,4.0,22.0,15.0,5.0,11.0,21.0,44.0,5.0,23.0,,1.0,62.0,2.0,122.0,214.0,364.0,5.0,7.0,2.0,4.0,5.0,,,,,,1.0,,,,,,,,,,,,,,,,,,,,,,,,1.0,,,,,,,,,,,,,,,,,,,,,,,,0.0,,,,173.0,,,29.0,13.0,,5.0,1.0,,,
cpl::Football_Player::3023352676954b56b16a0f7ca64bd877,D. Zadravec,Pacific,Goalkeeper,2025,goalkeeper,0,0,0,0,0,0,0,0,0,0,0,0,0,0,0,,0,,0,0,0,0,0,0,0,0,0.0,0.0,0.0,0.0,0,0,0,0,0,0,0,0,0,0,0,0,0,,,,,,,,,,,,,,,,,,,,,,,,,,,,,,,,,,,,,,,,,,,,,,,,,,,,,,,,,,,,,,,,,,,,,,,,,,,,,,,,,,,,,,,,,,,,,,,,,,,,,,,,,,,,,,,,,,,,,,,,,,,,,,,,,,
cpl::Football_Player::b4b2c4b1ad704a3b9f0b7b2d7034ef26,D. Clarke,Cavalry,Goalkeeper,2025,goalkeeper,0,0,0,0,0,0,0,0,0,0,0,0,0,0,0,,0,,0,0,0,0,0,0,0,0,0.0,0.0,0.0,0.0,0,0,0,0,0,0,0,0,0,0,0,0,0,,,,,,,,,,,,,,,,,,,,,,,,,,,,,,,,,,,,,,,,,,,,,,,,,,,,,,,,,,,,,,,,,,,,,,,,,,,,,,,,,,,,,,,,,,,,,,,,,,,,,,,,,,,,,,,,,,,,,,,,,,,,,,,,,,
cpl::Football_Player::3a76fbaceee3425fa81fd8fd27b4c24f,M. de Souza,Vancouver,Goalkeeper,2025,goalkeeper,0,0,0,0,0,0,0,0,0,0,0,0,0,0,0,,0,,0,0,0,0,0,0,0,0,0.0,0.0,0.0,0.0,0,0,0,0,0,0,0,0,0,0,0,0,0,,,,,,,,,,,,,,,,,,,,,,,,,,,,,,,,,,,,,,,,,,,,,,,,,,,,,,,,,,,,,,,,,,,,,,,,,,,,,,,,,,,,,,,,,,,,,,,,,,,,,,,,,,,,,,,,,,,,,,,,,,,,,,,,,,
cpl::Football_Player::6306b765944944b3b26cdc5135460126,S. Astridge,Wanderers,Goalkeeper,2025,goalkeeper,0,0,0,0,0,0,0,0,0,0,0,0,0,0,0,,0,,0,0,0,0,0,0,0,0,0.0,0.0,0.0,0.0,0,0,0,0,0,0,0,0,0,0,0,0,0,,,,,,,,,,,,,,,,,,,,,,,,,,,,,,,,,,,,,,,,,,,,,,,,,,,,,,,,,,,,,,,,,,,,,,,,,,,,,,,,,,,,,,,,,,,,,,,,,,,,,,,,,,,,,,,,,,,,,,,,,,,,,,,,,,
cpl::Football_Player::91baa8fa2dc04652bbd363531ab1acdc,C. Weir,Valour,Goalkeeper,2025,goalkeeper,2,180,0,0,0,0,0,0,0,0,0,0,0,0,0,72.0,7,3.5,0,0,0,0,0,0,0,0,0.0,0.0,0.0,0.0,0,0,0,0,0,0,0,0,0,0,0,0,0,5.0,180.0,10.0,,6.0,25.0,,,6.0,4.0,,9.0,11.0,19.0,1.0,,,35.0,,15.0,7.0,10.0,6.0,,9.0,,1.0,12.0,2.0,,1.0,49.0,2.0,,,,24.0,,10.0,,10.0,,1.0,,,,,4.0,,2.0,,,4.0,,5.0,21.0,25.0,,,,,,,,,,,,,,,,,,,,,,,,,,,,,,,,,,,,,,,,,,,,,,,,,,,,,,,,,,,0.0,,,,7.0,,,3.0,,,,,,,
cpl::Football_Player::9027bfb0740f4f26b7758808cb873cf1,A. Kour,Valour,Goalkeeper,2025,goalkeeper,0,0,0,0,0,0,0,0,0,0,0,0,0,0,0,,0,,0,0,0,0,0,0,0,0,0.0,0.0,0.0,0.0,0,0,0,0,0,0,0,0,0,0,0,0,0,,,,,,,,,,,,,,,,,,,,,,,,,,,,,,,,,,,,,,,,,,,,,,,,,,,,,,,,,,,,,,,,,,,,,,,,,,,,,,,,,,,,,,,,,,,,,,,,,,,,,,,,,,,,,,,,,,,,,,,,,,,,,,,,,,
cpl::Football_Player::ed004eacaca144bda4943965af890853,E. Gazdov,Valour,Goalkeeper,2025,goalkeeper,7,630,0,0,0,0,0,0,0,0,2,0,0,0,0,65.0,12,1.71,0,0,0,0,0,0,0,0,0.0,100.0,100.0,0.0,0,0,0,0,0,0,0,0,0,0,0,0,0,21.0,630.0,57.0,,4.0,90.0,,,15.0,19.0,,54.0,62.0,89.0,3.0,2.0,3.0,161.0,,79.0,10.0,57.0,32.0,1.0,45.0,,2.0,53.0,7.0,,12.0,230.0,7.0,,3.0,2.0,97.0,,10.0,3.0,25.0,2.0,12.0,7.0,1.0,3.0,9.0,9.0,2.0,7.0,,,23.0,,32.0,66.0,104.0,1.0,1.0,,2.0,2.0,,,,,,,,,,,,,,,,,,,,,,,,,,,,,,,,,,,,,,,,,,,,,,,,,,,,,,0.0,,,,51.0,,,19.0,8.0,,,,,,
cpl::Football_Player::f039393214e24dadbb1211ec2c063983,J. Frank,Vancouver,Goalkeeper,2025,goalkeeper,0,0,0,0,0,0,0,0,0,0,0,0,0,0,0,,0,,0,0,0,0,0,0,0,0,0.0,0.0,0.0,0.0,0,0,0,0,0,0,0,0,0,0,0,0,0,,,,,,,,,,,,,,,,,,,,,,,,,,,,,,,,,,,,,,,,,,,,,,,,,,,,,,,,,,,,,,,,,,,,,,,,,,,,,,,,,,,,,,,,,,,,,,,,,,,,,,,,,,,,,,,,,,,,,,,,,,,,,,,,,,
cpl::Football_Player::41f23e52e26541bca62d8378fafc1953,F. Aird,Cavalry,Defender,2025,defender,31,2405,3,2,11,5,6,2,27,27,12,2,5,0,0,83.0,33,1.23,66,0,0,2,2,0,0,0,79.41,46.62,59.26,20.37,0,0,0,0,0,0,0,0,0,0,0,0,0,,2405.0,,,18.0,1364.0,18.0,298.0,724.0,41.0,5.0,112.0,417.0,522.0,143.0,3.0,,1434.0,27.0,1056.0,29.0,255.0,57.0,60.0,292.0,,,81.0,28.0,,68.0,2076.0,31.0,13.0,,121.0,535.0,27.0,10.0,69.0,123.0,12.0,,,16.0,148.0,48.0,,,31.0,,,,68.0,544.0,1117.0,1179.0,27.0,3.0,79.0,53.0,4.0,12.0,,,,,8.0,34.0,54.0,,,27.0,22.0,15.0,11.0,7.0,208.0,3.0,5.0,11.0,5.0,8.0,,53.0,67.0,15.0,33.0,12.0,105.0,3.0,1.0,66.0,,28.0,1.0,2.0,2.0,24.0,6.0,,3.0,3.0,3.0,,,,,,2.0,,2.0,2.0,,,1.0,0.0,3.0,19.0,,,1.0,278.0,145.0,13.0,,125.0,2.0,,
cpl::Football_Player::04974dd93657419b8440025eca4e2ef0,T. Field,Cavalry,Defender,2025,defender,19,1070,0,1,1,1,0,1,26,8,0,0,2,0,0,85.0,13,1.09,0,0,0,0,0,0,0,0,83.87,65.22,73.33,12.5,0,0,0,0,0,0,0,0,0,0,0,0,0,,1070.0,5.0,,14.0,492.0,2.0,62.0,173.0,26.0,2.0,42.0,107.0,270.0,39.0,,,520.0,8.0,386.0,12.0,81.0,134.0,9.0,72.0,,,34.0,13.0,,23.0,726.0,19.0,6.0,,54.0,228.0,9.0,10.0,45.0,53.0,,,,11.0,69.0,44.0,,,19.0,,,,20.0,96.0,418.0,439.0,15.0,2.0,24.0,34.0,1.0,8.0,,,,,3.0,31.0,8.0,,,26.0,21.0,2.0,4.0,5.0,52.0,6.0,1.0,1.0,1.0,10.0,,13.0,4.0,2.0,2.0,3.0,14.0,,,,,,1.0,1.0,,,,,,,,,,,,,,,,,,,0.0,,,4.0,5.0,1.0,,98.0,54.0,4.0,,3.0,,,
cpl::Football_Player::6aa006d1cfcb4e3c92a2de560fa893f6,C. Montgomery,Cavalry,Defender,2025,defender,24,2042,1,1,14,2,8,1,15,14,8,1,3,0,0,88.0,27,1.19,0,0,0,0,0,0,0,0,71.43,72.26,83.95,50.0,0,0,0,0,0,0,0,0,0,0,0,0,0,,2042.0,32.0,,10.0,1140.0,2.0,69.0,264.0,34.0,3.0,85.0,172.0,800.0,71.0,3.0,,1219.0,14.0,991.0,25.0,156.0,448.0,3.0,114.0,,,55.0,23.0,,43.0,1478.0,24.0,3.0,,56.0,460.0,34.0,10.0,99.0,72.0,8.0,,,68.0,137.0,123.0,,,24.0,,,,25.0,242.0,997.0,1063.0,81.0,6.0,38.0,31.0,2.0,3.0,,,,,3.0,21.0,7.0,1.0,,15.0,27.0,5.0,13.0,6.0,2.0,1.0,6.0,14.0,5.0,14.0,1.0,1.0,1.0,,1.0,1.0,1.0,,1.0,,,,1.0,1.0,1.0,,8.0,,1.0,,1.0,,1.0,,,,,,,,,,0.0,0.0,1.0,5.0,32.0,,,186.0,96.0,,,3.0,1.0,2.0,
cpl::Football_Player::2765417c9ab14808ae40c91c05077259,M. Harms,Cavalry,Defender,2025,defender,2,46,0,0,0,0,0,0,1,0,1,0,0,0,0,80.0,1,1.96,0,0,0,0,0,0,0,0,100.0,42.86,33.33,0.0,0,0,0,0,0,0,0,0,0,0,0,0,0,,46.0,,,,15.0,,6.0,3.0,2.0,,3.0,4.0,9.0,,,,15.0,,12.0,1.0,3.0,1.0,,2.0,,,4.0,,,1.0,22.0,2.0,,,4.0,7.0,,10.0,3.0,,1.0,,,1.0,7.0,2.0,,,2.0,,,,2.0,1.0,12.0,12.0,3.0,,4.0,2.0,,,,,,,,1.0,1.0,,,1.0,1.0,,2.0,,1.0,2.0,,,,,,,,,,,,1.0,,,,,,,,,,,,,,,,,,,,,,,,,0.0,,,1.0,,,,4.0,2.0,,,,,,
cpl::Football_Player::d9884452bb6e4ebd802b73a429b81f2d,Z. Bruno,Forge,Defender,2025,defender,4,137,0,0,1,0,1,0,4,5,2,0,0,1,0,84.0,1,0.66,0,0,0,0,0,0,0,0,80.0,45.45,33.33,0.0,0,0,0,0,0,0,0,0,0,0,0,0,0,,137.0,,,1.0,66.0,,12.0,33.0,3.0,,3.0,17.0,24.0,8.0,1.0,,68.0,5.0,54.0,1.0,11.0,8.0,1.0,9.0,,,4.0,1.0,,2.0,104.0,4.0,3.0,,19.0,29.0,2.0,10.0,10.0,3.0,2.0,,,1.0,22.0,2.0,,,4.0,,,,10.0,19.0,55.0,57.0,3.0,,12.0,9.0,,,1.0,,,,2.0,5.0,4.0,,,4.0,1.0,3.0,2.0,1.0,11.0,3.0,,1.0,,,,,,1.0,,1.0,,,,,1.0,,,,,,1.0,,,,,,,,,,,,,,,,0.0,,,2.0,,,,18.0,12.0,,,5.0,,,
cpl::Football_Player::2dd1997d40764eb08c0b5287219a3269,B. Kamdem,Cavalry,Defender,2025,defender,16,972,0,0,4,0,1,0,12,14,9,3,4,1,0,82.0,12,1.11,0,0,0,0,0,0,0,0,60.0,58.82,65.52,15.38,0,0,0,0,0,0,0,0,0,0,0,0,0,,972.0,,,1.0,410.0,4.0,100.0,146.0,15.0,4.0,30.0,125.0,207.0,48.0,2.0,,429.0,14.0,328.0,10.0,78.0,141.0,7.0,60.0,,,28.0,12.0,,29.0,675.0,16.0,9.0,,56.0,171.0,10.0,10.0,50.0,23.0,9.0,,,19.0,85.0,33.0,,,16.0,,,,25.0,17.0,332.0,351.0,29.0,1.0,35.0,31.0,2.0,7.0,1.0,1.0,,1.0,3.0,20.0,17.0,,,12.0,10.0,8.0,10.0,8.0,89.0,4.0,3.0,4.0,3.0,,,11.0,2.0,16.0,2.0,,11.0,,,,,,,,3.0,,1.0,,,,,,,,,,,,,,,,0.0,,,9.0,,2.0,,94.0,67.0,2.0,,44.0,,,
cpl::Football_Player::c3b03cc1de7848cdaaca16450017b36d,D. Nimick,Forge,Defender,2025,defender,30,2684,2,4,13,6,5,4,19,12,26,1,2,0,0,91.0,25,0.84,0,0,1,4,2,0,0,0,52.78,71.68,69.57,0.0,0,0,0,0,0,0,0,0,0,0,0,0,0,,2684.0,1.0,,10.0,1808.0,4.0,46.0,468.0,33.0,2.0,92.0,211.0,1218.0,83.0,2.0,,1861.0,12.0,1470.0,20.0,175.0,517.0,11.0,102.0,,,139.0,30.0,,75.0,2200.0,30.0,3.0,,104.0,641.0,29.0,10.0,124.0,216.0,26.0,,,48.0,173.0,116.0,,,30.0,,,1.0,28.0,657.0,1638.0,1686.0,69.0,12.0,49.0,76.0,5.0,1.0,,,,,14.0,36.0,18.0,,,19.0,23.0,11.0,21.0,17.0,6.0,,8.0,13.0,2.0,24.0,,2.0,,,,3.0,2.0,,1.0,,,,3.0,4.0,1.0,,5.0,,2.0,2.0,2.0,,,,,,,,4.0,2.0,,1.0,1.0,1.0,1.0,8.0,2.0,,1.0,479.0,286.0,5.0,,21.0,2.0,4.0,
cpl::Football_Player::f40858671e354d42ad80fd9d251afb6f,R. Rama,Forge,Defender,2025,defender,27,2201,1,2,10,3,4,2,47,47,31,3,10,0,0,84.0,22,0.9,0,0,0,0,0,0,0,0,56.63,58.87,55.56,19.23,0,0,0,0,0,0,0,0,0,0,0,0,0,,2201.0,,1.0,10.0,1293.0,6.0,174.0,601.0,41.0,10.0,69.0,325.0,529.0,158.0,2.0,,1352.0,47.0,1068.0,18.0,227.0,114.0,9.0,179.0,,,109.0,25.0,,69.0,1996.0,27.0,29.0,,203.0,653.0,25.0,10.0,146.0,57.0,31.0,,,25.0,248.0,69.0,,,27.0,,,,82.0,411.0,1068.0,1125.0,45.0,7.0,102.0,121.0,4.0,6.0,,,,,7.0,83.0,62.0,3.0,,47.0,39.0,26.0,20.0,36.0,229.0,2.0,6.0,10.0,3.0,4.0,1.0,21.0,5.0,22.0,5.0,8.0,21.0,2.0,,,,,2.0,2.0,3.0,,4.0,,1.0,1.0,1.0,,,,,,,,,,,,0.0,0.0,1.0,18.0,,4.0,,363.0,248.0,4.0,,128.0,1.0,1.0,1.0
cpl::Football_Player::9ff2698d6b4d47f9a1949a20ae1b2adc,M. Jevremović,Forge,Defender,2025,defender,27,2097,0,3,10,3,4,3,27,20,26,1,5,0,0,84.0,20,0.86,4,0,0,0,0,0,0,0,65.85,58.86,57.14,19.44,0,0,0,0,0,0,0,0,0,0,0,0,0,,2097.0,,,7.0,1046.0,12.0,223.0,451.0,28.0,5.0,71.0,330.0,468.0,108.0,2.0,,1084.0,20.0,840.0,16.0,179.0,433.0,22.0,185.0,,,88.0,23.0,,52.0,1567.0,27.0,10.0,,130.0,387.0,19.0,10.0,93.0,65.0,26.0,,,16.0,158.0,49.0,,,27.0,,,,53.0,41.0,873.0,905.0,28.0,8.0,65.0,77.0,4.0,7.0,,,,,11.0,41.0,26.0,,,27.0,25.0,11.0,12.0,14.0,111.0,4.0,6.0,10.0,4.0,4.0,,56.0,14.0,43.0,14.0,6.0,58.0,,,4.0,,2.0,3.0,3.0,1.0,,4.0,1.0,,,,1.0,,,,,1.0,,,,,,0.0,,,21.0,,,,232.0,168.0,3.0,,109.0,,1.0,
cpl::Football_Player::58c03096b6c940afacb752b030a52ad2,M. Owolabi-Belewu,Forge,Defender,2025,defender,13,642,0,0,3,0,1,0,11,11,9,0,4,0,0,92.0,4,0.56,0,0,0,0,0,0,0,0,73.33,62.5,50.0,0.0,0,0,0,0,0,0,0,0,0,0,0,0,0,,642.0,,,3.0,343.0,,15.0,78.0,6.0,4.0,13.0,36.0,251.0,16.0,,,358.0,11.0,316.0,4.0,29.0,174.0,,23.0,,,33.0,8.0,,7.0,433.0,13.0,6.0,,42.0,110.0,7.0,10.0,30.0,13.0,9.0,,,3.0,48.0,15.0,,,13.0,,,,15.0,59.0,315.0,329.0,6.0,2.0,18.0,27.0,,4.0,,,,,3.0,15.0,5.0,1.0,,11.0,12.0,1.0,3.0,4.0,,5.0,2.0,3.0,,3.0,,1.0,,,,1.0,1.0,,,,,,,,,,1.0,,,,,,,,,,,,,,,,0.0,,,3.0,,1.0,,85.0,53.0,,,1.0,,,
cpl::Football_Player::cad9192d6a9541128a76febb4a58387f,E. Kobza,Cavalry,Defender,2025,defender,22,1839,2,0,15,2,8,0,22,46,35,2,8,0,0,88.0,26,1.27,0,0,0,0,0,0,0,0,66.67,56.94,73.53,0.0,0,0,0,0,0,0,0,0,0,0,0,0,0,,1839.0,,,4.0,1038.0,3.0,123.0,320.0,17.0,8.0,33.0,163.0,609.0,99.0,2.0,,1061.0,46.0,844.0,23.0,132.0,240.0,4.0,76.0,,,77.0,20.0,,59.0,1306.0,22.0,18.0,,141.0,373.0,23.0,10.0,119.0,85.0,35.0,,,50.0,209.0,45.0,,,22.0,,,,72.0,325.0,906.0,929.0,68.0,4.0,90.0,69.0,3.0,2.0,,,,,5.0,33.0,24.0,1.0,,22.0,15.0,12.0,18.0,11.0,4.0,2.0,7.0,15.0,5.0,9.0,1.0,3.0,,,,4.0,3.0,,11.0,,,,,,2.0,,8.0,,2.0,,2.0,,2.0,,,,,,,,,,1.0,2.0,0.0,10.0,,,1.0,258.0,119.0,1.0,,69.0,2.0,5.0,
cpl::Football_Player::09f14fe890a548b08665ad76b2857552,M. Gherasimencov,Cavalry,Defender,2025,defender,27,1672,2,2,12,4,5,2,31,28,37,4,3,0,0,85.0,19,1.02,7,0,1,0,0,0,0,0,64.58,59.12,55.0,27.45,0,0,0,0,0,0,0,0,0,0,0,0,0,,1672.0,,,2.0,592.0,16.0,120.0,298.0,17.0,3.0,30.0,208.0,248.0,63.0,1.0,,619.0,28.0,486.0,18.0,93.0,260.0,20.0,94.0,,,69.0,16.0,,33.0,1107.0,27.0,10.0,,161.0,212.0,30.0,10.0,107.0,40.0,37.0,,,11.0,181.0,31.0,,,27.0,,,,65.0,27.0,500.0,526.0,20.0,5.0,74.0,96.0,1.0,4.0,,,,,11.0,48.0,36.0,2.0,,31.0,25.0,23.0,9.0,17.0,114.0,11.0,7.0,12.0,6.0,4.0,,30.0,20.0,20.0,14.0,24.0,34.0,1.0,1.0,7.0,,2.0,1.0,2.0,4.0,3.0,5.0,,2.0,,1.0,,,1.0,2.0,,,,,,,,1.0,2.0,0.0,34.0,,4.0,,183.0,123.0,4.0,,69.0,,1.0,1.0
cpl::Football_Player::aaacbf86bfeb43ef894d906fd5aa7bdb,J. Alphonse,Wanderers,Defender,2025,defender,15,1158,0,0,1,0,1,0,28,16,9,0,5,0,0,84.0,14,1.09,0,0,0,0,0,0,0,0,66.67,62.71,57.89,0.0,0,0,0,0,0,0,0,0,0,0,0,0,0,,1158.0,1.0,,4.0,430.0,1.0,28.0,191.0,30.0,5.0,38.0,117.0,186.0,35.0,1.0,,450.0,16.0,353.0,13.0,73.0,52.0,1.0,44.0,,,43.0,13.0,,36.0,672.0,15.0,6.0,,99.0,214.0,9.0,10.0,74.0,24.0,9.0,,,11.0,118.0,43.0,,,15.0,,,,36.0,156.0,358.0,377.0,19.0,1.0,44.0,63.0,1.0,6.0,,,,,12.0,42.0,12.0,,,28.0,10.0,8.0,8.0,14.0,20.0,2.0,,1.0,1.0,5.0,,7.0,,7.0,,6.0,7.0,,,,,,,,,,1.0,,,,,,,,,,,,,,,,0.0,,,15.0,1.0,1.0,,110.0,68.0,,,38.0,,,
cpl::Football_Player::360a1cff07aa439cb939b0d0d222b08c,J. Dunn,Wanderers,Defender,2025,defender,5,61,0,0,0,0,0,0,1,1,0,0,1,0,0,89.0,2,2.95,0,0,0,0,0,0,0,0,50.0,80.0,100.0,0.0,0,0,0,0,0,0,0,0,0,0,0,0,0,,61.0,,,,34.0,,2.0,12.0,1.0,1.0,4.0,4.0,18.0,,,,34.0,1.0,29.0,2.0,4.0,1.0,,3.0,,,3.0,1.0,,1.0,41.0,5.0,,,3.0,19.0,,10.0,4.0,1.0,,,,2.0,5.0,2.0,,,5.0,,,,1.0,12.0,30.0,30.0,2.0,,1.0,2.0,,1.0,,,,,,2.0,,,,1.0,1.0,,,1.0,1.0,4.0,,,,,,,,,,,,,,,,,,,,,,,,,,,,,,,,,,,,,0.0,,,,,,,5.0,3.0,,,1.0,,,
cpl::Football_Player::9e824d03d70a46fe9d571a6ea8b26a28,N. Mekidèche,Wanderers,Defender,2025,defender,10,823,1,1,3,2,1,1,11,12,10,1,3,0,0,84.0,9,0.98,0,0,0,0,0,0,0,0,61.11,58.9,46.88,0.0,0,0,0,0,0,0,0,0,0,0,0,0,0,,823.0,3.0,,4.0,356.0,,27.0,121.0,8.0,3.0,25.0,72.0,187.0,38.0,,,371.0,12.0,287.0,9.0,63.0,111.0,1.0,43.0,,,33.0,9.0,,20.0,499.0,10.0,5.0,,41.0,188.0,4.0,10.0,43.0,21.0,10.0,,,15.0,73.0,49.0,,,10.0,,,,13.0,45.0,294.0,308.0,32.0,3.0,30.0,28.0,,2.0,,,,,1.0,18.0,7.0,1.0,,11.0,9.0,4.0,17.0,7.0,,1.0,2.0,3.0,,7.0,,,,,,,,,,,,,,1.0,1.0,,1.0,,1.0,,1.0,,,,1.0,,,,,,,,0.0,1.0,0.0,2.0,3.0,1.0,,82.0,41.0,,,8.0,1.0,2.0,
cpl::Football_Player::608a3af8ed44452d9fe6ae4fd93ab951,W. Edgson,Pacific,Defender,2025,defender,0,0,0,0,0,0,0,0,0,0,0,0,0,0,0,,0,,0,0,0,0,0,0,0,0,0.0,0.0,0.0,0.0,0,0,0,0,0,0,0,0,0,0,0,0,0,,,,,,,,,,,0.0,,,,,,,,,,,,,,,,,,,,,,,,,,,,,,,,,,,,,,,0.0,,,,,,,,,,,,,0.0,0.0,0.0,,,,,,,,,,,,,,0.0,,,,,,,,,,,,,,,0.0,,,,,,,,0.0,,,,,,,,,,,,,,,,,,,,,,,,,,,,
cpl::Football_Player::d46e06f14e0d47e58d6f5f00e1eabfa9,T. Meilleur-Giguère,Wanderers,Defender,2025,defender,29,2635,4,0,26,4,8,0,17,9,8,3,1,0,0,89.0,36,1.23,0,0,2,0,0,0,0,0,60.71,68.71,69.15,0.0,0,0,0,0,0,0,0,0,0,0,0,0,0,,2635.0,21.0,,19.0,1130.0,9.0,59.0,270.0,57.0,1.0,82.0,150.0,778.0,60.0,3.0,,1190.0,9.0,969.0,32.0,142.0,333.0,3.0,101.0,,,96.0,29.0,,41.0,1535.0,29.0,1.0,,53.0,390.0,41.0,10.0,101.0,79.0,8.0,,,65.0,147.0,185.0,,,29.0,,,,17.0,408.0,990.0,1048.0,94.0,9.0,46.0,36.0,4.0,,,,,,,28.0,12.0,1.0,,17.0,28.0,10.0,29.0,11.0,1.0,,18.0,26.0,7.0,24.0,1.0,,,,,,,,,,,,,,3.0,,8.0,,4.0,1.0,4.0,,3.0,,,,,,,,,,2.0,3.0,1.0,,21.0,,,134.0,49.0,1.0,,15.0,3.0,1.0,2.0
cpl::Football_Player::4da84a61c12443e48f9c5d0dd8f2f3ae,K. Dada-Luke,Vancouver,Defender,2025,defender,23,1805,0,2,3,2,2,2,18,12,35,0,3,2,0,81.0,38,1.89,0,0,0,0,0,0,0,0,58.06,58.19,48.78,27.78,0,0,0,0,0,0,0,0,0,0,0,0,0,,1805.0,,,5.0,602.0,13.0,183.0,263.0,21.0,3.0,43.0,282.0,249.0,74.0,1.0,,614.0,12.0,478.0,30.0,117.0,25.0,15.0,127.0,,,65.0,21.0,,29.0,1140.0,23.0,4.0,,136.0,197.0,15.0,10.0,103.0,19.0,35.0,,,20.0,177.0,51.0,,,23.0,,,,53.0,209.0,485.0,497.0,41.0,2.0,74.0,83.0,8.0,3.0,2.0,2.0,,,17.0,31.0,28.0,3.0,,18.0,28.0,10.0,21.0,13.0,125.0,2.0,1.0,3.0,1.0,10.0,,39.0,15.0,51.0,15.0,20.0,39.0,,,,,,2.0,2.0,,,2.0,,,,,,,,,,,,,,,,0.0,,,34.0,,4.0,,211.0,118.0,5.0,,53.0,,1.0,
cpl::Football_Player::8c250cb48a3648f2bfe78681f613b119,G. Facchineri,Valour,Defender,2025,defender,21,1800,1,0,7,1,3,0,21,34,9,0,4,1,0,86.0,40,2.0,0,0,1,0,0,0,0,0,65.62,45.28,42.59,0.0,0,0,0,0,0,0,0,0,0,0,0,0,0,,1800.0,7.0,1.0,8.0,934.0,1.0,53.0,215.0,25.0,4.0,69.0,185.0,629.0,69.0,3.0,,982.0,34.0,793.0,35.0,138.0,265.0,4.0,76.0,,,80.0,21.0,,63.0,1256.0,21.0,18.0,,105.0,334.0,14.0,10.0,72.0,51.0,9.0,,,23.0,159.0,92.0,,,21.0,,,,56.0,330.0,803.0,844.0,54.0,2.0,87.0,49.0,5.0,1.0,1.0,1.0,,1.0,8.0,32.0,18.0,2.0,,21.0,19.0,8.0,31.0,11.0,13.0,,4.0,7.0,2.0,11.0,,1.0,,9.0,,4.0,1.0,,,,,,,,,,3.0,,1.0,,1.0,,,,,,,,,,1.0,,1.0,0.0,1.0,10.0,7.0,,1.0,213.0,120.0,1.0,,4.0,1.0,2.0,
cpl::Football_Player::bf1559f63d3642679c430ff1f41355a7,G. Mukumbilwa,Pacific,Defender,2025,defender,20,1016,0,0,4,0,1,0,11,8,19,2,1,0,0,83.0,28,2.48,0,0,0,0,0,0,0,0,50.0,62.38,60.0,19.05,0,0,0,0,0,0,0,0,0,0,0,0,0,,1016.0,,1.0,8.0,462.0,4.0,121.0,146.0,22.0,1.0,28.0,153.0,246.0,53.0,3.0,,469.0,8.0,363.0,25.0,81.0,122.0,2.0,65.0,,,52.0,12.0,,33.0,733.0,20.0,4.0,,76.0,165.0,17.0,10.0,63.0,25.0,19.0,,,15.0,101.0,28.0,,,20.0,,,,28.0,61.0,381.0,388.0,25.0,,38.0,48.0,3.0,9.0,,,,,7.0,22.0,20.0,1.0,,11.0,23.0,5.0,10.0,11.0,55.0,8.0,3.0,4.0,3.0,3.0,,17.0,4.0,21.0,4.0,10.0,17.0,,2.0,,,,,,2.0,,1.0,,,,,,,,,,,,,,,,0.0,,,14.0,,,2.0,122.0,54.0,,,48.0,,1.0,
cpl::Football_Player::242992e119ea4cf3b76878a2029dddac,P. Gee,Vancouver,Defender,2025,defender,25,1234,1,0,6,1,3,0,12,9,16,2,3,0,0,79.0,35,2.55,1,0,0,0,0,0,0,0,66.67,48.36,50.0,13.73,0,0,0,0,0,0,0,0,0,0,0,0,0,,1234.0,,,4.0,425.0,12.0,83.0,179.0,19.0,3.0,34.0,196.0,176.0,59.0,1.0,,440.0,9.0,326.0,29.0,93.0,111.0,7.0,113.0,,,45.0,13.0,,23.0,754.0,25.0,4.0,,96.0,183.0,14.0,10.0,59.0,21.0,16.0,,,13.0,122.0,33.0,,,25.0,,,,50.0,63.0,337.0,347.0,26.0,1.0,63.0,46.0,6.0,5.0,,,,,13.0,18.0,16.0,1.0,,12.0,19.0,6.0,13.0,6.0,59.0,12.0,3.0,6.0,3.0,4.0,,43.0,8.0,12.0,7.0,19.0,43.0,,3.0,1.0,,,,,2.0,1.0,3.0,,1.0,1.0,,,,1.0,,,,,,,,,1.0,1.0,0.0,28.0,,1.0,,139.0,92.0,,1.0,66.0,,,
cpl::Football_Player::f5f9dbfb4ae043d7bf4f7094d31693c3,J. Quintana,Pacific,Defender,2025,defender,4,360,0,0,4,0,1,0,5,8,4,0,3,0,0,83.0,8,2.0,0,0,0,0,0,0,0,0,62.5,61.7,73.91,0.0,0,0,0,0,0,0,0,0,0,0,0,0,0,,360.0,9.0,,1.0,175.0,2.0,4.0,39.0,11.0,3.0,18.0,37.0,121.0,15.0,,,193.0,8.0,154.0,6.0,33.0,38.0,1.0,19.0,,,15.0,4.0,,14.0,275.0,4.0,7.0,,24.0,77.0,9.0,10.0,29.0,6.0,4.0,,,17.0,47.0,40.0,,,4.0,,,,12.0,74.0,143.0,160.0,23.0,1.0,18.0,12.0,2.0,,,,,,,8.0,4.0,,,5.0,9.0,2.0,6.0,3.0,1.0,,3.0,4.0,1.0,3.0,1.0,,,,,,,,,,,,,,,,1.0,,,,,,,,,,,,,,,,0.0,,,,9.0,,,67.0,39.0,,,,,,
cpl::Football_Player::7205a0ef2aab4cf98da19157fb879f8a,E. Lajeunesse,Pacific,Defender,2025,defender,15,1268,0,0,0,0,0,0,9,16,13,1,1,0,0,81.0,25,1.77,0,0,0,0,0,0,0,0,42.86,50.49,31.43,100.0,0,0,0,0,0,0,0,0,0,0,0,0,0,,1268.0,,1.0,4.0,600.0,1.0,54.0,183.0,29.0,1.0,59.0,170.0,323.0,61.0,4.0,,625.0,16.0,487.0,21.0,120.0,231.0,3.0,84.0,,,40.0,14.0,,36.0,872.0,15.0,10.0,,68.0,311.0,7.0,10.0,52.0,18.0,13.0,,,11.0,103.0,49.0,,,15.0,,,,27.0,29.0,480.0,505.0,35.0,2.0,51.0,41.0,4.0,1.0,,,,,7.0,21.0,15.0,1.0,,9.0,12.0,6.0,24.0,12.0,51.0,1.0,,,,8.0,1.0,,1.0,26.0,1.0,4.0,,,1.0,,,,,,1.0,,,,,,,,,,,1.0,,,,,,,0.0,,,5.0,,,,104.0,59.0,1.0,,,,,
cpl::Football_Player::edf6ef9ee973485dbbf8b5123cf83a94,K. Chung,Pacific,Defender,2025,defender,27,2392,1,1,10,2,5,1,50,10,22,0,5,0,0,87.0,56,2.11,0,0,2,0,0,0,0,0,79.37,58.6,34.78,26.53,0,0,0,0,0,0,0,0,0,0,0,0,0,,2392.0,,,10.0,946.0,14.0,190.0,427.0,22.0,5.0,39.0,268.0,417.0,90.0,6.0,,960.0,10.0,785.0,49.0,129.0,69.0,16.0,123.0,,,70.0,27.0,,42.0,1475.0,27.0,8.0,,163.0,329.0,32.0,10.0,109.0,46.0,22.0,,,8.0,186.0,64.0,,,27.0,,,,62.0,372.0,817.0,831.0,23.0,3.0,77.0,101.0,7.0,3.0,,,,,16.0,63.0,35.0,,,50.0,18.0,13.0,15.0,13.0,115.0,,5.0,10.0,1.0,2.0,,36.0,13.0,34.0,13.0,23.0,36.0,2.0,2.0,,,,1.0,1.0,,,5.0,,1.0,1.0,1.0,,,,,,,,,,,,0.0,1.0,0.0,38.0,,2.0,,222.0,113.0,6.0,,37.0,,,1.0
cpl::Football_Player::8acd7b030e09457dacf4d02078701836,Allan Enyou,Vancouver,Defender,2025,defender,23,1917,0,1,4,1,0,1,23,22,7,0,5,0,0,83.0,39,1.83,0,0,0,0,0,0,0,0,63.89,56.0,63.04,25.0,0,0,0,0,0,0,0,0,0,0,0,0,0,,1917.0,1.0,,5.0,943.0,3.0,112.0,245.0,42.0,5.0,84.0,244.0,564.0,88.0,2.0,,976.0,22.0,765.0,34.0,172.0,357.0,2.0,128.0,,,119.0,22.0,,56.0,1352.0,23.0,9.0,,104.0,416.0,9.0,10.0,84.0,39.0,7.0,,,29.0,150.0,90.0,,,23.0,,,,49.0,91.0,777.0,804.0,46.0,1.0,66.0,55.0,5.0,6.0,,,,,12.0,36.0,39.0,,,23.0,21.0,24.0,17.0,13.0,54.0,1.0,4.0,4.0,2.0,12.0,,12.0,5.0,30.0,4.0,5.0,12.0,,,,,,1.0,1.0,,,,,,,,,,,,,,,,,,,0.0,,,12.0,1.0,1.0,,238.0,126.0,,,9.0,,,
cpl::Football_Player::46e85b6f18f042fe837554290482828b,A. Đidić,Atlético,Defender,2025,defender,4,302,0,0,3,0,0,0,3,5,0,0,2,0,0,93.0,4,1.19,0,0,0,0,0,0,0,0,75.0,40.0,44.44,0.0,0,0,0,0,0,0,0,0,0,0,0,0,0,,302.0,,,1.0,185.0,,21.0,33.0,2.0,2.0,5.0,21.0,141.0,9.0,,,188.0,5.0,162.0,3.0,14.0,10.0,,9.0,,,16.0,4.0,,5.0,234.0,4.0,4.0,,11.0,80.0,2.0,10.0,8.0,12.0,,,,4.0,20.0,14.0,,,4.0,,,,7.0,77.0,171.0,174.0,9.0,,12.0,4.0,1.0,1.0,,,,,,4.0,4.0,,,3.0,6.0,1.0,5.0,1.0,5.0,,3.0,3.0,,2.0,,,,6.0,,,,,,,,,,,,,,,,,,,,,,,,,,,,,0.0,,,,,,,27.0,14.0,,,,,,
cpl::Football_Player::141494f5941d475e9bdcd8c685f15d53,A. Pearlman,Wanderers,Defender,2025,defender,27,2364,2,2,11,4,7,2,38,34,29,3,8,0,0,79.0,29,1.1,0,0,0,0,0,0,0,0,63.33,52.42,55.32,18.92,0,0,0,0,0,0,0,0,0,0,0,0,0,,2364.0,,,10.0,1005.0,7.0,113.0,475.0,42.0,8.0,95.0,385.0,346.0,133.0,2.0,,1042.0,34.0,753.0,25.0,228.0,50.0,13.0,204.0,,,115.0,27.0,,54.0,1653.0,27.0,14.0,,201.0,483.0,41.0,10.0,130.0,61.0,29.0,,,26.0,248.0,75.0,,,27.0,,,,97.0,396.0,780.0,814.0,47.0,8.0,118.0,104.0,4.0,9.0,,,,,15.0,60.0,47.0,1.0,,38.0,16.0,18.0,21.0,22.0,153.0,,4.0,11.0,,7.0,1.0,30.0,7.0,52.0,7.0,22.0,30.0,5.0,2.0,,,,2.0,2.0,3.0,,7.0,,2.0,2.0,2.0,1.0,,,,,,,,,,,1.0,0.0,2.0,35.0,,4.0,1.0,248.0,150.0,5.0,,123.0,2.0,2.0,2.0
cpl::Football_Player::3ebb1a23b8bf4400bf5519f616825cad,K. Sow,Wanderers,Defender,2025,defender,27,2183,0,2,6,2,2,2,18,14,7,1,3,0,0,89.0,29,1.2,1,0,0,0,0,0,0,0,52.94,55.63,53.62,11.11,0,0,0,0,0,0,0,0,0,0,0,0,0,,2183.0,13.0,1.0,8.0,1098.0,3.0,95.0,412.0,16.0,3.0,41.0,176.0,595.0,90.0,3.0,,1137.0,14.0,945.0,25.0,131.0,377.0,4.0,83.0,,,86.0,24.0,,56.0,1430.0,27.0,5.0,,82.0,479.0,30.0,10.0,84.0,61.0,7.0,,,37.0,151.0,76.0,,,27.0,,,,35.0,186.0,968.0,1006.0,69.0,7.0,67.0,47.0,4.0,4.0,,,,,6.0,34.0,26.0,,,18.0,15.0,14.0,32.0,16.0,40.0,3.0,4.0,6.0,1.0,13.0,,8.0,1.0,3.0,1.0,4.0,8.0,1.0,,1.0,,,2.0,2.0,1.0,,2.0,,,,,,,,,,,,,,,,0.0,,,12.0,13.0,,1.0,185.0,95.0,2.0,,58.0,,,
cpl::Football_Player::3aaf25a2f090423584d5e9d492e5ca42,J. Grant,Atlético,Defender,2025,defender,0,0,0,0,0,0,0,0,0,0,0,0,0,0,0,,0,,0,0,0,0,0,0,0,0,0.0,0.0,0.0,0.0,0,0,0,0,0,0,0,0,0,0,0,0,0,,,,,,,,,,,0.0,,,,,,,,,,,,,,,,,,,,,,,,,,,,,,,,,,,,,,,0.0,,,,,,,,,,,,,0.0,0.0,0.0,,,,,,,,,,,,,,0.0,,,,,,,,,,,,,,,0.0,,,,,,,,0.0,,,,,,,,,,,,,,,,,,,,,,,,,,,,
cpl::Football_Player::9dfa32fd254946aa9189e26a8888a192,E. Bah,Vancouver,Defender,2025,defender,27,2270,2,6,23,8,10,6,34,25,76,2,5,0,0,80.0,49,1.94,13,0,1,0,0,0,0,0,80.95,48.19,29.63,9.3,0,0,0,0,0,0,0,0,0,0,0,0,0,,2270.0,,,3.0,639.0,17.0,194.0,322.0,11.0,5.0,27.0,376.0,201.0,108.0,2.0,,654.0,25.0,500.0,40.0,135.0,252.0,19.0,149.0,,,108.0,25.0,,25.0,1286.0,27.0,12.0,,305.0,150.0,89.0,10.0,160.0,19.0,76.0,,,8.0,332.0,29.0,,,27.0,,,,153.0,58.0,506.0,519.0,27.0,2.0,172.0,152.0,9.0,7.0,,,,,34.0,42.0,38.0,,,34.0,24.0,14.0,19.0,8.0,77.0,2.0,13.0,23.0,13.0,4.0,,28.0,4.0,12.0,4.0,68.0,39.0,4.0,13.0,13.0,,9.0,6.0,6.0,2.0,,10.0,,2.0,1.0,2.0,2.0,1.0,,,2.0,,,,,,,0.0,2.0,0.0,107.0,,9.0,,317.0,162.0,4.0,,80.0,2.0,3.0,2.0
cpl::Football_Player::1122de539ffd41e896e9f9ac2dbcc457,L. Cloutier,Atlético,Defender,2025,defender,26,2265,0,2,5,2,1,2,23,16,8,0,2,0,0,91.0,25,0.99,0,0,0,0,0,0,0,0,71.88,58.12,59.09,0.0,0,0,0,0,0,0,0,0,0,0,0,0,0,,2265.0,11.0,,13.0,1818.0,2.0,139.0,501.0,50.0,2.0,87.0,222.0,1193.0,89.0,2.0,,1870.0,16.0,1631.0,24.0,176.0,335.0,7.0,118.0,,,70.0,25.0,,65.0,2225.0,26.0,8.0,,73.0,704.0,7.0,10.0,68.0,63.0,8.0,,,26.0,117.0,104.0,,,26.0,,,,31.0,692.0,1647.0,1694.0,44.0,9.0,49.0,42.0,1.0,4.0,,,,1.0,2.0,32.0,27.0,1.0,,23.0,38.0,14.0,18.0,9.0,67.0,1.0,4.0,5.0,,12.0,,7.0,,25.0,,4.0,7.0,1.0,,,,,1.0,2.0,,,1.0,,,,,,,,,,,,,,,,0.0,,,8.0,11.0,1.0,2.0,413.0,186.0,1.0,,42.0,,2.0,
cpl::Football_Player::3369d66b5c1c44c38f4b479aed83a7e7,Roberto Alarcón,Valour,Defender,2025,defender,24,1554,0,2,6,2,0,2,41,23,24,1,5,0,0,88.0,41,2.37,18,0,1,0,0,0,0,0,69.49,63.4,71.43,8.7,0,0,0,0,0,0,0,0,0,0,0,0,0,,1554.0,,1.0,3.0,775.0,3.0,162.0,314.0,21.0,5.0,46.0,186.0,401.0,52.0,5.0,,803.0,23.0,657.0,38.0,98.0,94.0,6.0,105.0,,,76.0,16.0,,33.0,1193.0,24.0,15.0,,139.0,228.0,2.0,10.0,97.0,48.0,24.0,,,10.0,153.0,38.0,,,24.0,,,,52.0,319.0,682.0,705.0,14.0,,56.0,87.0,3.0,6.0,,,,,4.0,59.0,23.0,,,41.0,17.0,11.0,4.0,18.0,104.0,8.0,6.0,6.0,1.0,4.0,,20.0,10.0,11.0,4.0,8.0,40.0,1.0,2.0,18.0,,14.0,1.0,2.0,1.0,2.0,,3.0,,,,,,,,,,,,,,,0.0,,,18.0,,2.0,,212.0,94.0,2.0,1.0,78.0,,,
cpl::Football_Player::b6597676a5e34edf998b3ef92a3c14d0,M. Campagna,Vancouver,Defender,2025,defender,27,2260,1,1,12,2,5,1,30,26,8,2,6,0,0,86.0,46,1.83,0,0,0,0,0,0,0,0,68.18,58.33,58.67,14.29,0,0,0,0,0,0,0,0,0,0,0,0,0,,2260.0,8.0,1.0,14.0,1212.0,2.0,93.0,335.0,39.0,6.0,93.0,216.0,738.0,87.0,2.0,,1252.0,26.0,990.0,37.0,180.0,162.0,2.0,131.0,,,67.0,26.0,,55.0,1629.0,27.0,6.0,,93.0,484.0,30.0,10.0,98.0,82.0,8.0,,,44.0,168.0,148.0,,,27.0,,,,39.0,513.0,1034.0,1072.0,75.0,2.0,70.0,54.0,9.0,5.0,,,,1.0,2.0,44.0,23.0,,,30.0,32.0,9.0,31.0,14.0,34.0,1.0,7.0,12.0,3.0,16.0,,6.0,1.0,4.0,1.0,3.0,6.0,,1.0,,,,,1.0,2.0,,5.0,,1.0,1.0,1.0,,,,,1.0,,,,,,,0.0,0.0,1.0,6.0,8.0,2.0,1.0,276.0,170.0,,1.0,10.0,1.0,3.0,
cpl::Football_Player::8baee08a0ffb48ed8e4c68b4c56a02cc,C. Greco-Taylor,Pacific,Defender,2025,defender,24,1236,0,3,3,3,1,3,22,20,28,0,3,1,0,74.0,33,2.4,3,0,0,0,0,0,0,0,56.41,61.76,63.64,9.43,0,0,0,0,0,0,0,0,0,0,0,0,0,,1236.0,,,4.0,574.0,9.0,102.0,219.0,38.0,3.0,73.0,298.0,227.0,89.0,2.0,,602.0,20.0,400.0,32.0,162.0,195.0,7.0,160.0,,,51.0,12.0,,49.0,1009.0,24.0,11.0,,114.0,279.0,6.0,10.0,84.0,40.0,28.0,,,14.0,136.0,33.0,,,24.0,,,,44.0,26.0,419.0,440.0,22.0,1.0,52.0,70.0,1.0,2.0,1.0,,,,3.0,39.0,41.0,2.0,,22.0,15.0,16.0,8.0,17.0,92.0,12.0,2.0,3.0,2.0,5.0,,43.0,6.0,42.0,5.0,6.0,47.0,1.0,3.0,3.0,1.0,2.0,2.0,3.0,,1.0,1.0,,,,,,,,,,,,,,,,0.0,,,15.0,,3.0,,133.0,84.0,1.0,,63.0,,1.0,
cpl::Football_Player::130bf1bad34e405d8bf525d7dab36e0f,T. Walker,Atlético,Defender,2025,defender,17,760,0,1,5,1,1,1,17,14,7,0,2,1,0,90.0,10,1.18,0,0,0,0,0,0,0,0,80.95,56.47,50.0,42.86,0,0,0,0,0,0,0,0,0,0,0,0,0,,760.0,,,2.0,506.0,3.0,41.0,164.0,14.0,2.0,28.0,87.0,308.0,26.0,,,523.0,14.0,440.0,8.0,54.0,135.0,4.0,41.0,,,31.0,6.0,,17.0,703.0,17.0,9.0,,57.0,202.0,10.0,10.0,48.0,29.0,7.0,,,14.0,85.0,50.0,,,17.0,,,,23.0,145.0,453.0,469.0,28.0,2.0,37.0,34.0,2.0,1.0,1.0,,,,6.0,21.0,5.0,,,17.0,16.0,2.0,14.0,4.0,18.0,11.0,4.0,5.0,1.0,3.0,,4.0,3.0,17.0,3.0,6.0,4.0,,1.0,,1.0,,,1.0,,,1.0,,,,,,,,,,,,,,,,0.0,,,7.0,,1.0,,105.0,58.0,,,5.0,,2.0,
cpl::Football_Player::6d71463236d1442fb192c9170e86e702,M. Hallam,Pacific,Defender,2025,defender,0,0,0,0,0,0,0,0,0,0,0,0,0,0,0,,0,,0,0,0,0,0,0,0,0,0.0,0.0,0.0,0.0,0,0,0,0,0,0,0,0,0,0,0,0,0,,,,,,,,,,,0.0,,,,,,,,,,,,,,,,,,,,,,,,,,,,,,,,,,,,,,,0.0,,,,,,,,,,,,,0.0,0.0,0.0,,,,,,,,,,,,,,0.0,,,,,,,,,,,,,,,0.0,,,,,,,,0.0,,,,,,,,,,,,,,,,,,,,,,,,,,,,
cpl::Football_Player::f3ffebc2701c4e608f9f5055198c5ec9,D. Norman,Vancouver,Defender,2025,defender,23,1758,2,2,11,4,3,2,30,43,15,0,9,0,0,84.0,42,2.15,0,0,0,1,1,0,0,0,63.83,49.07,41.38,40.0,0,0,0,0,0,0,0,0,0,0,0,0,0,,1758.0,,1.0,11.0,835.0,1.0,88.0,293.0,29.0,9.0,65.0,174.0,444.0,75.0,2.0,,875.0,43.0,673.0,34.0,140.0,283.0,9.0,109.0,,,74.0,20.0,,34.0,1097.0,23.0,24.0,,132.0,311.0,20.0,10.0,79.0,62.0,15.0,,,12.0,161.0,49.0,,,23.0,,,,65.0,193.0,699.0,735.0,29.0,1.0,82.0,67.0,8.0,7.0,,,,,5.0,47.0,20.0,,,30.0,13.0,9.0,17.0,17.0,5.0,3.0,8.0,11.0,1.0,6.0,,3.0,2.0,,2.0,3.0,3.0,,7.0,,,,1.0,2.0,,,3.0,3.0,2.0,,1.0,,,1.0,2.0,,,1.0,1.0,1.0,,,0.0,1.0,1.0,11.0,,,,199.0,105.0,3.0,,15.0,1.0,1.0,
cpl::Football_Player::474e7cdb2e5742da97bb54f6e7a4e236,S. Kozlovskiy,Atlético,Defender,2025,defender,21,1556,0,0,4,0,0,0,15,24,6,0,5,0,0,90.0,18,1.04,0,0,0,0,0,0,0,0,93.75,37.97,38.1,22.22,0,0,0,0,0,0,0,0,0,0,0,0,0,,1556.0,5.0,,17.0,1284.0,4.0,133.0,349.0,38.0,5.0,79.0,176.0,846.0,54.0,1.0,,1326.0,24.0,1113.0,16.0,133.0,612.0,7.0,100.0,,,35.0,18.0,,40.0,1561.0,21.0,10.0,,58.0,460.0,4.0,10.0,30.0,80.0,6.0,,,8.0,79.0,65.0,,,21.0,,,,36.0,121.0,1151.0,1193.0,21.0,4.0,49.0,22.0,2.0,5.0,,,,,,16.0,13.0,,,15.0,9.0,4.0,13.0,1.0,48.0,3.0,4.0,4.0,1.0,12.0,,7.0,2.0,28.0,2.0,1.0,7.0,,1.0,,,,,,,,,,,,,,,,,,,,,,,,0.0,,,3.0,5.0,,,188.0,106.0,,,12.0,,,
cpl::Football_Player::41a6af9f6ff34b93a944156aafe64ecf,Pedro Machado,Pacific,Defender,2025,defender,13,1145,0,1,6,1,2,1,8,18,8,1,2,0,0,87.0,23,1.81,0,0,0,0,0,0,0,0,53.33,54.67,61.29,0.0,0,0,0,0,0,0,0,0,0,0,0,0,0,,1145.0,17.0,,9.0,580.0,1.0,29.0,116.0,40.0,2.0,61.0,90.0,418.0,23.0,3.0,,618.0,18.0,503.0,18.0,84.0,111.0,2.0,53.0,,,29.0,13.0,,31.0,764.0,13.0,7.0,,44.0,240.0,9.0,10.0,41.0,31.0,8.0,,,19.0,75.0,72.0,,,13.0,,,,22.0,238.0,497.0,534.0,31.0,1.0,34.0,22.0,5.0,1.0,,,,,,15.0,7.0,,,8.0,10.0,3.0,12.0,7.0,3.0,,4.0,6.0,2.0,7.0,,,,,,,,,,,,,1.0,1.0,1.0,,2.0,,,,,,,,,,,,,,,,0.0,,,,17.0,,,98.0,47.0,1.0,,,,2.0,
cpl::Football_Player::8a6c8e7f553849f9a237ca5dd408e66d,B. Levis,Atlético,Defender,2025,defender,11,554,0,0,3,0,1,0,13,8,9,0,1,0,0,91.0,7,1.14,0,0,0,0,0,0,0,0,81.25,76.19,93.75,37.5,0,0,0,0,0,0,0,0,0,0,0,0,0,,554.0,,,4.0,404.0,2.0,61.0,125.0,8.0,1.0,14.0,68.0,258.0,27.0,,,421.0,8.0,364.0,6.0,41.0,184.0,2.0,31.0,,,28.0,7.0,,15.0,552.0,11.0,7.0,,47.0,143.0,3.0,10.0,48.0,16.0,9.0,,,15.0,63.0,12.0,,,11.0,,,,14.0,33.0,363.0,380.0,16.0,1.0,15.0,33.0,1.0,4.0,,,,,8.0,16.0,5.0,,,13.0,3.0,1.0,1.0,3.0,30.0,4.0,2.0,3.0,,7.0,,5.0,3.0,10.0,3.0,2.0,5.0,,1.0,,,,,,,,1.0,,,,,,,,,,1.0,,,,,,0.0,,,3.0,,,,88.0,40.0,,,3.0,,,
cpl::Football_Player::ba9cc02d980d4b008db9154ee2ce3ccc,K. Egwu,Valour,Defender,2025,defender,23,1724,3,0,7,3,4,0,31,15,9,1,5,0,0,89.0,44,2.3,0,0,0,0,0,0,0,0,77.5,59.02,62.5,0.0,0,0,0,0,0,0,0,0,0,0,0,0,0,,1724.0,1.0,,11.0,951.0,,53.0,307.0,26.0,5.0,61.0,152.0,571.0,51.0,6.0,,990.0,15.0,817.0,43.0,112.0,416.0,4.0,83.0,,,67.0,19.0,,32.0,1286.0,23.0,3.0,,98.0,367.0,15.0,10.0,72.0,61.0,9.0,,,15.0,122.0,92.0,,,23.0,,,,41.0,154.0,846.0,878.0,24.0,2.0,50.0,57.0,1.0,2.0,,,,,8.0,40.0,22.0,,,31.0,27.0,15.0,9.0,9.0,13.0,4.0,3.0,7.0,2.0,6.0,,3.0,,7.0,,4.0,3.0,,1.0,,,,,,1.0,,4.0,,3.0,,3.0,,1.0,,2.0,,,,,,,,2.0,2.0,1.0,14.0,1.0,,,278.0,164.0,,,6.0,3.0,,
cpl::Football_Player::a22a6c20e107412398d843c4ab034577,R. Romeo,Valour,Defender,2025,defender,17,1157,0,0,2,0,1,0,9,10,5,1,4,0,0,87.0,31,2.41,0,0,0,0,0,0,0,0,60.0,57.14,61.54,0.0,0,0,0,0,0,0,0,0,0,0,0,0,0,,1157.0,7.0,,13.0,649.0,1.0,29.0,190.0,25.0,4.0,54.0,104.0,401.0,41.0,2.0,,686.0,10.0,523.0,28.0,95.0,169.0,3.0,73.0,,,49.0,13.0,,23.0,820.0,17.0,2.0,,37.0,245.0,9.0,10.0,36.0,68.0,5.0,,,16.0,63.0,69.0,,,17.0,,,,17.0,243.0,559.0,591.0,26.0,1.0,27.0,20.0,3.0,2.0,,,,,1.0,15.0,8.0,,,9.0,9.0,3.0,10.0,6.0,2.0,4.0,1.0,2.0,,5.0,1.0,1.0,,,,,1.0,,,,,,,,1.0,,1.0,,,,,,,,,,,,,,,,0.0,,,2.0,7.0,,,120.0,73.0,,,4.0,,1.0,
cpl::Football_Player::2643a053f0b04373b2b6da28c55fe66e,T. Antonoglou,Valour,Defender,2025,defender,26,2022,2,6,13,8,7,6,25,29,20,1,4,0,0,88.0,48,2.14,49,0,0,0,0,0,0,0,60.98,51.25,47.83,8.6,0,0,0,0,0,0,0,0,0,0,0,0,0,,2022.0,,,9.0,834.0,6.0,158.0,411.0,23.0,4.0,45.0,249.0,373.0,64.0,4.0,,862.0,29.0,679.0,43.0,109.0,345.0,32.0,132.0,,,103.0,23.0,,43.0,1380.0,26.0,18.0,,137.0,312.0,27.0,10.0,82.0,74.0,20.0,,,11.0,160.0,48.0,,,26.0,,,,66.0,47.0,730.0,753.0,23.0,2.0,78.0,71.0,5.0,6.0,,,,,10.0,41.0,31.0,,,25.0,28.0,19.0,12.0,16.0,128.0,3.0,6.0,13.0,7.0,4.0,,27.0,31.0,25.0,8.0,13.0,66.0,,5.0,49.0,,29.0,5.0,6.0,1.0,19.0,7.0,3.0,2.0,,2.0,,,,2.0,,2.0,,,,,,0.0,2.0,0.0,21.0,,,,195.0,93.0,6.0,,110.0,1.0,,2.0
cpl::Football_Player::b48a3c5692c34ed3915577a233b54697,N. Abatneh,Atlético,Defender,2025,defender,25,2186,1,0,10,1,4,0,11,15,28,1,5,0,0,96.0,23,0.95,0,0,1,0,0,0,0,0,47.83,59.26,47.06,0.0,0,0,0,0,0,0,0,0,0,0,0,0,0,,2186.0,66.0,,11.0,1890.0,2.0,77.0,316.0,29.0,5.0,55.0,113.0,1572.0,41.0,2.0,,1984.0,15.0,1807.0,21.0,96.0,720.0,4.0,55.0,,,72.0,24.0,,41.0,2258.0,25.0,9.0,,84.0,562.0,15.0,10.0,80.0,81.0,28.0,,,24.0,135.0,109.0,,,25.0,,,,28.0,625.0,1798.0,1888.0,51.0,10.0,55.0,56.0,2.0,3.0,,,,,5.0,23.0,9.0,,,11.0,25.0,7.0,27.0,12.0,1.0,1.0,6.0,10.0,1.0,15.0,1.0,,,,,3.0,,1.0,1.0,,,,,,1.0,,4.0,,1.0,1.0,1.0,,,,,,,,,,,,1.0,1.0,0.0,6.0,66.0,1.0,1.0,439.0,262.0,1.0,1.0,9.0,,2.0,
cpl::Football_Player::b5c2bedf649c4d0e99c3d22079bb5a16,J. Coulanges,Atlético,Defender,2025,defender,20,594,2,0,8,2,6,0,19,16,9,2,1,0,0,84.0,7,1.06,0,0,0,0,0,0,0,0,82.61,46.81,18.18,18.18,0,0,0,0,0,0,0,0,0,0,0,0,0,,594.0,,1.0,1.0,226.0,3.0,100.0,103.0,3.0,1.0,3.0,90.0,87.0,35.0,1.0,,226.0,16.0,185.0,6.0,38.0,81.0,11.0,33.0,,,31.0,6.0,,14.0,382.0,20.0,9.0,,83.0,41.0,26.0,10.0,44.0,3.0,9.0,,,2.0,94.0,10.0,,,20.0,,,,41.0,4.0,188.0,188.0,11.0,,50.0,42.0,1.0,6.0,,,,,10.0,23.0,8.0,1.0,,19.0,7.0,5.0,9.0,4.0,14.0,14.0,2.0,8.0,,2.0,,9.0,2.0,1.0,2.0,12.0,9.0,,,,,,,,2.0,,6.0,,2.0,1.0,2.0,,,,1.0,2.0,,,,,,,0.0,1.0,1.0,21.0,,7.0,,91.0,55.0,1.0,,47.0,2.0,,2.0
cpl::Football_Player::dbd8bd41aa5a42158cc6c3a4c952bfdf,Z. Fernandez,Valour,Defender,2025,defender,14,1194,1,0,2,1,1,0,19,13,22,0,1,0,0,88.0,27,2.04,0,0,0,0,0,0,0,0,79.17,60.38,48.0,25.0,0,0,0,0,0,0,0,0,0,0,0,0,0,,1194.0,1.0,,2.0,569.0,,77.0,244.0,15.0,1.0,28.0,123.0,273.0,44.0,3.0,,587.0,13.0,487.0,25.0,72.0,71.0,8.0,57.0,,,49.0,14.0,,21.0,890.0,14.0,9.0,,81.0,209.0,14.0,10.0,64.0,28.0,22.0,,,12.0,106.0,31.0,,,14.0,,,,29.0,230.0,498.0,515.0,25.0,1.0,42.0,52.0,2.0,2.0,,,,1.0,6.0,24.0,16.0,,,19.0,31.0,8.0,13.0,5.0,88.0,,1.0,2.0,,10.0,1.0,6.0,2.0,27.0,2.0,7.0,6.0,2.0,3.0,,,,,,,,1.0,,1.0,,1.0,1.0,1.0,,,,,,,,,,0.0,1.0,0.0,9.0,1.0,,3.0,169.0,89.0,1.0,,5.0,,1.0,
cpl::Football_Player::f5cced86d80d4ac4b60880f88aecac15,F. Tugwell,Pacific,Defender,2025,defender,4,360,0,0,0,0,0,0,1,3,0,0,0,0,0,79.0,6,1.5,0,0,0,0,0,0,0,0,25.0,57.89,62.5,0.0,0,0,0,0,0,0,0,0,0,0,0,0,0,,360.0,2.0,,3.0,189.0,,9.0,47.0,9.0,,20.0,47.0,106.0,23.0,1.0,,196.0,3.0,145.0,6.0,43.0,29.0,,28.0,,,19.0,4.0,,15.0,240.0,4.0,2.0,,11.0,88.0,1.0,10.0,11.0,8.0,,,,5.0,19.0,20.0,,,4.0,,,,5.0,70.0,147.0,153.0,8.0,1.0,8.0,6.0,,,,,,,2.0,4.0,5.0,,,1.0,2.0,1.0,3.0,3.0,2.0,,,,,3.0,,,,,,,,,,,,,,,,,,,,,,,,,,,,,,,,,0.0,,,1.0,2.0,,,51.0,28.0,,,,,,
cpl::Football_Player::a742bcbb546f417d9003cfe9bf5e3676,N. Higgins,Inter Toronto,Defender,2025,defender,16,913,0,0,3,0,2,0,11,14,2,0,3,0,0,90.0,16,1.58,0,0,0,0,0,0,0,0,84.62,48.21,44.44,0.0,0,0,0,0,0,0,0,0,0,0,0,0,0,,913.0,2.0,1.0,7.0,463.0,,25.0,73.0,20.0,3.0,38.0,57.0,357.0,15.0,2.0,,483.0,14.0,394.0,12.0,53.0,163.0,1.0,36.0,,,31.0,9.0,,17.0,587.0,16.0,7.0,,29.0,123.0,7.0,10.0,27.0,36.0,2.0,,,12.0,56.0,53.0,,,16.0,,,,14.0,172.0,412.0,430.0,27.0,2.0,29.0,15.0,4.0,1.0,,,,,,13.0,3.0,2.0,,11.0,9.0,1.0,15.0,2.0,,7.0,1.0,3.0,,6.0,,,,,,,,,,,,,,,,,2.0,,,,,,,,,,,,,,,,0.0,,,,2.0,,,54.0,23.0,,,2.0,,,
cpl::Football_Player::fc76edbb94da42899c7c12d79da56e2e,O. León,Inter Toronto,Defender,2025,defender,19,1705,0,1,7,1,3,1,17,19,27,0,7,1,0,83.0,27,1.43,0,0,0,0,0,0,0,0,65.38,63.19,68.89,21.43,0,0,0,0,0,0,0,0,0,0,0,0,0,,1705.0,5.0,,15.0,950.0,4.0,69.0,312.0,53.0,7.0,123.0,225.0,545.0,64.0,3.0,,1041.0,19.0,771.0,20.0,187.0,372.0,6.0,157.0,,,83.0,19.0,,41.0,1299.0,19.0,8.0,,99.0,444.0,17.0,10.0,91.0,83.0,27.0,,,31.0,144.0,81.0,,,19.0,,,,39.0,156.0,778.0,854.0,45.0,6.0,53.0,60.0,7.0,1.0,1.0,,,,8.0,26.0,12.0,,,17.0,21.0,7.0,14.0,9.0,8.0,,4.0,7.0,1.0,13.0,,11.0,3.0,,3.0,4.0,11.0,1.0,,,1.0,,1.0,1.0,,,3.0,,,,,,,,,,,,,,,,0.0,,,7.0,5.0,,,252.0,153.0,1.0,,,,2.0,
cpl::Football_Player::77494c5f1b494af9a435e32fc3ca4096,A. Bergman,Inter Toronto,Defender,2025,defender,3,42,0,0,0,0,0,0,0,1,0,0,0,0,0,62.0,0,0.0,0,0,0,0,0,0,0,0,0.0,50.0,100.0,0.0,0,0,0,0,0,0,0,0,0,0,0,0,0,,42.0,,,,25.0,,1.0,4.0,6.0,,9.0,10.0,12.0,1.0,,,26.0,1.0,14.0,,10.0,,,7.0,,,1.0,,,3.0,34.0,3.0,,,3.0,17.0,,10.0,2.0,2.0,,,,1.0,4.0,3.0,,,3.0,,,,2.0,8.0,15.0,16.0,1.0,,2.0,1.0,,,,,,,,1.0,,,,,4.0,,,1.0,,3.0,,,,,,,,,,,,,,,,,,,,,,,,,,,,,,,,,,,,,0.0,,,,,,,5.0,3.0,,,,,,
cpl::Football_Player::24a77d6eb2fd4d2d875f2d3fbab2679b,R. Ferrazzo,Inter Toronto,Defender,2025,defender,23,1444,3,1,13,4,7,1,23,35,28,2,7,0,0,77.0,22,1.37,3,0,1,0,0,0,0,0,65.71,46.03,46.88,9.3,0,0,0,0,0,0,0,0,0,0,0,0,0,,1444.0,,1.0,8.0,584.0,14.0,161.0,231.0,24.0,7.0,47.0,266.0,229.0,93.0,2.0,,594.0,35.0,424.0,15.0,140.0,111.0,13.0,148.0,,,63.0,18.0,,30.0,1054.0,23.0,17.0,,157.0,227.0,39.0,10.0,87.0,30.0,28.0,,,15.0,189.0,28.0,,,23.0,,,,85.0,95.0,444.0,454.0,32.0,4.0,102.0,72.0,7.0,11.0,,,,,9.0,35.0,38.0,1.0,,23.0,21.0,18.0,17.0,12.0,139.0,5.0,6.0,13.0,5.0,1.0,,37.0,6.0,22.0,4.0,18.0,38.0,1.0,,3.0,,1.0,1.0,1.0,2.0,1.0,7.0,,3.0,1.0,1.0,,,2.0,2.0,,,,,,,,1.0,1.0,2.0,31.0,,9.0,,203.0,130.0,1.0,,75.0,1.0,2.0,2.0
cpl::Football_Player::ce073937285b4114bca2f2a3b658f3da,L. Singh,Inter Toronto,Defender,2025,defender,26,2097,0,1,9,1,4,1,24,26,5,1,7,0,0,87.0,38,1.63,0,0,1,0,0,0,0,0,75.0,55.0,66.67,33.33,0,0,0,0,0,0,0,0,0,0,0,0,0,,2097.0,2.0,1.0,9.0,1162.0,,75.0,367.0,38.0,7.0,96.0,192.0,679.0,66.0,5.0,,1206.0,26.0,932.0,29.0,162.0,322.0,1.0,121.0,,,79.0,25.0,,45.0,1477.0,26.0,13.0,,95.0,435.0,3.0,10.0,77.0,112.0,5.0,,,30.0,140.0,89.0,,,26.0,,,,48.0,374.0,1010.0,1044.0,45.0,5.0,63.0,47.0,9.0,9.0,,,,1.0,10.0,32.0,20.0,1.0,,24.0,30.0,9.0,15.0,8.0,11.0,1.0,5.0,9.0,3.0,10.0,,4.0,2.0,6.0,2.0,3.0,4.0,,1.0,,,,1.0,1.0,1.0,,4.0,6.0,,,,,,,,,,,,,,,0.0,,,9.0,2.0,1.0,,254.0,155.0,1.0,,13.0,,,
cpl::Football_Player::daa25be58b5a4bf1a1a9adfd1aa8bd18,F. Sturing,Inter Toronto,Defender,2025,defender,21,1864,1,0,4,1,4,0,25,27,11,1,6,0,0,91.0,27,1.3,0,0,0,0,0,0,0,0,56.82,55.41,48.08,16.67,0,0,0,0,0,0,0,0,0,0,0,0,0,,1864.0,1.0,,5.0,1085.0,3.0,61.0,340.0,34.0,6.0,66.0,129.0,671.0,46.0,3.0,,1122.0,27.0,927.0,21.0,112.0,175.0,4.0,81.0,,,62.0,21.0,,36.0,1346.0,21.0,13.0,,96.0,395.0,10.0,10.0,82.0,83.0,11.0,,,25.0,148.0,84.0,,,21.0,,,,39.0,491.0,978.0,1010.0,52.0,7.0,66.0,57.0,6.0,2.0,,,,,2.0,44.0,18.0,,,25.0,23.0,10.0,27.0,19.0,4.0,,,4.0,,7.0,,5.0,1.0,,1.0,1.0,5.0,,1.0,,,,,,1.0,,4.0,,1.0,1.0,1.0,,,,,,,,,,,,0.0,1.0,0.0,2.0,1.0,,2.0,200.0,100.0,1.0,,25.0,1.0,,
cpl::Football_Player::c7512268d0c64e30a96e1149e696a944,C. DaSilva,Inter Toronto,Defender,2025,defender,5,66,0,0,1,0,0,0,1,1,0,0,0,0,0,77.0,0,0.0,0,0,0,0,0,0,0,0,100.0,60.0,100.0,0.0,0,0,0,0,0,0,0,0,0,0,0,0,0,,66.0,,,1.0,37.0,,3.0,12.0,3.0,,7.0,13.0,17.0,2.0,,,38.0,1.0,25.0,,9.0,13.0,1.0,9.0,,,5.0,,,,53.0,5.0,1.0,,3.0,20.0,,10.0,3.0,4.0,,,,2.0,5.0,7.0,,,5.0,,,,2.0,2.0,29.0,29.0,2.0,,2.0,1.0,,,,,,,,1.0,,,,1.0,,,,,,5.0,1.0,1.0,,1.0,,,,2.0,,1.0,,,,,,,,,,,,,,,,,,,,,,,,,,,0.0,,,1.0,,,,9.0,6.0,,,1.0,,,
cpl::Football_Player::1c3ffcc6c1e9408b9aa8b9546452a28b,L. Laing,Cavalry,Defender,2025,defender,22,1521,1,0,3,1,2,0,21,24,5,0,5,0,0,92.0,18,1.07,0,0,0,0,0,0,0,0,72.41,56.14,58.7,0.0,0,0,0,0,0,0,0,0,0,0,0,0,0,,1521.0,3.0,1.0,10.0,869.0,1.0,61.0,239.0,15.0,5.0,32.0,90.0,574.0,42.0,1.0,,887.0,24.0,761.0,16.0,74.0,164.0,3.0,46.0,,,52.0,17.0,,28.0,1085.0,22.0,7.0,,68.0,298.0,9.0,10.0,64.0,52.0,5.0,,,27.0,114.0,60.0,,,22.0,,,,31.0,364.0,795.0,813.0,46.0,4.0,50.0,37.0,2.0,4.0,,,,,3.0,29.0,9.0,2.0,,21.0,13.0,7.0,19.0,8.0,30.0,5.0,1.0,3.0,,7.0,,,,3.0,,,,,,,,,,,,,2.0,,1.0,,1.0,,1.0,,,,,,,,,,1.0,1.0,0.0,4.0,3.0,,1.0,141.0,75.0,,,21.0,,,
cpl::Football_Player::f65a926f24a34b7aa5fdec34e32cb212,N. Pathé,Vancouver,Defender,2025,defender,21,937,6,0,19,6,11,0,5,23,13,4,3,0,0,78.0,22,2.11,0,0,0,0,0,0,0,0,55.56,34.23,35.48,50.0,0,0,0,0,0,0,0,0,0,0,0,0,0,,937.0,,,,133.0,3.0,57.0,85.0,,3.0,2.0,104.0,31.0,31.0,1.0,,148.0,23.0,111.0,18.0,33.0,27.0,9.0,25.0,,,21.0,10.0,,9.0,313.0,21.0,8.0,,87.0,14.0,42.0,10.0,51.0,4.0,13.0,,,22.0,149.0,9.0,,,21.0,,,,58.0,50.0,100.0,115.0,62.0,,98.0,29.0,4.0,8.0,,,,,8.0,9.0,9.0,,,5.0,3.0,5.0,40.0,4.0,,11.0,8.0,19.0,7.0,,,1.0,1.0,,1.0,14.0,1.0,2.0,7.0,,,,,,4.0,,11.0,,6.0,,6.0,1.0,,,6.0,,,,,,,,0.0,4.0,2.0,33.0,,1.0,,68.0,32.0,1.0,,72.0,4.0,2.0,5.0
cpl::Football_Player::b5392c37961145ba9d2b542150ab0e2f,A. O'Connor,Vancouver,Defender,2025,defender,18,1468,0,1,5,1,1,1,22,10,10,1,5,0,0,82.0,39,2.39,0,0,2,0,0,0,0,0,78.57,68.07,71.43,0.0,0,0,0,0,0,0,0,0,0,0,0,0,0,,1468.0,2.0,1.0,8.0,796.0,6.0,45.0,172.0,42.0,5.0,87.0,167.0,495.0,62.0,1.0,,816.0,10.0,634.0,32.0,149.0,233.0,2.0,125.0,,,72.0,16.0,,24.0,1044.0,18.0,4.0,,63.0,312.0,16.0,10.0,81.0,33.0,10.0,,,40.0,119.0,96.0,,,18.0,,,,22.0,226.0,649.0,667.0,56.0,1.0,38.0,41.0,7.0,,,,,,4.0,28.0,11.0,,,22.0,19.0,6.0,16.0,6.0,2.0,2.0,4.0,5.0,3.0,16.0,1.0,,,,,3.0,,2.0,,,,,1.0,1.0,1.0,,1.0,,,,,,,,,,,,,,,,0.0,,,4.0,2.0,,,210.0,118.0,1.0,,1.0,,1.0,
cpl::Football_Player::da7371bc78e546b598216e0fcda77c7e,Ahmad Mansour,Pacific,Defender,2025,defender,2,180,0,0,0,0,0,0,4,1,3,0,0,0,0,88.0,5,2.5,0,0,0,0,0,0,0,0,100.0,64.29,100.0,0.0,0,0,0,0,0,0,0,0,0,0,0,0,0,,180.0,,1.0,,92.0,,7.0,15.0,1.0,,8.0,13.0,68.0,4.0,1.0,,95.0,1.0,80.0,4.0,12.0,18.0,,10.0,,,9.0,2.0,,2.0,119.0,2.0,1.0,,13.0,35.0,,10.0,9.0,3.0,3.0,,,1.0,14.0,5.0,,,2.0,,,,5.0,35.0,81.0,83.0,1.0,,5.0,8.0,1.0,,,,,1.0,1.0,4.0,2.0,,,4.0,4.0,2.0,,,,,,,,2.0,,,,,,,,,,,,,,,,,,,,,,,,,,,,,,,,,0.0,,,,,,,15.0,9.0,,,1.0,,,
cpl::Football_Player::c314ef65be194ced895c50a72967def8,D. Klomp,Cavalry,Defender,2025,defender,13,1126,2,0,7,2,3,0,8,13,4,1,3,0,0,91.0,20,1.6,0,0,0,0,0,0,0,0,66.67,51.56,56.52,0.0,0,0,0,0,0,0,0,0,0,0,0,0,0,,1126.0,1.0,,3.0,490.0,1.0,16.0,154.0,10.0,3.0,22.0,66.0,303.0,26.0,2.0,,505.0,13.0,430.0,17.0,48.0,139.0,2.0,33.0,,,37.0,12.0,,17.0,633.0,13.0,4.0,,41.0,183.0,13.0,10.0,33.0,27.0,4.0,,,13.0,64.0,47.0,,,13.0,,,,21.0,167.0,444.0,457.0,23.0,2.0,31.0,20.0,3.0,1.0,,,,,4.0,12.0,11.0,,,8.0,8.0,9.0,10.0,4.0,3.0,1.0,4.0,7.0,1.0,9.0,2.0,2.0,,,,,2.0,,1.0,,,,,,1.0,,3.0,,2.0,1.0,2.0,,1.0,,,,,,,,,,1.0,1.0,1.0,6.0,1.0,,1.0,133.0,76.0,,1.0,33.0,1.0,2.0,1.0
cpl::Football_Player::e3c6213d153e4ef8920df1abc6c23353,D. Konincks,Valour,Defender,2025,defender,9,736,2,0,3,2,3,0,7,6,1,0,2,0,0,92.0,16,1.96,0,0,0,0,0,0,0,0,87.5,59.38,57.14,0.0,0,0,0,0,0,0,0,0,0,0,0,0,0,,736.0,,2.0,7.0,449.0,,29.0,145.0,8.0,2.0,23.0,45.0,272.0,18.0,2.0,,458.0,6.0,373.0,14.0,41.0,83.0,1.0,34.0,,,27.0,8.0,,9.0,541.0,9.0,3.0,,18.0,184.0,4.0,10.0,19.0,44.0,1.0,,,8.0,32.0,42.0,,,9.0,,,,7.0,162.0,408.0,417.0,14.0,,13.0,11.0,2.0,,,,,,2.0,8.0,4.0,,,7.0,5.0,3.0,6.0,1.0,1.0,1.0,,3.0,,2.0,,2.0,,,,,2.0,,,,,,,,,,3.0,,2.0,,2.0,,2.0,,,,,,,,,,1.0,1.0,1.0,,,,,145.0,95.0,,,12.0,,,
cpl::Football_Player::2d5018feb2d44e5796770ebc81f9db71,Rony Mbomio,Atlético,Defender,2025,defender,8,623,0,0,3,0,2,0,6,4,5,0,0,0,0,94.0,6,0.87,0,0,0,0,0,0,0,0,54.55,63.04,66.67,0.0,0,0,0,0,0,0,0,0,0,0,0,0,0,,623.0,1.0,,3.0,498.0,1.0,48.0,163.0,12.0,,17.0,54.0,311.0,17.0,1.0,,508.0,4.0,447.0,6.0,34.0,66.0,1.0,26.0,,,20.0,7.0,,14.0,600.0,8.0,1.0,,31.0,200.0,4.0,10.0,29.0,27.0,5.0,,,10.0,46.0,20.0,,,8.0,,,,12.0,194.0,464.0,474.0,15.0,,17.0,19.0,,3.0,,,,,3.0,11.0,1.0,,,6.0,9.0,,5.0,5.0,6.0,1.0,1.0,3.0,1.0,6.0,1.0,6.0,,4.0,,2.0,6.0,,1.0,,,,,,,,2.0,,,,,,,,,,,,,,,,0.0,,,4.0,1.0,,,94.0,56.0,,,36.0,,,
cpl::Football_Player::08dbc72e3b214780ae00c5258be72862,J. Belbin,Cavalry,Midfielder,2025,midfielder,0,0,0,0,0,0,0,0,0,0,0,0,0,0,0,,0,,0,0,0,0,0,0,0,0,0.0,0.0,0.0,0.0,0,0,0,0,0,0,0,0,0,0,0,0,0,,,,,,,,,,,0.0,,,,,,,,,,,,,,,,,,,,,,,,,,,,,,,,,,,,,,,0.0,,,,,,,,,,,,,0.0,0.0,0.0,,,,,,,,,,,,,,0.0,,,,,,,,,,,,,,,0.0,,,,,,,,0.0,,,,,,,,,,,,,,,,,,,,,,,,,,,,
cpl::Football_Player::9a6571b3737143b79989244b08fbd50d,S. Camargo,Cavalry,Midfielder,2025,midfielder,28,2218,8,6,36,14,14,6,15,17,25,3,5,0,0,82.0,29,1.18,1,0,2,0,0,0,0,0,68.18,45.22,50.0,20.0,0,0,0,0,0,0,0,0,0,0,0,0,0,,2218.0,,,,813.0,9.0,233.0,421.0,7.0,5.0,25.0,258.0,287.0,130.0,2.0,,861.0,17.0,681.0,26.0,155.0,265.0,26.0,133.0,,,117.0,27.0,,30.0,1157.0,28.0,3.0,,135.0,216.0,100.0,10.0,71.0,25.0,25.0,,,11.0,157.0,12.0,,,28.0,,,,75.0,147.0,665.0,706.0,22.0,4.0,86.0,60.0,3.0,14.0,,,,,13.0,22.0,35.0,1.0,,15.0,9.0,18.0,11.0,7.0,7.0,1.0,22.0,36.0,8.0,3.0,,8.0,2.0,1.0,2.0,18.0,8.0,4.0,20.0,1.0,,,3.0,6.0,3.0,,14.0,,8.0,6.0,7.0,,,1.0,2.0,,,,,,,,2.0,6.0,2.0,45.0,,4.0,,221.0,103.0,10.0,,62.0,7.0,11.0,6.0
cpl::Football_Player::665cea6eccc741f8aef577d5196aa0be,J. McGlinchey,Cavalry,Midfielder,2025,midfielder,1,1,0,0,0,0,0,0,0,0,0,0,0,0,0,,0,0.0,0,0,0,0,0,0,0,0,0.0,0.0,0.0,0.0,0,0,0,0,0,0,0,0,0,0,0,0,0,,1.0,,,,,,,,,,,,,,,,,,,,,,,,,,,,,,,1.0,,,,,,10.0,,,,,,,,,,,1.0,,,,,,,,,,,,,,,,,,,,,,,,,,,,,1.0,,,,,,,,,,,,,,,,,,,,,,,,,,,,,,,,,,,,,0.0,,,,,,,,,,,,,,
cpl::Football_Player::d80c8273244649a0841591e849fc3590,D. Gutiérrez,Cavalry,Midfielder,2025,midfielder,13,799,1,1,8,2,4,1,7,15,8,0,6,0,0,91.0,14,1.58,1,0,0,0,0,0,0,0,38.89,45.68,70.0,16.67,0,0,0,0,0,0,0,0,0,0,0,0,0,,799.0,,,3.0,517.0,3.0,99.0,242.0,6.0,6.0,15.0,72.0,236.0,33.0,1.0,,524.0,15.0,441.0,13.0,48.0,168.0,7.0,37.0,,,54.0,8.0,,16.0,639.0,13.0,10.0,,71.0,124.0,6.0,10.0,37.0,35.0,8.0,,,7.0,81.0,8.0,,,13.0,,,,41.0,133.0,469.0,476.0,10.0,,44.0,30.0,1.0,4.0,,,,,4.0,18.0,13.0,,,7.0,10.0,6.0,3.0,11.0,3.0,5.0,4.0,8.0,4.0,2.0,,4.0,2.0,,1.0,7.0,5.0,,8.0,1.0,,1.0,,1.0,,,4.0,,1.0,1.0,1.0,,,,,,,,,,,,0.0,0.0,1.0,14.0,,,,123.0,40.0,1.0,,5.0,,1.0,1.0
cpl::Football_Player::83cede75122b41d0aad420f4fb5daf2e,J. Daley,Cavalry,Midfielder,2025,midfielder,4,106,0,0,0,0,0,0,4,3,3,0,3,0,0,86.0,0,0.0,0,0,0,0,0,0,0,0,80.0,62.5,66.67,0.0,0,0,0,0,0,0,0,0,0,0,0,0,0,,106.0,,,1.0,52.0,,7.0,22.0,1.0,3.0,2.0,10.0,24.0,6.0,,,54.0,3.0,41.0,,8.0,15.0,1.0,7.0,,,4.0,,,1.0,70.0,4.0,2.0,,13.0,13.0,,10.0,10.0,5.0,3.0,,,2.0,16.0,3.0,,,4.0,,,,5.0,19.0,44.0,46.0,3.0,,6.0,8.0,,,,,,,,5.0,2.0,,,4.0,2.0,,1.0,1.0,,4.0,,,,,,,,,,,,,1.0,,,,,,,,,,,,,,,,,,,,,,,,0.0,,,2.0,,,,8.0,2.0,,,,,,
cpl::Football_Player::6a778700603244eeabcce04c59c6ccc0,A. Hojabrpour,Forge,Midfielder,2025,midfielder,20,1703,1,0,11,1,6,0,31,26,24,1,7,0,0,88.0,14,0.74,0,0,0,0,0,0,0,0,63.27,61.69,70.59,0.0,0,0,0,0,0,0,0,0,0,0,0,0,0,,1703.0,,,2.0,1050.0,5.0,149.0,464.0,15.0,7.0,39.0,169.0,497.0,96.0,1.0,,1096.0,26.0,888.0,12.0,135.0,279.0,14.0,95.0,,,102.0,19.0,,41.0,1319.0,20.0,16.0,,137.0,337.0,11.0,10.0,95.0,73.0,24.0,,,12.0,154.0,19.0,,,20.0,,,,54.0,331.0,920.0,961.0,17.0,9.0,59.0,83.0,2.0,2.0,,,,,10.0,49.0,28.0,1.0,,31.0,24.0,13.0,5.0,18.0,5.0,1.0,5.0,11.0,3.0,7.0,,1.0,,,,7.0,1.0,3.0,19.0,,,,,,1.0,,6.0,,1.0,,1.0,,1.0,,,,,,,,,,1.0,1.0,0.0,13.0,,1.0,,227.0,129.0,3.0,,80.0,1.0,1.0,
cpl::Football_Player::f52a8b692a56475c9c08c17236a42e86,S. Shome,Cavalry,Midfielder,2025,midfielder,20,1500,0,1,6,1,1,1,29,20,13,0,4,0,0,87.0,16,0.96,0,0,0,0,0,0,0,0,78.38,49.23,42.86,33.33,0,0,0,0,0,0,0,0,0,0,0,0,0,,1500.0,,,2.0,581.0,3.0,85.0,284.0,10.0,4.0,17.0,128.0,233.0,64.0,,,597.0,20.0,495.0,15.0,81.0,170.0,6.0,60.0,,,69.0,18.0,,23.0,787.0,20.0,12.0,,116.0,215.0,18.0,10.0,64.0,21.0,13.0,,,6.0,130.0,13.0,,,20.0,,,,58.0,127.0,500.0,516.0,14.0,3.0,66.0,58.0,1.0,11.0,,,,,8.0,37.0,33.0,1.0,,29.0,13.0,20.0,8.0,8.0,,2.0,5.0,6.0,4.0,3.0,,2.0,1.0,1.0,1.0,11.0,2.0,2.0,14.0,,,,1.0,1.0,,,1.0,,,,,2.0,,,,,,,,,,,0.0,,,21.0,,1.0,,150.0,73.0,1.0,,49.0,,,
cpl::Football_Player::33b0cf3a477d454f96fe4f14c3b6125c,A. Achinioti-Jönsson,Forge,Midfielder,2025,midfielder,30,2607,1,0,10,1,3,0,27,19,45,0,1,0,0,90.0,25,0.86,0,0,1,0,0,0,0,0,54.0,61.95,52.63,50.0,0,0,0,0,0,0,0,0,0,0,0,0,0,,2607.0,,,8.0,1520.0,2.0,126.0,548.0,26.0,1.0,66.0,191.0,858.0,91.0,2.0,,1561.0,19.0,1304.0,20.0,157.0,609.0,4.0,113.0,,,96.0,29.0,,46.0,1881.0,30.0,5.0,,148.0,493.0,31.0,10.0,127.0,100.0,45.0,,,30.0,205.0,68.0,,,30.0,,,,51.0,333.0,1364.0,1404.0,57.0,10.0,78.0,97.0,5.0,2.0,,,,,3.0,50.0,28.0,2.0,,27.0,34.0,17.0,27.0,23.0,1.0,1.0,7.0,10.0,4.0,16.0,,2.0,2.0,1.0,2.0,7.0,2.0,,11.0,,,,,,,,3.0,,1.0,,1.0,,1.0,,,1.0,,,,,,,0.0,0.0,1.0,14.0,,,,385.0,258.0,,,74.0,,,
cpl::Football_Player::0e2b6aa5fbdf49f399441b22b356d14c,K. Bekker,Forge,Midfielder,2025,midfielder,28,2170,3,2,16,5,7,2,14,14,14,1,1,0,0,87.0,21,0.87,69,0,4,0,0,0,0,0,58.33,44.04,40.0,11.43,0,0,0,0,0,0,0,0,0,0,0,0,0,,2170.0,,,4.0,1210.0,12.0,306.0,642.0,15.0,1.0,51.0,310.0,491.0,114.0,1.0,,1265.0,14.0,1019.0,16.0,165.0,328.0,51.0,197.0,,,113.0,26.0,,45.0,1606.0,28.0,10.0,,99.0,339.0,46.0,10.0,48.0,81.0,14.0,,,4.0,109.0,21.0,,,28.0,,,,55.0,292.0,1049.0,1100.0,10.0,6.0,61.0,44.0,5.0,15.0,,,,,6.0,24.0,28.0,,,14.0,13.0,12.0,6.0,10.0,6.0,2.0,9.0,16.0,8.0,6.0,,29.0,33.0,1.0,12.0,11.0,77.0,4.0,31.0,69.0,,37.0,1.0,2.0,1.0,16.0,7.0,,3.0,2.0,2.0,,,1.0,1.0,,,,,,,,2.0,1.0,2.0,25.0,,1.0,,258.0,123.0,10.0,,127.0,2.0,1.0,3.0
cpl::Football_Player::3c3cd8920062442f93c9e257f9d44111,N. Jensen,Forge,Midfielder,2025,midfielder,25,1071,2,1,16,3,10,1,6,13,13,4,0,0,0,83.0,10,0.84,8,0,2,0,0,0,0,0,46.15,41.98,37.5,11.54,0,0,0,0,0,0,0,0,0,0,0,0,0,,1071.0,,,,444.0,4.0,117.0,258.0,6.0,,18.0,150.0,123.0,63.0,,,458.0,13.0,350.0,9.0,81.0,96.0,9.0,88.0,,,38.0,11.0,,15.0,636.0,25.0,5.0,,73.0,145.0,33.0,10.0,34.0,27.0,13.0,,,3.0,81.0,9.0,,,25.0,,,,42.0,100.0,363.0,377.0,8.0,,47.0,31.0,1.0,10.0,,,,,5.0,13.0,19.0,1.0,,6.0,18.0,5.0,5.0,7.0,5.0,14.0,6.0,16.0,2.0,,,21.0,4.0,,3.0,8.0,22.0,2.0,14.0,8.0,,1.0,1.0,1.0,4.0,1.0,10.0,,2.0,2.0,2.0,1.0,,,,,,,,,,,0.0,2.0,0.0,22.0,,1.0,,117.0,63.0,1.0,,63.0,1.0,3.0,1.0
cpl::Football_Player::9a040c91c1d2424ca095e663faf5075a,K. Kane,Forge,Midfielder,2025,midfielder,14,452,1,0,4,1,1,0,12,8,8,0,0,0,0,88.0,4,0.8,0,0,0,0,0,0,0,0,63.16,57.38,50.0,0.0,0,0,0,0,0,0,0,0,0,0,0,0,0,,452.0,,,2.0,216.0,,27.0,76.0,5.0,,7.0,58.0,115.0,21.0,,,219.0,8.0,184.0,4.0,28.0,47.0,5.0,17.0,,,36.0,5.0,,11.0,340.0,14.0,6.0,,51.0,79.0,10.0,10.0,35.0,7.0,8.0,,,5.0,61.0,6.0,,,14.0,,,,21.0,66.0,188.0,191.0,10.0,,26.0,30.0,,5.0,,,,,3.0,19.0,10.0,,,12.0,13.0,9.0,5.0,7.0,20.0,9.0,3.0,4.0,,1.0,,,,5.0,,6.0,,,2.0,,,,,,,,1.0,,1.0,1.0,1.0,,,,,,,,,,,,1.0,0.0,1.0,8.0,,,,43.0,28.0,,,,1.0,3.0,
cpl::Football_Player::d3d6fda71a9e4981abbb1d3785bc0dee,C. Trafford,Cavalry,Midfielder,2025,midfielder,0,0,0,0,0,0,0,0,0,0,0,0,0,0,0,,0,,0,0,0,0,0,0,0,0,0.0,0.0,0.0,0.0,0,0,0,0,0,0,0,0,0,0,0,0,0,,,,,,,,,,,0.0,,,,,,,,,,,,,,,,,,,,,,,,,,,,,,,,,,,,,,,0.0,,,,,,,,,,,,,0.0,0.0,0.0,,,,,,,,,,,,,,0.0,,,,,,,,,,,,,,,0.0,,,,,,,,0.0,,,,,,,,,,,,,,,,,,,,,,,,,,,,
cpl::Football_Player::9530e64bf7744102b3eeecd7fcf46c34,E. Cissé,Forge,Midfielder,2025,midfielder,11,333,1,0,2,1,2,0,5,3,6,0,1,0,0,92.0,3,0.81,0,0,0,0,0,0,0,0,50.0,70.97,75.0,20.0,0,0,0,0,0,0,0,0,0,0,0,0,0,,333.0,,,1.0,245.0,6.0,44.0,110.0,1.0,1.0,4.0,41.0,125.0,19.0,,,257.0,3.0,224.0,2.0,23.0,22.0,2.0,16.0,,,21.0,2.0,,11.0,347.0,11.0,1.0,,27.0,82.0,6.0,10.0,22.0,10.0,6.0,,,3.0,31.0,8.0,,,11.0,,,,8.0,109.0,224.0,234.0,4.0,1.0,9.0,19.0,1.0,,,,,,3.0,10.0,8.0,1.0,,5.0,7.0,3.0,1.0,5.0,24.0,9.0,,2.0,,,,4.0,1.0,1.0,1.0,2.0,4.0,,,,,,,,,,2.0,,1.0,,1.0,,1.0,,,,,,,,,,0.0,1.0,0.0,3.0,,1.0,,59.0,29.0,,,52.0,1.0,1.0,
cpl::Football_Player::6aa0420a7a3448a49b34c863c5b11ce4,N. Myroniuk,Cavalry,Midfielder,2025,midfielder,14,356,1,0,3,1,2,0,6,4,9,1,1,0,0,84.0,7,1.77,0,0,0,0,0,0,0,0,60.0,60.47,25.0,0.0,0,0,0,0,0,0,0,0,0,0,0,0,0,,356.0,,,2.0,108.0,2.0,33.0,43.0,1.0,1.0,5.0,34.0,51.0,13.0,2.0,,112.0,4.0,90.0,6.0,18.0,26.0,2.0,15.0,,,11.0,3.0,,4.0,184.0,14.0,4.0,,39.0,29.0,14.0,10.0,26.0,4.0,9.0,,,1.0,43.0,,,,14.0,,,,14.0,24.0,90.0,94.0,4.0,,17.0,25.0,1.0,3.0,,,,,6.0,10.0,9.0,,,6.0,3.0,5.0,3.0,4.0,,11.0,1.0,3.0,6.0,4.0,,1.0,,1.0,,1.0,1.0,,13.0,,,,,,1.0,,2.0,,1.0,1.0,1.0,,,,,1.0,,,,,,,0.0,0.0,1.0,6.0,,1.0,,31.0,13.0,1.0,,25.0,,,
cpl::Football_Player::b2128eb98c0e4992a9bce2dd26483fb4,O. Benítez,Forge,Midfielder,2025,midfielder,0,0,0,0,0,0,0,0,0,0,0,0,0,0,0,,0,,0,0,0,0,0,0,0,0,0.0,0.0,0.0,0.0,0,0,0,0,0,0,0,0,0,0,0,0,0,,,,,,,,,,,0.0,,,,,,,,,,,,,,,,,,,,,,,,,,,,,,,,,,,,,,,0.0,,,,,,,,,,,,,0.0,0.0,0.0,,,,,,,,,,,,,,0.0,,,,,,,,,,,,,,,0.0,,,,,,,,0.0,,,,,,,,,,,,,,,,,,,,,,,,,,,,
cpl::Football_Player::0f32aad5bf304f70bb295ab41b41b4d9,M. Henry,Cavalry,Midfielder,2025,midfielder,12,374,0,0,6,0,2,0,8,10,8,0,2,0,0,76.0,4,0.96,2,0,0,0,0,0,0,0,80.0,42.86,38.46,25.0,0,0,0,0,0,0,0,0,0,0,0,0,0,,374.0,,,,131.0,3.0,27.0,64.0,2.0,2.0,4.0,63.0,41.0,29.0,,,136.0,10.0,98.0,4.0,33.0,45.0,2.0,34.0,,,34.0,5.0,,5.0,224.0,12.0,8.0,,50.0,44.0,16.0,10.0,27.0,5.0,8.0,,,5.0,63.0,4.0,,,12.0,,,,28.0,20.0,98.0,103.0,13.0,,36.0,22.0,,5.0,,,,,4.0,10.0,14.0,,,8.0,2.0,7.0,8.0,2.0,1.0,7.0,4.0,6.0,3.0,1.0,,6.0,2.0,,2.0,11.0,6.0,,4.0,2.0,,,,,,,2.0,,,,,1.0,,,,,,,,,,,0.0,,,17.0,,,,62.0,33.0,,,,,,
cpl::Football_Player::7727bd856f6142ccb04b744b64364141,A. Rampersad,Wanderers,Midfielder,2025,midfielder,19,534,0,0,5,0,1,0,14,11,13,0,2,0,0,84.0,16,2.7,0,0,0,0,0,0,0,0,63.64,60.23,59.09,33.33,0,0,0,0,0,0,0,0,0,0,0,0,0,,534.0,,,,282.0,,46.0,120.0,4.0,2.0,10.0,76.0,128.0,38.0,1.0,,294.0,11.0,232.0,14.0,48.0,81.0,8.0,35.0,,,45.0,5.0,,17.0,412.0,19.0,8.0,,66.0,97.0,12.0,10.0,53.0,14.0,13.0,,,13.0,88.0,8.0,,,19.0,,,,26.0,70.0,234.0,246.0,22.0,,35.0,40.0,2.0,3.0,,,,,5.0,22.0,8.0,,,14.0,9.0,4.0,9.0,8.0,1.0,14.0,4.0,5.0,,2.0,,4.0,2.0,,2.0,2.0,4.0,1.0,8.0,,,,,,,,1.0,,,,,1.0,,,,,,,,,,,0.0,,,10.0,,,,76.0,36.0,,,27.0,,1.0,
cpl::Football_Player::6b46d359901b4fcdbbc99c0d60edd8fe,Vitor Dias,Wanderers,Midfielder,2025,midfielder,21,898,3,1,13,4,5,1,13,15,37,4,1,0,0,84.0,10,1.0,14,0,0,0,0,0,0,0,76.47,43.03,25.93,0.0,0,0,0,0,0,0,0,0,0,0,0,0,0,,898.0,,,,379.0,8.0,87.0,247.0,,1.0,2.0,162.0,82.0,62.0,1.0,,387.0,15.0,310.0,9.0,64.0,63.0,16.0,64.0,,,71.0,10.0,,15.0,613.0,21.0,12.0,,138.0,113.0,31.0,10.0,71.0,13.0,37.0,,,7.0,165.0,4.0,,,21.0,,,,74.0,124.0,315.0,323.0,27.0,1.0,94.0,64.0,1.0,9.0,,,,,10.0,17.0,20.0,,,13.0,7.0,9.0,20.0,4.0,1.0,11.0,8.0,13.0,1.0,1.0,,5.0,6.0,,,19.0,15.0,,6.0,14.0,,8.0,,1.0,4.0,6.0,5.0,,3.0,3.0,3.0,,,,,,1.0,,,,,,3.0,2.0,1.0,47.0,,4.0,,151.0,68.0,3.0,,45.0,2.0,1.0,3.0
cpl::Football_Player::d8fcedb579df4ec2aaa0ed1f3daea958,J. Mann,Wanderers,Midfielder,2025,midfielder,0,0,0,0,0,0,0,0,0,0,0,0,0,0,0,,0,,0,0,0,0,0,0,0,0,0.0,0.0,0.0,0.0,0,0,0,0,0,0,0,0,0,0,0,0,0,,,,,,,,,,,0.0,,,,,,,,,,,,,,,,,,,,,,,,,,,,,,,,,,,,,,,0.0,,,,,,,,,,,,,0.0,0.0,0.0,,,,,,,,,,,,,,0.0,,,,,,,,,,,,,,,0.0,,,,,,,,0.0,,,,,,,,,,,,,,,,,,,,,,,,,,,,
cpl::Football_Player::25edf8435cd445dfbfb5185b259ca0cf,V. Fry,Vancouver,Midfielder,2025,midfielder,23,1847,2,1,15,3,5,1,26,39,28,2,8,0,0,84.0,38,1.85,60,0,1,0,0,0,0,0,54.17,55.32,62.07,4.04,0,0,0,0,0,0,0,0,0,0,0,0,0,,1847.0,,1.0,6.0,880.0,15.0,186.0,432.0,14.0,8.0,46.0,276.0,375.0,109.0,2.0,,930.0,39.0,701.0,33.0,155.0,206.0,30.0,193.0,,,121.0,22.0,,36.0,1331.0,23.0,25.0,,159.0,275.0,14.0,10.0,104.0,74.0,28.0,,,18.0,188.0,37.0,,,23.0,,,,73.0,263.0,735.0,775.0,29.0,2.0,84.0,86.0,5.0,9.0,,,,,12.0,48.0,43.0,3.0,,26.0,30.0,25.0,11.0,22.0,7.0,1.0,10.0,15.0,17.0,1.0,,26.0,32.0,,4.0,12.0,74.0,3.0,14.0,60.0,,35.0,1.0,1.0,2.0,21.0,5.0,4.0,2.0,,1.0,1.0,,1.0,2.0,,,,,,,,0.0,0.0,2.0,14.0,,1.0,,167.0,80.0,3.0,,54.0,,1.0,1.0
cpl::Football_Player::29b04cda7de84ca2a60dac0e06a8f8d4,A. Biello,Wanderers,Midfielder,2025,midfielder,21,351,0,1,1,1,0,1,4,8,7,0,1,0,0,85.0,8,2.05,1,0,0,0,0,0,0,0,50.0,37.74,20.0,0.0,0,0,0,0,0,0,0,0,0,0,0,0,0,,351.0,,,,163.0,,35.0,105.0,,1.0,2.0,48.0,36.0,24.0,2.0,,167.0,8.0,135.0,7.0,26.0,44.0,4.0,16.0,,,25.0,3.0,,12.0,259.0,21.0,4.0,,48.0,44.0,9.0,10.0,20.0,6.0,7.0,,,1.0,53.0,5.0,,,21.0,,,,29.0,44.0,138.0,141.0,5.0,,33.0,19.0,1.0,3.0,,,,,4.0,8.0,10.0,2.0,,4.0,11.0,7.0,4.0,4.0,7.0,18.0,1.0,1.0,2.0,3.0,1.0,1.0,,,,6.0,2.0,,1.0,1.0,,1.0,1.0,1.0,,,,,,,,,,,,,,,,,,,0.0,,,14.0,,,,50.0,24.0,1.0,,25.0,,,
cpl::Football_Player::cdf16bdca43b45068971796bf6288923,J. Buchanan,Vancouver,Midfielder,2025,midfielder,0,0,0,0,0,0,0,0,0,0,0,0,0,0,0,,0,,0,0,0,0,0,0,0,0,0.0,0.0,0.0,0.0,0,0,0,0,0,0,0,0,0,0,0,0,0,,,,,,,,,,,0.0,,,,,,,,,,,,,,,,,,,,,,,,,,,,,,,,,,,,,,,0.0,,,,,,,,,,,,,0.0,0.0,0.0,,,,,,,,,,,,,,0.0,,,,,,,,,,,,,,,0.0,,,,,,,,0.0,,,,,,,,,,,,,,,,,,,,,,,,,,,,
cpl::Football_Player::a4c7c645cfc244d59a886830c20ae894,M. Vales,Pacific,Midfielder,2025,midfielder,6,100,0,0,0,0,0,0,1,3,0,0,0,0,0,80.0,4,3.6,0,0,0,0,0,0,0,0,100.0,18.75,25.0,33.33,0,0,0,0,0,0,0,0,0,0,0,0,0,,100.0,,,,39.0,,9.0,16.0,1.0,,2.0,20.0,16.0,6.0,,,39.0,3.0,31.0,3.0,8.0,5.0,2.0,10.0,,,8.0,1.0,,,68.0,6.0,2.0,,12.0,11.0,1.0,10.0,3.0,,,,,1.0,16.0,4.0,,,6.0,,,,10.0,14.0,31.0,31.0,4.0,,13.0,2.0,1.0,1.0,,,,,1.0,1.0,5.0,,,1.0,3.0,3.0,3.0,,2.0,5.0,,,,2.0,,2.0,1.0,1.0,1.0,2.0,2.0,,,,,,,,,,,,,,,,,,,,,,,,,,0.0,,,6.0,,,,17.0,10.0,,,15.0,,,
cpl::Football_Player::258f605d8ae64e80ad26709927d49cec,S. Keshavarz,Pacific,Midfielder,2025,midfielder,24,782,1,0,7,1,2,0,7,5,5,1,0,0,0,79.0,20,2.3,4,0,0,0,0,0,0,0,63.64,48.39,63.64,14.29,0,0,0,0,0,0,0,0,0,0,0,0,0,,782.0,,,,281.0,7.0,81.0,131.0,8.0,,14.0,93.0,97.0,49.0,2.0,,289.0,5.0,214.0,16.0,63.0,62.0,8.0,54.0,,,32.0,6.0,,14.0,415.0,24.0,3.0,,51.0,83.0,19.0,10.0,30.0,12.0,5.0,,,7.0,62.0,11.0,,,24.0,,,,28.0,63.0,219.0,226.0,11.0,,32.0,23.0,4.0,3.0,,,,,7.0,11.0,19.0,1.0,,7.0,12.0,11.0,4.0,4.0,4.0,18.0,5.0,7.0,4.0,4.0,,4.0,2.0,1.0,1.0,4.0,5.0,2.0,1.0,4.0,,1.0,,,1.0,1.0,2.0,,1.0,,1.0,,1.0,,,,,,,,,,0.0,1.0,0.0,9.0,,1.0,,64.0,34.0,,,13.0,1.0,1.0,1.0
cpl::Football_Player::c56c8817d72148ac9e0870d2b4b18361,K. Podgorni,Vancouver,Midfielder,2025,midfielder,7,138,0,0,0,0,0,0,1,3,2,0,0,0,0,64.0,5,3.26,0,0,0,0,0,0,0,0,25.0,38.1,20.0,40.0,0,0,0,0,0,0,0,0,0,0,0,0,0,,138.0,,,,36.0,3.0,12.0,17.0,2.0,,4.0,23.0,8.0,9.0,,,36.0,3.0,23.0,3.0,13.0,6.0,,15.0,,,4.0,1.0,,1.0,73.0,7.0,3.0,,16.0,13.0,7.0,10.0,8.0,,2.0,,,1.0,21.0,4.0,,,7.0,,,,9.0,5.0,23.0,23.0,5.0,,13.0,7.0,2.0,1.0,,,,,1.0,4.0,7.0,,,1.0,3.0,5.0,4.0,3.0,1.0,6.0,,,1.0,1.0,,3.0,2.0,,2.0,1.0,3.0,,2.0,,,,,,,,,,,,,,,,,,,,,,,,0.0,,,4.0,,,,21.0,7.0,,,7.0,,,
cpl::Football_Player::4d70b47d3a204f74aa5f64db85c4eab6,G. Probo,Wanderers,Midfielder,2025,midfielder,16,909,2,3,14,5,8,3,8,10,18,1,2,0,0,75.0,8,0.79,15,0,2,0,0,0,0,0,66.67,43.37,21.43,6.12,0,0,0,0,0,0,0,0,0,0,0,0,0,,909.0,,,5.0,411.0,16.0,72.0,237.0,6.0,2.0,37.0,196.0,105.0,73.0,,,439.0,10.0,279.0,7.0,110.0,100.0,19.0,133.0,,,49.0,11.0,,18.0,652.0,16.0,7.0,,69.0,161.0,18.0,10.0,36.0,50.0,18.0,,,3.0,83.0,7.0,,,16.0,,,,36.0,106.0,303.0,329.0,14.0,,47.0,33.0,1.0,11.0,,,,,3.0,12.0,28.0,,,8.0,5.0,14.0,11.0,4.0,18.0,5.0,6.0,14.0,5.0,2.0,,18.0,13.0,1.0,3.0,10.0,41.0,3.0,10.0,15.0,,10.0,3.0,3.0,1.0,5.0,8.0,2.0,2.0,1.0,1.0,1.0,,1.0,1.0,,,1.0,,,,,0.0,0.0,2.0,16.0,,1.0,,103.0,49.0,5.0,,,1.0,2.0,1.0
cpl::Football_Player::8db1339e383a4ccdb4225ef5cb15dfd1,Daniel de Pauli,Pacific,Midfielder,2025,midfielder,7,347,0,0,3,0,1,0,11,14,9,0,1,0,0,87.0,6,1.56,0,0,0,0,0,0,0,0,84.62,48.0,40.0,0.0,0,0,0,0,0,0,0,0,0,0,0,0,0,,347.0,,,,136.0,1.0,19.0,64.0,1.0,1.0,4.0,34.0,55.0,15.0,1.0,,138.0,14.0,107.0,5.0,19.0,46.0,,15.0,,,17.0,6.0,,7.0,198.0,7.0,7.0,,45.0,35.0,4.0,10.0,24.0,12.0,9.0,,,2.0,50.0,2.0,,,7.0,,,,23.0,38.0,117.0,119.0,5.0,,26.0,22.0,1.0,6.0,,,,,,13.0,8.0,,,11.0,4.0,5.0,3.0,2.0,,1.0,2.0,3.0,2.0,1.0,,3.0,,,,4.0,3.0,,1.0,,,,,,,,1.0,,,,,,,,,,,,,,,,0.0,,,5.0,,1.0,,36.0,11.0,,,,,1.0,
cpl::Football_Player::6f78048ef6fe4d51aa66aa87e5fbf0c5,A. Daniels,Pacific,Midfielder,2025,midfielder,24,1304,1,3,6,4,2,3,11,13,16,1,1,0,0,90.0,33,2.28,22,0,0,0,0,0,0,0,73.33,46.24,57.14,15.79,0,0,0,0,0,0,0,0,0,0,0,0,0,,1304.0,,,,579.0,4.0,122.0,310.0,8.0,1.0,16.0,133.0,254.0,46.0,1.0,,609.0,13.0,513.0,30.0,62.0,198.0,15.0,67.0,,,46.0,14.0,,19.0,808.0,24.0,10.0,,86.0,153.0,8.0,10.0,43.0,34.0,16.0,,,4.0,93.0,11.0,,,24.0,,,,47.0,136.0,521.0,547.0,7.0,,50.0,39.0,3.0,12.0,,,,,8.0,15.0,15.0,,,11.0,11.0,3.0,3.0,4.0,12.0,10.0,4.0,6.0,2.0,6.0,,7.0,17.0,,6.0,13.0,24.0,1.0,11.0,22.0,,10.0,3.0,3.0,1.0,8.0,2.0,2.0,1.0,1.0,,1.0,,1.0,,,,1.0,,,,,0.0,1.0,0.0,28.0,,2.0,,173.0,78.0,4.0,,62.0,,,
cpl::Football_Player::ea993e84d28d42ad8bdef8cff90110c3,J. Gagnon-Laparé,Wanderers,Midfielder,2025,midfielder,7,82,1,0,2,1,2,0,4,2,2,0,2,0,0,88.0,3,3.29,0,0,0,0,0,0,0,0,100.0,53.33,33.33,50.0,0,0,0,0,0,0,0,0,0,0,0,0,0,,82.0,,,,77.0,2.0,23.0,52.0,,2.0,2.0,14.0,21.0,8.0,,,82.0,2.0,69.0,3.0,10.0,21.0,3.0,8.0,,,2.0,,,3.0,106.0,7.0,,,12.0,26.0,4.0,10.0,8.0,3.0,2.0,,,1.0,15.0,3.0,,,7.0,,,,5.0,12.0,67.0,72.0,3.0,,7.0,7.0,,,,,,,1.0,4.0,3.0,,,4.0,1.0,2.0,2.0,,1.0,7.0,,2.0,,,,1.0,1.0,,1.0,,1.0,,4.0,,,,,,,,2.0,,1.0,,1.0,,1.0,,,,,,,,,,0.0,1.0,0.0,1.0,,,,18.0,7.0,,,21.0,1.0,,
cpl::Football_Player::44490e86552c412ab66b3bac33c27621,E. Fotsing,Vancouver,Midfielder,2025,midfielder,21,1267,4,0,10,4,4,0,29,16,10,1,3,0,0,80.0,26,1.85,0,0,0,0,0,0,0,0,69.05,53.6,52.63,50.0,0,0,0,0,0,0,0,0,0,0,0,0,0,,1267.0,,,1.0,469.0,3.0,108.0,201.0,8.0,3.0,12.0,144.0,183.0,86.0,1.0,,480.0,16.0,371.0,20.0,98.0,126.0,12.0,82.0,,,66.0,15.0,,18.0,682.0,21.0,10.0,,106.0,135.0,33.0,10.0,67.0,11.0,10.0,,,10.0,125.0,11.0,,,21.0,,,,49.0,111.0,371.0,382.0,19.0,,58.0,57.0,6.0,9.0,,,,,5.0,42.0,31.0,2.0,,29.0,12.0,17.0,9.0,13.0,4.0,6.0,6.0,10.0,3.0,3.0,,2.0,2.0,,2.0,8.0,2.0,2.0,11.0,,,,,,1.0,,4.0,,4.0,1.0,4.0,1.0,2.0,,1.0,,,,,,,,0.0,1.0,3.0,25.0,,,,105.0,69.0,,,47.0,3.0,1.0,1.0
cpl::Football_Player::2fb8d39dd40f4a81853d0221df63464c,M. Schiavoni,Pacific,Midfielder,2025,midfielder,7,124,0,0,0,0,0,0,3,7,5,0,3,0,0,86.0,7,5.08,0,0,0,0,0,0,0,0,75.0,35.48,33.33,0.0,0,0,0,0,0,0,0,0,0,0,0,0,0,,124.0,,,,49.0,,14.0,17.0,1.0,3.0,1.0,19.0,25.0,6.0,,,49.0,7.0,42.0,7.0,7.0,13.0,2.0,2.0,,,14.0,1.0,,5.0,82.0,7.0,5.0,,28.0,8.0,3.0,10.0,11.0,,5.0,,,1.0,31.0,3.0,,,7.0,,,,18.0,14.0,42.0,42.0,3.0,,20.0,10.0,,1.0,,,,,1.0,4.0,6.0,,,3.0,1.0,3.0,2.0,1.0,,6.0,,,1.0,,,,,1.0,,3.0,,,3.0,,,,,,,,,,,,,,,,,,,,,,,,0.0,,,8.0,,,,13.0,4.0,,,6.0,,,
cpl::Football_Player::74a0a76ad8ac4650bf8bd3c161adbe4b,L. Browning-Lagerfeldt,Pacific,Midfielder,2025,midfielder,17,1360,0,0,10,0,4,0,14,46,18,0,4,0,0,81.0,27,1.79,0,0,0,0,0,0,0,0,53.85,43.17,52.38,14.29,0,0,0,0,0,0,0,0,0,0,0,0,0,,1360.0,,1.0,6.0,595.0,4.0,97.0,213.0,16.0,4.0,32.0,147.0,283.0,87.0,4.0,,614.0,46.0,464.0,24.0,119.0,164.0,4.0,86.0,,,55.0,16.0,,39.0,780.0,17.0,27.0,,118.0,186.0,7.0,10.0,60.0,31.0,18.0,,,11.0,139.0,22.0,,,17.0,,,,69.0,167.0,476.0,495.0,21.0,2.0,79.0,49.0,3.0,4.0,,,,,6.0,26.0,35.0,,,14.0,13.0,17.0,10.0,12.0,1.0,1.0,6.0,10.0,1.0,4.0,,6.0,1.0,,1.0,4.0,6.0,1.0,5.0,,,,,,,,4.0,1.0,,,,,,,,,,,,,,,0.0,,,8.0,,,,107.0,44.0,,,,,,
cpl::Football_Player::3aa93b6a47f24dd59a4d50f71ae926d5,M. Cantave,Vancouver,Midfielder,2025,midfielder,0,0,0,0,0,0,0,0,0,0,0,0,0,0,0,,0,,0,0,0,0,0,0,0,0,0.0,0.0,0.0,0.0,0,0,0,0,0,0,0,0,0,0,0,0,0,,,,,,,,,,,0.0,,,,,,,,,,,,,,,,,,,,,,,,,,,,,,,,,,,,,,,0.0,,,,,,,,,,,,,0.0,0.0,0.0,,,,,,,,,,,,,,0.0,,,,,,,,,,,,,,,0.0,,,,,,,,0.0,,,,,,,,,,,,,,,,,,,,,,,,,,,,
cpl::Football_Player::8a18e8df224041bead247e8ca00b6410,D. Joseph,Vancouver,Midfielder,2025,midfielder,1,1,0,0,0,0,0,0,0,0,0,0,0,0,0,50.0,0,0.0,0,0,0,0,0,0,0,0,0.0,0.0,0.0,0.0,0,0,0,0,0,0,0,0,0,0,0,0,0,,1.0,,,,2.0,,1.0,,,,,2.0,1.0,1.0,,,2.0,,1.0,,1.0,,,1.0,,,1.0,,,,3.0,1.0,,,,1.0,,10.0,,,,,,,,,,,1.0,,,,,,1.0,1.0,,,,,,,,,,,,,1.0,,,,,,,,,1.0,,,,,,,,,,,,,,,,,,,,,,,,,,,,,,,,,,,,,0.0,,,,,,,1.0,1.0,,,,,,
cpl::Football_Player::c9e511289fcd419eb6a09d9fdfcaede9,M. Essoussi,Vancouver,Midfielder,2025,midfielder,15,836,0,0,6,0,2,0,15,11,6,0,2,0,0,85.0,18,1.94,4,0,1,0,0,0,0,0,75.0,53.01,64.29,20.0,0,0,0,0,0,0,0,0,0,0,0,0,0,,836.0,,,,434.0,4.0,69.0,196.0,3.0,2.0,18.0,114.0,185.0,53.0,,,448.0,11.0,348.0,16.0,71.0,122.0,5.0,62.0,,,41.0,10.0,,20.0,584.0,15.0,8.0,,69.0,134.0,3.0,10.0,44.0,29.0,6.0,,,9.0,83.0,13.0,,,15.0,,,,34.0,123.0,363.0,377.0,14.0,,39.0,35.0,2.0,6.0,,,,,9.0,20.0,12.0,,,15.0,7.0,9.0,5.0,5.0,2.0,5.0,4.0,6.0,4.0,,,6.0,4.0,,3.0,7.0,11.0,,8.0,4.0,,2.0,,,,1.0,2.0,,,,,,,,,,,,,,,,0.0,,,17.0,,1.0,,94.0,39.0,1.0,,1.0,,,
cpl::Football_Player::29146de022e149ceb100b57434a926f9,S. Rea,Wanderers,Midfielder,2025,midfielder,29,1958,2,5,33,7,15,5,22,18,47,4,5,0,0,79.0,25,1.15,68,0,0,0,0,0,0,0,68.75,46.28,28.57,12.33,0,0,0,0,0,0,0,0,0,0,0,0,0,,1958.0,,,,706.0,27.0,199.0,480.0,8.0,5.0,28.0,474.0,151.0,129.0,2.0,,741.0,18.0,555.0,22.0,157.0,192.0,50.0,238.0,,,97.0,22.0,,23.0,1367.0,29.0,7.0,,289.0,258.0,64.0,10.0,137.0,29.0,47.0,,,2.0,296.0,2.0,,,29.0,,,,154.0,92.0,550.0,584.0,7.0,2.0,159.0,135.0,3.0,15.0,,,,,56.0,32.0,47.0,1.0,,22.0,8.0,14.0,5.0,10.0,9.0,7.0,18.0,33.0,19.0,,,48.0,47.0,1.0,18.0,64.0,104.0,5.0,22.0,68.0,,39.0,5.0,5.0,4.0,24.0,15.0,3.0,2.0,1.0,1.0,2.0,,1.0,1.0,,,,,,,,0.0,1.0,1.0,127.0,,11.0,,356.0,204.0,11.0,,211.0,,,1.0
cpl::Football_Player::2e8fce5008414fd4b602677f53e0bb18,B. Paton,Forge,Midfielder,2025,midfielder,25,1082,1,1,6,2,4,1,13,14,24,1,1,0,0,81.0,9,0.75,0,0,0,0,0,0,0,0,61.9,49.17,31.82,33.33,0,0,0,0,0,0,0,0,0,0,0,0,0,,1082.0,,,4.0,501.0,8.0,94.0,224.0,21.0,1.0,41.0,175.0,191.0,58.0,1.0,,508.0,14.0,377.0,6.0,99.0,151.0,8.0,83.0,,,54.0,10.0,,28.0,779.0,25.0,9.0,,98.0,194.0,11.0,10.0,59.0,32.0,24.0,,,7.0,120.0,22.0,,,25.0,,,,46.0,69.0,402.0,409.0,22.0,2.0,61.0,52.0,3.0,3.0,,,,,10.0,21.0,13.0,2.0,,13.0,10.0,8.0,15.0,8.0,57.0,15.0,2.0,6.0,6.0,4.0,,12.0,6.0,7.0,6.0,12.0,12.0,,,,,,1.0,1.0,1.0,,4.0,,1.0,,,,,1.0,1.0,,,,,,,,0.0,0.0,1.0,30.0,,3.0,,154.0,91.0,2.0,,26.0,,1.0,1.0
cpl::Football_Player::0571946f5caa4805b0f4b08d37bb2622,Bruno Figueiredo,Valour,Midfielder,2025,midfielder,27,1546,2,3,35,5,11,3,24,26,33,0,7,0,0,77.0,41,2.39,26,0,1,0,0,0,0,0,77.42,51.7,33.33,6.0,0,0,0,0,0,0,0,0,0,0,0,0,0,,1546.0,,,4.0,650.0,8.0,110.0,312.0,14.0,7.0,48.0,272.0,220.0,115.0,5.0,,682.0,26.0,463.0,37.0,163.0,181.0,19.0,171.0,,,84.0,17.0,,32.0,1014.0,27.0,23.0,,164.0,248.0,12.0,10.0,91.0,56.0,33.0,,,4.0,176.0,19.0,,,27.0,,,,77.0,143.0,489.0,519.0,12.0,,85.0,87.0,4.0,9.0,,,,,23.0,31.0,28.0,,,24.0,12.0,13.0,8.0,7.0,5.0,10.0,24.0,35.0,17.0,1.0,,17.0,13.0,,3.0,15.0,40.0,7.0,12.0,26.0,,19.0,2.0,3.0,,7.0,11.0,12.0,2.0,2.0,1.0,,,1.0,,1.0,,,,,,,0.0,1.0,1.0,36.0,,,,238.0,140.0,6.0,,41.0,1.0,,2.0
cpl::Football_Player::b00f998dc9ab48df9be8be1e6a9bea0d,T. Tahid,Vancouver,Midfielder,2025,midfielder,10,237,0,0,0,0,0,0,0,3,5,3,1,0,0,82.0,11,4.18,0,0,0,0,0,0,0,0,0.0,34.78,27.27,0.0,0,0,0,0,0,0,0,0,0,0,0,0,0,,237.0,,,,28.0,,19.0,15.0,,1.0,,23.0,16.0,7.0,,,38.0,3.0,27.0,9.0,7.0,6.0,,7.0,,,4.0,2.0,,1.0,74.0,10.0,1.0,,12.0,7.0,8.0,10.0,8.0,4.0,5.0,,,3.0,23.0,3.0,,,10.0,,,,7.0,6.0,21.0,31.0,11.0,,15.0,5.0,2.0,2.0,,,,,,,2.0,,,,2.0,2.0,8.0,,,8.0,,,,1.0,,1.0,,,,2.0,1.0,,2.0,,,,,,3.0,,,,,,,,,,,,,,,,,,0.0,,,3.0,,,,9.0,4.0,,,,,,
cpl::Football_Player::03b82a7bcff7496e991befe586fcc2c9,S. Young,Pacific,Midfielder,2025,midfielder,25,1799,2,0,13,2,5,0,33,26,10,0,6,0,0,86.0,42,2.1,0,0,0,0,0,0,0,0,63.46,52.66,54.24,14.29,0,0,0,0,0,0,0,0,0,0,0,0,0,,1799.0,2.0,,2.0,878.0,4.0,114.0,320.0,18.0,6.0,30.0,196.0,452.0,101.0,4.0,,902.0,26.0,733.0,36.0,131.0,253.0,9.0,88.0,,,98.0,20.0,,49.0,1185.0,25.0,13.0,,129.0,259.0,17.0,10.0,99.0,38.0,10.0,,,32.0,188.0,48.0,,,25.0,,,,62.0,276.0,749.0,771.0,59.0,2.0,89.0,67.0,6.0,9.0,,,,,6.0,52.0,37.0,,,33.0,18.0,17.0,27.0,19.0,2.0,5.0,8.0,13.0,1.0,12.0,,6.0,1.0,,1.0,8.0,6.0,1.0,18.0,,,,,,,,5.0,,2.0,2.0,2.0,2.0,,,,,,,,,,,1.0,2.0,0.0,27.0,2.0,,,144.0,57.0,,,61.0,1.0,1.0,2.0
cpl::Football_Player::1f645daf53bb4f9bad1e6896c1e68d2c,I. Moreno,Atlético,Midfielder,2025,midfielder,2,96,0,0,0,0,0,0,0,3,1,0,0,0,0,76.0,1,0.94,0,0,0,0,0,0,0,0,0.0,18.18,0.0,0.0,0,0,0,0,0,0,0,0,0,0,0,0,0,,96.0,,,,44.0,,16.0,16.0,2.0,,2.0,18.0,18.0,9.0,,,45.0,3.0,34.0,1.0,11.0,2.0,1.0,9.0,,,3.0,1.0,,4.0,76.0,2.0,2.0,,10.0,11.0,2.0,10.0,2.0,,1.0,,,,11.0,,,,2.0,,,,8.0,16.0,33.0,34.0,1.0,,9.0,2.0,,1.0,,,,,,1.0,6.0,,,,1.0,1.0,1.0,1.0,16.0,1.0,,,1.0,,,2.0,,1.0,,2.0,2.0,,2.0,,,,,,,,,,,,,,,,,,,,,,,,0.0,,,3.0,,,,9.0,3.0,,,,,,
cpl::Football_Player::6c28b35898b64ba8aaec59d8291a55f4,K. Lipovschek,Forge,Midfielder,2025,midfielder,4,86,0,0,0,0,0,0,1,1,0,0,0,0,0,82.0,0,0.0,0,0,0,0,0,0,0,0,33.33,33.33,50.0,0.0,0,0,0,0,0,0,0,0,0,0,0,0,0,,86.0,,,,16.0,2.0,6.0,7.0,,,,11.0,6.0,3.0,,,16.0,1.0,13.0,,3.0,7.0,1.0,4.0,,,,1.0,,,34.0,4.0,,,10.0,1.0,7.0,10.0,4.0,,,,,1.0,12.0,1.0,,,4.0,,,,7.0,2.0,13.0,13.0,2.0,,8.0,3.0,,1.0,,,,,,3.0,4.0,,,1.0,,2.0,1.0,2.0,,3.0,,,1.0,,,1.0,,,,2.0,1.0,,,,,,,,,,,,,,,,,,,,,,,,,,0.0,,,5.0,,,,6.0,2.0,,,4.0,,,
cpl::Football_Player::8f2eca99614743fa999bb759082a7c44,Xavier Venâncio,Valour,Midfielder,2025,midfielder,24,811,1,0,11,1,6,0,20,26,21,0,4,0,0,87.0,17,1.89,1,0,0,0,0,0,0,0,76.92,47.06,43.75,0.0,0,0,0,0,0,0,0,0,0,0,0,0,0,,811.0,,,,243.0,3.0,82.0,134.0,2.0,4.0,4.0,80.0,87.0,30.0,2.0,,254.0,26.0,210.0,15.0,34.0,64.0,3.0,31.0,,,32.0,7.0,,10.0,420.0,24.0,18.0,,103.0,47.0,11.0,10.0,56.0,10.0,21.0,,,7.0,119.0,9.0,,,24.0,,,,54.0,61.0,209.0,220.0,16.0,,63.0,49.0,2.0,7.0,,,,,3.0,26.0,18.0,,,20.0,7.0,13.0,9.0,6.0,6.0,17.0,5.0,11.0,2.0,2.0,,5.0,1.0,,,5.0,7.0,,5.0,1.0,,,,,,1.0,6.0,1.0,1.0,,,,,1.0,1.0,,,,,,,,0.0,1.0,0.0,18.0,,,,75.0,35.0,,,26.0,,,1.0
cpl::Football_Player::edcfdeb0583a4f25b44f57a7e66b2d6d,L. Callegari,Wanderers,Midfielder,2025,midfielder,28,2453,1,1,17,2,5,1,57,54,22,1,9,0,0,90.0,32,1.17,2,0,1,1,1,0,0,0,74.03,51.67,53.85,14.29,0,0,0,0,0,0,0,0,0,0,0,0,0,,2453.0,,,2.0,1739.0,4.0,337.0,842.0,11.0,9.0,61.0,276.0,768.0,124.0,2.0,,1789.0,54.0,1498.0,28.0,185.0,458.0,25.0,152.0,,,181.0,27.0,,57.0,2224.0,28.0,33.0,,230.0,538.0,16.0,10.0,139.0,106.0,22.0,,,21.0,269.0,44.0,,,28.0,,,,112.0,456.0,1557.0,1604.0,39.0,5.0,130.0,118.0,4.0,6.0,,,,,19.0,77.0,38.0,1.0,,57.0,54.0,19.0,18.0,20.0,15.0,1.0,12.0,17.0,6.0,5.0,,17.0,6.0,1.0,4.0,14.0,24.0,10.0,37.0,2.0,,2.0,1.0,1.0,1.0,,5.0,4.0,1.0,1.0,1.0,4.0,,,,,1.0,,1.0,1.0,,,0.0,1.0,0.0,33.0,,1.0,1.0,443.0,181.0,2.0,,81.0,1.0,,
cpl::Football_Player::b88aa9288a38438a8801e10a74326f88,J. Faria,Valour,Midfielder,2025,midfielder,25,1268,2,1,18,3,11,1,10,22,22,7,2,0,0,84.0,31,2.2,4,0,2,0,0,0,0,0,66.67,41.18,30.77,26.23,0,0,0,0,0,0,0,0,0,0,0,0,0,,1268.0,,,,339.0,17.0,161.0,206.0,1.0,2.0,5.0,210.0,96.0,52.0,1.0,,342.0,22.0,281.0,28.0,57.0,103.0,15.0,91.0,,,54.0,12.0,,11.0,657.0,25.0,8.0,,157.0,47.0,64.0,10.0,70.0,4.0,22.0,,,4.0,170.0,4.0,,,25.0,,,,91.0,31.0,282.0,285.0,13.0,,100.0,66.0,3.0,7.0,,,,,29.0,15.0,23.0,3.0,,10.0,2.0,9.0,9.0,5.0,11.0,13.0,7.0,18.0,5.0,,,41.0,17.0,,16.0,38.0,45.0,,8.0,4.0,,3.0,1.0,1.0,7.0,,11.0,,2.0,2.0,2.0,2.0,,,,,,,,,,,1.0,1.0,1.0,63.0,,9.0,,235.0,143.0,3.0,,147.0,2.0,5.0,2.0
cpl::Football_Player::6fcfea80844a4cf19b5492d7fc111116,K. Williams,Valour,Midfielder,2025,midfielder,11,669,2,0,10,2,4,0,7,14,14,10,2,0,0,71.0,19,2.56,0,0,0,0,0,0,0,0,58.33,39.19,16.67,0.0,0,0,0,0,0,0,0,0,0,0,0,0,0,,669.0,,,,125.0,5.0,46.0,60.0,1.0,2.0,6.0,78.0,37.0,34.0,3.0,,137.0,14.0,94.0,18.0,40.0,34.0,2.0,41.0,,,17.0,8.0,,4.0,234.0,11.0,5.0,,62.0,33.0,19.0,10.0,29.0,3.0,14.0,,,2.0,74.0,1.0,,,11.0,,,,35.0,24.0,85.0,97.0,12.0,,45.0,27.0,1.0,6.0,,,,,1.0,12.0,10.0,,,7.0,3.0,3.0,10.0,5.0,2.0,3.0,6.0,10.0,4.0,,,5.0,,,,7.0,5.0,1.0,3.0,,,,,,10.0,,4.0,,2.0,1.0,1.0,1.0,,1.0,1.0,,,,,,,,0.0,0.0,2.0,13.0,,,,47.0,24.0,,,15.0,1.0,1.0,2.0
cpl::Football_Player::3e694b5d3a004945a65d70fab1ee17fe,D. Rodríguez,Atlético,Midfielder,2025,midfielder,29,2491,11,9,53,20,29,9,33,26,42,2,2,1,0,87.0,23,0.83,49,0,0,0,0,0,0,0,63.46,44.44,25.0,5.08,0,0,0,0,0,0,0,0,0,0,0,0,0,,2491.0,,,,953.0,24.0,279.0,554.0,5.0,2.0,9.0,391.0,310.0,120.0,1.0,,975.0,26.0,836.0,20.0,129.0,134.0,64.0,150.0,,,122.0,29.0,,22.0,1585.0,29.0,16.0,,318.0,192.0,159.0,10.0,152.0,10.0,42.0,,,6.0,342.0,4.0,,,29.0,,,,172.0,370.0,827.0,846.0,24.0,5.0,190.0,146.0,3.0,13.0,1.0,,,,52.0,52.0,42.0,,,33.0,13.0,21.0,18.0,19.0,14.0,,24.0,53.0,17.0,1.0,,11.0,18.0,1.0,3.0,71.0,43.0,8.0,20.0,49.0,1.0,23.0,8.0,9.0,2.0,13.0,29.0,4.0,11.0,2.0,9.0,2.0,,2.0,9.0,3.0,,,,,,,2.0,7.0,4.0,126.0,,10.0,,489.0,255.0,18.0,,175.0,5.0,4.0,9.0
cpl::Football_Player::9d723c58b62545c7b3ff13a3e7d81b87,Diogo Ressurreição,Valour,Midfielder,2025,midfielder,26,1374,1,3,23,4,9,3,7,20,6,0,5,0,0,84.0,41,2.69,4,0,2,0,0,0,0,0,41.18,36.27,0.0,22.58,0,0,0,0,0,0,0,0,0,0,0,0,0,,1374.0,,,4.0,614.0,12.0,137.0,350.0,3.0,5.0,21.0,199.0,186.0,85.0,4.0,,634.0,20.0,486.0,37.0,106.0,186.0,9.0,108.0,,,68.0,17.0,,21.0,844.0,26.0,11.0,,100.0,173.0,27.0,10.0,37.0,42.0,6.0,,,,102.0,2.0,,,26.0,,,,63.0,138.0,508.0,528.0,2.0,,65.0,37.0,4.0,15.0,,,,,14.0,17.0,31.0,1.0,,7.0,8.0,7.0,2.0,10.0,4.0,9.0,14.0,23.0,4.0,,,20.0,8.0,,7.0,17.0,23.0,3.0,15.0,4.0,,2.0,3.0,3.0,,1.0,9.0,1.0,1.0,1.0,,,,1.0,,,,,,,,,0.0,0.0,1.0,34.0,,,,183.0,90.0,2.0,,99.0,,,1.0
cpl::Football_Player::628cfcb715d24e36b6cbf8b20beec3ed,M. Morgan,Valour,Midfielder,2025,midfielder,26,1578,7,4,27,11,15,4,24,26,30,14,1,0,0,73.0,38,2.17,0,0,0,0,0,0,0,0,66.67,48.48,45.95,22.22,0,0,0,0,0,0,0,0,0,0,0,0,0,,1578.0,,,,413.0,5.0,108.0,190.0,3.0,1.0,19.0,229.0,124.0,100.0,3.0,,431.0,26.0,289.0,36.0,119.0,138.0,26.0,105.0,,,42.0,17.0,,21.0,752.0,26.0,15.0,,153.0,116.0,61.0,10.0,128.0,23.0,30.0,,,51.0,264.0,11.0,,,26.0,,,,76.0,69.0,294.0,312.0,111.0,,136.0,77.0,2.0,13.0,,,,,11.0,36.0,34.0,,,24.0,11.0,22.0,60.0,12.0,3.0,9.0,12.0,27.0,8.0,2.0,,7.0,2.0,3.0,2.0,14.0,7.0,1.0,19.0,,,,1.0,4.0,14.0,,15.0,,7.0,4.0,6.0,1.0,3.0,1.0,,,,,,,,,1.0,1.0,6.0,39.0,,3.0,,130.0,56.0,7.0,,90.0,5.0,7.0,5.0
cpl::Football_Player::8478206db8304d6487d404b1b5dd322c,G. Antinoro,Atlético,Midfielder,2025,midfielder,30,2466,4,4,30,8,15,4,34,13,14,3,1,0,0,87.0,23,0.84,14,0,3,0,0,0,0,0,61.82,48.28,43.75,17.39,0,0,0,0,0,0,0,0,0,0,0,0,0,,2466.0,,,1.0,980.0,6.0,390.0,492.0,20.0,1.0,27.0,328.0,372.0,109.0,2.0,,991.0,13.0,836.0,21.0,136.0,202.0,24.0,128.0,,,108.0,28.0,,44.0,1514.0,30.0,8.0,,216.0,157.0,84.0,10.0,112.0,19.0,14.0,,,7.0,232.0,47.0,,,30.0,,,,111.0,242.0,844.0,855.0,16.0,9.0,120.0,105.0,2.0,14.0,,,,,36.0,55.0,43.0,,,34.0,21.0,20.0,9.0,21.0,31.0,2.0,15.0,30.0,10.0,6.0,,28.0,9.0,6.0,8.0,41.0,36.0,1.0,6.0,14.0,,8.0,3.0,4.0,3.0,2.0,15.0,,4.0,3.0,4.0,1.0,,,1.0,,1.0,,,,,,1.0,3.0,1.0,70.0,,10.0,,389.0,177.0,5.0,,166.0,3.0,2.0,3.0
cpl::Football_Player::1f4a9af68a764f0c95fa10063975c4c8,S. Mlah,Valour,Midfielder,2025,midfielder,23,968,0,1,8,1,5,1,13,11,15,0,4,0,0,85.0,27,2.51,0,0,0,0,0,0,0,0,61.9,47.96,30.77,22.22,0,0,0,0,0,0,0,0,0,0,0,0,0,,968.0,,,4.0,410.0,6.0,82.0,192.0,8.0,4.0,14.0,116.0,164.0,53.0,2.0,,421.0,11.0,333.0,26.0,67.0,106.0,10.0,54.0,,,51.0,10.0,,20.0,587.0,23.0,4.0,,85.0,118.0,9.0,10.0,47.0,21.0,15.0,,,4.0,98.0,17.0,,,23.0,,,,42.0,115.0,343.0,354.0,13.0,,51.0,43.0,1.0,8.0,,,,,7.0,21.0,18.0,,,13.0,11.0,9.0,9.0,8.0,2.0,13.0,3.0,8.0,6.0,1.0,,7.0,2.0,,2.0,9.0,7.0,1.0,4.0,,,,,1.0,,,5.0,,,,,,,,,,,,,,,,0.0,,,24.0,,2.0,,119.0,55.0,1.0,,7.0,,,
cpl::Football_Player::5e944a82a82b42b483bed288bb7633a8,M. Aparicio,Atlético,Midfielder,2025,midfielder,30,2608,1,7,34,8,12,7,55,59,34,2,6,0,0,86.0,27,0.93,1,0,2,0,0,0,0,0,62.5,51.59,60.42,29.41,0,0,0,0,0,0,0,0,0,0,0,0,0,,2608.0,,,4.0,1875.0,16.0,314.0,793.0,33.0,6.0,85.0,401.0,855.0,184.0,2.0,,1912.0,59.0,1545.0,25.0,269.0,516.0,29.0,224.0,,,169.0,29.0,,57.0,2475.0,30.0,35.0,,299.0,556.0,36.0,10.0,179.0,98.0,34.0,,,29.0,347.0,38.0,,,30.0,,,,149.0,526.0,1608.0,1643.0,48.0,7.0,168.0,150.0,2.0,9.0,,,,,28.0,88.0,82.0,3.0,,55.0,43.0,42.0,19.0,33.0,37.0,1.0,22.0,34.0,9.0,7.0,,12.0,5.0,12.0,5.0,16.0,12.0,7.0,61.0,1.0,,,5.0,7.0,2.0,,12.0,5.0,1.0,1.0,,,,1.0,,,1.0,,,,,,0.0,1.0,0.0,50.0,,1.0,,409.0,165.0,14.0,,91.0,,3.0,
cpl::Football_Player::f4d883a75e7d4f129681bd5d56c43d19,K. Twardek,Valour,Midfielder,2025,midfielder,27,2206,4,2,19,6,10,2,25,35,22,14,2,1,0,73.0,51,2.08,0,0,0,0,0,0,0,0,71.43,44.62,48.35,20.62,0,0,0,0,0,0,0,0,0,0,0,0,0,,2206.0,1.0,,3.0,554.0,17.0,214.0,309.0,8.0,2.0,23.0,329.0,117.0,129.0,6.0,,558.0,35.0,397.0,48.0,152.0,27.0,18.0,202.0,,,60.0,26.0,,27.0,991.0,27.0,12.0,,160.0,129.0,92.0,10.0,112.0,9.0,22.0,,,44.0,251.0,31.0,,,27.0,,,,92.0,188.0,402.0,406.0,91.0,2.0,139.0,68.0,3.0,13.0,1.0,,,,13.0,35.0,56.0,,,25.0,13.0,20.0,47.0,10.0,24.0,1.0,9.0,19.0,4.0,3.0,,77.0,20.0,4.0,20.0,24.0,77.0,,7.0,,1.0,,1.0,2.0,14.0,,10.0,,4.0,2.0,3.0,2.0,,1.0,2.0,,,,,,,,0.0,3.0,1.0,41.0,1.0,9.0,,224.0,153.0,5.0,,134.0,3.0,4.0,3.0
cpl::Football_Player::ab744dc321ed481d9060ebc48b16f9b3,J. Castro,Atlético,Midfielder,2025,midfielder,27,2124,0,4,14,4,4,4,16,22,27,0,7,0,0,93.0,22,0.93,9,0,0,0,0,0,0,0,53.33,54.78,29.41,8.33,0,0,0,0,0,0,0,0,0,0,0,0,0,,2124.0,,,2.0,1482.0,5.0,308.0,612.0,17.0,7.0,43.0,181.0,785.0,78.0,2.0,,1514.0,22.0,1306.0,19.0,121.0,489.0,20.0,88.0,,,115.0,27.0,,42.0,1779.0,27.0,13.0,,140.0,297.0,8.0,10.0,86.0,87.0,27.0,,,5.0,157.0,25.0,,,27.0,,,,59.0,420.0,1361.0,1393.0,17.0,2.0,71.0,81.0,3.0,21.0,,,,,24.0,30.0,36.0,1.0,,16.0,20.0,13.0,12.0,14.0,2.0,,10.0,14.0,6.0,7.0,,4.0,4.0,,1.0,8.0,9.0,3.0,54.0,9.0,,4.0,1.0,4.0,,2.0,4.0,,,,,,,,,,,,,,,,0.0,,,29.0,,,,261.0,139.0,1.0,,37.0,,,
cpl::Football_Player::e062e50eb3404d07b682bf9855e3a980,Alberto Zapater,Atlético,Midfielder,2025,midfielder,25,612,0,1,0,1,0,1,13,4,2,1,1,0,0,91.0,14,2.06,0,0,0,0,0,0,0,0,68.42,55.56,37.5,0.0,0,0,0,0,0,0,0,0,0,0,0,0,0,,612.0,,,2.0,486.0,2.0,104.0,188.0,3.0,1.0,9.0,60.0,265.0,38.0,1.0,,500.0,4.0,420.0,13.0,47.0,133.0,5.0,35.0,,,25.0,4.0,,12.0,575.0,25.0,3.0,,37.0,113.0,3.0,10.0,25.0,33.0,2.0,,,3.0,45.0,8.0,,,25.0,,,,15.0,150.0,440.0,453.0,8.0,,20.0,22.0,1.0,3.0,,,,,1.0,19.0,17.0,,,13.0,6.0,6.0,5.0,6.0,2.0,21.0,,,,,,,,,,1.0,,1.0,12.0,,,,1.0,1.0,1.0,,,,,,,,,,,,,,,,,,0.0,,,7.0,,,,83.0,23.0,1.0,,14.0,,,
cpl::Football_Player::7c7c78f8a9b24353a2c2418452327dab,Kévin dos Santos,Atlético,Midfielder,2025,midfielder,29,2029,4,2,26,6,8,2,41,35,16,3,1,0,0,86.0,24,1.06,48,0,1,0,0,0,0,0,66.13,46.03,41.94,15.38,0,0,0,0,0,0,0,0,0,0,0,0,0,,2029.0,,1.0,9.0,909.0,15.0,353.0,452.0,24.0,1.0,37.0,336.0,379.0,100.0,1.0,,943.0,35.0,773.0,22.0,137.0,233.0,36.0,157.0,,,84.0,24.0,,49.0,1532.0,29.0,15.0,,221.0,187.0,67.0,10.0,116.0,33.0,16.0,,,13.0,252.0,52.0,,,29.0,,,,118.0,170.0,774.0,806.0,31.0,2.0,136.0,103.0,2.0,15.0,,,,,25.0,62.0,43.0,,,41.0,20.0,22.0,18.0,21.0,85.0,5.0,18.0,26.0,6.0,2.0,,42.0,25.0,14.0,14.0,35.0,69.0,2.0,4.0,48.0,,23.0,2.0,2.0,3.0,8.0,8.0,2.0,4.0,4.0,3.0,1.0,,1.0,,,,,,,,,2.0,1.0,3.0,62.0,,8.0,,294.0,159.0,7.0,,133.0,2.0,,4.0
cpl::Football_Player::c0ae1ca6360b41c6ad94f45a8b50a872,T. Crawford,Vancouver,Midfielder,2025,midfielder,3,198,0,0,0,0,0,0,8,4,0,0,1,1,0,82.0,2,0.91,0,0,0,0,0,0,0,0,66.67,68.42,0.0,33.33,0,0,0,0,0,0,0,0,0,0,0,0,0,,198.0,,,1.0,70.0,2.0,17.0,17.0,2.0,1.0,9.0,25.0,43.0,4.0,,,72.0,4.0,56.0,1.0,13.0,33.0,,13.0,,,3.0,3.0,,2.0,121.0,3.0,3.0,,18.0,22.0,,10.0,13.0,3.0,,,,,19.0,5.0,,,3.0,,,,5.0,,57.0,59.0,1.0,,6.0,13.0,1.0,2.0,1.0,1.0,,,1.0,12.0,4.0,,,8.0,4.0,1.0,1.0,4.0,10.0,,,,,,,2.0,1.0,8.0,1.0,1.0,2.0,,,,,,,,,,,,,,,,,,,,,,,,,,0.0,,,1.0,,,,9.0,4.0,,,9.0,,,
cpl::Football_Player::bcd2bd431fea40f2ad5e2cd7d95bef32,A. Sissoko,Atlético,Midfielder,2025,midfielder,24,512,1,0,7,1,2,0,6,5,17,1,2,0,0,91.0,4,0.7,0,0,0,0,0,0,0,0,60.0,50.7,36.84,0.0,0,0,0,0,0,0,0,0,0,0,0,0,0,,512.0,,,1.0,353.0,2.0,111.0,130.0,2.0,2.0,12.0,68.0,202.0,24.0,,,368.0,5.0,321.0,3.0,36.0,82.0,5.0,32.0,,,22.0,2.0,,9.0,490.0,24.0,3.0,,52.0,81.0,14.0,10.0,36.0,11.0,17.0,,,7.0,71.0,16.0,,,24.0,,,,23.0,94.0,317.0,332.0,19.0,,35.0,29.0,1.0,2.0,,,,,3.0,10.0,10.0,1.0,,6.0,6.0,5.0,12.0,4.0,9.0,22.0,5.0,7.0,3.0,1.0,1.0,5.0,,,,8.0,5.0,6.0,6.0,,,,,,1.0,,2.0,,1.0,1.0,1.0,,,,,,,,,,,,0.0,1.0,0.0,15.0,,2.0,,69.0,29.0,2.0,1.0,7.0,1.0,1.0,1.0
cpl::Football_Player::067092352a084dc4bde838b40e5b4cfb,K. Ortega,Atlético,Midfielder,2025,midfielder,15,115,0,0,0,0,0,0,5,9,3,0,2,0,0,81.0,4,3.13,1,0,0,0,0,0,0,0,83.33,40.0,50.0,0.0,0,0,0,0,0,0,0,0,0,0,0,0,0,,115.0,,,1.0,98.0,,31.0,30.0,3.0,2.0,6.0,29.0,51.0,14.0,,,101.0,9.0,79.0,3.0,20.0,23.0,3.0,18.0,,,8.0,,,4.0,130.0,15.0,6.0,,28.0,27.0,4.0,10.0,12.0,2.0,3.0,,,1.0,30.0,2.0,,,15.0,,,,17.0,20.0,78.0,81.0,2.0,,18.0,11.0,1.0,,,,,,2.0,6.0,5.0,,,5.0,1.0,2.0,1.0,1.0,,15.0,,,,,,1.0,,,,3.0,2.0,,1.0,1.0,,1.0,,,,,,,,,,,,,,,,,,,,,0.0,,,5.0,,,,35.0,16.0,,,10.0,,,
cpl::Football_Player::165349da6f4642fb9d3d648ac53a905c,A. Ndom,Pacific,Midfielder,2025,midfielder,24,2017,5,0,28,5,13,0,15,18,37,1,8,0,0,88.0,46,2.05,1,0,0,0,0,0,0,0,71.43,66.67,70.69,0.0,0,0,0,0,0,0,0,0,0,0,0,0,0,,2017.0,18.0,1.0,6.0,1260.0,6.0,51.0,314.0,24.0,8.0,84.0,190.0,838.0,78.0,5.0,,1314.0,18.0,1029.0,41.0,162.0,457.0,9.0,125.0,,,106.0,22.0,,41.0,1655.0,24.0,10.0,,98.0,503.0,29.0,10.0,104.0,123.0,37.0,,,41.0,156.0,143.0,,,24.0,,,,35.0,303.0,1101.0,1152.0,58.0,2.0,52.0,63.0,5.0,,,,,,5.0,21.0,14.0,,,15.0,25.0,8.0,17.0,6.0,3.0,2.0,15.0,28.0,4.0,15.0,,4.0,,,,4.0,4.0,3.0,1.0,1.0,,,,,1.0,,13.0,7.0,5.0,3.0,4.0,,2.0,1.0,,,,,,,,,0.0,4.0,1.0,8.0,18.0,1.0,2.0,378.0,247.0,3.0,,13.0,2.0,1.0,1.0
cpl::Football_Player::0193e9b2803b43938a676ad9232cede8,N. Verhoeven,Atlético,Midfielder,2025,midfielder,5,103,0,0,1,0,1,0,3,1,0,0,0,0,0,88.0,3,2.62,0,0,0,0,0,0,0,0,100.0,40.0,0.0,0.0,0,0,0,0,0,0,0,0,0,0,0,0,0,,103.0,,,,69.0,,29.0,16.0,1.0,,4.0,12.0,46.0,5.0,,,71.0,1.0,60.0,3.0,9.0,11.0,,7.0,,,7.0,1.0,,2.0,83.0,5.0,,,10.0,10.0,,10.0,4.0,2.0,,,,,10.0,,,,5.0,,,,6.0,21.0,60.0,62.0,,,6.0,4.0,,1.0,,,,,1.0,3.0,2.0,,,3.0,2.0,1.0,,,,4.0,,1.0,,,,,,,,1.0,,,3.0,,,,,,,,1.0,,,,,,,,,,,,,,,,0.0,,,3.0,,,,18.0,7.0,,,2.0,,,
cpl::Football_Player::c2267256cd964bb3b0bda247e07fc87b,R. Ohin,Valour,Midfielder,2025,midfielder,26,2164,0,0,14,0,2,0,25,42,33,0,9,0,0,90.0,48,2.0,0,0,0,0,0,0,0,0,67.57,46.57,36.0,33.33,0,0,0,0,0,0,0,0,0,0,0,0,0,,2164.0,,2.0,2.0,1099.0,6.0,176.0,459.0,10.0,9.0,27.0,184.0,549.0,94.0,4.0,,1128.0,42.0,962.0,44.0,121.0,303.0,11.0,82.0,,,137.0,25.0,,41.0,1408.0,26.0,30.0,,179.0,301.0,9.0,10.0,95.0,45.0,33.0,,,9.0,204.0,25.0,,,26.0,,,,93.0,348.0,978.0,1007.0,25.0,2.0,109.0,86.0,4.0,6.0,,,,,16.0,37.0,25.0,2.0,,25.0,23.0,13.0,16.0,12.0,3.0,1.0,12.0,14.0,8.0,3.0,,2.0,1.0,1.0,1.0,8.0,2.0,,12.0,,,,,,,,2.0,1.0,,,,,,,,,,,,,,,0.0,,,26.0,,2.0,,269.0,96.0,,,37.0,,1.0,
cpl::Football_Player::588cc7602a904011b1490a8e56d533e2,I. Johnston,Wanderers,Midfielder,2025,midfielder,29,2460,2,3,16,5,6,3,45,33,26,2,7,0,0,84.0,32,1.17,0,0,0,0,0,0,0,0,66.18,52.99,55.26,18.75,0,0,0,0,0,0,0,0,0,0,0,0,0,,2460.0,,,5.0,1238.0,6.0,202.0,600.0,18.0,7.0,65.0,346.0,456.0,148.0,3.0,,1263.0,33.0,948.0,29.0,213.0,391.0,21.0,181.0,,,161.0,28.0,,58.0,1704.0,29.0,20.0,,230.0,389.0,27.0,10.0,142.0,102.0,26.0,,,21.0,268.0,36.0,,,29.0,,,,109.0,281.0,1026.0,1050.0,38.0,5.0,126.0,121.0,3.0,12.0,,,,,27.0,68.0,48.0,,,45.0,28.0,25.0,17.0,23.0,7.0,1.0,10.0,16.0,3.0,4.0,,26.0,6.0,,6.0,25.0,26.0,5.0,24.0,,,,3.0,3.0,2.0,,6.0,,2.0,1.0,2.0,1.0,,,1.0,,,,,,,,1.0,1.0,1.0,48.0,,5.0,,289.0,128.0,4.0,,87.0,2.0,1.0,2.0
cpl::Football_Player::a4d26a57d62040df8359a9bc96b1db67,D. Campbell,Valour,Midfielder,2025,midfielder,1,17,0,0,1,0,0,0,1,2,0,0,0,0,0,89.0,0,0.0,0,0,0,0,0,0,0,0,50.0,50.0,0.0,0.0,0,0,0,0,0,0,0,0,0,0,0,0,0,,17.0,,1.0,1.0,9.0,,1.0,6.0,,,,2.0,2.0,1.0,,,9.0,2.0,7.0,,1.0,3.0,,,,,,,,1.0,17.0,1.0,1.0,,4.0,3.0,,10.0,2.0,1.0,,,,,4.0,,,,1.0,,,,2.0,2.0,8.0,8.0,,,2.0,2.0,,1.0,,,,,,2.0,,1.0,,1.0,1.0,,,1.0,,1.0,1.0,1.0,1.0,,,,,,,,,,,,,,,,,,,,,,,,,,,,,,,,,,0.0,,,1.0,,,,1.0,1.0,,,,,,
cpl::Football_Player::a2d59a105ffa40e592a486e9b62e55b0,M. Voytsekhovskyi,Inter Toronto,Midfielder,2025,midfielder,10,209,1,1,3,2,3,1,4,6,4,0,0,0,0,90.0,4,1.72,0,0,0,0,0,0,0,0,100.0,36.11,42.86,20.0,0,0,0,0,0,0,0,0,0,0,0,0,0,,209.0,,,,49.0,1.0,19.0,28.0,,,,25.0,17.0,5.0,1.0,,49.0,6.0,42.0,3.0,5.0,12.0,,8.0,,,4.0,2.0,,1.0,94.0,10.0,6.0,,29.0,11.0,7.0,10.0,13.0,2.0,4.0,,,3.0,36.0,2.0,,,10.0,,,,19.0,7.0,44.0,44.0,7.0,,23.0,10.0,1.0,2.0,,,,,2.0,4.0,2.0,,,4.0,1.0,,4.0,,,8.0,,3.0,,,,4.0,1.0,,1.0,2.0,4.0,,2.0,,,,1.0,1.0,,,3.0,,1.0,1.0,1.0,,,,,,,,,,,,0.0,0.0,1.0,11.0,,,,22.0,10.0,1.0,,29.0,,,1.0
cpl::Football_Player::c61bc69e3cc04986a50e309ba356335c,K. Kibato,Inter Toronto,Midfielder,2025,midfielder,30,2349,1,1,18,2,5,1,30,24,51,0,8,0,0,90.0,38,1.46,2,0,0,0,0,0,0,0,57.69,57.66,41.18,11.11,0,0,0,0,0,0,0,0,0,0,0,0,0,,2349.0,,,4.0,1162.0,3.0,247.0,523.0,15.0,8.0,32.0,226.0,539.0,98.0,5.0,,1191.0,24.0,997.0,30.0,130.0,344.0,18.0,107.0,,,129.0,26.0,,31.0,1568.0,30.0,16.0,,214.0,254.0,18.0,10.0,143.0,64.0,51.0,,,14.0,248.0,24.0,,,30.0,,,,85.0,346.0,1034.0,1061.0,34.0,8.0,105.0,129.0,8.0,6.0,,,,,27.0,52.0,27.0,1.0,,30.0,37.0,11.0,20.0,22.0,16.0,4.0,13.0,18.0,1.0,1.0,,7.0,1.0,1.0,1.0,22.0,8.0,2.0,22.0,2.0,,1.0,1.0,1.0,,,5.0,1.0,1.0,,1.0,1.0,,,1.0,,,,,,,,1.0,1.0,0.0,46.0,,3.0,,330.0,158.0,2.0,,64.0,1.0,,1.0
cpl::Football_Player::f6cad4e96b1a4fe1847951f5a8de61b1,M. Ferrari,Inter Toronto,Midfielder,2025,midfielder,29,2127,1,5,15,6,9,5,33,34,58,5,8,0,0,83.0,39,1.65,0,0,0,0,0,0,0,0,73.33,55.56,40.74,34.18,0,0,0,0,0,0,0,0,0,0,0,0,0,,2127.0,,,8.0,721.0,11.0,182.0,375.0,20.0,8.0,44.0,306.0,255.0,84.0,5.0,,731.0,34.0,581.0,32.0,128.0,43.0,18.0,135.0,,,83.0,23.0,,45.0,1357.0,29.0,15.0,,207.0,255.0,48.0,10.0,130.0,22.0,58.0,,,11.0,234.0,44.0,,,29.0,,,,88.0,251.0,595.0,603.0,27.0,4.0,104.0,119.0,7.0,5.0,,,,,16.0,45.0,43.0,2.0,,33.0,18.0,21.0,16.0,12.0,141.0,6.0,6.0,15.0,4.0,6.0,,52.0,27.0,31.0,27.0,26.0,52.0,1.0,,,,,5.0,5.0,5.0,,9.0,,1.0,,,,,1.0,1.0,,,,,,,,0.0,1.0,0.0,43.0,,3.0,,281.0,144.0,5.0,,147.0,,1.0,1.0
cpl::Football_Player::b78b9cf10b374d23824749c6e410990c,E. Adekugbe,Inter Toronto,Midfielder,2025,midfielder,23,1551,0,1,3,1,0,1,17,22,25,0,5,0,0,95.0,24,1.39,0,0,0,0,0,0,0,0,62.96,58.56,42.86,0.0,0,0,0,0,0,0,0,0,0,0,0,0,0,,1551.0,14.0,1.0,6.0,950.0,1.0,78.0,230.0,11.0,5.0,19.0,74.0,721.0,41.0,3.0,,1011.0,22.0,909.0,18.0,60.0,336.0,7.0,34.0,,,79.0,18.0,,26.0,1177.0,23.0,10.0,,90.0,259.0,7.0,10.0,65.0,42.0,25.0,,,9.0,111.0,47.0,,,23.0,,,,34.0,338.0,892.0,951.0,21.0,6.0,46.0,56.0,6.0,7.0,,,,,4.0,27.0,12.0,,,17.0,9.0,5.0,12.0,10.0,1.0,5.0,3.0,3.0,3.0,8.0,,,,,,3.0,,1.0,2.0,,,,1.0,1.0,,,,,,,,,,,,,,,,,,,0.0,,,6.0,14.0,,2.0,167.0,79.0,1.0,,6.0,,1.0,
cpl::Football_Player::8eb11a313b2348b888a9b1799feba47c,S. Yeates,Inter Toronto,Midfielder,2025,midfielder,20,1658,3,0,14,3,7,0,24,22,21,0,3,0,0,88.0,29,1.57,18,0,0,0,0,0,0,0,75.0,46.9,40.91,0.0,0,0,0,0,0,0,0,0,0,0,0,0,0,,1658.0,,,2.0,908.0,5.0,180.0,428.0,14.0,3.0,27.0,190.0,398.0,86.0,2.0,,937.0,22.0,789.0,23.0,113.0,280.0,11.0,94.0,,,86.0,19.0,,36.0,1182.0,20.0,14.0,,123.0,228.0,21.0,10.0,68.0,35.0,21.0,,,9.0,145.0,23.0,,,20.0,,,,64.0,249.0,799.0,824.0,22.0,5.0,77.0,59.0,6.0,6.0,,,,,6.0,32.0,30.0,,,24.0,17.0,13.0,13.0,8.0,3.0,1.0,7.0,14.0,3.0,4.0,,2.0,2.0,,,13.0,17.0,1.0,15.0,18.0,,10.0,,,,3.0,7.0,,3.0,3.0,3.0,1.0,,,,,,,,,,,0.0,3.0,0.0,27.0,,3.0,,237.0,99.0,1.0,,69.0,2.0,2.0,3.0
cpl::Football_Player::64ff8ebb61c74060b52ab17341495a05,M. Ferrin,Inter Toronto,Midfielder,2025,midfielder,27,2008,4,3,26,7,17,3,19,24,54,3,2,0,0,86.0,29,1.3,2,0,0,0,0,0,0,0,59.38,50.76,36.73,11.11,0,0,0,0,0,0,0,0,0,0,0,0,0,,2008.0,,,2.0,502.0,7.0,184.0,317.0,4.0,2.0,6.0,218.0,129.0,66.0,3.0,,513.0,24.0,434.0,20.0,72.0,151.0,23.0,80.0,,,72.0,23.0,,16.0,943.0,27.0,10.0,,213.0,103.0,66.0,10.0,133.0,7.0,54.0,,,18.0,262.0,19.0,,,27.0,,,,98.0,75.0,430.0,441.0,49.0,,129.0,115.0,9.0,16.0,,,,,29.0,32.0,30.0,1.0,,19.0,16.0,21.0,31.0,13.0,7.0,4.0,9.0,26.0,8.0,3.0,,18.0,5.0,1.0,3.0,32.0,24.0,1.0,16.0,2.0,,2.0,3.0,3.0,3.0,,17.0,,4.0,2.0,4.0,,1.0,,1.0,,,,,,,,0.0,0.0,4.0,68.0,,2.0,,210.0,112.0,5.0,,119.0,3.0,2.0,4.0
cpl::Football_Player::013f2c6247454e60b16f8b8fb80f1c00,M. Baldisimo,Cavalry,Midfielder,2025,midfielder,17,756,1,0,5,1,2,0,12,15,9,1,4,1,0,88.0,14,1.67,0,0,0,0,0,0,0,0,52.17,51.16,56.25,0.0,0,0,0,0,0,0,0,0,0,0,0,0,0,,756.0,,1.0,2.0,409.0,3.0,71.0,181.0,5.0,4.0,16.0,70.0,182.0,34.0,2.0,,413.0,15.0,315.0,12.0,50.0,149.0,2.0,40.0,,,37.0,9.0,,12.0,516.0,17.0,6.0,,70.0,97.0,11.0,10.0,44.0,48.0,9.0,,,9.0,86.0,5.0,,,17.0,,,,35.0,96.0,360.0,363.0,16.0,,42.0,35.0,2.0,7.0,1.0,,,,3.0,23.0,11.0,2.0,,12.0,10.0,4.0,7.0,11.0,4.0,8.0,3.0,5.0,3.0,1.0,,2.0,,,,3.0,2.0,,7.0,,1.0,,,,1.0,,2.0,,1.0,1.0,,1.0,,1.0,,,,,,,,,0.0,1.0,0.0,8.0,,1.0,,91.0,27.0,,,42.0,,1.0,
cpl::Football_Player::f96ba1d3c2ae48a9b93c5022d4b5a8a8,J. Lopez,Inter Toronto,Midfielder,2025,midfielder,4,16,0,0,0,0,0,0,0,1,2,0,0,0,0,50.0,0,0.0,0,0,0,0,0,0,0,0,0.0,50.0,33.33,0.0,0,0,0,0,0,0,0,0,0,0,0,0,0,,16.0,,,,2.0,,1.0,1.0,,,,2.0,,1.0,,,2.0,1.0,1.0,,1.0,1.0,,1.0,,,,,,,7.0,4.0,,,5.0,,1.0,10.0,4.0,,2.0,,,1.0,8.0,,,,4.0,,,,2.0,,1.0,1.0,3.0,,4.0,3.0,,,,,,,1.0,,,,,,,,2.0,,,4.0,,,1.0,,,,,,,,,,1.0,,,,,,,,,,,,,1.0,,,,,,,,,,,0.0,,,1.0,,,,2.0,1.0,,,,,,
cpl::Football_Player::b0a7f5c0cf994edbb5392b5b73bf8898,T. Powell,Vancouver,Midfielder,2025,midfielder,18,531,0,1,5,1,1,1,15,5,8,0,0,0,0,81.0,14,2.37,1,0,1,0,0,0,0,0,88.24,45.0,10.0,6.67,0,0,0,0,0,0,0,0,0,0,0,0,0,,531.0,,,,179.0,5.0,66.0,84.0,2.0,,13.0,78.0,65.0,22.0,,,182.0,5.0,139.0,11.0,35.0,30.0,3.0,46.0,,,38.0,6.0,,3.0,294.0,18.0,2.0,,50.0,40.0,5.0,10.0,27.0,8.0,8.0,,,1.0,60.0,7.0,,,18.0,,,,24.0,46.0,146.0,147.0,10.0,,33.0,26.0,3.0,6.0,,,,,1.0,17.0,12.0,,,15.0,7.0,5.0,9.0,2.0,2.0,12.0,4.0,5.0,1.0,3.0,,12.0,2.0,,1.0,9.0,14.0,1.0,5.0,1.0,,1.0,1.0,1.0,,,1.0,,,,,,,,,,,,,,,,0.0,,,14.0,,1.0,,69.0,33.0,1.0,,54.0,,,
cpl::Football_Player::cb6350ba52f94d62a3a2a09318cd7220,L. Accettola,Inter Toronto,Midfielder,2025,midfielder,15,567,2,0,5,2,2,0,11,7,8,0,0,0,0,86.0,9,1.43,0,0,1,0,0,0,0,0,68.75,50.77,44.44,50.0,0,0,0,0,0,0,0,0,0,0,0,0,0,,567.0,,,,214.0,,59.0,91.0,5.0,,9.0,63.0,99.0,23.0,,,221.0,7.0,183.0,5.0,32.0,66.0,3.0,25.0,,,29.0,5.0,,8.0,322.0,15.0,4.0,,56.0,45.0,7.0,10.0,33.0,6.0,8.0,,,4.0,65.0,6.0,,,15.0,,,,27.0,51.0,182.0,189.0,9.0,,32.0,29.0,4.0,4.0,,,,,5.0,16.0,7.0,,,11.0,8.0,3.0,5.0,5.0,3.0,10.0,3.0,5.0,2.0,1.0,,1.0,1.0,2.0,1.0,8.0,1.0,,7.0,,,,,,,,2.0,,2.0,2.0,2.0,,,,,,,,,,,,0.0,1.0,1.0,13.0,,2.0,,56.0,24.0,,,31.0,1.0,,2.0
cpl::Football_Player::b428d3e5d4c24213a3e6af3b838d650d,C. Zeppieri,Inter Toronto,Midfielder,2025,midfielder,2,29,0,0,0,0,0,0,0,1,0,0,1,0,0,79.0,1,3.1,0,0,0,0,0,0,0,0,0.0,0.0,0.0,100.0,0,0,0,0,0,0,0,0,0,0,0,0,0,,29.0,,,,19.0,,2.0,9.0,1.0,1.0,2.0,7.0,7.0,2.0,,,19.0,1.0,13.0,1.0,4.0,5.0,,4.0,,,,,,,28.0,2.0,1.0,,4.0,6.0,,10.0,,2.0,,,,,5.0,,,,2.0,,,,4.0,6.0,15.0,15.0,1.0,,5.0,,,,,,,,,,2.0,,,,,1.0,1.0,,2.0,2.0,,,,,,,1.0,,1.0,1.0,,,,,,,,,,,,,,,,,,,,,,,,,,,0.0,,,1.0,,,,7.0,6.0,,,,,,
cpl::Football_Player::58430e4fe62548d7894e74b9202fcbc1,N. Mezquida,Vancouver,Midfielder,2025,midfielder,18,1116,5,1,22,6,15,1,10,28,15,0,5,1,0,80.0,26,2.1,40,0,0,1,1,0,0,0,55.56,34.09,21.88,5.56,0,0,0,0,0,0,0,0,0,0,0,0,0,,1116.0,,,4.0,350.0,14.0,111.0,218.0,4.0,5.0,12.0,176.0,97.0,64.0,,,375.0,28.0,277.0,18.0,76.0,94.0,19.0,100.0,,,51.0,11.0,,16.0,613.0,18.0,18.0,,100.0,106.0,40.0,10.0,45.0,22.0,15.0,,,7.0,132.0,7.0,,,18.0,,,,62.0,64.0,274.0,299.0,32.0,,87.0,38.0,8.0,5.0,1.0,1.0,,,5.0,18.0,22.0,3.0,,10.0,11.0,13.0,25.0,8.0,,7.0,7.0,22.0,8.0,2.0,,7.0,16.0,,3.0,12.0,40.0,,14.0,40.0,,26.0,1.0,1.0,,11.0,15.0,6.0,5.0,4.0,5.0,3.0,,,1.0,,,,1.0,1.0,,,0.0,1.0,4.0,29.0,,2.0,,102.0,36.0,2.0,,30.0,4.0,1.0,4.0
cpl::Football_Player::b0ea2d178d304a30ace558498e189223,Juan Batista,Vancouver,Midfielder,2025,midfielder,14,487,0,0,9,0,3,0,5,7,11,0,0,0,0,72.0,16,2.96,5,0,1,0,0,0,0,0,100.0,50.0,66.67,0.0,0,0,0,0,0,0,0,0,0,0,0,0,0,,487.0,,,,124.0,5.0,20.0,67.0,1.0,,6.0,71.0,26.0,31.0,1.0,,128.0,7.0,88.0,13.0,37.0,36.0,4.0,40.0,,,9.0,3.0,,3.0,213.0,14.0,5.0,,40.0,42.0,11.0,10.0,23.0,3.0,11.0,,,4.0,46.0,2.0,,,14.0,,,,21.0,30.0,87.0,91.0,6.0,,23.0,19.0,3.0,3.0,,,,,3.0,5.0,4.0,,,5.0,2.0,1.0,2.0,,,11.0,6.0,9.0,5.0,,,3.0,2.0,,,4.0,6.0,3.0,6.0,5.0,,2.0,,,,1.0,3.0,1.0,,,,1.0,,,,,,,,,,,0.0,,,11.0,,,,49.0,27.0,2.0,,8.0,,,
cpl::Football_Player::3e29f3a4fcaa401fb6b92e75b6a94f42,M. Piepgrass,Cavalry,Midfielder,2025,midfielder,15,974,0,1,4,1,1,1,15,27,24,0,3,0,0,84.0,9,0.83,0,0,0,0,0,0,0,0,75.0,53.33,56.25,0.0,0,0,0,0,0,0,0,0,0,0,0,0,0,,974.0,,,,491.0,1.0,89.0,196.0,5.0,3.0,23.0,98.0,223.0,58.0,,,500.0,27.0,384.0,9.0,81.0,162.0,3.0,57.0,,,55.0,12.0,,24.0,628.0,15.0,16.0,,89.0,138.0,5.0,10.0,56.0,35.0,24.0,,,9.0,105.0,12.0,,,15.0,,,,42.0,111.0,410.0,419.0,16.0,1.0,49.0,47.0,,10.0,,,,,3.0,20.0,13.0,1.0,,15.0,12.0,8.0,7.0,5.0,1.0,3.0,3.0,4.0,2.0,9.0,,,,,,1.0,,,15.0,,,,1.0,1.0,,,1.0,,,,,,,,,,,,,,,,0.0,,,7.0,,,,60.0,23.0,,,,,,
cpl::Football_Player::aa1db7ded36d4bcfb24c39897b772860,W. Wandje,Valour,Midfielder,2025,midfielder,2,51,0,0,0,0,0,0,1,1,0,0,0,0,0,73.0,2,3.53,0,0,0,0,0,0,0,0,100.0,40.0,0.0,0.0,0,0,0,0,0,0,0,0,0,0,0,0,0,,51.0,,,,22.0,,4.0,6.0,,,1.0,9.0,10.0,5.0,,,22.0,1.0,16.0,2.0,6.0,8.0,,6.0,,,3.0,,,1.0,34.0,2.0,1.0,,5.0,8.0,2.0,10.0,2.0,,,,,,5.0,1.0,,,2.0,,,,3.0,2.0,16.0,16.0,,,3.0,2.0,,,,,,,1.0,1.0,3.0,,,1.0,,2.0,,,3.0,2.0,,,,,,1.0,,,,,1.0,,,,,,,,,,,,,,,,,,,,,,,,,,0.0,,,2.0,,,,5.0,3.0,,,,,,
cpl::Football_Player::468783c9b1c041c987781c4facdee0b1,J. Hartill,Atlético,Midfielder,2025,midfielder,1,3,0,0,0,0,0,0,0,0,0,0,0,0,0,67.0,0,0.0,0,0,0,0,0,0,0,0,0.0,50.0,50.0,0.0,0,0,0,0,0,0,0,0,0,0,0,0,0,,3.0,,,,3.0,,1.0,2.0,,,,1.0,,1.0,,,3.0,,2.0,,1.0,,,,,,1.0,,,1.0,3.0,1.0,,,,2.0,,10.0,1.0,,,,,1.0,2.0,,,,1.0,,,,,,2.0,2.0,2.0,,1.0,,,,,,,,,,,,,,,,1.0,,,1.0,,,,,,,,,,,,,,,,,,,,,,,,,,,,,,,,,,,,,0.0,,,,,,,,,,,,,,
cpl::Football_Player::178b7fd6fe544d09bebc9697cde5b731,A. Umanzor,Inter Toronto,Midfielder,2025,midfielder,1,4,0,0,0,0,0,0,0,1,0,0,1,0,0,,0,0.0,0,0,0,0,0,0,0,0,0.0,0.0,0.0,0.0,0,0,0,0,0,0,0,0,0,0,0,0,0,,4.0,,,,,,,,,1.0,,1.0,,,,,,1.0,,,,,,,,,,,,,1.0,1.0,1.0,,2.0,,,10.0,,,,,,,3.0,,,,1.0,,,,2.0,,,,1.0,,3.0,,,,,,,,,,,,,,,,1.0,,,1.0,,,,,,,,,,,,,,,,,,,,,,,,,,,,,,,,,,,,,0.0,,,1.0,,,,,,,,,,,
cpl::Football_Player::b0fedc30eb604eb788bae2badfa4fe2b,K. Froese,Valour,Midfielder,2025,midfielder,14,957,3,4,15,7,9,4,5,14,8,3,3,0,0,82.0,22,2.07,0,0,0,0,0,0,0,0,62.5,44.3,55.56,16.67,0,0,0,0,0,0,0,0,0,0,0,0,0,,957.0,,,,321.0,3.0,89.0,180.0,,3.0,8.0,113.0,88.0,54.0,2.0,,329.0,14.0,257.0,21.0,62.0,59.0,10.0,60.0,,,39.0,13.0,,7.0,476.0,14.0,9.0,,70.0,110.0,40.0,10.0,35.0,10.0,8.0,,,5.0,79.0,2.0,,,14.0,,,,40.0,71.0,259.0,267.0,9.0,,44.0,30.0,1.0,13.0,,,,,14.0,8.0,18.0,,,5.0,5.0,5.0,4.0,3.0,4.0,1.0,6.0,15.0,6.0,2.0,,5.0,1.0,,1.0,10.0,5.0,3.0,8.0,,,,3.0,4.0,3.0,,9.0,1.0,3.0,3.0,2.0,,,1.0,,,,,,,,,1.0,2.0,1.0,22.0,,2.0,,124.0,74.0,3.0,,94.0,1.0,2.0,3.0
cpl::Football_Player::9b7094aee7c641cbac9d8be17145e9af,Michel,Vancouver,Midfielder,2025,midfielder,13,580,0,0,2,0,0,0,10,9,11,0,1,0,0,87.0,15,2.33,1,0,1,0,0,0,0,0,71.43,52.05,50.0,0.0,0,0,0,0,0,0,0,0,0,0,0,0,0,,580.0,,,,272.0,,33.0,145.0,,1.0,5.0,66.0,101.0,33.0,,,283.0,9.0,230.0,13.0,38.0,97.0,4.0,31.0,,,36.0,5.0,,10.0,368.0,13.0,8.0,,67.0,87.0,5.0,10.0,38.0,15.0,11.0,,,3.0,73.0,1.0,,,13.0,,,,32.0,66.0,236.0,245.0,6.0,,35.0,35.0,2.0,3.0,,,,,10.0,14.0,11.0,,,10.0,7.0,5.0,3.0,4.0,,8.0,2.0,2.0,1.0,,,,1.0,,,1.0,3.0,,1.0,1.0,,1.0,,,,,,,,,,1.0,,,,,,,,,,,0.0,,,15.0,,,,101.0,59.0,1.0,,18.0,,,
cpl::Football_Player::b0f2bab1e3bd4880a057607ae79ef51c,A. Ouattara,Vancouver,Midfielder,2025,midfielder,7,306,0,1,5,1,0,1,4,7,5,0,3,0,0,81.0,4,1.18,0,0,0,0,0,0,0,0,44.44,52.08,57.14,0.0,0,0,0,0,0,0,0,0,0,0,0,0,0,,306.0,,,3.0,124.0,,19.0,52.0,1.0,3.0,5.0,36.0,50.0,19.0,,,126.0,7.0,95.0,2.0,24.0,43.0,2.0,20.0,,,13.0,4.0,,4.0,183.0,7.0,7.0,,34.0,37.0,5.0,10.0,25.0,7.0,5.0,,,8.0,48.0,3.0,,,7.0,,,,17.0,27.0,100.0,102.0,14.0,,23.0,17.0,2.0,3.0,,,,,3.0,9.0,5.0,,,4.0,6.0,2.0,6.0,5.0,,3.0,5.0,5.0,,1.0,,,,,,1.0,,,2.0,,,,1.0,1.0,,,,,,,,,,,,,,,,,,,0.0,,,7.0,,1.0,,41.0,16.0,1.0,,35.0,,,
cpl::Football_Player::0525cb3281384e73b36ee21ac71810c5,L. López,Inter Toronto,Midfielder,2025,midfielder,11,779,3,0,9,3,4,0,9,5,9,2,3,0,0,89.0,11,1.27,25,0,1,0,0,0,0,0,69.23,41.79,20.0,3.12,0,0,0,0,0,0,0,0,0,0,0,0,0,,779.0,,,,489.0,5.0,73.0,305.0,2.0,3.0,15.0,116.0,161.0,44.0,2.0,,518.0,5.0,431.0,11.0,59.0,140.0,19.0,79.0,,,33.0,9.0,,4.0,653.0,11.0,4.0,,62.0,145.0,6.0,10.0,28.0,28.0,9.0,,,1.0,67.0,5.0,,,11.0,,,,35.0,160.0,435.0,459.0,5.0,1.0,39.0,27.0,,7.0,,,,,5.0,13.0,6.0,,,9.0,4.0,5.0,4.0,4.0,4.0,2.0,5.0,9.0,2.0,1.0,,6.0,7.0,,1.0,7.0,24.0,5.0,16.0,25.0,,12.0,,,2.0,7.0,4.0,4.0,3.0,3.0,2.0,1.0,,1.0,,,,1.0,,,,,2.0,3.0,0.0,13.0,,1.0,,165.0,88.0,1.0,,80.0,1.0,,2.0
cpl::Football_Player::82ff8e880ba54f74a34fe1f8165f3b46,Matthew Baldisimo,Pacific,Midfielder,2025,midfielder,11,836,0,0,1,0,0,0,11,6,2,0,1,0,0,87.0,24,2.58,0,0,0,0,0,0,0,0,61.11,66.67,66.67,0.0,0,0,0,0,0,0,0,0,0,0,0,0,0,,836.0,6.0,,3.0,452.0,2.0,35.0,91.0,15.0,1.0,40.0,71.0,327.0,27.0,2.0,,485.0,6.0,391.0,23.0,67.0,114.0,,44.0,,,24.0,10.0,,24.0,578.0,11.0,1.0,,30.0,184.0,2.0,10.0,26.0,27.0,2.0,,,6.0,39.0,34.0,,,11.0,,,1.0,10.0,152.0,386.0,418.0,9.0,,13.0,20.0,1.0,1.0,,,,,,18.0,11.0,,,11.0,7.0,8.0,3.0,7.0,2.0,1.0,1.0,1.0,,6.0,,1.0,,,,1.0,1.0,3.0,,,,,,,,,,,,,,,,,,,,,,,,,0.0,,,1.0,7.0,,,81.0,40.0,,,4.0,,,
cpl::Football_Player::5e3618d3335b4f5b8d239395023ae296,R. Juhmi,Pacific,Midfielder,2025,midfielder,10,701,0,1,2,1,1,1,19,19,7,0,4,0,0,86.0,18,2.31,0,0,0,0,0,0,0,0,61.29,53.76,61.54,0.0,0,0,0,0,0,0,0,0,0,0,0,0,0,,701.0,,,,353.0,,62.0,123.0,6.0,4.0,19.0,73.0,193.0,33.0,2.0,,368.0,19.0,305.0,17.0,52.0,98.0,1.0,38.0,,,36.0,8.0,,16.0,478.0,10.0,13.0,,80.0,106.0,,10.0,50.0,11.0,7.0,,,8.0,93.0,9.0,,,10.0,,,,38.0,102.0,301.0,316.0,13.0,,43.0,42.0,1.0,7.0,,,,,4.0,31.0,10.0,,,19.0,9.0,5.0,5.0,12.0,1.0,2.0,1.0,2.0,,3.0,,2.0,,,,3.0,2.0,1.0,4.0,,,,1.0,1.0,,,1.0,,,,,,,,,,,,,,,,0.0,,,11.0,,,,66.0,28.0,1.0,,27.0,,,
cpl::Football_Player::45331ec5d96b40fc917dd8c77336b5bb,Jessé Costa,Inter Toronto,Midfielder,2025,midfielder,5,75,0,0,1,0,1,0,0,4,1,0,2,0,0,75.0,1,1.2,1,0,0,0,0,0,0,0,0.0,12.5,0.0,0.0,0,0,0,0,0,0,0,0,0,0,0,0,0,,75.0,,,,36.0,2.0,11.0,13.0,,2.0,2.0,14.0,15.0,7.0,,,36.0,4.0,25.0,1.0,9.0,6.0,2.0,9.0,,,3.0,,,2.0,46.0,5.0,1.0,,6.0,12.0,2.0,10.0,1.0,2.0,1.0,,,,8.0,,,,5.0,,,,5.0,7.0,27.0,27.0,2.0,,7.0,1.0,,,,,,,,,3.0,,,,,,2.0,,,5.0,,1.0,1.0,,,1.0,1.0,,,,2.0,,1.0,1.0,,,,,,1.0,1.0,,,,,,,,,,,,,,,,0.0,,,1.0,,,,9.0,5.0,,,7.0,,,
cpl::Football_Player::e8768ad114d74ff98efac31e2ba6d402,H. Paton,Forge,Midfielder,2025,midfielder,6,115,0,1,1,1,1,1,1,0,3,0,0,0,0,83.0,1,0.78,0,0,0,0,0,0,0,0,50.0,66.67,66.67,16.67,0,0,0,0,0,0,0,0,0,0,0,0,0,,115.0,,,,62.0,1.0,11.0,42.0,,,1.0,21.0,10.0,10.0,,,62.0,,48.0,1.0,11.0,12.0,1.0,13.0,,,7.0,,,3.0,91.0,6.0,,,9.0,23.0,7.0,10.0,8.0,3.0,3.0,,,2.0,12.0,1.0,,,6.0,,,,3.0,16.0,51.0,51.0,3.0,,4.0,6.0,,,,,,,1.0,2.0,6.0,,,1.0,,3.0,1.0,1.0,2.0,6.0,,1.0,2.0,,,5.0,1.0,,1.0,,5.0,,4.0,,,,1.0,1.0,,,1.0,,,,,,,,,,,,,,,,0.0,,,1.0,,,,21.0,10.0,1.0,,43.0,,,
cpl::Football_Player::88ac022bf06149f1be2ce2ab7f3c087c,Z. Verhoven,Vancouver,Midfielder,2025,midfielder,2,41,0,0,1,0,0,0,1,1,0,0,0,0,0,59.0,0,0.0,0,0,0,0,0,0,0,0,100.0,18.18,0.0,0.0,0,0,0,0,0,0,0,0,0,0,0,0,0,,41.0,,,,12.0,,2.0,4.0,,,,11.0,3.0,5.0,,,12.0,1.0,7.0,,5.0,1.0,1.0,4.0,,,2.0,,,2.0,23.0,2.0,1.0,,10.0,3.0,2.0,10.0,2.0,,,,,,11.0,1.0,,,2.0,,,,8.0,6.0,7.0,7.0,1.0,,9.0,2.0,,,,,,,1.0,1.0,1.0,,,1.0,,,1.0,,,2.0,1.0,1.0,,,,1.0,,,,2.0,1.0,,,,,,,,,,,,,,,,,,,,,,,,,,0.0,,,3.0,,,,6.0,3.0,,,13.0,,,
cpl::Football_Player::43059b02bd294234aae2d3c8a806f9b7,L. Juričić,Wanderers,Midfielder,2025,midfielder,0,0,0,0,0,0,0,0,0,0,0,0,0,0,0,,0,,0,0,0,0,0,0,0,0,0.0,0.0,0.0,0.0,0,0,0,0,0,0,0,0,0,0,0,0,0,,,,,,,,,,,,,,,,,,,,,,,,,,,,,,,,,,,,,,,,,,,,,,,,,,,,,,,,,,,,,,,,,,,,,,,,,,,,,,,,,,,,,,,,,,,,,,,,,,,,,,,,,,,,,,,,,,,,,,,,,,,,,,,,,,
cpl::Football_Player::c3af4ebd8c0846c096482cc3c95b4e78,C. Elva,Cavalry,Forward,2025,forward,21,725,4,4,29,8,12,4,4,12,8,1,0,0,0,75.0,10,1.24,0,0,2,1,0,0,0,0,100.0,58.59,66.67,25.0,0,0,0,0,0,0,0,0,0,0,0,0,0,,725.0,,,2.0,234.0,2.0,53.0,122.0,4.0,,7.0,100.0,60.0,54.0,1.0,,242.0,12.0,173.0,9.0,61.0,72.0,20.0,51.0,,,26.0,5.0,,13.0,370.0,21.0,5.0,,42.0,69.0,52.0,10.0,58.0,8.0,8.0,,,38.0,99.0,12.0,,,21.0,,,,22.0,48.0,174.0,181.0,57.0,1.0,41.0,20.0,1.0,3.0,,,,,8.0,4.0,13.0,1.0,,4.0,2.0,4.0,19.0,,,16.0,17.0,29.0,4.0,,,3.0,1.0,,1.0,2.0,3.0,2.0,13.0,,,,2.0,4.0,1.0,,12.0,,4.0,3.0,3.0,1.0,,1.0,1.0,1.0,,,1.0,,,,0.0,2.0,2.0,10.0,,1.0,,68.0,28.0,4.0,,98.0,3.0,7.0,4.0
cpl::Football_Player::0b3c2dfa6c324a4f9203996ab6e6181b,J. Herdman,Vancouver,Forward,2025,forward,17,650,0,2,5,2,2,2,9,7,17,3,1,0,0,78.0,11,1.52,3,0,0,0,0,0,0,0,47.37,48.96,40.0,20.0,0,0,0,0,0,0,0,0,0,0,0,0,0,,650.0,,,,167.0,5.0,39.0,67.0,2.0,1.0,4.0,97.0,69.0,34.0,1.0,,169.0,7.0,120.0,10.0,38.0,71.0,4.0,36.0,,,27.0,8.0,,12.0,324.0,17.0,5.0,,86.0,51.0,16.0,10.0,47.0,11.0,17.0,,,4.0,96.0,9.0,,,17.0,,,,43.0,8.0,131.0,131.0,10.0,,49.0,43.0,1.0,7.0,,,,,7.0,19.0,12.0,,,9.0,2.0,7.0,6.0,10.0,9.0,9.0,3.0,5.0,2.0,2.0,,7.0,5.0,1.0,3.0,11.0,10.0,2.0,4.0,3.0,,1.0,1.0,2.0,3.0,2.0,2.0,,,,,,,,,,,,,,,,0.0,,,24.0,,1.0,,83.0,44.0,2.0,,9.0,,1.0,
cpl::Football_Player::5689e826363240e892378a5cd52e5101,N. Wähling,Cavalry,Forward,2025,forward,24,755,1,1,8,2,3,1,6,11,8,4,0,0,0,76.0,9,1.07,1,0,0,0,0,0,0,0,66.67,44.32,46.67,35.48,0,0,0,0,0,0,0,0,0,0,0,0,0,,755.0,,,1.0,225.0,7.0,58.0,124.0,3.0,,5.0,120.0,60.0,52.0,1.0,,229.0,11.0,162.0,8.0,57.0,27.0,12.0,60.0,,,30.0,6.0,,17.0,410.0,24.0,2.0,,58.0,79.0,23.0,10.0,39.0,10.0,8.0,,,14.0,88.0,15.0,,,24.0,,,,33.0,65.0,169.0,172.0,30.0,1.0,49.0,25.0,1.0,5.0,,,,,8.0,9.0,18.0,,,6.0,4.0,5.0,16.0,3.0,24.0,18.0,5.0,8.0,4.0,2.0,,19.0,12.0,,11.0,9.0,20.0,1.0,3.0,1.0,,1.0,1.0,1.0,4.0,,3.0,3.0,1.0,1.0,,2.0,,1.0,,,,1.0,,,,,0.0,1.0,0.0,19.0,,,,80.0,46.0,2.0,,17.0,,,
cpl::Football_Player::2d8cec65b1bb4b20872a91ac73584d29,A. Musse,Cavalry,Forward,2025,forward,26,2128,10,7,58,17,25,7,14,30,44,6,3,1,0,80.0,28,1.18,56,0,2,1,1,0,0,0,66.67,42.31,55.0,15.18,0,0,0,0,0,0,0,0,0,0,0,0,0,,2128.0,,1.0,2.0,592.0,23.0,181.0,415.0,6.0,3.0,15.0,354.0,118.0,111.0,1.0,,619.0,30.0,479.0,26.0,126.0,76.0,41.0,177.0,,,86.0,24.0,,27.0,1148.0,26.0,18.0,,220.0,141.0,92.0,10.0,110.0,14.0,44.0,,,22.0,260.0,9.0,,,26.0,,,,132.0,221.0,469.0,493.0,40.0,1.0,150.0,88.0,2.0,15.0,1.0,1.0,,,23.0,21.0,28.0,,,14.0,20.0,17.0,18.0,7.0,5.0,2.0,33.0,58.0,15.0,2.0,,35.0,40.0,,17.0,48.0,78.0,3.0,27.0,56.0,,29.0,6.0,7.0,6.0,17.0,25.0,10.0,10.0,2.0,7.0,2.0,,3.0,8.0,2.0,,1.0,1.0,1.0,,,3.0,6.0,4.0,84.0,,7.0,,242.0,144.0,7.0,,184.0,8.0,11.0,8.0
cpl::Football_Player::4677d430ee38453e9a424d4e8c1cc96b,T. Borges,Forge,Forward,2025,forward,23,1235,4,3,23,7,11,3,18,20,23,8,2,0,0,80.0,12,0.87,37,0,0,0,0,0,0,0,81.82,46.05,35.29,10.34,0,0,0,0,0,0,0,0,0,0,0,0,0,,1235.0,,1.0,1.0,429.0,13.0,145.0,276.0,4.0,2.0,11.0,199.0,95.0,79.0,2.0,,442.0,20.0,322.0,9.0,90.0,57.0,23.0,117.0,,,57.0,16.0,,15.0,709.0,23.0,17.0,,135.0,102.0,65.0,10.0,70.0,30.0,23.0,,,6.0,152.0,3.0,,,23.0,,,,71.0,138.0,340.0,352.0,17.0,,82.0,64.0,3.0,16.0,,,,,20.0,22.0,27.0,,,18.0,9.0,10.0,11.0,4.0,3.0,7.0,12.0,23.0,6.0,1.0,,19.0,19.0,,6.0,16.0,42.0,4.0,13.0,37.0,,17.0,3.0,3.0,8.0,10.0,11.0,4.0,4.0,1.0,3.0,1.0,,1.0,3.0,,,,,,,,1.0,2.0,2.0,35.0,,1.0,,130.0,55.0,11.0,,158.0,3.0,2.0,4.0
cpl::Football_Player::c39cf7fa836f436d961ce8dbbf72dc90,N. Ampomah,Forge,Forward,2025,forward,21,1416,6,3,35,9,14,3,25,40,23,20,11,0,0,75.0,14,0.89,0,0,1,0,0,0,0,0,71.43,43.7,20.0,21.05,0,0,0,0,0,0,0,0,0,0,0,0,0,,1416.0,,,,508.0,16.0,108.0,301.0,,11.0,11.0,308.0,90.0,118.0,,,508.0,40.0,357.0,12.0,129.0,39.0,22.0,156.0,,,76.0,17.0,,18.0,899.0,21.0,25.0,,228.0,140.0,100.0,10.0,104.0,22.0,23.0,,,2.0,238.0,5.0,,,21.0,,,,126.0,221.0,379.0,379.0,10.0,1.0,134.0,102.0,2.0,14.0,,,,,44.0,35.0,38.0,1.0,,25.0,4.0,11.0,8.0,10.0,10.0,4.0,21.0,35.0,8.0,,,45.0,12.0,,12.0,45.0,45.0,5.0,8.0,,,,3.0,3.0,20.0,,14.0,,6.0,3.0,6.0,,1.0,,2.0,3.0,,,,,,,0.0,4.0,2.0,74.0,,6.0,,228.0,110.0,13.0,,84.0,5.0,5.0,5.0
cpl::Football_Player::99a91175ff8e476ca86125ecab87f00b,Mo Babouli,Forge,Forward,2025,forward,26,1699,4,2,23,6,9,2,13,19,20,10,1,0,0,82.0,15,0.79,17,0,2,0,0,0,0,0,52.0,39.31,25.0,9.76,0,0,0,0,0,0,0,0,0,0,0,0,0,,1699.0,,,,561.0,12.0,148.0,309.0,12.0,1.0,25.0,242.0,170.0,81.0,2.0,,578.0,19.0,432.0,12.0,106.0,149.0,20.0,118.0,,,83.0,19.0,,22.0,869.0,26.0,10.0,,161.0,148.0,56.0,10.0,68.0,40.0,20.0,,,3.0,173.0,5.0,,,26.0,,,,96.0,133.0,455.0,472.0,12.0,4.0,105.0,65.0,3.0,10.0,,,,,20.0,25.0,22.0,,,13.0,3.0,8.0,9.0,12.0,9.0,7.0,14.0,23.0,8.0,1.0,,24.0,7.0,1.0,4.0,18.0,34.0,4.0,22.0,17.0,,6.0,2.0,2.0,10.0,3.0,9.0,3.0,4.0,2.0,4.0,,2.0,,,,1.0,,,,,,3.0,3.0,1.0,55.0,,6.0,,219.0,94.0,9.0,,63.0,3.0,3.0,4.0
cpl::Football_Player::2989b90b079449a0916022698aecc47b,B. Badibanga,Forge,Forward,2025,forward,0,0,0,0,0,0,0,0,0,0,0,0,0,0,0,,0,,0,0,0,0,0,0,0,0,0.0,0.0,0.0,0.0,0,0,0,0,0,0,0,0,0,0,0,0,0,,,,,,,,,,,0.0,,,,,,,,,,,,,,,,,,,,,,,,,,,,,,,,,,,,,,,0.0,,,,,,,,,,,,,0.0,0.0,0.0,,,,,,,,,,,,,,0.0,,,,,,,,,,,,,,,0.0,,,,,,,,0.0,,,,,,,,,,,,,,,,,,,,,,,,,,,,
cpl::Football_Player::31115f5131a74426969fd8573af2d8b9,B. Wright,Forge,Forward,2025,forward,28,1962,12,0,44,12,24,0,8,24,17,24,4,0,0,71.0,19,0.87,0,0,3,3,3,0,0,0,47.06,44.83,53.06,50.0,0,0,0,0,0,0,0,0,0,0,0,0,0,,1962.0,,,,151.0,11.0,87.0,66.0,2.0,4.0,3.0,137.0,71.0,55.0,1.0,,194.0,24.0,132.0,15.0,58.0,54.0,7.0,50.0,,,27.0,25.0,,9.0,413.0,28.0,9.0,,96.0,17.0,107.0,10.0,65.0,4.0,17.0,,,26.0,145.0,9.0,,,28.0,,,,57.0,36.0,93.0,136.0,49.0,1.0,80.0,39.0,4.0,22.0,,,,,5.0,17.0,12.0,,,8.0,4.0,9.0,23.0,9.0,,3.0,20.0,44.0,7.0,2.0,,1.0,1.0,2.0,1.0,8.0,1.0,1.0,7.0,,,,,,24.0,,24.0,,12.0,11.0,12.0,8.0,1.0,,,,,,3.0,3.0,,,2.0,7.0,5.0,28.0,,2.0,,64.0,39.0,1.0,,40.0,11.0,19.0,9.0
cpl::Football_Player::04cd976c461148d79ab8cafc0bf69c62,D. Choinière,Forge,Forward,2025,forward,24,1228,3,4,21,7,13,4,11,18,16,4,1,0,0,86.0,12,0.88,3,0,1,0,0,0,0,0,84.62,31.16,14.29,23.33,0,0,0,0,0,0,0,0,0,0,0,0,0,,1228.0,,,,499.0,10.0,176.0,302.0,3.0,1.0,9.0,182.0,136.0,63.0,2.0,,503.0,18.0,403.0,9.0,72.0,84.0,13.0,84.0,,,60.0,13.0,,11.0,747.0,24.0,11.0,,131.0,102.0,54.0,10.0,43.0,28.0,16.0,,,1.0,138.0,3.0,,,24.0,,,,89.0,141.0,427.0,431.0,7.0,2.0,95.0,42.0,3.0,10.0,,,,,13.0,13.0,24.0,1.0,,11.0,3.0,12.0,6.0,2.0,5.0,11.0,8.0,21.0,3.0,2.0,2.0,22.0,7.0,,7.0,28.0,23.0,1.0,10.0,3.0,,1.0,3.0,4.0,4.0,,13.0,,3.0,1.0,3.0,1.0,,,2.0,,,,,,,,0.0,3.0,0.0,52.0,,4.0,,213.0,99.0,3.0,,173.0,2.0,5.0,3.0
cpl::Football_Player::6b48ced0357d4fd4a50e8ba77b6784d8,T. Warschewski,Cavalry,Forward,2025,forward,30,2575,11,5,61,16,33,5,27,30,85,6,3,0,0,82.0,35,1.22,11,0,1,3,2,0,0,0,72.97,46.83,43.0,14.29,0,0,0,0,0,0,0,0,0,0,0,0,0,,2575.0,,,1.0,657.0,22.0,166.0,448.0,4.0,3.0,18.0,451.0,112.0,106.0,2.0,,674.0,30.0,511.0,31.0,124.0,206.0,39.0,151.0,,,89.0,29.0,,12.0,1424.0,30.0,18.0,,389.0,178.0,161.0,10.0,229.0,39.0,85.0,,,43.0,489.0,8.0,,,30.0,,,,203.0,124.0,534.0,550.0,100.0,3.0,260.0,186.0,4.0,12.0,,,,,65.0,37.0,46.0,6.0,,27.0,6.0,24.0,57.0,10.0,3.0,1.0,28.0,61.0,29.0,3.0,,29.0,10.0,,7.0,57.0,39.0,2.0,20.0,11.0,,7.0,3.0,5.0,6.0,3.0,33.0,7.0,11.0,11.0,6.0,1.0,,5.0,,,,,3.0,2.0,,,3.0,8.0,3.0,165.0,,4.0,,384.0,160.0,7.0,,204.0,4.0,7.0,8.0
cpl::Football_Player::1e2de1b3d9654cbe87321fe6e1f3837b,C. Chanda,Cavalry,Forward,2025,forward,2,21,0,0,0,0,0,0,0,1,0,0,0,0,0,86.0,0,0.0,0,0,0,0,0,0,0,0,0.0,0.0,0.0,0.0,0,0,0,0,0,0,0,0,0,0,0,0,0,,21.0,,,,7.0,,3.0,5.0,,,,3.0,1.0,1.0,,,7.0,1.0,5.0,,1.0,,,1.0,,,,,,1.0,12.0,2.0,1.0,,2.0,,,10.0,,1.0,,,,,2.0,2.0,,,2.0,,,,2.0,4.0,6.0,6.0,,,2.0,,,,,,,,,,,,,,,,,,1.0,2.0,,,,,,1.0,,,,,1.0,,,,,,,,,,,,,,,,,,,,,,,,,,0.0,,,1.0,,,,,,,,,,,
cpl::Football_Player::0f153dc7081442a3bc20cd568ca71e39,W. Timóteo,Wanderers,Forward,2025,forward,28,1982,1,5,18,6,6,5,43,30,17,1,5,0,0,80.0,32,1.45,51,0,1,0,0,0,0,0,75.44,44.34,38.71,10.83,0,0,0,0,0,0,0,0,0,0,0,0,0,,1982.0,,2.0,6.0,781.0,15.0,198.0,402.0,24.0,5.0,52.0,328.0,285.0,111.0,3.0,,813.0,30.0,618.0,29.0,163.0,250.0,33.0,205.0,,,90.0,21.0,,46.0,1420.0,28.0,20.0,,181.0,282.0,32.0,10.0,94.0,32.0,17.0,,,12.0,212.0,56.0,,,28.0,,,,99.0,83.0,622.0,650.0,31.0,6.0,118.0,82.0,3.0,4.0,,,,,8.0,57.0,57.0,1.0,,43.0,19.0,30.0,19.0,14.0,133.0,7.0,12.0,18.0,5.0,8.0,,54.0,37.0,20.0,13.0,23.0,88.0,3.0,5.0,51.0,,28.0,5.0,5.0,1.0,19.0,6.0,1.0,1.0,1.0,,1.0,,1.0,,,,,,,,,0.0,1.0,0.0,33.0,,1.0,,208.0,117.0,12.0,,82.0,,1.0,
cpl::Football_Player::b940ad457329419389bb304e2399a9ae,J. Bahamboula,Wanderers,Forward,2025,forward,22,1164,3,2,22,5,8,2,9,18,27,8,3,0,0,79.0,13,1.01,0,0,1,1,1,0,0,0,40.91,44.86,39.58,15.22,0,0,0,0,0,0,0,0,0,0,0,0,0,,1164.0,,,1.0,225.0,28.0,95.0,135.0,2.0,3.0,2.0,198.0,51.0,47.0,2.0,,228.0,18.0,176.0,12.0,49.0,16.0,12.0,81.0,,,52.0,12.0,,7.0,537.0,22.0,8.0,,137.0,52.0,83.0,10.0,83.0,3.0,27.0,,,19.0,185.0,7.0,,,22.0,,,,73.0,65.0,176.0,179.0,48.0,,102.0,64.0,1.0,10.0,,,,,15.0,22.0,33.0,,,9.0,6.0,11.0,29.0,13.0,8.0,10.0,14.0,22.0,9.0,1.0,,39.0,7.0,,7.0,21.0,39.0,,1.0,,,,2.0,2.0,8.0,,8.0,,3.0,2.0,3.0,,,,1.0,1.0,,,1.0,1.0,,,0.0,2.0,1.0,48.0,,5.0,,131.0,82.0,2.0,,,3.0,4.0,2.0
cpl::Football_Player::982a96a792e04404805090a131cb95df,T. Campbell,Vancouver,Forward,2025,forward,23,1347,3,2,20,5,10,2,10,9,9,1,1,0,0,77.0,25,1.67,0,0,0,0,0,0,0,0,71.43,36.45,25.93,30.0,0,0,0,0,0,0,0,0,0,0,0,0,0,,1347.0,,,,273.0,4.0,89.0,146.0,5.0,1.0,7.0,131.0,71.0,58.0,1.0,,279.0,9.0,206.0,21.0,65.0,33.0,8.0,56.0,,,49.0,16.0,,16.0,469.0,23.0,,,80.0,61.0,42.0,10.0,39.0,8.0,9.0,,,7.0,107.0,13.0,,,23.0,,,,48.0,96.0,208.0,214.0,27.0,,68.0,32.0,4.0,15.0,,,,,9.0,14.0,22.0,,,10.0,7.0,12.0,20.0,4.0,3.0,7.0,10.0,20.0,3.0,2.0,,7.0,3.0,,3.0,13.0,7.0,1.0,13.0,,,,2.0,2.0,1.0,,10.0,,3.0,,2.0,3.0,,1.0,3.0,,,,,,,,0.0,2.0,1.0,30.0,,3.0,,81.0,39.0,1.0,,42.0,1.0,5.0,2.0
cpl::Football_Player::893b596feacd4aa3a30c402af4ff1814,Y. Baï,Wanderers,Forward,2025,forward,28,968,3,0,16,3,7,0,13,20,24,5,6,0,0,79.0,15,1.39,0,0,1,0,0,0,0,0,56.52,47.97,46.15,20.59,0,0,0,0,0,0,0,0,0,0,0,0,0,,968.0,,,1.0,332.0,7.0,86.0,192.0,2.0,6.0,6.0,170.0,79.0,66.0,1.0,,336.0,20.0,254.0,14.0,72.0,38.0,8.0,81.0,,,39.0,10.0,,18.0,585.0,28.0,8.0,,135.0,75.0,42.0,10.0,71.0,10.0,24.0,,,6.0,148.0,4.0,,,28.0,,,,70.0,137.0,260.0,264.0,13.0,,77.0,65.0,1.0,10.0,,,,,19.0,23.0,21.0,,,13.0,14.0,4.0,7.0,10.0,13.0,18.0,9.0,16.0,3.0,,,27.0,7.0,2.0,7.0,28.0,27.0,2.0,10.0,,,,,,5.0,,7.0,,3.0,3.0,3.0,2.0,,,,1.0,,,,,,,0.0,2.0,1.0,43.0,,4.0,,149.0,85.0,1.0,,64.0,3.0,3.0,3.0
cpl::Football_Player::b0c18e549550408c91e0cd9f54969faa,E. Montejano,Pacific,Forward,2025,forward,16,503,1,1,9,2,5,1,1,7,7,2,2,0,0,72.0,11,1.97,0,0,0,0,0,0,0,0,20.0,40.85,43.59,33.33,0,0,0,0,0,0,0,0,0,0,0,0,0,,503.0,,1.0,,63.0,1.0,34.0,32.0,,2.0,1.0,46.0,24.0,21.0,2.0,,77.0,7.0,55.0,8.0,22.0,15.0,6.0,22.0,,,9.0,5.0,,2.0,144.0,16.0,6.0,,32.0,16.0,17.0,10.0,29.0,,7.0,,,17.0,71.0,3.0,,,16.0,,,,20.0,12.0,42.0,55.0,39.0,,42.0,12.0,3.0,4.0,,,,,2.0,5.0,3.0,,,1.0,2.0,2.0,22.0,4.0,,11.0,4.0,9.0,1.0,2.0,,1.0,1.0,,1.0,5.0,2.0,,10.0,,,,,1.0,2.0,,5.0,,1.0,1.0,1.0,,,,,,,,,,,,1.0,1.0,0.0,7.0,,,,18.0,9.0,1.0,,2.0,1.0,2.0,
cpl::Football_Player::1b99b171024743c4a0fb01eeea19478e,D. Zanatta,Pacific,Forward,2025,forward,26,1134,3,2,18,5,11,2,11,30,19,5,4,0,0,79.0,29,2.3,2,0,0,1,1,0,0,0,61.11,35.98,31.82,12.9,0,0,0,0,0,0,0,0,0,0,0,0,0,,1134.0,,,1.0,335.0,10.0,119.0,167.0,6.0,4.0,12.0,166.0,103.0,62.0,5.0,,340.0,30.0,253.0,27.0,74.0,95.0,5.0,85.0,,,28.0,13.0,,16.0,582.0,26.0,13.0,,120.0,85.0,47.0,10.0,59.0,13.0,19.0,,,14.0,164.0,23.0,,,26.0,,,,75.0,41.0,261.0,266.0,44.0,1.0,105.0,45.0,2.0,12.0,,,,,8.0,18.0,31.0,,,11.0,2.0,15.0,30.0,7.0,7.0,13.0,7.0,18.0,3.0,2.0,1.0,27.0,4.0,1.0,4.0,20.0,27.0,1.0,15.0,2.0,,,2.0,2.0,5.0,,11.0,,3.0,2.0,3.0,2.0,,,1.0,1.0,,,1.0,1.0,,,1.0,2.0,1.0,32.0,,1.0,,100.0,56.0,2.0,,66.0,3.0,4.0,1.0
cpl::Football_Player::db08922169dd4965b34c10fd27536050,C. Vasconcelos,Wanderers,Forward,2025,forward,2,18,0,0,0,0,0,0,0,0,0,0,0,0,0,92.0,1,5.0,0,0,0,0,0,0,0,0,0.0,100.0,100.0,0.0,0,0,0,0,0,0,0,0,0,0,0,0,0,,18.0,,,,11.0,1.0,4.0,6.0,,,,2.0,5.0,1.0,,,12.0,,11.0,1.0,1.0,3.0,,,,,2.0,,,1.0,17.0,2.0,,,,3.0,2.0,10.0,1.0,,,,,1.0,1.0,2.0,,,2.0,,,,,2.0,10.0,11.0,1.0,,,,,,,,,,,,,,,,,,,,,2.0,,,2.0,,,,,,,,,,,,,,,,,,,,,,,,,,,,,,,,,,0.0,,,,,,,6.0,3.0,,,6.0,,,
cpl::Football_Player::91a915f684dc4b769c0cf45719f2a87e,M. Bustos,Pacific,Forward,2025,forward,26,1944,2,4,29,6,10,4,19,26,36,1,4,0,0,86.0,38,1.76,84,0,2,0,0,0,0,0,55.88,51.61,42.86,9.92,0,0,0,0,0,0,0,0,0,0,0,0,0,,1944.0,,,,742.0,22.0,265.0,475.0,3.0,4.0,20.0,316.0,264.0,95.0,5.0,,808.0,26.0,664.0,34.0,115.0,104.0,43.0,184.0,,,99.0,22.0,,22.0,1280.0,26.0,14.0,,203.0,192.0,58.0,10.0,112.0,29.0,36.0,,,6.0,217.0,5.0,,,26.0,,,,97.0,247.0,636.0,693.0,14.0,1.0,105.0,106.0,4.0,12.0,,,,,36.0,34.0,29.0,2.0,,19.0,6.0,11.0,8.0,15.0,23.0,4.0,19.0,29.0,8.0,,,30.0,46.0,2.0,13.0,33.0,91.0,1.0,27.0,84.0,,39.0,4.0,4.0,1.0,27.0,10.0,1.0,2.0,,2.0,2.0,,,2.0,2.0,,,,,,,0.0,1.0,1.0,62.0,,1.0,,302.0,157.0,5.0,,123.0,2.0,5.0,2.0
cpl::Football_Player::e9cd44c2190e4d57b7fec90bf7892145,T. Ciccarelli,Wanderers,Forward,2025,forward,3,9,0,0,1,0,1,0,0,0,0,1,0,0,0,75.0,0,0.0,0,0,0,0,0,0,0,0,0.0,0.0,0.0,0.0,0,0,0,0,0,0,0,0,0,0,0,0,0,,9.0,,,,4.0,,,,1.0,,1.0,3.0,3.0,,,,4.0,,3.0,,1.0,2.0,,1.0,,,2.0,,,,8.0,3.0,,,2.0,1.0,2.0,10.0,,,,,,,2.0,1.0,,,3.0,,,,2.0,1.0,3.0,3.0,,,2.0,,,,,,,,,,,,,,,,,,,3.0,,1.0,,,,,,,,,,,,,,,,,1.0,,1.0,,,,,,,,,,,,,,,,0.0,,,2.0,,,,3.0,1.0,,,2.0,,,
cpl::Football_Player::c7f62c1be1924bb08ef13e489cf704eb,H. Godbout,Vancouver,Forward,2025,forward,16,588,1,0,9,1,3,0,10,3,13,5,1,0,0,75.0,17,2.6,0,0,0,0,0,0,0,0,71.43,54.43,55.0,0.0,0,0,0,0,0,0,0,0,0,0,0,0,0,,588.0,,,1.0,162.0,4.0,55.0,86.0,6.0,1.0,8.0,81.0,35.0,33.0,1.0,,162.0,3.0,120.0,14.0,41.0,29.0,4.0,39.0,,,27.0,5.0,,5.0,279.0,16.0,3.0,,59.0,40.0,36.0,10.0,43.0,1.0,13.0,,,11.0,79.0,3.0,,,16.0,,,,27.0,38.0,121.0,121.0,20.0,,36.0,32.0,3.0,4.0,,,,,5.0,14.0,15.0,,,10.0,5.0,8.0,9.0,4.0,3.0,11.0,6.0,9.0,4.0,,,3.0,,,,6.0,3.0,1.0,10.0,,,,,,5.0,,3.0,,1.0,1.0,1.0,,,,,,,,,,,,0.0,0.0,1.0,14.0,,3.0,,58.0,32.0,,,4.0,1.0,2.0,1.0
cpl::Football_Player::df0de20d12274b3d9549323a3547572b,J. Heard,Pacific,Forward,2025,forward,27,1571,1,0,11,1,5,0,5,36,39,6,8,1,0,75.0,34,1.95,0,0,0,0,0,0,0,0,100.0,36.31,13.79,16.28,0,0,0,0,0,0,0,0,0,0,0,0,0,,1571.0,,,1.0,222.0,11.0,87.0,123.0,5.0,8.0,8.0,191.0,63.0,54.0,3.0,,241.0,36.0,167.0,30.0,62.0,65.0,9.0,84.0,,,39.0,18.0,,14.0,498.0,27.0,19.0,,139.0,54.0,51.0,10.0,61.0,12.0,39.0,,,4.0,168.0,6.0,,,27.0,,,,82.0,35.0,160.0,179.0,29.0,,107.0,57.0,4.0,14.0,1.0,,,,13.0,5.0,28.0,1.0,,5.0,4.0,11.0,25.0,,6.0,9.0,6.0,11.0,2.0,,,36.0,7.0,,7.0,15.0,36.0,,9.0,,1.0,,,,6.0,,5.0,,1.0,1.0,1.0,2.0,,,,,,,,,,,0.0,0.0,1.0,44.0,,4.0,,121.0,78.0,1.0,,34.0,1.0,3.0,1.0
cpl::Football_Player::3a40cda943824387943792e6a62fee0f,R. Telfer,Wanderers,Forward,2025,forward,26,1999,3,1,24,4,12,1,11,19,41,7,2,0,0,79.0,27,1.22,1,0,1,0,0,0,0,0,61.11,51.5,53.75,41.67,0,0,0,0,0,0,0,0,0,0,0,0,0,,1999.0,,,1.0,581.0,6.0,162.0,322.0,4.0,2.0,13.0,259.0,163.0,114.0,2.0,,599.0,19.0,459.0,23.0,127.0,152.0,22.0,119.0,,,71.0,23.0,,22.0,980.0,26.0,8.0,,153.0,191.0,69.0,10.0,120.0,13.0,41.0,,,43.0,233.0,17.0,,,26.0,,,,76.0,94.0,454.0,472.0,80.0,3.0,113.0,77.0,4.0,11.0,,,,,20.0,18.0,28.0,1.0,,11.0,15.0,12.0,37.0,7.0,46.0,3.0,12.0,24.0,5.0,3.0,,12.0,13.0,10.0,10.0,21.0,14.0,4.0,22.0,1.0,,1.0,1.0,1.0,7.0,,12.0,1.0,3.0,2.0,1.0,4.0,,2.0,1.0,1.0,,,,,,,2.0,2.0,1.0,51.0,,3.0,,160.0,85.0,2.0,,92.0,2.0,5.0,3.0
cpl::Football_Player::a96eb3025e23467ca33277ae9c86f369,S. Salter,Atlético,Forward,2025,forward,30,2606,20,4,75,24,46,4,16,44,30,7,4,0,0,77.0,27,0.93,0,0,1,0,0,0,0,0,55.17,46.59,52.94,50.0,0,0,0,0,0,0,0,0,0,0,0,0,0,,2606.0,,,,475.0,14.0,190.0,233.0,3.0,4.0,11.0,241.0,180.0,114.0,2.0,,535.0,44.0,396.0,25.0,125.0,125.0,21.0,105.0,,,70.0,30.0,,23.0,916.0,30.0,18.0,,179.0,100.0,139.0,10.0,123.0,14.0,30.0,,,45.0,264.0,24.0,,,30.0,,,,101.0,120.0,350.0,410.0,85.0,5.0,141.0,78.0,2.0,14.0,,,,,20.0,29.0,39.0,6.0,,16.0,7.0,20.0,40.0,13.0,3.0,,29.0,75.0,11.0,3.0,,3.0,3.0,,3.0,20.0,3.0,5.0,22.0,,,,3.0,4.0,7.0,,46.0,,20.0,3.0,20.0,6.0,3.0,,14.0,,1.0,,,,,,6.0,11.0,9.0,50.0,,4.0,,191.0,90.0,4.0,,126.0,20.0,22.0,19.0
cpl::Football_Player::41d0f411d33949359fd8e13884639ba0,B. Tabla,Atlético,Forward,2025,forward,29,2318,11,4,47,15,25,4,15,25,58,3,4,0,0,87.0,21,0.82,0,0,1,6,4,0,0,0,88.24,52.02,38.89,28.57,0,0,0,0,0,0,0,0,0,0,0,0,0,,2318.0,,,2.0,707.0,13.0,232.0,400.0,3.0,4.0,8.0,211.0,214.0,89.0,2.0,,709.0,25.0,597.0,19.0,97.0,173.0,26.0,92.0,,,70.0,28.0,,10.0,1064.0,29.0,9.0,,180.0,160.0,123.0,10.0,103.0,15.0,58.0,,,7.0,198.0,18.0,,,29.0,,,,84.0,144.0,610.0,612.0,18.0,3.0,95.0,96.0,2.0,22.0,,,,,23.0,17.0,24.0,2.0,,15.0,8.0,6.0,11.0,2.0,4.0,1.0,22.0,47.0,16.0,1.0,,5.0,2.0,,2.0,22.0,5.0,3.0,33.0,,,,4.0,4.0,3.0,,25.0,1.0,11.0,11.0,10.0,1.0,,1.0,,1.0,1.0,,6.0,4.0,,1.0,4.0,6.0,5.0,57.0,,6.0,,272.0,164.0,7.0,,126.0,8.0,7.0,6.0
cpl::Football_Player::8f05f759197149d88e64f7a679adef64,R. Kratt,Pacific,Forward,2025,forward,5,321,2,0,6,2,4,0,5,9,5,1,0,0,0,74.0,6,1.68,1,0,0,0,0,0,0,0,83.33,42.86,0.0,0.0,0,0,0,0,0,0,0,0,0,0,0,0,0,,321.0,,,,80.0,2.0,33.0,36.0,1.0,,2.0,53.0,23.0,19.0,,,80.0,9.0,59.0,4.0,21.0,23.0,3.0,29.0,,,17.0,4.0,,4.0,147.0,5.0,4.0,,32.0,17.0,16.0,10.0,15.0,,5.0,,,,35.0,1.0,,,5.0,,,,17.0,7.0,59.0,59.0,3.0,,20.0,15.0,2.0,4.0,,,,,4.0,6.0,6.0,1.0,,5.0,4.0,4.0,3.0,1.0,1.0,1.0,2.0,6.0,,,,11.0,,,,2.0,12.0,,4.0,1.0,,1.0,,,1.0,,4.0,,2.0,2.0,2.0,,,,,,,,,,,,0.0,1.0,1.0,7.0,,1.0,,28.0,19.0,1.0,,,1.0,,2.0
cpl::Football_Player::aceae7c77e384a08a0b2e7147138d478,J. Navarro,Vancouver,Forward,2025,forward,4,67,0,0,1,0,1,0,0,5,0,1,1,0,0,70.0,2,2.69,0,0,0,0,0,0,0,0,0.0,0.0,0.0,0.0,0,0,0,0,0,0,0,0,0,0,0,0,0,,67.0,,,,10.0,,4.0,4.0,,1.0,,8.0,5.0,4.0,,,13.0,5.0,9.0,1.0,4.0,4.0,,4.0,,,1.0,1.0,,,21.0,4.0,3.0,,7.0,4.0,2.0,10.0,,,,,,,7.0,1.0,,,4.0,,,,7.0,1.0,6.0,9.0,,,7.0,,1.0,1.0,,,,,,,1.0,,,,,1.0,,,,3.0,,1.0,1.0,,,,,,,,,,2.0,,,,,,1.0,,1.0,,,,,,,,,,,,,,,,0.0,,,2.0,,,,7.0,5.0,,,,,,
cpl::Football_Player::341e083fc7cb46e1a67ffea79f5a96ff,E. Pop,Valour,Forward,2025,forward,17,279,1,0,3,1,1,0,0,4,5,1,1,0,0,80.0,12,3.87,0,0,0,0,0,0,0,0,0.0,43.59,41.67,0.0,0,0,0,0,0,0,0,0,0,0,0,0,0,,279.0,,,,34.0,4.0,12.0,19.0,1.0,1.0,2.0,34.0,12.0,6.0,1.0,,39.0,4.0,31.0,11.0,8.0,10.0,2.0,8.0,,,8.0,1.0,,1.0,96.0,17.0,1.0,,27.0,6.0,14.0,10.0,17.0,,5.0,,,5.0,39.0,1.0,,,17.0,,,,15.0,11.0,26.0,31.0,12.0,,22.0,12.0,1.0,1.0,,,,,5.0,2.0,5.0,,,,2.0,4.0,7.0,2.0,,16.0,2.0,3.0,3.0,1.0,,1.0,,,,2.0,1.0,,2.0,,,,,,1.0,,1.0,,1.0,,1.0,1.0,,,1.0,,,,,,,,0.0,1.0,0.0,11.0,,,,24.0,14.0,1.0,,8.0,1.0,1.0,
cpl::Football_Player::9577790c0cf54495843d303127992c4d,S. Hundal,Inter Toronto,Forward,2025,forward,24,1292,9,2,32,11,19,2,3,17,12,5,2,0,0,82.0,26,1.81,0,0,1,1,0,0,0,0,50.0,29.46,34.09,20.0,0,0,0,0,0,0,0,0,0,0,0,0,0,,1292.0,,,,229.0,7.0,112.0,142.0,,2.0,4.0,147.0,72.0,44.0,2.0,,261.0,17.0,207.0,22.0,48.0,53.0,9.0,45.0,,,26.0,12.0,,7.0,467.0,24.0,10.0,,85.0,34.0,68.0,10.0,38.0,6.0,12.0,,,15.0,129.0,10.0,,,24.0,,,,62.0,62.0,182.0,213.0,44.0,,91.0,23.0,4.0,6.0,,,,,5.0,6.0,5.0,1.0,,3.0,2.0,2.0,29.0,3.0,5.0,12.0,13.0,32.0,5.0,2.0,,4.0,1.0,,1.0,13.0,4.0,,25.0,,,,1.0,2.0,5.0,,19.0,,9.0,7.0,9.0,3.0,,,2.0,,,,1.0,,,,0.0,5.0,4.0,43.0,,2.0,,89.0,31.0,2.0,,99.0,7.0,10.0,7.0
cpl::Football_Player::dace44682e2f47b8bc651c8032e6e97d,T. Coimbra,Wanderers,Forward,2025,forward,23,1344,13,3,54,16,28,3,9,19,20,12,5,0,0,61.0,19,1.27,0,0,3,3,3,0,0,0,69.23,48.94,54.26,50.0,0,0,0,0,0,0,0,0,0,0,0,0,0,,1344.0,,,,224.0,12.0,55.0,111.0,3.0,5.0,7.0,177.0,27.0,83.0,2.0,,227.0,19.0,132.0,16.0,90.0,71.0,7.0,83.0,,,30.0,15.0,,8.0,475.0,23.0,6.0,,94.0,50.0,104.0,10.0,92.0,5.0,20.0,,,51.0,188.0,7.0,,,23.0,,,,53.0,51.0,134.0,137.0,94.0,,96.0,41.0,3.0,11.0,,,,,8.0,13.0,17.0,,,9.0,1.0,13.0,43.0,4.0,,8.0,26.0,54.0,9.0,2.0,,1.0,1.0,,1.0,12.0,1.0,1.0,16.0,,,,3.0,3.0,12.0,,28.0,,13.0,8.0,13.0,4.0,2.0,,3.0,2.0,,,3.0,3.0,,,2.0,8.0,5.0,29.0,,3.0,,77.0,39.0,3.0,,40.0,11.0,11.0,8.0
cpl::Football_Player::5781eacb0adf484b80e8dd83f7619dc5,M. Patterson,Atlético,Forward,2025,forward,17,168,1,1,6,2,2,1,2,14,9,1,0,0,0,78.0,4,2.14,0,0,0,0,0,0,0,0,66.67,35.56,18.18,0.0,0,0,0,0,0,0,0,0,0,0,0,0,0,,168.0,,1.0,1.0,41.0,3.0,11.0,21.0,1.0,,2.0,32.0,13.0,8.0,,,44.0,14.0,32.0,3.0,10.0,9.0,5.0,10.0,,,8.0,,,3.0,105.0,17.0,7.0,,34.0,12.0,13.0,10.0,16.0,2.0,9.0,,,2.0,45.0,3.0,,,17.0,,,,20.0,12.0,31.0,34.0,11.0,,29.0,14.0,1.0,,,,,,2.0,3.0,5.0,1.0,,2.0,2.0,2.0,9.0,1.0,,17.0,4.0,6.0,3.0,,,3.0,,,,4.0,3.0,,3.0,,,,,1.0,1.0,,2.0,,1.0,,1.0,,,,1.0,,,,,,,,0.0,0.0,1.0,6.0,,2.0,,26.0,9.0,2.0,,13.0,1.0,1.0,1.0
cpl::Football_Player::f5aec735953a459ba324940a2fc1411f,S. Jimoh,Inter Toronto,Forward,2025,forward,23,916,0,4,5,4,3,4,18,27,10,3,6,0,0,80.0,14,1.38,14,0,3,0,0,0,0,0,72.0,41.23,20.0,17.54,0,0,0,0,0,0,0,0,0,0,0,0,0,,916.0,,,3.0,256.0,6.0,86.0,141.0,3.0,6.0,5.0,156.0,81.0,48.0,2.0,,258.0,27.0,199.0,13.0,53.0,66.0,16.0,75.0,,,43.0,7.0,,19.0,503.0,23.0,12.0,,104.0,68.0,30.0,10.0,47.0,6.0,10.0,,,2.0,114.0,6.0,,,23.0,,,,59.0,38.0,203.0,205.0,10.0,,67.0,45.0,1.0,5.0,,,,,10.0,25.0,22.0,1.0,,18.0,14.0,12.0,8.0,7.0,17.0,16.0,2.0,5.0,3.0,,,32.0,17.0,3.0,10.0,14.0,41.0,,5.0,14.0,,7.0,4.0,4.0,3.0,6.0,3.0,1.0,,,,2.0,,,,,1.0,,,,,,0.0,,,24.0,,4.0,,105.0,52.0,5.0,,105.0,,1.0,
cpl::Football_Player::96d163c606db462b80071516a2d4772b,J. Altobelli,Inter Toronto,Forward,2025,forward,28,2003,11,3,59,14,28,3,3,31,23,18,4,0,0,77.0,35,1.57,0,0,3,2,2,0,0,0,75.0,30.69,28.33,9.09,0,0,0,0,0,0,0,0,0,0,0,0,0,,2003.0,,,,354.0,12.0,147.0,195.0,1.0,4.0,8.0,226.0,105.0,83.0,4.0,,390.0,31.0,285.0,27.0,91.0,87.0,9.0,77.0,,,44.0,23.0,,24.0,703.0,28.0,13.0,,142.0,67.0,99.0,10.0,62.0,14.0,23.0,,,17.0,202.0,5.0,,,28.0,,,,97.0,89.0,263.0,299.0,60.0,1.0,140.0,45.0,8.0,15.0,,,,,18.0,4.0,16.0,,,3.0,6.0,6.0,43.0,1.0,5.0,5.0,31.0,59.0,23.0,1.0,,10.0,1.0,,1.0,37.0,10.0,3.0,26.0,,,,1.0,3.0,18.0,,28.0,4.0,11.0,9.0,11.0,9.0,2.0,,,,,,2.0,2.0,,,5.0,6.0,5.0,63.0,,1.0,,151.0,68.0,2.0,,111.0,8.0,8.0,7.0
cpl::Football_Player::b9995e16df9a44fb902eff37a3413e43,M. Bibishkov,Inter Toronto,Forward,2025,forward,0,0,0,0,0,0,0,0,0,0,0,0,0,0,0,,0,,0,0,0,0,0,0,0,0,0.0,0.0,0.0,0.0,0,0,0,0,0,0,0,0,0,0,0,0,0,,,,,,,,,,,0.0,,,,,,,,,,,,,,,,,,,,,,,,,,,,,,,,,,,,,,,0.0,,,,,,,,,,,,,0.0,0.0,0.0,,,,,,,,,,,,,,0.0,,,,,,,,,,,,,,,0.0,,,,,,,,0.0,,,,,,,,,,,,,,,,,,,,,,,,,,,,
cpl::Football_Player::6fcf09933f254171a16a70196c61c7e0,O. Botello,Inter Toronto,Forward,2025,forward,21,1581,1,4,12,5,3,4,28,23,23,0,7,0,0,84.0,21,1.2,29,0,0,0,0,0,0,0,60.87,55.28,52.17,19.15,0,0,0,0,0,0,0,0,0,0,0,0,0,,1581.0,,,10.0,810.0,13.0,179.0,402.0,25.0,7.0,49.0,268.0,329.0,88.0,2.0,,842.0,23.0,654.0,15.0,137.0,328.0,19.0,154.0,,,76.0,17.0,,54.0,1334.0,21.0,10.0,,138.0,297.0,11.0,10.0,89.0,51.0,23.0,,,12.0,161.0,32.0,,,21.0,,,,61.0,38.0,674.0,705.0,23.0,5.0,72.0,77.0,6.0,6.0,,,,,8.0,46.0,37.0,1.0,,28.0,23.0,16.0,11.0,18.0,125.0,4.0,9.0,12.0,4.0,1.0,,38.0,26.0,18.0,18.0,5.0,71.0,,,29.0,,14.0,4.0,4.0,,5.0,3.0,2.0,1.0,,,,,1.0,1.0,,,,,,,,0.0,0.0,1.0,21.0,,,,194.0,119.0,5.0,,84.0,,,1.0
cpl::Football_Player::1445e6a3753f48798c8bcc200069bdb6,A. Reid,Inter Toronto,Forward,2025,forward,27,1412,4,4,14,8,10,4,18,26,27,4,7,0,0,75.0,20,1.27,12,0,1,0,0,0,0,0,90.0,41.95,17.86,21.21,0,0,0,0,0,0,0,0,0,0,0,0,0,,1412.0,,,1.0,323.0,11.0,94.0,167.0,3.0,7.0,10.0,200.0,90.0,74.0,2.0,,333.0,26.0,237.0,14.0,84.0,48.0,23.0,96.0,,,46.0,20.0,,13.0,603.0,27.0,11.0,,146.0,85.0,66.0,10.0,73.0,12.0,27.0,,,5.0,174.0,7.0,,,27.0,,,,78.0,106.0,240.0,249.0,28.0,,101.0,68.0,6.0,20.0,,,,,22.0,20.0,25.0,1.0,,18.0,10.0,10.0,23.0,2.0,5.0,7.0,4.0,14.0,3.0,,,15.0,8.0,,7.0,17.0,25.0,2.0,14.0,12.0,,8.0,3.0,4.0,4.0,1.0,10.0,,4.0,2.0,4.0,3.0,1.0,,1.0,1.0,,,,,,,2.0,3.0,1.0,43.0,,5.0,,146.0,80.0,4.0,,80.0,4.0,1.0,4.0
cpl::Football_Player::a63da4a535904f639ece3007ff800854,Gabriel Bitar,Inter Toronto,Forward,2025,forward,26,1102,5,2,21,7,8,2,15,29,19,2,7,0,0,81.0,20,1.63,6,0,0,0,0,0,0,0,68.18,36.53,9.09,5.26,0,0,0,0,0,0,0,0,0,0,0,0,0,,1102.0,,,,328.0,8.0,113.0,191.0,2.0,7.0,14.0,196.0,90.0,53.0,3.0,,342.0,29.0,254.0,17.0,67.0,66.0,13.0,94.0,,,64.0,11.0,,7.0,617.0,26.0,9.0,,156.0,97.0,32.0,10.0,61.0,21.0,19.0,,,1.0,167.0,3.0,,,26.0,,,,96.0,66.0,262.0,275.0,11.0,,106.0,60.0,3.0,8.0,,,,,19.0,22.0,16.0,1.0,,15.0,8.0,8.0,10.0,7.0,12.0,15.0,13.0,21.0,5.0,1.0,,29.0,6.0,1.0,2.0,30.0,34.0,6.0,5.0,6.0,,2.0,1.0,2.0,2.0,2.0,8.0,2.0,5.0,5.0,4.0,1.0,,1.0,,1.0,1.0,,,,,,0.0,3.0,2.0,58.0,,4.0,,167.0,76.0,4.0,,91.0,3.0,1.0,5.0
cpl::Football_Player::29b80ce439ab453abb1f55797afba749,Y. Toualy,Pacific,Forward,2025,forward,25,1216,4,1,18,5,11,1,21,19,15,3,1,0,0,84.0,31,2.29,3,0,0,1,1,0,0,0,75.0,44.72,0.0,25.0,0,0,0,0,0,0,0,0,0,0,0,0,0,,1216.0,,,1.0,365.0,9.0,133.0,194.0,2.0,1.0,5.0,185.0,118.0,56.0,2.0,,370.0,19.0,306.0,26.0,61.0,115.0,6.0,56.0,,,40.0,12.0,,14.0,643.0,25.0,12.0,,149.0,62.0,58.0,10.0,72.0,3.0,15.0,,,,161.0,7.0,,,25.0,,,,77.0,60.0,305.0,309.0,12.0,,89.0,72.0,5.0,11.0,,,,,29.0,28.0,23.0,,,21.0,5.0,16.0,12.0,7.0,3.0,13.0,7.0,18.0,6.0,,,9.0,3.0,1.0,3.0,27.0,9.0,1.0,12.0,3.0,,,1.0,1.0,3.0,,11.0,1.0,4.0,2.0,4.0,2.0,,,2.0,1.0,,,1.0,1.0,,,1.0,4.0,0.0,46.0,,8.0,,194.0,104.0,2.0,,104.0,2.0,,2.0
cpl::Football_Player::03cdc7a6041945c5bc297dd76227db5f,M. Filion,Forge,Forward,2025,forward,15,220,3,0,7,3,4,0,2,6,2,4,0,0,0,70.0,3,1.23,0,0,0,0,0,0,0,0,66.67,33.33,37.5,0.0,0,0,0,0,0,0,0,0,0,0,0,0,0,,220.0,,,,36.0,,17.0,16.0,,,,27.0,12.0,12.0,,,40.0,6.0,28.0,2.0,12.0,12.0,2.0,7.0,,,7.0,1.0,,5.0,82.0,15.0,2.0,,20.0,3.0,15.0,10.0,12.0,,2.0,,,6.0,36.0,,,,15.0,,,,14.0,8.0,24.0,28.0,16.0,,24.0,6.0,1.0,1.0,,,,,2.0,3.0,,,,2.0,,,10.0,1.0,,14.0,3.0,7.0,1.0,2.0,,,,1.0,,1.0,,,2.0,,,,,,4.0,,4.0,,3.0,1.0,3.0,1.0,1.0,,1.0,,,,,,,,3.0,1.0,2.0,7.0,,,,9.0,5.0,,,,3.0,1.0,3.0
cpl::Football_Player::a362fb24be5140a088b0b6d616cad102,J. Layne,Valour,Forward,2025,forward,11,421,0,0,4,0,3,0,1,11,8,3,2,1,0,58.0,9,1.92,0,0,0,0,0,0,0,0,50.0,27.94,27.27,0.0,0,0,0,0,0,0,0,0,0,0,0,0,0,,421.0,,,,30.0,2.0,12.0,9.0,,2.0,,47.0,10.0,14.0,1.0,,33.0,11.0,19.0,8.0,14.0,6.0,2.0,12.0,,,5.0,6.0,,3.0,96.0,11.0,5.0,,35.0,8.0,20.0,10.0,19.0,,8.0,,,9.0,68.0,5.0,,,11.0,,,,25.0,7.0,16.0,19.0,33.0,,49.0,10.0,1.0,6.0,1.0,,,,,2.0,5.0,,,1.0,,5.0,24.0,1.0,,5.0,1.0,4.0,,,,1.0,,,,4.0,1.0,,3.0,,1.0,,,,3.0,,3.0,,,,,2.0,,,,,,,,,,,0.0,,,11.0,,1.0,,6.0,2.0,,,,,,
cpl::Football_Player::cf565a60f22d43a897616135c5775ec0,H. Massunda,Forge,Forward,2025,forward,27,1652,4,5,16,9,7,5,19,19,27,8,1,0,0,85.0,15,0.82,0,0,0,0,0,0,0,0,57.58,46.3,36.36,20.51,0,0,0,0,0,0,0,0,0,0,0,0,0,,1652.0,,1.0,1.0,446.0,9.0,189.0,277.0,3.0,1.0,5.0,220.0,111.0,63.0,1.0,,448.0,19.0,369.0,12.0,68.0,124.0,17.0,91.0,,,64.0,18.0,,8.0,810.0,27.0,8.0,,194.0,56.0,118.0,10.0,100.0,11.0,27.0,,,8.0,216.0,9.0,,,27.0,,,,102.0,79.0,378.0,380.0,22.0,2.0,116.0,92.0,3.0,11.0,,,,,32.0,33.0,35.0,,,19.0,7.0,21.0,14.0,14.0,4.0,9.0,9.0,16.0,12.0,,,31.0,8.0,1.0,8.0,39.0,31.0,1.0,8.0,,,,5.0,5.0,8.0,,7.0,,4.0,4.0,3.0,,,1.0,,1.0,1.0,,,,,,2.0,2.0,2.0,68.0,,10.0,,240.0,141.0,6.0,,189.0,,2.0,3.0
cpl::Football_Player::901d6c67f4fb4410a6035a929953e009,A. Koné,Forge,Forward,2025,forward,11,125,1,0,3,1,2,0,1,8,6,1,2,0,0,71.0,1,0.72,0,0,0,0,0,0,0,0,100.0,28.57,20.0,33.33,0,0,0,0,0,0,0,0,0,0,0,0,0,,125.0,,,,48.0,5.0,22.0,28.0,,2.0,,37.0,7.0,14.0,,,48.0,8.0,34.0,,14.0,7.0,1.0,13.0,,,11.0,,,3.0,99.0,11.0,2.0,,30.0,7.0,15.0,10.0,10.0,,6.0,,,1.0,35.0,1.0,,,11.0,,,,21.0,12.0,34.0,34.0,5.0,,25.0,9.0,1.0,,,,,,2.0,1.0,7.0,,,1.0,5.0,2.0,4.0,,2.0,11.0,1.0,3.0,1.0,,,2.0,1.0,,1.0,3.0,2.0,,2.0,,,,,,1.0,,2.0,,1.0,1.0,1.0,1.0,,,,,,,,,,,0.0,1.0,0.0,10.0,,1.0,,27.0,17.0,1.0,,13.0,1.0,2.0,1.0
cpl::Football_Player::9f8fdd29f10a47f6a83e1325203e6540,Bryan Alexandre,York,Forward,2025,forward,5,96,0,0,0,0,0,0,0,6,3,1,1,0,0,64.0,2,1.88,0,0,0,0,0,0,0,0,0.0,36.0,42.86,0.0,0,0,0,0,0,0,0,0,0,0,0,0,0,,96.0,,,,22.0,,5.0,11.0,,1.0,,15.0,3.0,8.0,,,22.0,6.0,14.0,2.0,8.0,5.0,,4.0,,,3.0,,,4.0,38.0,5.0,5.0,,11.0,6.0,2.0,10.0,9.0,,3.0,,,6.0,25.0,1.0,,,5.0,,,,8.0,6.0,14.0,14.0,14.0,,16.0,3.0,,,,,,,,1.0,3.0,,,,,3.0,8.0,1.0,,5.0,,,,1.0,,,,,,1.0,,,1.0,,,,,,1.0,,,,,,,1.0,,,,,,,,,,,0.0,,,2.0,,,,,,,,,,,
cpl::Football_Player::4eb0f3ce9e404d69a8b6b99ca92c02eb,Ralph Khoury,Atlético,Forward,2025,forward,7,70,0,0,1,0,1,0,5,2,2,0,0,0,0,68.0,0,0.0,0,0,0,0,0,0,0,0,100.0,64.71,75.0,0.0,0,0,0,0,0,0,0,0,0,0,0,0,0,,70.0,,,,25.0,2.0,6.0,9.0,,,,12.0,8.0,8.0,,,25.0,2.0,17.0,,8.0,7.0,2.0,8.0,,,5.0,,,1.0,45.0,7.0,2.0,,13.0,6.0,6.0,10.0,11.0,,2.0,,,3.0,17.0,1.0,,,7.0,,,,5.0,6.0,17.0,17.0,4.0,,6.0,8.0,,,,,,,1.0,5.0,1.0,,,5.0,,,1.0,,,7.0,,1.0,2.0,,,1.0,,,,2.0,1.0,,1.0,,,,,,,,1.0,,,,,,,,,,,,,,,,0.0,,,2.0,,,,11.0,6.0,,,7.0,,1.0,
cpl::Football_Player::e63403e9bab940f29bef92f45ffb29ca,O. Antoniuk,Cavalry,Forward,2025,forward,4,7,0,0,0,0,0,0,0,0,0,0,0,0,0,100.0,0,0.0,1,0,0,0,0,0,0,0,0.0,0.0,0.0,0.0,0,0,0,0,0,0,0,0,0,0,0,0,0,,7.0,,,,2.0,,1.0,3.0,,,,3.0,,,,,3.0,,3.0,,,2.0,,,,,,,,,7.0,4.0,,,3.0,,1.0,10.0,,,,,,,4.0,,,,4.0,,,,3.0,,2.0,3.0,1.0,,4.0,,,,,,,,,,,,,,,,1.0,,,4.0,,,,,,,,,,2.0,,,,1.0,,,,,,,,,,,,,,,,,,,,,,,0.0,,,3.0,,,,1.0,1.0,,,,,,
cpl::Football_Player::83a3a0f17f4642c39ec1fd18f2b1c115,Bryan Rosa,Inter Toronto,Forward,2025,forward,5,96,0,0,0,0,0,0,0,6,3,1,1,0,0,64.0,2,1.88,0,0,0,0,0,0,0,0,0.0,36.0,42.86,0.0,0,0,0,0,0,0,0,0,0,0,0,0,0,,96.0,,,,22.0,,4.0,11.0,,1.0,,15.0,3.0,8.0,,,22.0,6.0,14.0,2.0,8.0,5.0,,5.0,,,3.0,,,3.0,39.0,5.0,5.0,,11.0,6.0,2.0,10.0,9.0,,3.0,,,6.0,25.0,1.0,,,5.0,,,,8.0,7.0,14.0,14.0,14.0,,16.0,3.0,,,,,,,,1.0,3.0,,,,,3.0,8.0,1.0,,5.0,,,,1.0,,,,,,1.0,,,1.0,,,,,,1.0,,,,,,,1.0,,,,,,,,,,,0.0,,,2.0,,,,7.0,6.0,,,,,,
cpl::Football_Player::fb2fbc059914452eb9a95cd309d66335,G. Ntignee,Cavalry,Forward,2025,forward,16,1362,4,2,19,6,10,2,17,42,37,12,3,1,0,72.0,23,1.52,3,0,1,0,0,0,0,0,70.83,45.45,35.29,21.88,0,0,0,0,0,0,0,0,0,0,0,0,0,,1362.0,,,2.0,260.0,20.0,73.0,159.0,4.0,3.0,8.0,210.0,37.0,68.0,3.0,,265.0,42.0,182.0,19.0,76.0,100.0,25.0,85.0,,,59.0,15.0,,16.0,580.0,16.0,33.0,,203.0,63.0,110.0,10.0,100.0,7.0,37.0,,,6.0,220.0,9.0,,,16.0,,,,109.0,29.0,184.0,189.0,17.0,2.0,120.0,94.0,4.0,6.0,1.0,,,,33.0,24.0,32.0,1.0,,17.0,3.0,11.0,11.0,7.0,1.0,1.0,9.0,19.0,3.0,1.0,,25.0,7.0,,7.0,31.0,25.0,,1.0,3.0,1.0,,2.0,2.0,12.0,,10.0,,4.0,1.0,3.0,,,1.0,3.0,2.0,,,,,,,0.0,2.0,2.0,57.0,,3.0,,222.0,152.0,6.0,,220.0,2.0,7.0,3.0
cpl::Football_Player::a2bda4ee744a46f5ba2c6d64d47b4f9e,A. Sellouf,Cavalry,Forward,2025,forward,16,353,0,0,6,0,3,0,3,4,4,1,0,0,0,78.0,12,3.06,6,0,0,0,0,0,0,0,75.0,43.59,60.0,5.56,0,0,0,0,0,0,0,0,0,0,0,0,0,,353.0,,,,146.0,4.0,39.0,85.0,3.0,,8.0,73.0,36.0,26.0,1.0,,152.0,4.0,115.0,11.0,34.0,55.0,5.0,46.0,,,16.0,2.0,,3.0,236.0,16.0,3.0,,34.0,49.0,21.0,10.0,17.0,3.0,4.0,,,3.0,39.0,1.0,,,16.0,,,,20.0,9.0,113.0,118.0,5.0,,22.0,14.0,1.0,2.0,,,,,6.0,4.0,12.0,,,3.0,1.0,3.0,2.0,1.0,3.0,14.0,3.0,6.0,7.0,,,11.0,3.0,1.0,1.0,5.0,15.0,1.0,1.0,6.0,,4.0,,,1.0,2.0,3.0,,,,,,,,,,,,,,,,0.0,,,12.0,,2.0,,78.0,35.0,1.0,,34.0,,3.0,
cpl::Football_Player::a372613653034050a858936ee489a7f1,V. Chernyshev,Pacific,Forward,2025,forward,2,57,0,0,1,0,0,0,1,2,0,0,0,0,0,30.0,2,3.16,0,0,0,0,0,0,0,0,33.33,45.45,100.0,0.0,0,0,0,0,0,0,0,0,0,0,0,0,0,,57.0,,,,10.0,,3.0,3.0,,,1.0,13.0,,6.0,,,10.0,2.0,3.0,2.0,7.0,2.0,,5.0,,,1.0,1.0,,2.0,25.0,2.0,,,9.0,4.0,1.0,10.0,5.0,,,,,2.0,11.0,1.0,,,2.0,,,,6.0,1.0,3.0,3.0,2.0,,6.0,3.0,,1.0,,,,,,3.0,2.0,,,1.0,,1.0,,2.0,,1.0,1.0,1.0,,,,,,,,2.0,,,,,,,,,,,,,,,,1.0,,,,,,,,,,,0.0,,,4.0,,,,2.0,2.0,,,4.0,,,
cpl::Football_Player::cd1e9f98817545a8904ffd9556963f44,A. Díaz,Vancouver,Forward,2025,forward,23,1847,7,1,25,8,16,1,5,10,20,11,3,0,0,77.0,40,1.95,0,0,1,3,3,0,0,0,62.5,37.21,31.25,0.0,0,0,0,0,0,0,0,0,0,0,0,0,0,,1847.0,,,,324.0,9.0,140.0,182.0,2.0,3.0,6.0,154.0,98.0,78.0,2.0,,364.0,10.0,275.0,34.0,84.0,85.0,14.0,73.0,,,27.0,23.0,,13.0,541.0,23.0,4.0,,81.0,81.0,51.0,10.0,48.0,5.0,20.0,,,15.0,129.0,14.0,,,23.0,,,,48.0,58.0,241.0,280.0,48.0,1.0,81.0,33.0,6.0,13.0,,,,,5.0,8.0,21.0,,,5.0,2.0,8.0,33.0,3.0,,,9.0,25.0,5.0,3.0,,2.0,,,,10.0,2.0,2.0,26.0,,,,,1.0,11.0,,16.0,1.0,7.0,7.0,5.0,5.0,,2.0,,,,,3.0,3.0,,,1.0,1.0,6.0,34.0,,1.0,,57.0,15.0,,,73.0,6.0,1.0,4.0
cpl::Football_Player::9bb76f9c898142e29c5b405e62366a59,H. Mbongue,Vancouver,Forward,2025,forward,12,900,6,2,12,8,10,2,2,5,5,2,2,0,0,74.0,19,1.9,0,0,0,1,1,0,0,0,33.33,29.85,33.33,0.0,0,0,0,0,0,0,0,0,0,0,0,0,0,,900.0,,,,151.0,7.0,73.0,86.0,,2.0,1.0,100.0,38.0,44.0,1.0,,169.0,5.0,118.0,15.0,45.0,46.0,12.0,36.0,,,29.0,11.0,,10.0,286.0,12.0,2.0,,46.0,20.0,34.0,10.0,20.0,6.0,5.0,,,7.0,67.0,10.0,,,12.0,,,,33.0,30.0,106.0,124.0,21.0,,47.0,13.0,4.0,8.0,,,,,3.0,6.0,14.0,,,2.0,1.0,3.0,14.0,4.0,,1.0,2.0,12.0,4.0,1.0,,1.0,,,,5.0,1.0,,13.0,,,,2.0,2.0,2.0,,10.0,,6.0,3.0,6.0,2.0,1.0,,1.0,,,,1.0,1.0,1.0,,2.0,3.0,3.0,25.0,,,,61.0,27.0,2.0,,50.0,6.0,1.0,5.0
cpl::Football_Player::bf41bb0adda048e4bed23b2545e0db2a,A. Álvarez,Atlético,Forward,2025,forward,3,57,0,0,2,0,1,0,0,0,3,0,0,0,0,89.0,1,1.58,0,0,1,0,0,0,0,0,0.0,44.44,0.0,50.0,0,0,0,0,0,0,0,0,0,0,0,0,0,,57.0,,,,18.0,1.0,3.0,10.0,,,1.0,11.0,7.0,1.0,,,18.0,,16.0,1.0,2.0,1.0,1.0,2.0,,,3.0,,,1.0,37.0,3.0,,,9.0,3.0,2.0,10.0,4.0,,3.0,,,,9.0,1.0,,,3.0,,,,5.0,11.0,16.0,16.0,,,5.0,4.0,,,,,,,1.0,,1.0,,,,1.0,,,,,3.0,1.0,2.0,,,,1.0,1.0,,1.0,2.0,1.0,,,,,,,,,,1.0,,,,,,,,,,,,,,,,0.0,,,4.0,,,,17.0,8.0,,,,,,
cpl::Football_Player::04845a4bca8e4e02a819e0c524e909d9,O. van Hattum,Valour,Forward,2025,forward,1,1,0,0,0,0,0,0,0,0,1,0,0,0,0,,0,0.0,0,0,0,0,0,0,0,0,0.0,33.33,0.0,0.0,0,0,0,0,0,0,0,0,0,0,0,0,0,,1.0,,,,,,,,,,,2.0,,,,,,,,,,,,,,,1.0,,,,5.0,1.0,,,2.0,,1.0,10.0,1.0,,1.0,,,,3.0,1.0,,,1.0,,,,1.0,,,,1.0,,2.0,1.0,,,,,,,,,,,,,,,1.0,,,1.0,,,1.0,,,,,,,1.0,,,,,,,,,,,,,,,,,,,,,,,,,,,0.0,,,1.0,,,,1.0,1.0,,,,,1.0,
cpl::Football_Player::2955097a774c415eb54af45aa9fe7b0e,K. Record-Wright,Inter Toronto,Forward,2025,forward,1,1,0,0,0,0,0,0,0,0,0,0,0,0,0,50.0,0,0.0,0,0,0,0,0,0,0,0,0.0,0.0,0.0,0.0,0,0,0,0,0,0,0,0,0,0,0,0,0,,1.0,,,,2.0,,1.0,,,,1.0,1.0,1.0,,,,2.0,,1.0,,1.0,,,1.0,,,,,,,2.0,1.0,,,,1.0,,10.0,,,,,,,,,,,1.0,,,,,,1.0,1.0,,,,,,,,,,,,,,,,,,,,,,1.0,,,,,,,,,,,,,,,,,,,,,,,,,,,,,,,,,,,,,0.0,,,,,,,,,,,,,,
cpl::Football_Player::44bbbee1a40b4627a0d187e56fc881c6,R. Walkes,Wanderers,Forward,2025,forward,2,12,0,0,1,0,0,0,1,2,1,0,0,0,0,75.0,0,0.0,0,0,0,0,0,0,0,0,100.0,40.0,0.0,0.0,0,0,0,0,0,0,0,0,0,0,0,0,0,,12.0,,,,12.0,1.0,5.0,5.0,,,,4.0,4.0,3.0,,,12.0,2.0,9.0,,3.0,,,3.0,,,3.0,,,,19.0,2.0,2.0,,4.0,5.0,2.0,10.0,2.0,,1.0,,,,5.0,,,,2.0,,,,2.0,2.0,9.0,9.0,1.0,,3.0,2.0,,,,,,,,1.0,2.0,,,1.0,1.0,1.0,1.0,,,2.0,1.0,1.0,,,,,,,,,,,,,,,,,,,,,,,,,,,,,,,,,,,0.0,,,,,,,2.0,1.0,,,1.0,,1.0,
cpl::Football_Player::4d636b2222ce4dadada19f4087f42b9e,J. Assi,Atlético,Forward,2025,forward,5,55,0,0,0,0,0,0,0,3,0,0,2,0,0,79.0,2,3.27,0,0,0,0,0,0,0,0,0.0,28.57,0.0,0.0,0,0,0,0,0,0,0,0,0,0,0,0,0,,55.0,,,,23.0,,8.0,10.0,1.0,2.0,1.0,6.0,8.0,4.0,,,23.0,3.0,16.0,2.0,5.0,1.0,,5.0,,,3.0,,,1.0,30.0,5.0,2.0,,7.0,8.0,,10.0,2.0,2.0,,,,,7.0,3.0,,,5.0,,,,5.0,6.0,18.0,18.0,,,5.0,2.0,,,,,,,2.0,,1.0,,,,,,,,1.0,5.0,,,,,,1.0,,,,,1.0,,,,,,,,,,,,,,,,,,,,,,,,,,0.0,,,,,,,7.0,4.0,,,9.0,,,
cpl::Football_Player::e59631b9384648c1a9d3a057aabe9412,V. Klonaridis,Forge,Forward,2025,forward,2,74,0,0,2,0,0,0,0,1,1,1,0,0,0,80.0,0,0.0,0,0,1,0,0,0,0,0,0.0,40.0,0.0,0.0,0,0,0,0,0,0,0,0,0,0,0,0,0,,74.0,,,,9.0,,4.0,7.0,,,,4.0,1.0,2.0,,,10.0,1.0,8.0,,2.0,2.0,,2.0,,,,1.0,,,18.0,2.0,,,5.0,2.0,5.0,10.0,2.0,,1.0,,,,5.0,,,,2.0,,,,3.0,2.0,7.0,8.0,,,3.0,2.0,,1.0,,,,,,1.0,1.0,,,,1.0,,,1.0,,1.0,2.0,2.0,,,,,,,,,,,,,,,,,1.0,,,,,,,,,,,,,,,,,,0.0,,,1.0,,,,2.0,1.0,,,12.0,,2.0,
cpl::Football_Player::9dfc9045ab234f19a37a7fbd9c091f3e,R. Ennin,Atlético,Forward,2025,forward,2,24,1,0,1,1,1,0,0,3,0,0,0,0,0,67.0,0,0.0,0,0,0,0,0,0,0,0,0.0,0.0,0.0,0.0,0,0,0,0,0,0,0,0,0,0,0,0,0,,24.0,,,,3.0,,1.0,1.0,,,,8.0,1.0,1.0,,,3.0,3.0,2.0,,1.0,,,,,,1.0,,,1.0,13.0,2.0,1.0,,4.0,,5.0,10.0,,,,,,,6.0,,,,2.0,,,,4.0,2.0,2.0,2.0,2.0,,6.0,,,,,,,,,,,,,,,,2.0,,,2.0,,1.0,,,,,,,,,,,,,,,,,,,1.0,,1.0,1.0,1.0,,,,,,,,,,,,1.0,0.0,1.0,1.0,,,,1.0,1.0,,,9.0,1.0,,1.0
cpl::Football_Player::93f7f3cb8d584710981cad41a92eb3e7,D. Chhoeun,Inter Toronto,Forward,2025,forward,1,7,0,0,0,0,0,0,0,1,1,0,0,0,0,50.0,0,0.0,0,0,0,0,0,0,0,0,0.0,33.33,0.0,0.0,0,0,0,0,0,0,0,0,0,0,0,0,0,,7.0,,,,2.0,,,,,,,2.0,1.0,1.0,,,2.0,1.0,1.0,,1.0,1.0,,,,,2.0,,,1.0,5.0,1.0,1.0,,3.0,,,10.0,1.0,,1.0,,,,3.0,,,,1.0,,,,2.0,1.0,1.0,1.0,,,2.0,1.0,,,,,,,,,1.0,,,,,,,,,1.0,,,,1.0,,,,,,1.0,,,,,,,,,,,,,,,,,,,,,,,,,,,0.0,,,1.0,,,,,,,,,,,
