playerId,playerName,team,position,season,role,GP,Mins,G,A,S,GI,SOT,KP,Tackles,FC,FS,OFF,YC,RC,AerialsWonPercentage,Pass%,GoalsConceded,GAA,Corners,GoalsFreeKick,HitWoodwork,PenaltyAttempts,PenaltiesSuccessful,YellowRedCards,Xg,Xgefficiency,TacklesWonPercentage,DuelsWonPercentage,AerialDuelsWonPercentage,CrossCompletePercentage,TotalDistanceCovered,AverageDistanceCovered,TotalDistanceCoveredWalking,AverageDistanceCoveredWalking,TotalDistanceCoveredJogging,AverageDistanceCoveredJogging,TotalDistanceCoveredLowIntensityRunning,AverageDistanceCoveredLowIntensityRunning,TotalDistanceCoveredSprinting,AverageDistanceCoveredSprinting,TotalDistanceCoveredHighIntensityRunning,AverageDistanceCoveredHighIntensityRunning,Sprints,AerialDuels,AerialDuelsLost,AerialDuelsWon,Appearances,Carries,Catches,CleanSheets,CornersWon,CrossesNotClaimed,Drops,Duels,DuelsLost,DuelsWon,ForwardPasses,GkSuccessfulDistribution,GkUnsuccessfulDistribution,GamesPlayed,GoalAssists,GoalKicks,GoalkeeperSmother,GoalsConcededInsideBox,GoalsConcededOutsideBox,GroundDuels,GroundDuelsLost,GroundDuelsWon,HandballsConceded,Index,KeyPasses(attemptAssists),LastPlayerTackle,LeftsidePasses,OpenPlayPasses,PenaltiesFaced,PenaltyGoalsConceded,ProgressiveCarries,Punches,Recoveries,RightsidePasses,SavesMade,SavesMadeFromInsideBox,SavesMadeFromOutsideBox,SavesMade-Caught,SavesMade-Parried,Starts,SuccessfulDribbles,SuccessfulLaunches,SuccessfulLongPasses,SuccessfulOpenPlayPasses,SuccessfulPassesOppositionHalf,SuccessfulPassesOwnHalf,SuccessfulShortPasses,TacklesLost,ThrowInsToOwnPlayer,TimePlayed,TotalBigChancesCreated,TotalBigChancesSaved,TotalClearances,TotalFoulsConceded,TotalFoulsWon,TotalLossesOfPossession,TotalPasses,TotalSuccessfulPasses(ExclCrosses&Corners),TotalTackles,TotalUnsuccessfulPasses(ExclCrosses&Corners),Touches,UnsuccessfulCrosses&Corners,UnsuccessfulLaunches,UnsuccessfulLongPasses,UnsuccessfulPassesOppositionHalf,UnsuccessfulPassesOwnHalf,UnsuccessfulShortPasses,YellowCards,WinningGoal,Putthrough/blockedDistribution,SuccessfulLay-offs,SubstituteOn,FoulAttemptedTackle,PenaltiesConceded,ShotsOffTarget(incWoodwork),TotalShots,TotalTouchesInOppositionBox,OwnGoalScored,PenaltiesSaved,SavesFromPenalty,UnsuccessfulLay-offs,Interceptions,Putthrough/blockedDistributionWon,StraightRedCards,TotalRedCards,TacklesWon,Goals,RedCards-2ndYellow,SubstituteOff,BackwardPasses,FinalThirdTouches,Assists(intentional),BlockedShots,Blocks,CornersTaken(inclShortCorners),GoalsFromInsideBox,Offsides,PenaltiesTaken,PenaltyGoals,RightFootGoals,SecondGoalAssists,ShotsOnTarget(IncGoals),SuccessfulCornersIntoBox,SuccessfulCrosses&Corners,SuccessfulCrossesOpenPlay,ThroughBalls,ThrowInsToOppositionPlayer,TimesTackled,TotalBigChancesScored,UnsuccessfulCornersIntoBox,UnsuccessfulCrossesOpenPlay,UnsuccessfulDribbles,HomeGoals,AwayGoals,Overruns,ClearancesOffTheLine,HeadedGoals,TotalBigChancesMissed,PenaltiesOffTarget,GoalsOpenplay,AttemptsFromSetPieces,GoalsFromOutsideBox,LeftFootGoals,OtherGoals,FoulWonPenalty,SetPiecesGoals
cpl::Football_Player::23c92ceb8bee415a886f16e93c507c65,M. Carducci,Cavalry,Goalkeeper,2025,goalkeeper,31,2820,0,1,0,1,0,1,0,1,5,0,4,0,0,76.0,39,1.24,0,0,0,0,0,0,0,0,0.0,83.33,88.89,0.0,0,0,0,0,0,0,0,0,0,0,0,0,0,9.0,1.0,8.0,31.0,110.0,13.0,8.0,3.0,1.0,6.0,18.0,3.0,15.0,472.0,238.0,79.0,31.0,1.0,220.0,8.0,35.0,4.0,9.0,2.0,7.0,1.0,10.0,1.0,1.0,256.0,685.0,3.0,3.0,63.0,13.0,219.0,269.0,70.0,39.0,30.0,1.0,17.0,31.0,2.0,49.0,158.0,568.0,91.0,660.0,593.0,2.0,1.0,2820.0,1.0,2.0,27.0,1.0,5.0,248.0,997.0,751.0,2.0,246.0,1234.0,1.0,97.0,235.0,198.0,49.0,11.0,4.0,0.0,,,,,,,,,,,,,,,,,,,,,,,,,,,,,,,,,,,,,,,,,,,,,,,,,,,,,,,,,
cpl::Football_Player::d3eccdc138364416ab9dd2b141d41e76,J. Holliday,Cavalry,Goalkeeper,2025,goalkeeper,0,0,0,0,0,0,0,0,0,0,0,0,0,0,0,,0,,0,0,0,0,0,0,0,0,0.0,0.0,0.0,0.0,0,0,0,0,0,0,0,0,0,0,0,0,0,,,,,,,,,,,,,,,,,,,,,,,,,,,,,,,,,,,,,,,,,,,,,,,,,,,,,,,,,,,,,,,,,,,,,,,,,,,,,,,,,,,,,,,,,,,,,,,,,,,,,,,,,,,,,,,,,,,,,,,,,,,,,,,,,
cpl::Football_Player::9a4eee0d25484d5f90e1813044a4feae,N. Fewster,Cavalry,Goalkeeper,2025,goalkeeper,0,0,0,0,0,0,0,0,0,0,0,0,0,0,0,,0,,0,0,0,0,0,0,0,0,0.0,0.0,0.0,0.0,0,0,0,0,0,0,0,0,0,0,0,0,0,,,,,,,,,,,,,,,,,,,,,,,,,,,,,,,,,,,,,,,,,,,,,,,,,,,,,,,,,,,,,,,,,,,,,,,,,,,,,,,,,,,,,,,,,,,,,,,,,,,,,,,,,,,,,,,,,,,,,,,,,,,,,,,,,
cpl::Football_Player::0b10dc469e84486cbf18d636e3bc635e,J. Koleilat,Forge,Goalkeeper,2025,goalkeeper,29,2610,0,0,0,0,0,0,0,0,4,0,2,0,0,88.0,24,0.83,0,0,0,0,0,0,0,0,0.0,100.0,100.0,0.0,0,0,0,0,0,0,0,0,0,0,0,0,0,3.0,,3.0,29.0,38.0,11.0,13.0,,,1.0,7.0,,7.0,207.0,321.0,22.0,29.0,,232.0,1.0,20.0,4.0,4.0,,4.0,,10.0,,,108.0,258.0,3.0,2.0,22.0,11.0,175.0,222.0,69.0,40.0,27.0,3.0,17.0,29.0,,14.0,52.0,229.0,18.0,452.0,418.0,,,2610.0,,3.0,24.0,,4.0,70.0,537.0,470.0,,67.0,759.0,,30.0,63.0,38.0,29.0,4.0,2.0,0.0,1.0,1.0,,,,,,,,,,,,,,,,,,,,,,,,,,,,,,,,,,,,,,,,,,,,,,,,,,,,,,,
cpl::Football_Player::0a71cc5786ac4cb6a42caa6d849c2129,C. Kalongo,Forge,Goalkeeper,2025,goalkeeper,1,1,0,0,0,0,0,0,0,0,0,0,0,0,0,0.0,1,90.0,0,0,0,0,0,0,0,0,0.0,0.0,0.0,0.0,0,0,0,0,0,0,0,0,0,0,0,0,0,,,,1.0,,,,,,,,,,2.0,,1.0,1.0,,1.0,,,1.0,,,,,10.0,,,,,,,,,1.0,,1.0,1.0,,,1.0,,,,,,,,,,,1.0,,,1.0,,,2.0,2.0,,,2.0,4.0,,,2.0,1.0,1.0,,,0.0,,,1.0,,,,,,,,,,,,,,,,,,,,,,,,,,,,,,,,,,,,,,,,,,,,,,,,,,,,,,
cpl::Football_Player::95c5a896975b488cb559f52bde46d3d4,R. Yesli,Wanderers,Goalkeeper,2025,goalkeeper,28,2545,0,0,1,0,0,0,0,3,2,0,5,0,0,70.0,36,1.27,0,0,0,0,0,0,0,0,0.0,42.86,80.0,0.0,0,0,0,0,0,0,0,0,0,0,0,0,0,5.0,1.0,4.0,28.0,64.0,12.0,8.0,,1.0,4.0,14.0,8.0,6.0,389.0,244.0,51.0,28.0,,177.0,2.0,32.0,4.0,9.0,7.0,2.0,,10.0,,,127.0,400.0,4.0,3.0,17.0,18.0,209.0,129.0,65.0,39.0,24.0,4.0,13.0,28.0,,26.0,106.0,298.0,59.0,389.0,342.0,,1.0,2545.0,,1.0,38.0,3.0,2.0,199.0,645.0,448.0,,197.0,893.0,,99.0,190.0,156.0,41.0,7.0,5.0,0.0,1.0,,,1.0,1.0,1.0,1.0,1.0,,,,,,,,,,,,,,,,,,,,,,,,,,,,,,,,,,,,,,,,,,,,,,,,,
cpl::Football_Player::ed6b655ed6bb4c7baedb0fe8fc42495d,C. Irving,Vancouver,Goalkeeper,2025,goalkeeper,28,2520,0,0,0,0,0,0,0,0,5,0,0,0,0,68.0,57,2.04,0,0,0,0,0,0,0,0,0.0,94.44,100.0,0.0,0,0,0,0,0,0,0,0,0,0,0,0,0,11.0,,11.0,28.0,135.0,24.0,2.0,,1.0,4.0,18.0,1.0,17.0,556.0,240.0,97.0,28.0,,207.0,3.0,46.0,11.0,7.0,1.0,6.0,,10.0,,,223.0,619.0,4.0,2.0,50.0,15.0,291.0,199.0,97.0,66.0,29.0,2.0,27.0,28.0,2.0,30.0,219.0,483.0,107.0,555.0,443.0,,,2520.0,,4.0,33.0,,5.0,324.0,978.0,662.0,,316.0,1285.0,,102.0,312.0,266.0,50.0,4.0,,0.0,,,,,,,,,1.0,2.0,2.0,1.0,,,,,,,,,,,,,,,,,,,,,,,,,,,,,,,,,,,,,,,,,,,,,
cpl::Football_Player::655a241e039a4965b7f38990c3f8d981,E. Himaras,Valour,Goalkeeper,2025,goalkeeper,9,810,0,0,0,0,0,0,0,0,2,0,1,1,0,77.0,21,2.33,0,0,0,0,0,0,0,0,0.0,100.0,100.0,0.0,0,0,0,0,0,0,0,0,0,0,0,0,0,1.0,,1.0,9.0,35.0,5.0,1.0,,,4.0,4.0,,4.0,117.0,86.0,12.0,9.0,,58.0,,19.0,2.0,3.0,,3.0,,10.0,1.0,,58.0,170.0,4.0,3.0,14.0,1.0,76.0,76.0,22.0,17.0,4.0,,4.0,9.0,1.0,10.0,41.0,134.0,19.0,174.0,152.0,,,810.0,,3.0,5.0,,2.0,59.0,251.0,193.0,,58.0,333.0,,29.0,57.0,44.0,14.0,1.0,1.0,0.0,1.0,,,,,,,,,1.0,1.0,,1.0,1.0,1.0,1.0,,,,,,,,,,,,,,,,,,,,,,,,,,,,,,,,,,,,,,,,,
cpl::Football_Player::a86a1a3737bc4895b1340dc348ae5b09,S. Melvin,Pacific,Goalkeeper,2025,goalkeeper,19,1710,0,0,0,0,0,0,1,0,6,0,1,0,0,67.0,44,2.32,0,0,0,0,0,0,0,0,100.0,84.21,100.0,0.0,0,0,0,0,0,0,0,0,0,0,0,0,0,8.0,,8.0,19.0,42.0,18.0,1.0,,,,19.0,3.0,16.0,294.0,203.0,45.0,19.0,,145.0,3.0,41.0,3.0,11.0,3.0,8.0,,10.0,,1.0,138.0,305.0,5.0,5.0,9.0,3.0,160.0,91.0,61.0,45.0,16.0,,9.0,19.0,1.0,27.0,76.0,215.0,43.0,305.0,272.0,,,1710.0,,,16.0,,6.0,178.0,523.0,348.0,1.0,175.0,735.0,,89.0,170.0,131.0,44.0,5.0,1.0,0.0,,,,,,,,,,,,,,,,,1.0,,,,,,,,,,,,,,,,,,,,,,,,,,,,,,,,,,,,,,,,
cpl::Football_Player::d65b644d608b40dbb79ba6a0fb08d7f1,A. Rushenas,Wanderers,Goalkeeper,2025,goalkeeper,1,90,0,0,0,0,0,0,0,0,0,0,2,0,0,78.0,0,0.0,0,0,0,0,0,0,0,0,0.0,0.0,0.0,0.0,0,0,0,0,0,0,0,0,0,0,0,0,0,,,,1.0,,2.0,1.0,,,,,,,8.0,16.0,3.0,1.0,,12.0,,,,,,,,10.0,,,3.0,4.0,,,,,7.0,7.0,3.0,1.0,2.0,,2.0,1.0,,1.0,1.0,3.0,1.0,13.0,13.0,,,90.0,,1.0,1.0,,,4.0,18.0,14.0,,4.0,31.0,,1.0,4.0,3.0,1.0,,2.0,0.0,,,,,,,,,,,,,,,,,,,,,,,,,,,,,,,,,,,,,,,,,,,,,,,,,,,,,,,,,
cpl::Football_Player::364352c812a14e868234e4883c9bd4e0,N. Ingham,Atlético,Goalkeeper,2025,goalkeeper,30,2730,0,0,0,0,0,0,1,0,6,0,1,0,0,75.0,30,0.99,0,0,0,0,0,0,0,0,100.0,81.25,100.0,0.0,0,0,0,0,0,0,0,0,0,0,0,0,0,4.0,,4.0,30.0,139.0,18.0,11.0,1.0,,3.0,16.0,3.0,13.0,468.0,255.0,36.0,30.0,,145.0,3.0,27.0,3.0,12.0,3.0,9.0,,10.0,,,218.0,676.0,3.0,2.0,79.0,12.0,249.0,256.0,87.0,56.0,31.0,1.0,24.0,30.0,1.0,41.0,132.0,534.0,52.0,651.0,571.0,,1.0,2730.0,,5.0,29.0,,6.0,245.0,942.0,703.0,1.0,239.0,1245.0,,143.0,228.0,171.0,68.0,11.0,1.0,0.0,,,,,,,,,,1.0,1.0,,,,,,1.0,,,,,,,,,,,,,,,,,,,,,,,,,,,,,,,,,,,,,,,,
cpl::Football_Player::410af9177f254590abcec9f3cd63eba5,M. Anchor,Pacific,Goalkeeper,2025,goalkeeper,9,810,0,0,0,0,0,0,1,0,1,0,2,0,0,81.0,15,1.67,0,0,0,0,0,0,0,0,100.0,100.0,100.0,0.0,0,0,0,0,0,0,0,0,0,0,0,0,0,9.0,,9.0,9.0,22.0,9.0,2.0,,,,10.0,,10.0,125.0,82.0,3.0,9.0,,51.0,1.0,11.0,4.0,1.0,,1.0,,10.0,,,62.0,149.0,1.0,1.0,7.0,9.0,63.0,47.0,29.0,10.0,18.0,2.0,6.0,9.0,,6.0,19.0,124.0,10.0,179.0,170.0,,1.0,810.0,,,23.0,,1.0,46.0,234.0,189.0,1.0,45.0,337.0,,29.0,45.0,38.0,7.0,,2.0,0.0,,,,,,,,,,,,,,,,,1.0,,,,,,,,,,,,,,,,,,,,,,,,,,,,,,,,,,,,,,,,
cpl::Football_Player::7b7be3facecb4ab98e4c3f2b04baf071,T. Crampton,Atlético,Goalkeeper,2025,goalkeeper,0,0,0,0,0,0,0,0,0,0,0,0,0,0,0,,0,,0,0,0,0,0,0,0,0,0.0,0.0,0.0,0.0,0,0,0,0,0,0,0,0,0,0,0,0,0,,,,,,,,,,,,,,,,,,,,,,,,,,,,,,,,,,,,,,,,,,,,,,,,,,,,,,,,,,,,,,,,,,,,,,,,,,,,,,,,,,,,,,,,,,,,,,,,,,,,,,,,,,,,,,,,,,,,,,,,,,,,,,,,,
cpl::Football_Player::d4b7a9bbb2bb49f89ab93024813fb926,J. Viscosi,Valour,Goalkeeper,2025,goalkeeper,10,900,0,0,0,0,0,0,0,1,2,0,2,0,0,64.0,22,2.2,0,0,0,0,0,0,0,0,0.0,62.5,100.0,0.0,0,0,0,0,0,0,0,0,0,0,0,0,0,4.0,,4.0,10.0,25.0,9.0,,1.0,,2.0,8.0,3.0,5.0,151.0,80.0,27.0,10.0,,68.0,1.0,21.0,1.0,4.0,3.0,1.0,,10.0,1.0,,51.0,144.0,2.0,1.0,8.0,7.0,87.0,50.0,30.0,21.0,9.0,2.0,13.0,10.0,,14.0,41.0,101.0,36.0,124.0,119.0,,,900.0,,,20.0,1.0,2.0,94.0,252.0,160.0,,92.0,356.0,,48.0,91.0,73.0,19.0,1.0,2.0,0.0,,,,1.0,1.0,,,,,1.0,1.0,,,,,,,,,,,,,,,,,,,,,,,,,,,,,,,,,,,,,,,,,,,,,,
cpl::Football_Player::76af0bbb44f04af1b02452602e267e96,F. Jaramillo,Vancouver,Goalkeeper,2025,goalkeeper,0,0,0,0,0,0,0,0,0,0,0,0,0,0,0,,0,,0,0,0,0,0,0,0,0,0.0,0.0,0.0,0.0,0,0,0,0,0,0,0,0,0,0,0,0,0,,,,,,,,,,,,,,,,,,,,,,,,,,,,,,,,,,,,,,,,,,,,,,,,,,,,,,,,,,,,,,,,,,,,,,,,,,,,,,,,,,,,,,,,,,,,,,,,,,,,,,,,,,,,,,,,,,,,,,,,,,,,,,,,,
cpl::Football_Player::25873ca3630f4b3098e2a7f20d7a708a,E. Marmolejo,Forge,Goalkeeper,2025,goalkeeper,0,0,0,0,0,0,0,0,0,0,0,0,0,0,0,,0,,0,0,0,0,0,0,0,0,0.0,0.0,0.0,0.0,0,0,0,0,0,0,0,0,0,0,0,0,0,,,,,,,,,,,,,,,,,0.0,,,,,,,,,,,,,,,,,,,,,,,,,,,,,,,,,,,,,,,,,,,,,,,,,,,,,,0.0,,,,0.0,,,,,,,,,,,,0.0,0.0,,0.0,0.0,0.0,,,,,,,,,,,,,,,,,,,,,,,,,,,,,,,,,,,,,
cpl::Football_Player::3fe556ac24fd4748b30189a2bc007f20,D. Bontis,Forge,Goalkeeper,2025,goalkeeper,1,89,0,0,0,0,0,0,0,0,0,0,0,0,0,84.0,0,0.0,0,0,0,0,0,0,0,0,0.0,0.0,0.0,0.0,0,0,0,0,0,0,0,0,0,0,0,0,0,,,,1.0,,,,,,,,,,6.0,19.0,1.0,1.0,,10.0,1.0,,,,,,,10.0,,,1.0,8.0,,,,,11.0,11.0,3.0,3.0,,,1.0,1.0,,,1.0,6.0,1.0,14.0,14.0,,,89.0,,,,,,3.0,18.0,15.0,,3.0,32.0,,2.0,3.0,2.0,1.0,,,0.0,,,,,,,,,,,,,,,,,,,,1.0,,,,,,,,,,,,,,,,,,,,,,,,,,,,,,,,,,,,,
cpl::Football_Player::6b20cc5527074f688f19bf91563701cd,I. Pavela,Inter Toronto,Goalkeeper,2025,goalkeeper,7,630,0,0,0,0,0,0,0,0,0,0,0,0,0,72.0,9,1.29,0,0,0,0,0,0,0,0,0.0,60.0,75.0,0.0,0,0,0,0,0,0,0,0,0,0,0,0,0,4.0,1.0,3.0,7.0,8.0,9.0,2.0,,,1.0,5.0,2.0,3.0,72.0,75.0,14.0,7.0,,58.0,1.0,4.0,5.0,1.0,1.0,,,10.0,,,36.0,75.0,,,2.0,3.0,55.0,48.0,14.0,9.0,5.0,,4.0,7.0,,7.0,23.0,58.0,10.0,102.0,89.0,,,630.0,,,9.0,,,45.0,156.0,112.0,,44.0,222.0,,14.0,41.0,26.0,18.0,3.0,,0.0,,,,,,,,,,,,,,,,,,,,,,,,,,,,,,,,,,,,,,,,,,,,,,,,,,,,,,,,,
cpl::Football_Player::9c2fb41ece0d4ac7902f5799c23556f4,M. Williams,Inter Toronto,Goalkeeper,2025,goalkeeper,0,0,0,0,0,0,0,0,0,0,0,0,0,0,0,,0,,0,0,0,0,0,0,0,0,0.0,0.0,0.0,0.0,0,0,0,0,0,0,0,0,0,0,0,0,0,,,,,,,,,,,,,,,,,,,,,,,,,,,,,,,,,,,,,,,,,,,,,,,,,,,,,,,,,,,,,,,,,,,,,,,,,,,,,,,,,,,,,,,,,,,,,,,,,,,,,,,,,,,,,,,,,,,,,,,,,,,,,,,,,
cpl::Football_Player::d986f3de68934587887e6c4ea44fad6f,D. Urtiaga,Inter Toronto,Goalkeeper,2025,goalkeeper,23,2095,0,0,0,0,0,0,0,1,4,0,2,0,0,70.0,35,1.5,0,0,0,0,0,0,0,0,0.0,81.82,100.0,0.0,0,0,0,0,0,0,0,0,0,0,0,0,0,5.0,,5.0,23.0,29.0,11.0,7.0,,,,11.0,2.0,9.0,271.0,195.0,62.0,23.0,,173.0,1.0,30.0,5.0,6.0,2.0,4.0,,10.0,,,122.0,271.0,5.0,5.0,13.0,12.0,172.0,126.0,66.0,44.0,22.0,1.0,15.0,23.0,1.0,17.0,87.0,214.0,35.0,329.0,277.0,,,2095.0,,5.0,21.0,1.0,4.0,162.0,520.0,364.0,,156.0,710.0,,67.0,153.0,110.0,46.0,3.0,2.0,0.0,,1.0,,1.0,1.0,,,,,,,,,,,,,,,,1.0,1.0,,,,,,,,,,,,,,,,,,,,,,,,,,,,,,,,,,,
cpl::Football_Player::3023352676954b56b16a0f7ca64bd877,D. Zadravec,Pacific,Goalkeeper,2025,goalkeeper,0,0,0,0,0,0,0,0,0,0,0,0,0,0,0,,0,,0,0,0,0,0,0,0,0,0.0,0.0,0.0,0.0,0,0,0,0,0,0,0,0,0,0,0,0,0,,,,,,,,,,,,,,,,,,,,,,,,,,,,,,,,,,,,,,,,,,,,,,,,,,,,,,,,,,,,,,,,,,,,,,,,,,,,,,,,,,,,,,,,,,,,,,,,,,,,,,,,,,,,,,,,,,,,,,,,,,,,,,,,,
cpl::Football_Player::b4b2c4b1ad704a3b9f0b7b2d7034ef26,D. Clarke,Cavalry,Goalkeeper,2025,goalkeeper,0,0,0,0,0,0,0,0,0,0,0,0,0,0,0,,0,,0,0,0,0,0,0,0,0,0.0,0.0,0.0,0.0,0,0,0,0,0,0,0,0,0,0,0,0,0,,,,,,,,,,,,,,,,,,,,,,,,,,,,,,,,,,,,,,,,,,,,,,,,,,,,,,,,,,,,,,,,,,,,,,,,,,,,,,,,,,,,,,,,,,,,,,,,,,,,,,,,,,,,,,,,,,,,,,,,,,,,,,,,,
cpl::Football_Player::3a76fbaceee3425fa81fd8fd27b4c24f,M. de Souza,Vancouver,Goalkeeper,2025,goalkeeper,0,0,0,0,0,0,0,0,0,0,0,0,0,0,0,,0,,0,0,0,0,0,0,0,0,0.0,0.0,0.0,0.0,0,0,0,0,0,0,0,0,0,0,0,0,0,,,,,,,,,,,,,,,,,,,,,,,,,,,,,,,,,,,,,,,,,,,,,,,,,,,,,,,,,,,,,,,,,,,,,,,,,,,,,,,,,,,,,,,,,,,,,,,,,,,,,,,,,,,,,,,,,,,,,,,,,,,,,,,,,
cpl::Football_Player::6306b765944944b3b26cdc5135460126,S. Astridge,Wanderers,Goalkeeper,2025,goalkeeper,0,0,0,0,0,0,0,0,0,0,0,0,0,0,0,,0,,0,0,0,0,0,0,0,0,0.0,0.0,0.0,0.0,0,0,0,0,0,0,0,0,0,0,0,0,0,,,,,,,,,,,,,,,,,,,,,,,,,,,,,,,,,,,,,,,,,,,,,,,,,,,,,,,,,,,,,,,,,,,,,,,,,,,,,,,,,,,,,,,,,,,,,,,,,,,,,,,,,,,,,,,,,,,,,,,,,,,,,,,,,
cpl::Football_Player::91baa8fa2dc04652bbd363531ab1acdc,C. Weir,Valour,Goalkeeper,2025,goalkeeper,2,180,0,0,0,0,0,0,0,0,0,0,0,0,0,72.0,7,3.5,0,0,0,0,0,0,0,0,0.0,0.0,0.0,0.0,0,0,0,0,0,0,0,0,0,0,0,0,0,,,,2.0,3.0,,,,,,,,,24.0,10.0,4.0,2.0,,7.0,1.0,7.0,,,,,,10.0,,,5.0,25.0,,,,,12.0,6.0,5.0,4.0,1.0,,,2.0,,6.0,10.0,21.0,6.0,19.0,15.0,,,180.0,,,,,,11.0,35.0,25.0,,10.0,49.0,,4.0,9.0,9.0,1.0,1.0,,0.0,,,,,,,,,,,,,,,,,,,,,,,,,,,,,,,,,,,,,,,,,,,,,,,,,,,,,,,,,
cpl::Football_Player::9027bfb0740f4f26b7758808cb873cf1,A. Kour,Valour,Goalkeeper,2025,goalkeeper,0,0,0,0,0,0,0,0,0,0,0,0,0,0,0,,0,,0,0,0,0,0,0,0,0,0.0,0.0,0.0,0.0,0,0,0,0,0,0,0,0,0,0,0,0,0,,,,,,,,,,,,,,,,,,,,,,,,,,,,,,,,,,,,,,,,,,,,,,,,,,,,,,,,,,,,,,,,,,,,,,,,,,,,,,,,,,,,,,,,,,,,,,,,,,,,,,,,,,,,,,,,,,,,,,,,,,,,,,,,,
cpl::Football_Player::ed004eacaca144bda4943965af890853,E. Gazdov,Valour,Goalkeeper,2025,goalkeeper,7,630,0,0,0,0,0,0,0,0,2,0,0,0,0,65.0,12,1.71,0,0,0,0,0,0,0,0,0.0,100.0,100.0,0.0,0,0,0,0,0,0,0,0,0,0,0,0,0,1.0,,1.0,7.0,19.0,3.0,1.0,,,,3.0,,3.0,97.0,57.0,23.0,7.0,,51.0,2.0,10.0,2.0,2.0,,2.0,,10.0,1.0,,32.0,90.0,2.0,2.0,8.0,3.0,53.0,32.0,21.0,9.0,12.0,,7.0,7.0,,4.0,25.0,66.0,15.0,89.0,79.0,,,630.0,,,9.0,,2.0,62.0,161.0,104.0,,57.0,230.0,,19.0,54.0,45.0,12.0,3.0,,0.0,,,,,,,,,,,,,,,,,,,,,,,,,,,,,,,,,,,,,,,,,,,,,,,,,,,,,,,,,
cpl::Football_Player::f039393214e24dadbb1211ec2c063983,J. Frank,Vancouver,Goalkeeper,2025,goalkeeper,0,0,0,0,0,0,0,0,0,0,0,0,0,0,0,,0,,0,0,0,0,0,0,0,0,0.0,0.0,0.0,0.0,0,0,0,0,0,0,0,0,0,0,0,0,0,,,,,,,,,,,,,,,,,,,,,,,,,,,,,,,,,,,,,,,,,,,,,,,,,,,,,,,,,,,,,,,,,,,,,,,,,,,,,,,,,,,,,,,,,,,,,,,,,,,,,,,,,,,,,,,,,,,,,,,,,,,,,,,,,
cpl::Football_Player::41f23e52e26541bca62d8378fafc1953,F. Aird,Cavalry,Defender,2025,defender,31,2405,3,2,11,5,6,2,27,27,12,2,5,0,0,83.0,33,1.23,66,0,0,2,2,0,0,0,79.41,46.62,59.26,20.37,0,0,0,0,0,0,0,0,0,0,0,0,0,27.0,11.0,16.0,31.0,278.0,,3.0,18.0,,,148.0,79.0,69.0,535.0,,,31.0,2.0,,,29.0,4.0,121.0,68.0,53.0,,10.0,60.0,1.0,544.0,1364.0,,3.0,145.0,,81.0,57.0,,,,,,28.0,8.0,18.0,123.0,1117.0,724.0,522.0,1056.0,7.0,208.0,2405.0,13.0,,48.0,27.0,12.0,417.0,1434.0,1179.0,34.0,255.0,2076.0,105.0,41.0,112.0,292.0,68.0,143.0,5.0,1.0,54.0,1.0,3.0,13.0,,5.0,11.0,27.0,,,,,22.0,15.0,,,27.0,3.0,,12.0,298.0,125.0,1.0,5.0,8.0,66.0,3.0,2.0,2.0,2.0,3.0,2.0,6.0,24.0,67.0,33.0,3.0,15.0,19.0,2.0,28.0,53.0,12.0,0.0,3.0,,,,,,,,,,,,
cpl::Football_Player::04974dd93657419b8440025eca4e2ef0,T. Field,Cavalry,Defender,2025,defender,19,1070,0,1,1,1,0,1,26,8,0,0,2,0,0,85.0,13,1.09,0,0,0,0,0,0,0,0,83.87,65.22,73.33,12.5,0,0,0,0,0,0,0,0,0,0,0,0,0,15.0,4.0,11.0,19.0,98.0,,2.0,2.0,,,69.0,24.0,45.0,228.0,5.0,,19.0,1.0,5.0,,12.0,1.0,54.0,20.0,34.0,,10.0,9.0,,96.0,492.0,,,54.0,,34.0,134.0,,,,,,13.0,3.0,14.0,53.0,418.0,173.0,270.0,386.0,5.0,52.0,1070.0,4.0,,44.0,8.0,,107.0,520.0,439.0,31.0,81.0,726.0,14.0,26.0,42.0,72.0,23.0,39.0,2.0,0.0,8.0,,6.0,6.0,,1.0,1.0,9.0,,,,,21.0,2.0,,,26.0,,,8.0,62.0,3.0,1.0,1.0,10.0,,,,,,,,,,4.0,2.0,,2.0,4.0,,,13.0,3.0,,,1.0,,,,,,,,,,,
cpl::Football_Player::6aa006d1cfcb4e3c92a2de560fa893f6,C. Montgomery,Cavalry,Defender,2025,defender,24,2042,1,1,14,2,8,1,15,14,8,1,3,0,0,88.0,27,1.19,0,0,0,0,0,0,0,0,71.43,72.26,83.95,50.0,0,0,0,0,0,0,0,0,0,0,0,0,0,81.0,13.0,68.0,24.0,186.0,,6.0,2.0,,,137.0,38.0,99.0,460.0,32.0,,24.0,1.0,32.0,,25.0,2.0,56.0,25.0,31.0,1.0,10.0,3.0,,242.0,1140.0,,3.0,96.0,,55.0,448.0,,,,,,23.0,3.0,10.0,72.0,997.0,264.0,800.0,991.0,6.0,2.0,2042.0,,,123.0,14.0,8.0,172.0,1219.0,1063.0,21.0,156.0,1478.0,1.0,34.0,85.0,114.0,43.0,71.0,3.0,0.0,7.0,1.0,1.0,3.0,,6.0,14.0,34.0,,,,,27.0,5.0,,,15.0,1.0,,3.0,69.0,3.0,1.0,5.0,14.0,,1.0,1.0,,,,,8.0,,1.0,1.0,,,5.0,1.0,,1.0,1.0,0.0,1.0,,1.0,1.0,2.0,,,,,,,,
cpl::Football_Player::2765417c9ab14808ae40c91c05077259,M. Harms,Cavalry,Defender,2025,defender,2,46,0,0,0,0,0,0,1,0,1,0,0,0,0,80.0,1,1.96,0,0,0,0,0,0,0,0,100.0,42.86,33.33,0.0,0,0,0,0,0,0,0,0,0,0,0,0,0,3.0,2.0,1.0,2.0,4.0,,,,,,7.0,4.0,3.0,7.0,,,2.0,,,,1.0,,4.0,2.0,2.0,,10.0,,,1.0,15.0,,,2.0,,4.0,1.0,,,,,,,,,,12.0,3.0,9.0,12.0,,1.0,46.0,,,2.0,,1.0,4.0,15.0,12.0,1.0,3.0,22.0,,2.0,3.0,2.0,1.0,,,0.0,1.0,,2.0,,,,,,,,,,1.0,,,,1.0,,,,6.0,,,,,,,,,,,,,,,,1.0,,1.0,,,,,,,,,,,,,,,,,,
cpl::Football_Player::d9884452bb6e4ebd802b73a429b81f2d,Z. Bruno,Forge,Defender,2025,defender,4,137,0,0,1,0,1,0,4,5,2,0,0,1,0,84.0,1,0.66,0,0,0,0,0,0,0,0,80.0,45.45,33.33,0.0,0,0,0,0,0,0,0,0,0,0,0,0,0,3.0,2.0,1.0,4.0,18.0,,,,,,22.0,12.0,10.0,29.0,,,4.0,,,,1.0,,19.0,10.0,9.0,,10.0,1.0,,19.0,66.0,,1.0,12.0,,4.0,8.0,,,,,,1.0,2.0,1.0,3.0,55.0,33.0,24.0,54.0,1.0,11.0,137.0,,,2.0,5.0,2.0,17.0,68.0,57.0,5.0,11.0,104.0,,3.0,3.0,9.0,2.0,8.0,,0.0,4.0,,3.0,3.0,,,1.0,2.0,,,,,1.0,3.0,,1.0,4.0,,1.0,,12.0,5.0,,,,,,,,,,,1.0,,,,,1.0,2.0,,,,1.0,,,,,,,,,,,,,,
cpl::Football_Player::2dd1997d40764eb08c0b5287219a3269,B. Kamdem,Cavalry,Defender,2025,defender,16,972,0,0,4,0,1,0,12,14,9,3,4,1,0,82.0,12,1.11,0,0,0,0,0,0,0,0,60.0,58.82,65.52,15.38,0,0,0,0,0,0,0,0,0,0,0,0,0,29.0,10.0,19.0,16.0,94.0,,1.0,4.0,,,85.0,35.0,50.0,171.0,,,16.0,,,,10.0,2.0,56.0,25.0,31.0,,10.0,7.0,,17.0,410.0,,2.0,67.0,,28.0,141.0,,,,,,12.0,3.0,1.0,23.0,332.0,146.0,207.0,328.0,8.0,89.0,972.0,2.0,,33.0,14.0,9.0,125.0,429.0,351.0,20.0,78.0,675.0,11.0,15.0,30.0,60.0,29.0,48.0,4.0,0.0,17.0,,4.0,9.0,,3.0,4.0,10.0,1.0,,,,10.0,8.0,1.0,1.0,12.0,,,7.0,100.0,44.0,,3.0,,,,3.0,,,,,1.0,,2.0,2.0,,16.0,9.0,,,11.0,,,,2.0,,,,,,,,,,,
cpl::Football_Player::c3b03cc1de7848cdaaca16450017b36d,D. Nimick,Forge,Defender,2025,defender,30,2684,2,4,13,6,5,4,19,12,26,1,2,0,0,91.0,25,0.84,0,0,1,4,2,0,0,0,52.78,71.68,69.57,0.0,0,0,0,0,0,0,0,0,0,0,0,0,0,69.0,21.0,48.0,30.0,479.0,,12.0,4.0,,,173.0,49.0,124.0,641.0,1.0,1.0,30.0,4.0,2.0,,20.0,5.0,104.0,28.0,76.0,,10.0,11.0,1.0,657.0,1808.0,,2.0,286.0,,139.0,517.0,,,,,,30.0,14.0,10.0,216.0,1638.0,468.0,1218.0,1470.0,17.0,6.0,2684.0,5.0,,116.0,12.0,26.0,211.0,1861.0,1686.0,36.0,175.0,2200.0,2.0,33.0,92.0,102.0,75.0,83.0,2.0,1.0,18.0,1.0,,3.0,,8.0,13.0,29.0,,,,,23.0,11.0,,,19.0,2.0,,1.0,46.0,21.0,3.0,2.0,24.0,,2.0,1.0,4.0,2.0,2.0,,5.0,,,,,,8.0,2.0,,2.0,3.0,1.0,1.0,,,,4.0,1.0,,,,,,,
cpl::Football_Player::f40858671e354d42ad80fd9d251afb6f,R. Rama,Forge,Defender,2025,defender,27,2201,1,2,10,3,4,2,47,47,31,3,10,0,0,84.0,22,0.9,0,0,0,0,0,0,0,0,56.63,58.87,55.56,19.23,0,0,0,0,0,0,0,0,0,0,0,0,0,45.0,20.0,25.0,27.0,363.0,,7.0,6.0,,,248.0,102.0,146.0,653.0,,,27.0,2.0,,,18.0,4.0,203.0,82.0,121.0,3.0,10.0,9.0,,411.0,1293.0,,2.0,248.0,,109.0,114.0,,,,,,25.0,7.0,10.0,57.0,1068.0,601.0,529.0,1068.0,36.0,229.0,2201.0,4.0,,69.0,47.0,31.0,325.0,1352.0,1125.0,83.0,227.0,1996.0,21.0,41.0,69.0,179.0,69.0,158.0,10.0,0.0,62.0,,2.0,29.0,1.0,6.0,10.0,25.0,,,,,39.0,26.0,,,47.0,1.0,,6.0,174.0,128.0,2.0,3.0,4.0,,1.0,3.0,,,1.0,,4.0,,5.0,5.0,2.0,22.0,18.0,1.0,,21.0,8.0,0.0,1.0,4.0,1.0,,1.0,,1.0,,,,,,
cpl::Football_Player::9ff2698d6b4d47f9a1949a20ae1b2adc,M. Jevremović,Forge,Defender,2025,defender,27,2097,0,3,10,3,4,3,27,20,26,1,5,0,0,84.0,20,0.86,4,0,0,0,0,0,0,0,65.85,58.86,57.14,19.44,0,0,0,0,0,0,0,0,0,0,0,0,0,28.0,12.0,16.0,27.0,232.0,,8.0,12.0,,,158.0,65.0,93.0,387.0,,,27.0,3.0,,,16.0,4.0,130.0,53.0,77.0,,10.0,22.0,,41.0,1046.0,,2.0,168.0,,88.0,433.0,,,,,,23.0,11.0,7.0,65.0,873.0,451.0,468.0,840.0,14.0,111.0,2097.0,3.0,,49.0,20.0,26.0,330.0,1084.0,905.0,41.0,179.0,1567.0,58.0,28.0,71.0,185.0,52.0,108.0,5.0,0.0,26.0,,4.0,10.0,,6.0,10.0,19.0,,,,1.0,25.0,11.0,,,27.0,,,7.0,223.0,109.0,3.0,4.0,4.0,4.0,,1.0,,,,1.0,4.0,,14.0,14.0,,43.0,21.0,,2.0,56.0,6.0,,,,,,1.0,,,1.0,,,,,
cpl::Football_Player::58c03096b6c940afacb752b030a52ad2,M. Owolabi-Belewu,Forge,Defender,2025,defender,13,642,0,0,3,0,1,0,11,11,9,0,4,0,0,92.0,4,0.56,0,0,0,0,0,0,0,0,73.33,62.5,50.0,0.0,0,0,0,0,0,0,0,0,0,0,0,0,0,6.0,3.0,3.0,13.0,85.0,,2.0,,,,48.0,18.0,30.0,110.0,,,13.0,,,,4.0,,42.0,15.0,27.0,1.0,10.0,,,59.0,343.0,,,53.0,,33.0,174.0,,,,,,8.0,3.0,3.0,13.0,315.0,78.0,251.0,316.0,4.0,,642.0,,,15.0,11.0,9.0,36.0,358.0,329.0,15.0,29.0,433.0,1.0,6.0,13.0,23.0,7.0,16.0,4.0,0.0,5.0,,5.0,6.0,,2.0,3.0,7.0,,,,,12.0,1.0,,,11.0,,,4.0,15.0,1.0,,,3.0,,,,,,,,1.0,,,,,,3.0,,,1.0,1.0,,,1.0,,,,,,,,,,,
cpl::Football_Player::cad9192d6a9541128a76febb4a58387f,E. Kobza,Cavalry,Defender,2025,defender,22,1839,2,0,15,2,8,0,22,46,35,2,8,0,0,88.0,26,1.27,0,0,0,0,0,0,0,0,66.67,56.94,73.53,0.0,0,0,0,0,0,0,0,0,0,0,0,0,0,68.0,18.0,50.0,22.0,258.0,,4.0,3.0,,,209.0,90.0,119.0,373.0,,,22.0,,,,23.0,3.0,141.0,72.0,69.0,1.0,10.0,4.0,1.0,325.0,1038.0,,2.0,119.0,,77.0,240.0,,,,,,20.0,5.0,4.0,85.0,906.0,320.0,609.0,844.0,11.0,4.0,1839.0,1.0,,45.0,46.0,35.0,163.0,1061.0,929.0,33.0,132.0,1306.0,3.0,17.0,33.0,76.0,59.0,99.0,8.0,1.0,24.0,11.0,2.0,18.0,,7.0,15.0,23.0,,,,,15.0,12.0,,,22.0,2.0,,2.0,123.0,69.0,,5.0,9.0,,2.0,2.0,,,,,8.0,,,,,,10.0,2.0,,3.0,4.0,2.0,0.0,,1.0,2.0,5.0,,,,,,,,
cpl::Football_Player::09f14fe890a548b08665ad76b2857552,M. Gherasimencov,Cavalry,Defender,2025,defender,27,1672,2,2,12,4,5,2,31,28,37,4,3,0,0,85.0,19,1.02,7,0,1,0,0,0,0,0,64.58,59.12,55.0,27.45,0,0,0,0,0,0,0,0,0,0,0,0,0,20.0,9.0,11.0,27.0,183.0,,5.0,16.0,,,181.0,74.0,107.0,212.0,,,27.0,2.0,,,18.0,1.0,161.0,65.0,96.0,2.0,10.0,20.0,,27.0,592.0,,1.0,123.0,,69.0,260.0,,,,,,16.0,11.0,2.0,40.0,500.0,298.0,248.0,486.0,17.0,114.0,1672.0,4.0,,31.0,28.0,37.0,208.0,619.0,526.0,48.0,93.0,1107.0,34.0,17.0,30.0,94.0,33.0,63.0,3.0,1.0,36.0,1.0,11.0,10.0,,7.0,12.0,30.0,,,,,25.0,23.0,,,31.0,2.0,,4.0,120.0,69.0,1.0,6.0,4.0,7.0,1.0,4.0,,,,,5.0,3.0,20.0,14.0,1.0,20.0,34.0,,2.0,30.0,24.0,2.0,0.0,4.0,,,1.0,,1.0,,1.0,2.0,,,
cpl::Football_Player::aaacbf86bfeb43ef894d906fd5aa7bdb,J. Alphonse,Wanderers,Defender,2025,defender,15,1158,0,0,1,0,1,0,28,16,9,0,5,0,0,84.0,14,1.09,0,0,0,0,0,0,0,0,66.67,62.71,57.89,0.0,0,0,0,0,0,0,0,0,0,0,0,0,0,19.0,8.0,11.0,15.0,110.0,,1.0,1.0,,,118.0,44.0,74.0,214.0,1.0,,15.0,,1.0,,13.0,1.0,99.0,36.0,63.0,,10.0,1.0,,156.0,430.0,,1.0,68.0,,43.0,52.0,,,,,,13.0,12.0,4.0,24.0,358.0,191.0,186.0,353.0,14.0,20.0,1158.0,,,43.0,16.0,9.0,117.0,450.0,377.0,42.0,73.0,672.0,7.0,30.0,38.0,44.0,36.0,35.0,5.0,0.0,12.0,,2.0,6.0,,,1.0,9.0,,,,,10.0,8.0,,,28.0,,,6.0,28.0,38.0,,1.0,5.0,,,,,,,,1.0,,,,,7.0,15.0,,,7.0,6.0,,,1.0,,,,,,,,,,,
cpl::Football_Player::360a1cff07aa439cb939b0d0d222b08c,J. Dunn,Wanderers,Defender,2025,defender,5,61,0,0,0,0,0,0,1,1,0,0,1,0,0,89.0,2,2.95,0,0,0,0,0,0,0,0,50.0,80.0,100.0,0.0,0,0,0,0,0,0,0,0,0,0,0,0,0,2.0,,2.0,5.0,5.0,,,,,,5.0,1.0,4.0,19.0,,,5.0,,,,2.0,,3.0,1.0,2.0,,10.0,,,12.0,34.0,,,3.0,,3.0,1.0,,,,,,1.0,,,1.0,30.0,12.0,18.0,29.0,1.0,1.0,61.0,,,2.0,1.0,,4.0,34.0,30.0,2.0,4.0,41.0,,1.0,4.0,3.0,1.0,,1.0,0.0,,,4.0,,,,,,,,,,1.0,,,,1.0,,,1.0,2.0,1.0,,,,,,,,,,,,,,,,,,,,,,,,,,,,,,,,,,,
cpl::Football_Player::9e824d03d70a46fe9d571a6ea8b26a28,N. Mekidèche,Wanderers,Defender,2025,defender,10,823,1,1,3,2,1,1,11,12,10,1,3,0,0,84.0,9,0.98,0,0,0,0,0,0,0,0,61.11,58.9,46.88,0.0,0,0,0,0,0,0,0,0,0,0,0,0,0,32.0,17.0,15.0,10.0,82.0,,3.0,,,,73.0,30.0,43.0,188.0,3.0,,10.0,1.0,3.0,,9.0,,41.0,13.0,28.0,1.0,10.0,1.0,,45.0,356.0,,,41.0,,33.0,111.0,,,,,,9.0,1.0,4.0,21.0,294.0,121.0,187.0,287.0,7.0,,823.0,,,49.0,12.0,10.0,72.0,371.0,308.0,18.0,63.0,499.0,,8.0,25.0,43.0,20.0,38.0,3.0,0.0,7.0,,1.0,5.0,,2.0,3.0,4.0,,,,,9.0,4.0,,,11.0,1.0,,2.0,27.0,8.0,,,7.0,,1.0,1.0,,,,,1.0,,,,,,2.0,1.0,,,,1.0,0.0,1.0,,,2.0,,,,,1.0,,,
cpl::Football_Player::608a3af8ed44452d9fe6ae4fd93ab951,W. Edgson,Pacific,Defender,2025,defender,0,0,0,0,0,0,0,0,0,0,0,0,0,0,0,,0,,0,0,0,0,0,0,0,0,0.0,0.0,0.0,0.0,0,0,0,0,0,0,0,0,0,0,0,0,0,,,,,,,,,,,,,,,,,0.0,,,,,,,,,,,,,,,,,,,,,,,,,,,,,,,,,,,,,,,,,,,,,,,,,,,,,,0.0,,,,0.0,,,,,,,,,,,,0.0,0.0,,0.0,0.0,0.0,,,,,,,,,,,,,,,,,,,,,,,,,,,,,,,,,,,,,
cpl::Football_Player::d46e06f14e0d47e58d6f5f00e1eabfa9,T. Meilleur-Giguère,Wanderers,Defender,2025,defender,29,2635,4,0,26,4,8,0,17,9,8,3,1,0,0,89.0,36,1.23,0,0,2,0,0,0,0,0,60.71,68.71,69.15,0.0,0,0,0,0,0,0,0,0,0,0,0,0,0,94.0,29.0,65.0,29.0,134.0,,9.0,9.0,,,147.0,46.0,101.0,390.0,21.0,,29.0,,21.0,,32.0,4.0,53.0,17.0,36.0,1.0,10.0,3.0,,408.0,1130.0,,3.0,49.0,,96.0,333.0,,,,,,29.0,,19.0,79.0,990.0,270.0,778.0,969.0,11.0,1.0,2635.0,1.0,,185.0,9.0,8.0,150.0,1190.0,1048.0,28.0,142.0,1535.0,,57.0,82.0,101.0,41.0,60.0,1.0,2.0,12.0,,,1.0,,18.0,26.0,41.0,,,,,28.0,10.0,,,17.0,4.0,,,59.0,15.0,,7.0,24.0,,4.0,3.0,,,1.0,,8.0,,,,,,,3.0,,,,3.0,1.0,,1.0,3.0,1.0,,2.0,,,,,,
cpl::Football_Player::4da84a61c12443e48f9c5d0dd8f2f3ae,K. Dada-Luke,Vancouver,Defender,2025,defender,23,1805,0,2,3,2,2,2,18,12,35,0,3,2,0,81.0,38,1.89,0,0,0,0,0,0,0,0,58.06,58.19,48.78,27.78,0,0,0,0,0,0,0,0,0,0,0,0,0,41.0,21.0,20.0,23.0,211.0,,2.0,13.0,,,177.0,74.0,103.0,197.0,,,23.0,2.0,,,30.0,8.0,136.0,53.0,83.0,3.0,10.0,15.0,,209.0,602.0,,1.0,118.0,,65.0,25.0,,,,,,21.0,17.0,5.0,19.0,485.0,263.0,249.0,478.0,13.0,125.0,1805.0,5.0,,51.0,12.0,35.0,282.0,614.0,497.0,31.0,117.0,1140.0,39.0,21.0,43.0,127.0,29.0,74.0,3.0,0.0,28.0,,2.0,4.0,,1.0,3.0,15.0,,,,,28.0,10.0,2.0,2.0,18.0,,,3.0,183.0,53.0,2.0,1.0,10.0,,,,,,,,2.0,,15.0,15.0,,51.0,34.0,,,39.0,20.0,,,4.0,,,1.0,,,,,,,,
cpl::Football_Player::8c250cb48a3648f2bfe78681f613b119,G. Facchineri,Valour,Defender,2025,defender,21,1800,1,0,7,1,3,0,21,34,9,0,4,1,0,86.0,40,2.0,0,0,1,0,0,0,0,0,65.62,45.28,42.59,0.0,0,0,0,0,0,0,0,0,0,0,0,0,0,54.0,31.0,23.0,21.0,213.0,,2.0,1.0,,,159.0,87.0,72.0,334.0,7.0,,21.0,,7.0,,35.0,5.0,105.0,56.0,49.0,2.0,10.0,4.0,1.0,330.0,934.0,,3.0,120.0,,80.0,265.0,,,,,,21.0,8.0,8.0,51.0,803.0,215.0,629.0,793.0,11.0,13.0,1800.0,1.0,,92.0,34.0,9.0,185.0,982.0,844.0,32.0,138.0,1256.0,1.0,25.0,69.0,76.0,63.0,69.0,4.0,1.0,18.0,,,18.0,1.0,4.0,7.0,14.0,1.0,,,,19.0,8.0,1.0,1.0,21.0,1.0,,1.0,53.0,4.0,,2.0,11.0,,1.0,,,,,,3.0,,,,,9.0,10.0,1.0,,1.0,4.0,0.0,1.0,,,,2.0,,,,,,1.0,,
cpl::Football_Player::bf1559f63d3642679c430ff1f41355a7,G. Mukumbilwa,Pacific,Defender,2025,defender,20,1016,0,0,4,0,1,0,11,8,19,2,1,0,0,83.0,28,2.48,0,0,0,0,0,0,0,0,50.0,62.38,60.0,19.05,0,0,0,0,0,0,0,0,0,0,0,0,0,25.0,10.0,15.0,20.0,122.0,,,4.0,,,101.0,38.0,63.0,165.0,,,20.0,,,,25.0,3.0,76.0,28.0,48.0,1.0,10.0,2.0,2.0,61.0,462.0,,3.0,54.0,,52.0,122.0,,,,,,12.0,7.0,8.0,25.0,381.0,146.0,246.0,363.0,11.0,55.0,1016.0,,,28.0,8.0,19.0,153.0,469.0,388.0,22.0,81.0,733.0,17.0,22.0,28.0,65.0,33.0,53.0,1.0,0.0,20.0,2.0,8.0,4.0,1.0,3.0,4.0,17.0,,,,,23.0,5.0,,,11.0,,,9.0,121.0,48.0,,3.0,3.0,,,2.0,,,,,1.0,,4.0,4.0,,21.0,14.0,,,17.0,10.0,,,,,,1.0,,,,,,,,
cpl::Football_Player::242992e119ea4cf3b76878a2029dddac,P. Gee,Vancouver,Defender,2025,defender,25,1234,1,0,6,1,3,0,12,9,16,2,3,0,0,79.0,35,2.55,1,0,0,0,0,0,0,0,66.67,48.36,50.0,13.73,0,0,0,0,0,0,0,0,0,0,0,0,0,26.0,13.0,13.0,25.0,139.0,,1.0,12.0,,,122.0,63.0,59.0,183.0,,,25.0,,,,29.0,6.0,96.0,50.0,46.0,1.0,10.0,7.0,,63.0,425.0,,1.0,92.0,,45.0,111.0,,,,,,13.0,13.0,4.0,21.0,337.0,179.0,176.0,326.0,6.0,59.0,1234.0,,1.0,33.0,9.0,16.0,196.0,440.0,347.0,18.0,93.0,754.0,43.0,19.0,34.0,113.0,23.0,59.0,3.0,1.0,16.0,3.0,12.0,4.0,,3.0,6.0,14.0,,,,,19.0,6.0,,,12.0,1.0,,5.0,83.0,66.0,,3.0,4.0,1.0,,2.0,,,1.0,,3.0,1.0,8.0,7.0,,12.0,28.0,,,43.0,19.0,1.0,0.0,1.0,,,,,,,1.0,,,,
cpl::Football_Player::f5f9dbfb4ae043d7bf4f7094d31693c3,J. Quintana,Pacific,Defender,2025,defender,4,360,0,0,4,0,1,0,5,8,4,0,3,0,0,83.0,8,2.0,0,0,0,0,0,0,0,0,62.5,61.7,73.91,0.0,0,0,0,0,0,0,0,0,0,0,0,0,0,23.0,6.0,17.0,4.0,67.0,,1.0,2.0,,,47.0,18.0,29.0,77.0,9.0,,4.0,,9.0,,6.0,2.0,24.0,12.0,12.0,,10.0,1.0,,74.0,175.0,,,39.0,,15.0,38.0,,,,,,4.0,,1.0,6.0,143.0,39.0,121.0,154.0,3.0,1.0,360.0,,,40.0,8.0,4.0,37.0,193.0,160.0,8.0,33.0,275.0,,11.0,18.0,19.0,14.0,15.0,3.0,0.0,4.0,,,7.0,,3.0,4.0,9.0,,,,,9.0,2.0,,,5.0,,,,4.0,,,1.0,3.0,,,,,,,,1.0,,,,,,,,,,,,,,1.0,,,,,,,,,,
cpl::Football_Player::7205a0ef2aab4cf98da19157fb879f8a,E. Lajeunesse,Pacific,Defender,2025,defender,15,1268,0,0,0,0,0,0,9,16,13,1,1,0,0,81.0,25,1.77,0,0,0,0,0,0,0,0,42.86,50.49,31.43,100.0,0,0,0,0,0,0,0,0,0,0,0,0,0,35.0,24.0,11.0,15.0,104.0,,2.0,1.0,,,103.0,51.0,52.0,311.0,,,15.0,,,,21.0,4.0,68.0,27.0,41.0,1.0,10.0,3.0,,29.0,600.0,,4.0,59.0,,40.0,231.0,,,,,,14.0,7.0,4.0,18.0,480.0,183.0,323.0,487.0,12.0,51.0,1268.0,1.0,,49.0,16.0,13.0,170.0,625.0,505.0,21.0,120.0,872.0,,29.0,59.0,84.0,36.0,61.0,1.0,0.0,15.0,1.0,1.0,10.0,1.0,,,7.0,,,,,12.0,6.0,,,9.0,,,1.0,54.0,,,,8.0,,,1.0,,,,,,,1.0,1.0,,26.0,5.0,,,,4.0,,,,1.0,,,,,,,,,1.0,
cpl::Football_Player::edf6ef9ee973485dbbf8b5123cf83a94,K. Chung,Pacific,Defender,2025,defender,27,2392,1,1,10,2,5,1,50,10,22,0,5,0,0,87.0,56,2.11,0,0,2,0,0,0,0,0,79.37,58.6,34.78,26.53,0,0,0,0,0,0,0,0,0,0,0,0,0,23.0,15.0,8.0,27.0,222.0,,3.0,14.0,,,186.0,77.0,109.0,329.0,,,27.0,1.0,,,49.0,7.0,163.0,62.0,101.0,,10.0,16.0,,372.0,946.0,,6.0,113.0,,70.0,69.0,,,,,,27.0,16.0,10.0,46.0,817.0,427.0,417.0,785.0,13.0,115.0,2392.0,6.0,,64.0,10.0,22.0,268.0,960.0,831.0,63.0,129.0,1475.0,36.0,22.0,39.0,123.0,42.0,90.0,5.0,0.0,35.0,2.0,,8.0,,5.0,10.0,32.0,,,,,18.0,13.0,,,50.0,1.0,,3.0,190.0,37.0,1.0,1.0,2.0,,1.0,,,,1.0,,5.0,,13.0,13.0,2.0,34.0,38.0,,,36.0,23.0,1.0,0.0,2.0,,,,,1.0,,,,,,
cpl::Football_Player::8acd7b030e09457dacf4d02078701836,Allan Enyou,Vancouver,Defender,2025,defender,23,1917,0,1,4,1,0,1,23,22,7,0,5,0,0,83.0,39,1.83,0,0,0,0,0,0,0,0,63.89,56.0,63.04,25.0,0,0,0,0,0,0,0,0,0,0,0,0,0,46.0,17.0,29.0,23.0,238.0,,1.0,3.0,,,150.0,66.0,84.0,416.0,1.0,,23.0,1.0,1.0,,34.0,5.0,104.0,49.0,55.0,,10.0,2.0,,91.0,943.0,,2.0,126.0,,119.0,357.0,,,,,,22.0,12.0,5.0,39.0,777.0,245.0,564.0,765.0,13.0,54.0,1917.0,,,90.0,22.0,7.0,244.0,976.0,804.0,36.0,172.0,1352.0,12.0,42.0,84.0,128.0,56.0,88.0,5.0,0.0,39.0,,1.0,9.0,,4.0,4.0,9.0,,,,,21.0,24.0,,,23.0,,,6.0,112.0,9.0,1.0,2.0,12.0,,,,,,,,,,5.0,4.0,,30.0,12.0,,,12.0,5.0,,,1.0,,,,,,,,,,,
cpl::Football_Player::46e85b6f18f042fe837554290482828b,A. Đidić,Atlético,Defender,2025,defender,4,302,0,0,3,0,0,0,3,5,0,0,2,0,0,93.0,4,1.19,0,0,0,0,0,0,0,0,75.0,40.0,44.44,0.0,0,0,0,0,0,0,0,0,0,0,0,0,0,9.0,5.0,4.0,4.0,27.0,,,,,,20.0,12.0,8.0,80.0,,,4.0,,,,3.0,1.0,11.0,7.0,4.0,,10.0,,,77.0,185.0,,,14.0,,16.0,10.0,,,,,,4.0,,1.0,12.0,171.0,33.0,141.0,162.0,1.0,5.0,302.0,,,14.0,5.0,,21.0,188.0,174.0,4.0,14.0,234.0,,2.0,5.0,9.0,5.0,9.0,2.0,0.0,4.0,,,4.0,,3.0,3.0,2.0,,,,,6.0,1.0,,,3.0,,,1.0,21.0,,,,2.0,,,,,,,,,,,,,6.0,,,,,,,,,,,,,,,,,,,
cpl::Football_Player::141494f5941d475e9bdcd8c685f15d53,A. Pearlman,Wanderers,Defender,2025,defender,27,2364,2,2,11,4,7,2,38,34,29,3,8,0,0,79.0,29,1.1,0,0,0,0,0,0,0,0,63.33,52.42,55.32,18.92,0,0,0,0,0,0,0,0,0,0,0,0,0,47.0,21.0,26.0,27.0,248.0,,8.0,7.0,,,248.0,118.0,130.0,483.0,,,27.0,2.0,,,25.0,4.0,201.0,97.0,104.0,1.0,10.0,13.0,1.0,396.0,1005.0,,2.0,150.0,,115.0,50.0,,,,,,27.0,15.0,10.0,61.0,780.0,475.0,346.0,753.0,22.0,153.0,2364.0,5.0,,75.0,34.0,29.0,385.0,1042.0,814.0,60.0,228.0,1653.0,30.0,42.0,95.0,204.0,54.0,133.0,8.0,1.0,47.0,2.0,,14.0,,4.0,11.0,41.0,,,,1.0,16.0,18.0,,,38.0,2.0,,9.0,113.0,123.0,2.0,,7.0,,2.0,3.0,,,2.0,,7.0,,7.0,7.0,5.0,52.0,35.0,2.0,,30.0,22.0,0.0,2.0,4.0,1.0,,2.0,,2.0,,,,,,
cpl::Football_Player::3ebb1a23b8bf4400bf5519f616825cad,K. Sow,Wanderers,Defender,2025,defender,27,2183,0,2,6,2,2,2,18,14,7,1,3,0,0,89.0,29,1.2,1,0,0,0,0,0,0,0,52.94,55.63,53.62,11.11,0,0,0,0,0,0,0,0,0,0,0,0,0,69.0,32.0,37.0,27.0,185.0,,7.0,3.0,,,151.0,67.0,84.0,479.0,13.0,,27.0,2.0,13.0,,25.0,4.0,82.0,35.0,47.0,,10.0,4.0,1.0,186.0,1098.0,,3.0,95.0,,86.0,377.0,,,,,,24.0,6.0,8.0,61.0,968.0,412.0,595.0,945.0,16.0,40.0,2183.0,2.0,,76.0,14.0,7.0,176.0,1137.0,1006.0,34.0,131.0,1430.0,8.0,16.0,41.0,83.0,56.0,90.0,3.0,0.0,26.0,,3.0,5.0,1.0,4.0,6.0,30.0,,,,,15.0,14.0,,,18.0,,,4.0,95.0,58.0,2.0,1.0,13.0,1.0,,1.0,,,,,2.0,,1.0,1.0,1.0,3.0,12.0,,,8.0,4.0,,,,,,,,,,,,,,
cpl::Football_Player::3aaf25a2f090423584d5e9d492e5ca42,J. Grant,Atlético,Defender,2025,defender,0,0,0,0,0,0,0,0,0,0,0,0,0,0,0,,0,,0,0,0,0,0,0,0,0,0.0,0.0,0.0,0.0,0,0,0,0,0,0,0,0,0,0,0,0,0,,,,,,,,,,,,,,,,,0.0,,,,,,,,,,,,,,,,,,,,,,,,,,,,,,,,,,,,,,,,,,,,,,,,,,,,,,0.0,,,,0.0,,,,,,,,,,,,0.0,0.0,,0.0,0.0,0.0,,,,,,,,,,,,,,,,,,,,,,,,,,,,,,,,,,,,,
cpl::Football_Player::9dfa32fd254946aa9189e26a8888a192,E. Bah,Vancouver,Defender,2025,defender,27,2270,2,6,23,8,10,6,34,25,76,2,5,0,0,80.0,49,1.94,13,0,1,0,0,0,0,0,80.95,48.19,29.63,9.3,0,0,0,0,0,0,0,0,0,0,0,0,0,27.0,19.0,8.0,27.0,317.0,,2.0,17.0,,,332.0,172.0,160.0,150.0,,,27.0,6.0,,,40.0,9.0,305.0,153.0,152.0,,10.0,19.0,,58.0,639.0,,2.0,162.0,,108.0,252.0,,,,,,25.0,34.0,3.0,19.0,506.0,322.0,201.0,500.0,8.0,77.0,2270.0,4.0,,29.0,25.0,76.0,376.0,654.0,519.0,42.0,135.0,1286.0,39.0,11.0,27.0,149.0,25.0,108.0,5.0,0.0,38.0,13.0,2.0,12.0,,13.0,23.0,89.0,,,,2.0,24.0,14.0,,,34.0,2.0,,7.0,194.0,80.0,6.0,13.0,4.0,13.0,2.0,2.0,,,1.0,,10.0,,4.0,4.0,4.0,12.0,107.0,2.0,9.0,28.0,68.0,2.0,0.0,9.0,,1.0,3.0,,2.0,,,,,2.0,
cpl::Football_Player::1122de539ffd41e896e9f9ac2dbcc457,L. Cloutier,Atlético,Defender,2025,defender,26,2265,0,2,5,2,1,2,23,16,8,0,2,0,0,91.0,25,0.99,0,0,0,0,0,0,0,0,71.88,58.12,59.09,0.0,0,0,0,0,0,0,0,0,0,0,0,0,0,44.0,18.0,26.0,26.0,413.0,,9.0,2.0,,,117.0,49.0,68.0,704.0,11.0,,26.0,2.0,11.0,,24.0,1.0,73.0,31.0,42.0,1.0,10.0,7.0,2.0,692.0,1818.0,,2.0,186.0,,70.0,335.0,,,,,,25.0,2.0,13.0,63.0,1647.0,501.0,1193.0,1631.0,9.0,67.0,2265.0,1.0,,104.0,16.0,8.0,222.0,1870.0,1694.0,32.0,176.0,2225.0,7.0,50.0,87.0,118.0,65.0,89.0,2.0,0.0,27.0,,1.0,8.0,,4.0,5.0,7.0,1.0,,,,38.0,14.0,,,23.0,,,4.0,139.0,42.0,1.0,,12.0,,,,,,,,1.0,,,,1.0,25.0,8.0,,,7.0,4.0,,,1.0,,,2.0,,,,,,,,
cpl::Football_Player::3369d66b5c1c44c38f4b479aed83a7e7,Roberto Alarcón,Valour,Defender,2025,defender,24,1554,0,2,6,2,0,2,41,23,24,1,5,0,0,88.0,41,2.37,18,0,1,0,0,0,0,0,69.49,63.4,71.43,8.7,0,0,0,0,0,0,0,0,0,0,0,0,0,14.0,4.0,10.0,24.0,212.0,,,3.0,,,153.0,56.0,97.0,228.0,,,24.0,2.0,,,38.0,3.0,139.0,52.0,87.0,,10.0,6.0,,319.0,775.0,,5.0,94.0,,76.0,94.0,,,,,,16.0,4.0,3.0,48.0,682.0,314.0,401.0,657.0,18.0,104.0,1554.0,2.0,1.0,38.0,23.0,24.0,186.0,803.0,705.0,59.0,98.0,1193.0,40.0,21.0,46.0,105.0,33.0,52.0,5.0,0.0,23.0,2.0,8.0,15.0,1.0,6.0,6.0,2.0,,,,,17.0,11.0,,,41.0,,,6.0,162.0,78.0,1.0,1.0,4.0,18.0,,1.0,,,,,,2.0,10.0,4.0,1.0,11.0,18.0,,14.0,20.0,8.0,,,2.0,,,,,,3.0,,,,,
cpl::Football_Player::b6597676a5e34edf998b3ef92a3c14d0,M. Campagna,Vancouver,Defender,2025,defender,27,2260,1,1,12,2,5,1,30,26,8,2,6,0,0,86.0,46,1.83,0,0,0,0,0,0,0,0,68.18,58.33,58.67,14.29,0,0,0,0,0,0,0,0,0,0,0,0,0,75.0,31.0,44.0,27.0,276.0,,2.0,2.0,,,168.0,70.0,98.0,484.0,8.0,,27.0,1.0,8.0,,37.0,9.0,93.0,39.0,54.0,,10.0,2.0,1.0,513.0,1212.0,,2.0,170.0,,67.0,162.0,,,,,,26.0,2.0,14.0,82.0,1034.0,335.0,738.0,990.0,14.0,34.0,2260.0,,1.0,148.0,26.0,8.0,216.0,1252.0,1072.0,44.0,180.0,1629.0,6.0,39.0,93.0,131.0,55.0,87.0,6.0,0.0,23.0,1.0,1.0,6.0,1.0,7.0,12.0,30.0,1.0,,,,32.0,9.0,,,30.0,1.0,,5.0,93.0,10.0,,3.0,16.0,,1.0,2.0,,,1.0,,5.0,,1.0,1.0,,4.0,6.0,1.0,,6.0,3.0,0.0,1.0,2.0,,,3.0,,,,,,,1.0,
cpl::Football_Player::8baee08a0ffb48ed8e4c68b4c56a02cc,C. Greco-Taylor,Pacific,Defender,2025,defender,24,1236,0,3,3,3,1,3,22,20,28,0,3,1,0,74.0,33,2.4,3,0,0,0,0,0,0,0,56.41,61.76,63.64,9.43,0,0,0,0,0,0,0,0,0,0,0,0,0,22.0,8.0,14.0,24.0,133.0,,1.0,9.0,,,136.0,52.0,84.0,279.0,,,24.0,3.0,,,32.0,1.0,114.0,44.0,70.0,2.0,10.0,7.0,,26.0,574.0,,2.0,84.0,,51.0,195.0,,,,,,12.0,3.0,4.0,40.0,419.0,219.0,227.0,400.0,17.0,92.0,1236.0,1.0,,33.0,20.0,28.0,298.0,602.0,440.0,39.0,162.0,1009.0,47.0,38.0,73.0,160.0,49.0,89.0,3.0,0.0,41.0,3.0,12.0,11.0,,2.0,3.0,6.0,,,,,15.0,16.0,,1.0,22.0,,1.0,2.0,102.0,63.0,2.0,2.0,5.0,3.0,,,,,,,1.0,1.0,6.0,5.0,1.0,42.0,15.0,,2.0,43.0,6.0,,,3.0,,,1.0,,,,,,,,
cpl::Football_Player::130bf1bad34e405d8bf525d7dab36e0f,T. Walker,Atlético,Defender,2025,defender,17,760,0,1,5,1,1,1,17,14,7,0,2,1,0,90.0,10,1.18,0,0,0,0,0,0,0,0,80.95,56.47,50.0,42.86,0,0,0,0,0,0,0,0,0,0,0,0,0,28.0,14.0,14.0,17.0,105.0,,2.0,3.0,,,85.0,37.0,48.0,202.0,,,17.0,1.0,,,8.0,2.0,57.0,23.0,34.0,,10.0,4.0,,145.0,506.0,,,58.0,,31.0,135.0,,,,,,6.0,6.0,2.0,29.0,453.0,164.0,308.0,440.0,4.0,18.0,760.0,,,50.0,14.0,7.0,87.0,523.0,469.0,21.0,54.0,703.0,4.0,14.0,28.0,41.0,17.0,26.0,2.0,0.0,5.0,1.0,11.0,9.0,,4.0,5.0,10.0,,,,,16.0,2.0,,1.0,17.0,,1.0,1.0,41.0,5.0,,1.0,3.0,,,,,,,,1.0,,3.0,3.0,,17.0,7.0,,,4.0,6.0,,,1.0,,,2.0,,,,,,,,
cpl::Football_Player::6d71463236d1442fb192c9170e86e702,M. Hallam,Pacific,Defender,2025,defender,0,0,0,0,0,0,0,0,0,0,0,0,0,0,0,,0,,0,0,0,0,0,0,0,0,0.0,0.0,0.0,0.0,0,0,0,0,0,0,0,0,0,0,0,0,0,,,,,,,,,,,,,,,,,0.0,,,,,,,,,,,,,,,,,,,,,,,,,,,,,,,,,,,,,,,,,,,,,,,,,,,,,,0.0,,,,0.0,,,,,,,,,,,,0.0,0.0,,0.0,0.0,0.0,,,,,,,,,,,,,,,,,,,,,,,,,,,,,,,,,,,,,
cpl::Football_Player::f3ffebc2701c4e608f9f5055198c5ec9,D. Norman,Vancouver,Defender,2025,defender,23,1758,2,2,11,4,3,2,30,43,15,0,9,0,0,84.0,42,2.15,0,0,0,1,1,0,0,0,63.83,49.07,41.38,40.0,0,0,0,0,0,0,0,0,0,0,0,0,0,29.0,17.0,12.0,23.0,199.0,,1.0,1.0,,,161.0,82.0,79.0,311.0,,,23.0,2.0,,,34.0,8.0,132.0,65.0,67.0,,10.0,9.0,,193.0,835.0,,2.0,105.0,,74.0,283.0,,,,,,20.0,5.0,11.0,62.0,699.0,293.0,444.0,673.0,17.0,5.0,1758.0,3.0,,49.0,43.0,15.0,174.0,875.0,735.0,47.0,140.0,1097.0,3.0,29.0,65.0,109.0,34.0,75.0,9.0,0.0,20.0,7.0,3.0,24.0,1.0,8.0,11.0,20.0,,,,,13.0,9.0,,,30.0,2.0,,7.0,88.0,15.0,1.0,1.0,6.0,,1.0,,1.0,1.0,,,3.0,,2.0,2.0,,,11.0,1.0,,3.0,3.0,1.0,1.0,,,,1.0,,,3.0,1.0,2.0,,,1.0
cpl::Football_Player::474e7cdb2e5742da97bb54f6e7a4e236,S. Kozlovskiy,Atlético,Defender,2025,defender,21,1556,0,0,4,0,0,0,15,24,6,0,5,0,0,90.0,18,1.04,0,0,0,0,0,0,0,0,93.75,37.97,38.1,22.22,0,0,0,0,0,0,0,0,0,0,0,0,0,21.0,13.0,8.0,21.0,188.0,,4.0,4.0,,,79.0,49.0,30.0,460.0,5.0,,21.0,,5.0,,16.0,2.0,58.0,36.0,22.0,,10.0,7.0,,121.0,1284.0,,1.0,106.0,,35.0,612.0,,,,,,18.0,,17.0,80.0,1151.0,349.0,846.0,1113.0,1.0,48.0,1556.0,,,65.0,24.0,6.0,176.0,1326.0,1193.0,16.0,133.0,1561.0,7.0,38.0,79.0,100.0,40.0,54.0,5.0,0.0,13.0,1.0,3.0,10.0,,4.0,4.0,4.0,,,,,9.0,4.0,,,15.0,,,5.0,133.0,12.0,,1.0,12.0,,,,,,,,,,2.0,2.0,,28.0,3.0,,,7.0,1.0,,,,,,,,,,,,,,
cpl::Football_Player::41a6af9f6ff34b93a944156aafe64ecf,Pedro Machado,Pacific,Defender,2025,defender,13,1145,0,1,6,1,2,1,8,18,8,1,2,0,0,87.0,23,1.81,0,0,0,0,0,0,0,0,53.33,54.67,61.29,0.0,0,0,0,0,0,0,0,0,0,0,0,0,0,31.0,12.0,19.0,13.0,98.0,,1.0,1.0,,,75.0,34.0,41.0,240.0,17.0,,13.0,1.0,17.0,,18.0,5.0,44.0,22.0,22.0,,10.0,2.0,,238.0,580.0,,3.0,47.0,,29.0,111.0,,,,,,13.0,,9.0,31.0,497.0,116.0,418.0,503.0,7.0,3.0,1145.0,1.0,,72.0,18.0,8.0,90.0,618.0,534.0,15.0,84.0,764.0,,40.0,61.0,53.0,31.0,23.0,2.0,0.0,7.0,,,7.0,,4.0,6.0,9.0,,,,,10.0,3.0,,,8.0,,,1.0,29.0,,1.0,2.0,7.0,,,1.0,,,,,2.0,,,,,,,,,,,,,,,,2.0,,,,,,,,
cpl::Football_Player::8a6c8e7f553849f9a237ca5dd408e66d,B. Levis,Atlético,Defender,2025,defender,11,554,0,0,3,0,1,0,13,8,9,0,1,0,0,91.0,7,1.14,0,0,0,0,0,0,0,0,81.25,76.19,93.75,37.5,0,0,0,0,0,0,0,0,0,0,0,0,0,16.0,1.0,15.0,11.0,88.0,,1.0,2.0,,,63.0,15.0,48.0,143.0,,,11.0,,,,6.0,1.0,47.0,14.0,33.0,,10.0,2.0,,33.0,404.0,,,40.0,,28.0,184.0,,,,,,7.0,8.0,4.0,16.0,363.0,125.0,258.0,364.0,3.0,30.0,554.0,,,12.0,8.0,9.0,68.0,421.0,380.0,16.0,41.0,552.0,5.0,8.0,14.0,31.0,15.0,27.0,1.0,0.0,5.0,1.0,4.0,7.0,,2.0,3.0,3.0,,,,,3.0,1.0,,,13.0,,,4.0,61.0,3.0,,,7.0,,,,,,,1.0,1.0,,3.0,3.0,,10.0,3.0,,,5.0,2.0,,,,,,,,,,,,,,
cpl::Football_Player::ba9cc02d980d4b008db9154ee2ce3ccc,K. Egwu,Valour,Defender,2025,defender,23,1724,3,0,7,3,4,0,31,15,9,1,5,0,0,89.0,44,2.3,0,0,0,0,0,0,0,0,77.5,59.02,62.5,0.0,0,0,0,0,0,0,0,0,0,0,0,0,0,24.0,9.0,15.0,23.0,278.0,,2.0,,,,122.0,50.0,72.0,367.0,1.0,,23.0,,1.0,,43.0,1.0,98.0,41.0,57.0,,10.0,4.0,,154.0,951.0,,6.0,164.0,,67.0,416.0,,,,,,19.0,8.0,11.0,61.0,846.0,307.0,571.0,817.0,9.0,13.0,1724.0,,,92.0,15.0,9.0,152.0,990.0,878.0,40.0,112.0,1286.0,3.0,26.0,61.0,83.0,32.0,51.0,5.0,2.0,22.0,1.0,4.0,3.0,,3.0,7.0,15.0,,,,,27.0,15.0,,,31.0,3.0,,2.0,53.0,6.0,,2.0,6.0,,3.0,1.0,,,,,4.0,,,,,7.0,14.0,3.0,,3.0,4.0,2.0,1.0,,,1.0,,,,,,2.0,,,
cpl::Football_Player::a22a6c20e107412398d843c4ab034577,R. Romeo,Valour,Defender,2025,defender,17,1157,0,0,2,0,1,0,9,10,5,1,4,0,0,87.0,31,2.41,0,0,0,0,0,0,0,0,60.0,57.14,61.54,0.0,0,0,0,0,0,0,0,0,0,0,0,0,0,26.0,10.0,16.0,17.0,120.0,,1.0,1.0,,,63.0,27.0,36.0,245.0,7.0,,17.0,,7.0,,28.0,3.0,37.0,17.0,20.0,,10.0,3.0,,243.0,649.0,,2.0,73.0,,49.0,169.0,,,,,,13.0,1.0,13.0,68.0,559.0,190.0,401.0,523.0,6.0,2.0,1157.0,,,69.0,10.0,5.0,104.0,686.0,591.0,15.0,95.0,820.0,1.0,25.0,54.0,73.0,23.0,41.0,4.0,0.0,8.0,,4.0,2.0,,1.0,2.0,9.0,,,,,9.0,3.0,,,9.0,,,2.0,29.0,4.0,,,5.0,,,1.0,,,,,1.0,,,,,,2.0,,,1.0,,,,,1.0,,1.0,,,,,,,,
cpl::Football_Player::2643a053f0b04373b2b6da28c55fe66e,T. Antonoglou,Valour,Defender,2025,defender,26,2022,2,6,13,8,7,6,25,29,20,1,4,0,0,88.0,48,2.14,49,0,0,0,0,0,0,0,60.98,51.25,47.83,8.6,0,0,0,0,0,0,0,0,0,0,0,0,0,23.0,12.0,11.0,26.0,195.0,,2.0,6.0,,,160.0,78.0,82.0,312.0,,,26.0,6.0,,,43.0,5.0,137.0,66.0,71.0,,10.0,32.0,,47.0,834.0,,4.0,93.0,,103.0,345.0,,,,,,23.0,10.0,9.0,74.0,730.0,411.0,373.0,679.0,16.0,128.0,2022.0,6.0,,48.0,29.0,20.0,249.0,862.0,753.0,41.0,109.0,1380.0,66.0,23.0,45.0,132.0,43.0,64.0,4.0,0.0,31.0,5.0,3.0,18.0,,6.0,13.0,27.0,,,,,28.0,19.0,,,25.0,2.0,,6.0,158.0,110.0,5.0,7.0,4.0,49.0,2.0,1.0,,,,2.0,7.0,19.0,31.0,8.0,,25.0,21.0,1.0,29.0,27.0,13.0,2.0,0.0,,,,,,2.0,3.0,,2.0,,,
cpl::Football_Player::b48a3c5692c34ed3915577a233b54697,N. Abatneh,Atlético,Defender,2025,defender,25,2186,1,0,10,1,4,0,11,15,28,1,5,0,0,96.0,23,0.95,0,0,1,0,0,0,0,0,47.83,59.26,47.06,0.0,0,0,0,0,0,0,0,0,0,0,0,0,0,51.0,27.0,24.0,25.0,439.0,,10.0,2.0,,,135.0,55.0,80.0,562.0,66.0,,25.0,,66.0,,21.0,2.0,84.0,28.0,56.0,,10.0,4.0,1.0,625.0,1890.0,,2.0,262.0,,72.0,720.0,,,,,,24.0,5.0,11.0,81.0,1798.0,316.0,1572.0,1807.0,12.0,1.0,2186.0,1.0,1.0,109.0,15.0,28.0,113.0,1984.0,1888.0,23.0,96.0,2258.0,,29.0,55.0,55.0,41.0,41.0,5.0,1.0,9.0,1.0,1.0,9.0,,6.0,10.0,15.0,,,,,25.0,7.0,,,11.0,1.0,,3.0,77.0,9.0,,1.0,15.0,,1.0,1.0,,,1.0,,4.0,,,,1.0,,6.0,,,,3.0,1.0,0.0,1.0,1.0,,2.0,,,,,,,,
cpl::Football_Player::b5c2bedf649c4d0e99c3d22079bb5a16,J. Coulanges,Atlético,Defender,2025,defender,20,594,2,0,8,2,6,0,19,16,9,2,1,0,0,84.0,7,1.06,0,0,0,0,0,0,0,0,82.61,46.81,18.18,18.18,0,0,0,0,0,0,0,0,0,0,0,0,0,11.0,9.0,2.0,20.0,91.0,,,3.0,,,94.0,50.0,44.0,41.0,,,20.0,,,,6.0,1.0,83.0,41.0,42.0,1.0,10.0,11.0,,4.0,226.0,,1.0,55.0,,31.0,81.0,,,,,,6.0,10.0,1.0,3.0,188.0,103.0,87.0,185.0,4.0,14.0,594.0,1.0,,10.0,16.0,9.0,90.0,226.0,188.0,23.0,38.0,382.0,9.0,3.0,3.0,33.0,14.0,35.0,1.0,0.0,8.0,,14.0,9.0,1.0,2.0,8.0,26.0,,,,,7.0,5.0,,,19.0,2.0,,6.0,100.0,47.0,,,2.0,,2.0,2.0,,,1.0,,6.0,,2.0,2.0,,1.0,21.0,2.0,,9.0,12.0,1.0,1.0,7.0,,,,,2.0,,,1.0,,2.0,
cpl::Football_Player::dbd8bd41aa5a42158cc6c3a4c952bfdf,Z. Fernandez,Valour,Defender,2025,defender,14,1194,1,0,2,1,1,0,19,13,22,0,1,0,0,88.0,27,2.04,0,0,0,0,0,0,0,0,79.17,60.38,48.0,25.0,0,0,0,0,0,0,0,0,0,0,0,0,0,25.0,13.0,12.0,14.0,169.0,,1.0,,,,106.0,42.0,64.0,209.0,1.0,,14.0,,1.0,,25.0,2.0,81.0,29.0,52.0,,10.0,8.0,3.0,230.0,569.0,,3.0,89.0,,49.0,71.0,,,,,,14.0,6.0,2.0,28.0,498.0,244.0,273.0,487.0,5.0,88.0,1194.0,1.0,,31.0,13.0,22.0,123.0,587.0,515.0,24.0,72.0,890.0,6.0,15.0,28.0,57.0,21.0,44.0,1.0,0.0,16.0,3.0,,9.0,,1.0,2.0,14.0,1.0,,,1.0,31.0,8.0,,,19.0,1.0,,2.0,77.0,5.0,,,10.0,,1.0,,,,,,1.0,,2.0,2.0,2.0,27.0,9.0,,,6.0,7.0,1.0,0.0,,1.0,1.0,1.0,,,,,,,,
cpl::Football_Player::f5cced86d80d4ac4b60880f88aecac15,F. Tugwell,Pacific,Defender,2025,defender,4,360,0,0,0,0,0,0,1,3,0,0,0,0,0,79.0,6,1.5,0,0,0,0,0,0,0,0,25.0,57.89,62.5,0.0,0,0,0,0,0,0,0,0,0,0,0,0,0,8.0,3.0,5.0,4.0,51.0,,1.0,,,,19.0,8.0,11.0,88.0,2.0,,4.0,,2.0,,6.0,,11.0,5.0,6.0,,10.0,,,70.0,189.0,,1.0,28.0,,19.0,29.0,,,,,,4.0,2.0,3.0,8.0,147.0,47.0,106.0,145.0,3.0,2.0,360.0,,,20.0,3.0,,47.0,196.0,153.0,4.0,43.0,240.0,,9.0,20.0,28.0,15.0,23.0,,0.0,5.0,,,2.0,,,,1.0,,,,,2.0,1.0,,,1.0,,,,9.0,,,,3.0,,,,,,,,,,,,,,1.0,,,,,,,,,,,,,,,,,,
cpl::Football_Player::a742bcbb546f417d9003cfe9bf5e3676,N. Higgins,Inter Toronto,Defender,2025,defender,16,913,0,0,3,0,2,0,11,14,2,0,3,0,0,90.0,16,1.58,0,0,0,0,0,0,0,0,84.62,48.21,44.44,0.0,0,0,0,0,0,0,0,0,0,0,0,0,0,27.0,15.0,12.0,16.0,54.0,,2.0,,,,56.0,29.0,27.0,123.0,2.0,,16.0,,2.0,,12.0,4.0,29.0,14.0,15.0,2.0,10.0,1.0,,172.0,463.0,,2.0,23.0,,31.0,163.0,,,,,,9.0,,7.0,36.0,412.0,73.0,357.0,394.0,2.0,,913.0,,,53.0,14.0,2.0,57.0,483.0,430.0,13.0,53.0,587.0,,20.0,38.0,36.0,17.0,15.0,3.0,0.0,3.0,,7.0,7.0,1.0,1.0,3.0,7.0,,,,,9.0,1.0,,,11.0,,,1.0,25.0,2.0,,,6.0,,,,,,,,2.0,,,,,,,,,,,,,,,,,,,,,,,,
cpl::Football_Player::fc76edbb94da42899c7c12d79da56e2e,O. León,Inter Toronto,Defender,2025,defender,19,1705,0,1,7,1,3,1,17,19,27,0,7,1,0,83.0,27,1.43,0,0,0,0,0,0,0,0,65.38,63.19,68.89,21.43,0,0,0,0,0,0,0,0,0,0,0,0,0,45.0,14.0,31.0,19.0,252.0,,6.0,4.0,,,144.0,53.0,91.0,444.0,5.0,,19.0,1.0,5.0,,20.0,7.0,99.0,39.0,60.0,,10.0,6.0,,156.0,950.0,,3.0,153.0,,83.0,372.0,,,,,,19.0,8.0,15.0,83.0,778.0,312.0,545.0,771.0,9.0,8.0,1705.0,1.0,,81.0,19.0,27.0,225.0,1041.0,854.0,26.0,187.0,1299.0,11.0,53.0,123.0,157.0,41.0,64.0,7.0,0.0,12.0,,,8.0,,4.0,7.0,17.0,,,,,21.0,7.0,,1.0,17.0,,1.0,1.0,69.0,,1.0,1.0,13.0,,,,,,,,3.0,,3.0,3.0,1.0,,7.0,,,11.0,4.0,,,,,,2.0,,,,,,,,
cpl::Football_Player::77494c5f1b494af9a435e32fc3ca4096,A. Bergman,Inter Toronto,Defender,2025,defender,3,42,0,0,0,0,0,0,0,1,0,0,0,0,0,62.0,0,0.0,0,0,0,0,0,0,0,0,0.0,50.0,100.0,0.0,0,0,0,0,0,0,0,0,0,0,0,0,0,1.0,,1.0,3.0,5.0,,,,,,4.0,2.0,2.0,17.0,,,3.0,,,,,,3.0,2.0,1.0,,10.0,,,8.0,25.0,,,3.0,,1.0,,,,,,,,,,2.0,15.0,4.0,12.0,14.0,1.0,,42.0,,,3.0,1.0,,10.0,26.0,16.0,1.0,10.0,34.0,,6.0,9.0,7.0,3.0,1.0,,0.0,,,3.0,,,,,,,,,,4.0,,,,,,,,1.0,,,,,,,,,,,,,,,,,,,,,,,,,,,,,,,,,,,,
cpl::Football_Player::24a77d6eb2fd4d2d875f2d3fbab2679b,R. Ferrazzo,Inter Toronto,Defender,2025,defender,23,1444,3,1,13,4,7,1,23,35,28,2,7,0,0,77.0,22,1.37,3,0,1,0,0,0,0,0,65.71,46.03,46.88,9.3,0,0,0,0,0,0,0,0,0,0,0,0,0,32.0,17.0,15.0,23.0,203.0,,4.0,14.0,,,189.0,102.0,87.0,227.0,,,23.0,1.0,,,15.0,7.0,157.0,85.0,72.0,1.0,10.0,13.0,,95.0,584.0,,2.0,130.0,,63.0,111.0,,,,,,18.0,9.0,8.0,30.0,444.0,231.0,229.0,424.0,12.0,139.0,1444.0,1.0,,28.0,35.0,28.0,266.0,594.0,454.0,35.0,140.0,1054.0,38.0,24.0,47.0,148.0,30.0,93.0,7.0,1.0,38.0,,5.0,17.0,1.0,6.0,13.0,39.0,,,,,21.0,18.0,,,23.0,3.0,,11.0,161.0,75.0,1.0,5.0,1.0,3.0,1.0,2.0,,,1.0,,7.0,1.0,6.0,4.0,1.0,22.0,31.0,1.0,1.0,37.0,18.0,1.0,2.0,9.0,,,2.0,,2.0,,2.0,2.0,,,
cpl::Football_Player::ce073937285b4114bca2f2a3b658f3da,L. Singh,Inter Toronto,Defender,2025,defender,26,2097,0,1,9,1,4,1,24,26,5,1,7,0,0,87.0,38,1.63,0,0,1,0,0,0,0,0,75.0,55.0,66.67,33.33,0,0,0,0,0,0,0,0,0,0,0,0,0,45.0,15.0,30.0,26.0,254.0,,5.0,,,,140.0,63.0,77.0,435.0,2.0,,26.0,1.0,2.0,,29.0,9.0,95.0,48.0,47.0,1.0,10.0,1.0,,374.0,1162.0,,5.0,155.0,,79.0,322.0,,,,,,25.0,10.0,9.0,112.0,1010.0,367.0,679.0,932.0,8.0,11.0,2097.0,1.0,,89.0,26.0,5.0,192.0,1206.0,1044.0,32.0,162.0,1477.0,4.0,38.0,96.0,121.0,45.0,66.0,7.0,0.0,20.0,1.0,1.0,13.0,1.0,5.0,9.0,3.0,1.0,,,,30.0,9.0,,,24.0,,,9.0,75.0,13.0,1.0,3.0,10.0,,,1.0,,,,,4.0,,2.0,2.0,,6.0,9.0,,,4.0,3.0,,,1.0,,,,,,6.0,,,,,
cpl::Football_Player::daa25be58b5a4bf1a1a9adfd1aa8bd18,F. Sturing,Inter Toronto,Defender,2025,defender,21,1864,1,0,4,1,4,0,25,27,11,1,6,0,0,91.0,27,1.3,0,0,0,0,0,0,0,0,56.82,55.41,48.08,16.67,0,0,0,0,0,0,0,0,0,0,0,0,0,52.0,27.0,25.0,21.0,200.0,,7.0,3.0,,,148.0,66.0,82.0,395.0,1.0,,21.0,,1.0,,21.0,6.0,96.0,39.0,57.0,,10.0,4.0,2.0,491.0,1085.0,,3.0,100.0,,62.0,175.0,,,,,,21.0,2.0,5.0,83.0,978.0,340.0,671.0,927.0,19.0,4.0,1864.0,1.0,,84.0,27.0,11.0,129.0,1122.0,1010.0,44.0,112.0,1346.0,5.0,34.0,66.0,81.0,36.0,46.0,6.0,0.0,18.0,1.0,,13.0,,,4.0,10.0,,,,,23.0,10.0,,,25.0,1.0,,2.0,61.0,25.0,,,7.0,,1.0,1.0,,,1.0,,4.0,,1.0,1.0,,,2.0,1.0,,5.0,1.0,1.0,0.0,,,,,,,,,,,,
cpl::Football_Player::c7512268d0c64e30a96e1149e696a944,C. DaSilva,Inter Toronto,Defender,2025,defender,5,66,0,0,1,0,0,0,1,1,0,0,0,0,0,77.0,0,0.0,0,0,0,0,0,0,0,0,100.0,60.0,100.0,0.0,0,0,0,0,0,0,0,0,0,0,0,0,0,2.0,,2.0,5.0,9.0,,,,,,5.0,2.0,3.0,20.0,,,5.0,,,,,,3.0,2.0,1.0,,10.0,1.0,,2.0,37.0,,,6.0,,5.0,13.0,,,,,,,,1.0,4.0,29.0,12.0,17.0,25.0,,,66.0,,,7.0,1.0,,13.0,38.0,29.0,1.0,9.0,53.0,,3.0,7.0,9.0,,2.0,,0.0,,,5.0,1.0,,1.0,1.0,,,,,,,,,,1.0,,,,3.0,1.0,,,1.0,,,,,,,,,,,,,2.0,1.0,,,,1.0,,,,,,,,,,,,,,
cpl::Football_Player::1c3ffcc6c1e9408b9aa8b9546452a28b,L. Laing,Cavalry,Defender,2025,defender,22,1521,1,0,3,1,2,0,21,24,5,0,5,0,0,92.0,18,1.07,0,0,0,0,0,0,0,0,72.41,56.14,58.7,0.0,0,0,0,0,0,0,0,0,0,0,0,0,0,46.0,19.0,27.0,22.0,141.0,,4.0,1.0,,,114.0,50.0,64.0,298.0,3.0,,22.0,,3.0,,16.0,2.0,68.0,31.0,37.0,2.0,10.0,3.0,1.0,364.0,869.0,,1.0,75.0,,52.0,164.0,,,,,,17.0,3.0,10.0,52.0,795.0,239.0,574.0,761.0,8.0,30.0,1521.0,,,60.0,24.0,5.0,90.0,887.0,813.0,29.0,74.0,1085.0,,15.0,32.0,46.0,28.0,42.0,5.0,1.0,9.0,,5.0,7.0,1.0,1.0,3.0,9.0,,,,,13.0,7.0,,,21.0,1.0,,4.0,61.0,21.0,,,7.0,,1.0,,,,,,2.0,,,,,3.0,4.0,,,,,1.0,0.0,,,1.0,,,,,,,,,
cpl::Football_Player::f65a926f24a34b7aa5fdec34e32cb212,N. Pathé,Vancouver,Defender,2025,defender,21,937,6,0,19,6,11,0,5,23,13,4,3,0,0,78.0,22,2.11,0,0,0,0,0,0,0,0,55.56,34.23,35.48,50.0,0,0,0,0,0,0,0,0,0,0,0,0,0,62.0,40.0,22.0,21.0,68.0,,,3.0,,,149.0,98.0,51.0,14.0,,,21.0,,,,18.0,4.0,87.0,58.0,29.0,,10.0,9.0,,50.0,133.0,,1.0,32.0,,21.0,27.0,,,,,,10.0,8.0,,4.0,100.0,85.0,31.0,111.0,4.0,,937.0,1.0,,9.0,23.0,13.0,104.0,148.0,115.0,9.0,33.0,313.0,1.0,,2.0,25.0,9.0,31.0,3.0,0.0,9.0,7.0,11.0,8.0,,8.0,19.0,42.0,,,,1.0,3.0,5.0,,,5.0,6.0,,8.0,57.0,72.0,,7.0,,,6.0,4.0,,,,,11.0,,1.0,1.0,2.0,,33.0,4.0,,1.0,14.0,4.0,2.0,1.0,,,2.0,,5.0,,,6.0,,,
cpl::Football_Player::b5392c37961145ba9d2b542150ab0e2f,A. O'Connor,Vancouver,Defender,2025,defender,18,1468,0,1,5,1,1,1,22,10,10,1,5,0,0,82.0,39,2.39,0,0,2,0,0,0,0,0,78.57,68.07,71.43,0.0,0,0,0,0,0,0,0,0,0,0,0,0,0,56.0,16.0,40.0,18.0,210.0,,1.0,6.0,,,119.0,38.0,81.0,312.0,2.0,,18.0,1.0,2.0,,32.0,7.0,63.0,22.0,41.0,,10.0,2.0,,226.0,796.0,,1.0,118.0,,72.0,233.0,,,,,,16.0,4.0,8.0,33.0,649.0,172.0,495.0,634.0,6.0,2.0,1468.0,1.0,,96.0,10.0,10.0,167.0,816.0,667.0,28.0,149.0,1044.0,,42.0,87.0,125.0,24.0,62.0,5.0,0.0,11.0,,2.0,4.0,1.0,4.0,5.0,16.0,,,,,19.0,6.0,,,22.0,,,,45.0,1.0,1.0,3.0,16.0,,,1.0,,,,,1.0,,,,2.0,,4.0,,,,3.0,,,,1.0,,1.0,,,,,,,,
cpl::Football_Player::da7371bc78e546b598216e0fcda77c7e,Ahmad Mansour,Pacific,Defender,2025,defender,2,180,0,0,0,0,0,0,4,1,3,0,0,0,0,88.0,5,2.5,0,0,0,0,0,0,0,0,100.0,64.29,100.0,0.0,0,0,0,0,0,0,0,0,0,0,0,0,0,1.0,,1.0,2.0,15.0,,,,,,14.0,5.0,9.0,35.0,,,2.0,,,,4.0,1.0,13.0,5.0,8.0,,10.0,,,35.0,92.0,,1.0,9.0,,9.0,18.0,,,,,,2.0,1.0,,3.0,81.0,15.0,68.0,80.0,,,180.0,,,5.0,1.0,3.0,13.0,95.0,83.0,4.0,12.0,119.0,,1.0,8.0,10.0,2.0,4.0,,0.0,2.0,,,1.0,1.0,,,,1.0,,,,4.0,2.0,,,4.0,,,,7.0,1.0,,,2.0,,,,,,,,,,,,,,,,,,,,,,,,,,,,,,,,
cpl::Football_Player::c314ef65be194ced895c50a72967def8,D. Klomp,Cavalry,Defender,2025,defender,13,1126,2,0,7,2,3,0,8,13,4,1,3,0,0,91.0,20,1.6,0,0,0,0,0,0,0,0,66.67,51.56,56.52,0.0,0,0,0,0,0,0,0,0,0,0,0,0,0,23.0,10.0,13.0,13.0,133.0,,2.0,1.0,,,64.0,31.0,33.0,183.0,1.0,,13.0,,1.0,,17.0,3.0,41.0,21.0,20.0,,10.0,2.0,1.0,167.0,490.0,,2.0,76.0,,37.0,139.0,,,,,,12.0,4.0,3.0,27.0,444.0,154.0,303.0,430.0,4.0,3.0,1126.0,,1.0,47.0,13.0,4.0,66.0,505.0,457.0,12.0,48.0,633.0,2.0,10.0,22.0,33.0,17.0,26.0,3.0,1.0,11.0,1.0,1.0,4.0,,4.0,7.0,13.0,,,,,8.0,9.0,,,8.0,2.0,,1.0,16.0,33.0,,1.0,9.0,,2.0,1.0,,,1.0,,3.0,,,,,,6.0,1.0,,2.0,,1.0,1.0,,2.0,1.0,2.0,,1.0,,,,,,
cpl::Football_Player::e3c6213d153e4ef8920df1abc6c23353,D. Konincks,Valour,Defender,2025,defender,9,736,2,0,3,2,3,0,7,6,1,0,2,0,0,92.0,16,1.96,0,0,0,0,0,0,0,0,87.5,59.38,57.14,0.0,0,0,0,0,0,0,0,0,0,0,0,0,0,14.0,6.0,8.0,9.0,145.0,,,,,,32.0,13.0,19.0,184.0,,,9.0,,,,14.0,2.0,18.0,7.0,11.0,,10.0,1.0,,162.0,449.0,,2.0,95.0,,27.0,83.0,,,,,,8.0,2.0,7.0,44.0,408.0,145.0,272.0,373.0,1.0,1.0,736.0,,,42.0,6.0,1.0,45.0,458.0,417.0,8.0,41.0,541.0,2.0,8.0,23.0,34.0,9.0,18.0,2.0,1.0,4.0,,1.0,3.0,2.0,,3.0,4.0,,,,,5.0,3.0,,,7.0,2.0,,,29.0,12.0,,,2.0,,2.0,,,,,,3.0,,,,,,,,,2.0,,1.0,1.0,,,2.0,,,,,,,,,
cpl::Football_Player::2d5018feb2d44e5796770ebc81f9db71,Rony Mbomio,Atlético,Defender,2025,defender,8,623,0,0,3,0,2,0,6,4,5,0,0,0,0,94.0,6,0.87,0,0,0,0,0,0,0,0,54.55,63.04,66.67,0.0,0,0,0,0,0,0,0,0,0,0,0,0,0,15.0,5.0,10.0,8.0,94.0,,,1.0,,,46.0,17.0,29.0,200.0,1.0,,8.0,,1.0,,6.0,,31.0,12.0,19.0,,10.0,1.0,,194.0,498.0,,1.0,56.0,,20.0,66.0,,,,,,7.0,3.0,3.0,27.0,464.0,163.0,311.0,447.0,5.0,6.0,623.0,,,20.0,4.0,5.0,54.0,508.0,474.0,11.0,34.0,600.0,6.0,12.0,17.0,26.0,14.0,17.0,,0.0,1.0,1.0,1.0,1.0,,1.0,3.0,4.0,,,,,9.0,,,,6.0,,,3.0,48.0,36.0,,1.0,6.0,,,,,,,,2.0,,,,,4.0,4.0,,,6.0,2.0,,,,1.0,,,,,,,,,,
cpl::Football_Player::08dbc72e3b214780ae00c5258be72862,J. Belbin,Cavalry,Midfielder,2025,midfielder,0,0,0,0,0,0,0,0,0,0,0,0,0,0,0,,0,,0,0,0,0,0,0,0,0,0.0,0.0,0.0,0.0,0,0,0,0,0,0,0,0,0,0,0,0,0,,,,,,,,,,,,,,,,,0.0,,,,,,,,,,,,,,,,,,,,,,,,,,,,,,,,,,,,,,,,,,,,,,,,,,,,,,0.0,,,,0.0,,,,,,,,,,,,0.0,0.0,,0.0,0.0,0.0,,,,,,,,,,,,,,,,,,,,,,,,,,,,,,,,,,,,,
cpl::Football_Player::9a6571b3737143b79989244b08fbd50d,S. Camargo,Cavalry,Midfielder,2025,midfielder,28,2218,8,6,36,14,14,6,15,17,25,3,5,0,0,82.0,29,1.18,1,0,2,0,0,0,0,0,68.18,45.22,50.0,20.0,0,0,0,0,0,0,0,0,0,0,0,0,0,22.0,11.0,11.0,28.0,221.0,,4.0,9.0,,,157.0,86.0,71.0,216.0,,,28.0,6.0,,,26.0,3.0,135.0,75.0,60.0,1.0,10.0,26.0,,147.0,813.0,,2.0,103.0,,117.0,265.0,,,,,,27.0,13.0,,25.0,665.0,421.0,287.0,681.0,7.0,7.0,2218.0,10.0,,12.0,17.0,25.0,258.0,861.0,706.0,22.0,155.0,1157.0,8.0,7.0,25.0,133.0,30.0,130.0,5.0,2.0,35.0,20.0,1.0,3.0,,22.0,36.0,100.0,,,,,9.0,18.0,,,15.0,8.0,,14.0,233.0,62.0,3.0,8.0,3.0,1.0,7.0,3.0,,,6.0,,14.0,,2.0,2.0,4.0,1.0,45.0,7.0,,8.0,18.0,6.0,2.0,4.0,,,11.0,,6.0,,1.0,2.0,,,
cpl::Football_Player::665cea6eccc741f8aef577d5196aa0be,J. McGlinchey,Cavalry,Midfielder,2025,midfielder,1,1,0,0,0,0,0,0,0,0,0,0,0,0,0,,0,0.0,0,0,0,0,0,0,0,0,0.0,0.0,0.0,0.0,0,0,0,0,0,0,0,0,0,0,0,0,0,,,,1.0,,,,,,,,,,,,,1.0,,,,,,,,,,10.0,,,,,,,,,,,,,,,,,,,,,,,,,,1.0,,,,,,,,,,,,,,,,,,,0.0,,,1.0,,,,,,,,,,,,,,,,,,,,,,,,,,,,,,,,,,,,,,,,,,,,,,,,,,,,,,
cpl::Football_Player::d80c8273244649a0841591e849fc3590,D. Gutiérrez,Cavalry,Midfielder,2025,midfielder,13,799,1,1,8,2,4,1,7,15,8,0,6,0,0,91.0,14,1.58,1,0,0,0,0,0,0,0,38.89,45.68,70.0,16.67,0,0,0,0,0,0,0,0,0,0,0,0,0,10.0,3.0,7.0,13.0,123.0,,,3.0,,,81.0,44.0,37.0,124.0,,,13.0,1.0,,,13.0,1.0,71.0,41.0,30.0,,10.0,7.0,,133.0,517.0,,1.0,40.0,,54.0,168.0,,,,,,8.0,4.0,3.0,35.0,469.0,242.0,236.0,441.0,11.0,3.0,799.0,1.0,,8.0,15.0,8.0,72.0,524.0,476.0,18.0,48.0,639.0,5.0,6.0,15.0,37.0,16.0,33.0,6.0,0.0,13.0,8.0,5.0,10.0,,4.0,8.0,6.0,,,,,10.0,6.0,,,7.0,1.0,,4.0,99.0,5.0,,4.0,2.0,1.0,1.0,,,,1.0,,4.0,,2.0,1.0,,,14.0,,1.0,4.0,7.0,0.0,1.0,,,,1.0,,1.0,,,,,,
cpl::Football_Player::83cede75122b41d0aad420f4fb5daf2e,J. Daley,Cavalry,Midfielder,2025,midfielder,4,106,0,0,0,0,0,0,4,3,3,0,3,0,0,86.0,0,0.0,0,0,0,0,0,0,0,0,80.0,62.5,66.67,0.0,0,0,0,0,0,0,0,0,0,0,0,0,0,3.0,1.0,2.0,4.0,8.0,,,,,,16.0,6.0,10.0,13.0,,,4.0,,,,,,13.0,5.0,8.0,,10.0,1.0,,19.0,52.0,,,2.0,,4.0,15.0,,,,,,,,1.0,5.0,44.0,22.0,24.0,41.0,1.0,,106.0,,,3.0,3.0,3.0,10.0,54.0,46.0,5.0,8.0,70.0,,1.0,2.0,7.0,1.0,6.0,3.0,0.0,2.0,1.0,4.0,2.0,,,,,,,,,2.0,,,,4.0,,,,7.0,,,,,,,,,,,,,,,,,,2.0,,,,,,,,,,,,,,,,,,
cpl::Football_Player::6a778700603244eeabcce04c59c6ccc0,A. Hojabrpour,Forge,Midfielder,2025,midfielder,20,1703,1,0,11,1,6,0,31,26,24,1,7,0,0,88.0,14,0.74,0,0,0,0,0,0,0,0,63.27,61.69,70.59,0.0,0,0,0,0,0,0,0,0,0,0,0,0,0,17.0,5.0,12.0,20.0,227.0,,9.0,5.0,,,154.0,59.0,95.0,337.0,,,20.0,,,,12.0,2.0,137.0,54.0,83.0,1.0,10.0,14.0,,331.0,1050.0,,1.0,129.0,,102.0,279.0,,,,,,19.0,10.0,2.0,73.0,920.0,464.0,497.0,888.0,18.0,5.0,1703.0,3.0,,19.0,26.0,24.0,169.0,1096.0,961.0,49.0,135.0,1319.0,1.0,15.0,39.0,95.0,41.0,96.0,7.0,1.0,28.0,19.0,1.0,16.0,,5.0,11.0,11.0,,,,,24.0,13.0,,,31.0,1.0,,2.0,149.0,80.0,,3.0,7.0,,1.0,1.0,,,,,6.0,,,,3.0,,13.0,1.0,,1.0,7.0,1.0,0.0,1.0,,1.0,1.0,,,,,,,,
cpl::Football_Player::f52a8b692a56475c9c08c17236a42e86,S. Shome,Cavalry,Midfielder,2025,midfielder,20,1500,0,1,6,1,1,1,29,20,13,0,4,0,0,87.0,16,0.96,0,0,0,0,0,0,0,0,78.38,49.23,42.86,33.33,0,0,0,0,0,0,0,0,0,0,0,0,0,14.0,8.0,6.0,20.0,150.0,,3.0,3.0,,,130.0,66.0,64.0,215.0,,,20.0,1.0,,,15.0,1.0,116.0,58.0,58.0,1.0,10.0,6.0,,127.0,581.0,,,73.0,,69.0,170.0,,,,,,18.0,8.0,2.0,21.0,500.0,284.0,233.0,495.0,8.0,,1500.0,1.0,,13.0,20.0,13.0,128.0,597.0,516.0,37.0,81.0,787.0,2.0,10.0,17.0,60.0,23.0,64.0,4.0,0.0,33.0,14.0,2.0,12.0,,5.0,6.0,18.0,,,,2.0,13.0,20.0,,,29.0,,,11.0,85.0,49.0,1.0,4.0,3.0,,,,,,,,1.0,,1.0,1.0,2.0,1.0,21.0,,,2.0,11.0,,,1.0,,,,,,,,,,,
cpl::Football_Player::33b0cf3a477d454f96fe4f14c3b6125c,A. Achinioti-Jönsson,Forge,Midfielder,2025,midfielder,30,2607,1,0,10,1,3,0,27,19,45,0,1,0,0,90.0,25,0.86,0,0,1,0,0,0,0,0,54.0,61.95,52.63,50.0,0,0,0,0,0,0,0,0,0,0,0,0,0,57.0,27.0,30.0,30.0,385.0,,10.0,2.0,,,205.0,78.0,127.0,493.0,,,30.0,,,,20.0,5.0,148.0,51.0,97.0,2.0,10.0,4.0,,333.0,1520.0,,2.0,258.0,,96.0,609.0,,,,,,29.0,3.0,8.0,100.0,1364.0,548.0,858.0,1304.0,23.0,1.0,2607.0,,,68.0,19.0,45.0,191.0,1561.0,1404.0,50.0,157.0,1881.0,2.0,26.0,66.0,113.0,46.0,91.0,1.0,0.0,28.0,11.0,1.0,5.0,,7.0,10.0,31.0,,,,,34.0,17.0,,,27.0,1.0,,2.0,126.0,74.0,,4.0,16.0,,1.0,,,,,,3.0,,2.0,2.0,,1.0,14.0,,,2.0,7.0,0.0,1.0,,,1.0,,,,,,,,1.0,
cpl::Football_Player::0e2b6aa5fbdf49f399441b22b356d14c,K. Bekker,Forge,Midfielder,2025,midfielder,28,2170,3,2,16,5,7,2,14,14,14,1,1,0,0,87.0,21,0.87,69,0,4,0,0,0,0,0,58.33,44.04,40.0,11.43,0,0,0,0,0,0,0,0,0,0,0,0,0,10.0,6.0,4.0,28.0,258.0,,6.0,12.0,,,109.0,61.0,48.0,339.0,,,28.0,2.0,,,16.0,5.0,99.0,55.0,44.0,,10.0,51.0,,292.0,1210.0,,1.0,123.0,,113.0,328.0,,,,,,26.0,6.0,4.0,81.0,1049.0,642.0,491.0,1019.0,10.0,6.0,2170.0,10.0,,21.0,14.0,14.0,310.0,1265.0,1100.0,24.0,165.0,1606.0,77.0,15.0,51.0,197.0,45.0,114.0,1.0,2.0,28.0,31.0,2.0,10.0,,9.0,16.0,46.0,,,,,13.0,12.0,,,14.0,3.0,,15.0,306.0,127.0,1.0,8.0,6.0,69.0,2.0,1.0,,,2.0,,7.0,16.0,33.0,12.0,4.0,1.0,25.0,2.0,37.0,29.0,11.0,1.0,2.0,1.0,,,1.0,,3.0,,1.0,1.0,,,
cpl::Football_Player::3c3cd8920062442f93c9e257f9d44111,N. Jensen,Forge,Midfielder,2025,midfielder,25,1071,2,1,16,3,10,1,6,13,13,4,0,0,0,83.0,10,0.84,8,0,2,0,0,0,0,0,46.15,41.98,37.5,11.54,0,0,0,0,0,0,0,0,0,0,0,0,0,8.0,5.0,3.0,25.0,117.0,,,4.0,,,81.0,47.0,34.0,145.0,,,25.0,1.0,,,9.0,1.0,73.0,42.0,31.0,1.0,10.0,9.0,,100.0,444.0,,,63.0,,38.0,96.0,,,,,,11.0,5.0,,27.0,363.0,258.0,123.0,350.0,7.0,5.0,1071.0,1.0,,9.0,13.0,13.0,150.0,458.0,377.0,13.0,81.0,636.0,22.0,6.0,18.0,88.0,15.0,63.0,,0.0,19.0,14.0,14.0,5.0,,6.0,16.0,33.0,,,,1.0,18.0,5.0,,,6.0,2.0,,10.0,117.0,63.0,1.0,2.0,,8.0,2.0,4.0,,,2.0,,10.0,1.0,4.0,3.0,2.0,,22.0,1.0,1.0,21.0,8.0,2.0,0.0,1.0,,,3.0,,1.0,,,,,,
cpl::Football_Player::9a040c91c1d2424ca095e663faf5075a,K. Kane,Forge,Midfielder,2025,midfielder,14,452,1,0,4,1,1,0,12,8,8,0,0,0,0,88.0,4,0.8,0,0,0,0,0,0,0,0,63.16,57.38,50.0,0.0,0,0,0,0,0,0,0,0,0,0,0,0,0,10.0,5.0,5.0,14.0,43.0,,,,,,61.0,26.0,35.0,79.0,,,14.0,,,,4.0,,51.0,21.0,30.0,,10.0,5.0,,66.0,216.0,,,28.0,,36.0,47.0,,,,,,5.0,3.0,2.0,7.0,188.0,76.0,115.0,184.0,7.0,20.0,452.0,,,6.0,8.0,8.0,58.0,219.0,191.0,19.0,28.0,340.0,,5.0,7.0,17.0,11.0,21.0,,1.0,10.0,2.0,9.0,6.0,,3.0,4.0,10.0,,,,,13.0,9.0,,,12.0,1.0,,5.0,27.0,,,,1.0,,1.0,,,,1.0,,1.0,,,,,5.0,8.0,1.0,,,6.0,0.0,1.0,,,,3.0,,,,,,,,
cpl::Football_Player::d3d6fda71a9e4981abbb1d3785bc0dee,C. Trafford,Cavalry,Midfielder,2025,midfielder,0,0,0,0,0,0,0,0,0,0,0,0,0,0,0,,0,,0,0,0,0,0,0,0,0,0.0,0.0,0.0,0.0,0,0,0,0,0,0,0,0,0,0,0,0,0,,,,,,,,,,,,,,,,,0.0,,,,,,,,,,,,,,,,,,,,,,,,,,,,,,,,,,,,,,,,,,,,,,,,,,,,,,0.0,,,,0.0,,,,,,,,,,,,0.0,0.0,,0.0,0.0,0.0,,,,,,,,,,,,,,,,,,,,,,,,,,,,,,,,,,,,,
cpl::Football_Player::9530e64bf7744102b3eeecd7fcf46c34,E. Cissé,Forge,Midfielder,2025,midfielder,11,333,1,0,2,1,2,0,5,3,6,0,1,0,0,92.0,3,0.81,0,0,0,0,0,0,0,0,50.0,70.97,75.0,20.0,0,0,0,0,0,0,0,0,0,0,0,0,0,4.0,1.0,3.0,11.0,59.0,,1.0,6.0,,,31.0,9.0,22.0,82.0,,,11.0,,,,2.0,1.0,27.0,8.0,19.0,1.0,10.0,2.0,,109.0,245.0,,,29.0,,21.0,22.0,,,,,,2.0,3.0,1.0,10.0,224.0,110.0,125.0,224.0,5.0,24.0,333.0,,,8.0,3.0,6.0,41.0,257.0,234.0,10.0,23.0,347.0,4.0,1.0,4.0,16.0,11.0,19.0,1.0,0.0,8.0,,9.0,1.0,,,2.0,6.0,,,,,7.0,3.0,,,5.0,1.0,,,44.0,52.0,,,,,1.0,,,,,,2.0,,1.0,1.0,,1.0,3.0,1.0,,4.0,2.0,1.0,0.0,1.0,,1.0,1.0,,,,,,,,
cpl::Football_Player::6aa0420a7a3448a49b34c863c5b11ce4,N. Myroniuk,Cavalry,Midfielder,2025,midfielder,14,356,1,0,3,1,2,0,6,4,9,1,1,0,0,84.0,7,1.77,0,0,0,0,0,0,0,0,60.0,60.47,25.0,0.0,0,0,0,0,0,0,0,0,0,0,0,0,0,4.0,3.0,1.0,14.0,31.0,,,2.0,,,43.0,17.0,26.0,29.0,,,14.0,,,,6.0,1.0,39.0,14.0,25.0,,10.0,2.0,,24.0,108.0,,2.0,13.0,,11.0,26.0,,,,,,3.0,6.0,2.0,4.0,90.0,43.0,51.0,90.0,4.0,,356.0,1.0,,,4.0,9.0,34.0,112.0,94.0,10.0,18.0,184.0,1.0,1.0,5.0,15.0,4.0,13.0,1.0,0.0,9.0,13.0,11.0,4.0,,1.0,3.0,14.0,,,,,3.0,5.0,,,6.0,1.0,,3.0,33.0,25.0,,6.0,4.0,,1.0,1.0,,,1.0,,2.0,,,,,1.0,6.0,,,1.0,1.0,0.0,1.0,1.0,,,,,,,,,,1.0,
cpl::Football_Player::b2128eb98c0e4992a9bce2dd26483fb4,O. Benítez,Forge,Midfielder,2025,midfielder,0,0,0,0,0,0,0,0,0,0,0,0,0,0,0,,0,,0,0,0,0,0,0,0,0,0.0,0.0,0.0,0.0,0,0,0,0,0,0,0,0,0,0,0,0,0,,,,,,,,,,,,,,,,,0.0,,,,,,,,,,,,,,,,,,,,,,,,,,,,,,,,,,,,,,,,,,,,,,,,,,,,,,0.0,,,,0.0,,,,,,,,,,,,0.0,0.0,,0.0,0.0,0.0,,,,,,,,,,,,,,,,,,,,,,,,,,,,,,,,,,,,,
cpl::Football_Player::0f32aad5bf304f70bb295ab41b41b4d9,M. Henry,Cavalry,Midfielder,2025,midfielder,12,374,0,0,6,0,2,0,8,10,8,0,2,0,0,76.0,4,0.96,2,0,0,0,0,0,0,0,80.0,42.86,38.46,25.0,0,0,0,0,0,0,0,0,0,0,0,0,0,13.0,8.0,5.0,12.0,62.0,,,3.0,,,63.0,36.0,27.0,44.0,,,12.0,,,,4.0,,50.0,28.0,22.0,,10.0,2.0,,20.0,131.0,,,33.0,,34.0,45.0,,,,,,5.0,4.0,,5.0,98.0,64.0,41.0,98.0,2.0,1.0,374.0,,,4.0,10.0,8.0,63.0,136.0,103.0,10.0,33.0,224.0,6.0,2.0,4.0,34.0,5.0,29.0,2.0,0.0,14.0,4.0,7.0,8.0,,4.0,6.0,16.0,,,,1.0,2.0,7.0,,,8.0,,,5.0,27.0,,,3.0,1.0,2.0,,,,,,,2.0,,2.0,2.0,,,17.0,,,6.0,11.0,,,,,,,,,,,,,,
cpl::Football_Player::7727bd856f6142ccb04b744b64364141,A. Rampersad,Wanderers,Midfielder,2025,midfielder,19,534,0,0,5,0,1,0,14,11,13,0,2,0,0,84.0,16,2.7,0,0,0,0,0,0,0,0,63.64,60.23,59.09,33.33,0,0,0,0,0,0,0,0,0,0,0,0,0,22.0,9.0,13.0,19.0,76.0,,,,,,88.0,35.0,53.0,97.0,,,19.0,,,,14.0,2.0,66.0,26.0,40.0,,10.0,8.0,,70.0,282.0,,1.0,36.0,,45.0,81.0,,,,,,5.0,5.0,,14.0,234.0,120.0,128.0,232.0,8.0,1.0,534.0,,,8.0,11.0,13.0,76.0,294.0,246.0,22.0,48.0,412.0,4.0,4.0,10.0,35.0,17.0,38.0,2.0,0.0,8.0,8.0,14.0,8.0,,4.0,5.0,12.0,,,,1.0,9.0,4.0,,,14.0,,,3.0,46.0,27.0,,,2.0,,,,,,,,1.0,,2.0,2.0,1.0,,10.0,,,4.0,2.0,,,,,,1.0,,,,,,,,
cpl::Football_Player::6b46d359901b4fcdbbc99c0d60edd8fe,Vitor Dias,Wanderers,Midfielder,2025,midfielder,21,898,3,1,13,4,5,1,13,15,37,4,1,0,0,84.0,10,1.0,14,0,0,0,0,0,0,0,76.47,43.03,25.93,0.0,0,0,0,0,0,0,0,0,0,0,0,0,0,27.0,20.0,7.0,21.0,151.0,,1.0,8.0,,,165.0,94.0,71.0,113.0,,,21.0,1.0,,,9.0,1.0,138.0,74.0,64.0,,10.0,16.0,,124.0,379.0,,1.0,68.0,,71.0,63.0,,,,,,10.0,10.0,,13.0,315.0,247.0,82.0,310.0,4.0,1.0,898.0,3.0,,4.0,15.0,37.0,162.0,387.0,323.0,17.0,64.0,613.0,15.0,,2.0,64.0,15.0,62.0,1.0,3.0,20.0,6.0,11.0,12.0,,8.0,13.0,31.0,,,,,7.0,9.0,,,13.0,3.0,,9.0,87.0,45.0,,1.0,1.0,14.0,3.0,4.0,,,3.0,1.0,5.0,6.0,6.0,,,,47.0,2.0,8.0,5.0,19.0,2.0,1.0,4.0,,,1.0,,3.0,,,,,,
cpl::Football_Player::d8fcedb579df4ec2aaa0ed1f3daea958,J. Mann,Wanderers,Midfielder,2025,midfielder,0,0,0,0,0,0,0,0,0,0,0,0,0,0,0,,0,,0,0,0,0,0,0,0,0,0.0,0.0,0.0,0.0,0,0,0,0,0,0,0,0,0,0,0,0,0,,,,,,,,,,,,,,,,,0.0,,,,,,,,,,,,,,,,,,,,,,,,,,,,,,,,,,,,,,,,,,,,,,,,,,,,,,0.0,,,,0.0,,,,,,,,,,,,0.0,0.0,,0.0,0.0,0.0,,,,,,,,,,,,,,,,,,,,,,,,,,,,,,,,,,,,,
cpl::Football_Player::25edf8435cd445dfbfb5185b259ca0cf,V. Fry,Vancouver,Midfielder,2025,midfielder,23,1847,2,1,15,3,5,1,26,39,28,2,8,0,0,84.0,38,1.85,60,0,1,0,0,0,0,0,54.17,55.32,62.07,4.04,0,0,0,0,0,0,0,0,0,0,0,0,0,29.0,11.0,18.0,23.0,167.0,,2.0,15.0,,,188.0,84.0,104.0,275.0,,,23.0,1.0,,,33.0,5.0,159.0,73.0,86.0,3.0,10.0,30.0,,263.0,880.0,,2.0,80.0,,121.0,206.0,,,,,,22.0,12.0,6.0,74.0,735.0,432.0,375.0,701.0,22.0,7.0,1847.0,3.0,,37.0,39.0,28.0,276.0,930.0,775.0,48.0,155.0,1331.0,74.0,14.0,46.0,193.0,36.0,109.0,8.0,0.0,43.0,14.0,1.0,25.0,1.0,10.0,15.0,14.0,,,,1.0,30.0,25.0,,,26.0,2.0,,9.0,186.0,54.0,1.0,17.0,1.0,60.0,1.0,2.0,,,,,5.0,21.0,32.0,4.0,3.0,,14.0,,35.0,26.0,12.0,0.0,2.0,1.0,,,1.0,,1.0,4.0,1.0,2.0,,,
cpl::Football_Player::29b04cda7de84ca2a60dac0e06a8f8d4,A. Biello,Wanderers,Midfielder,2025,midfielder,21,351,0,1,1,1,0,1,4,8,7,0,1,0,0,85.0,8,2.05,1,0,0,0,0,0,0,0,50.0,37.74,20.0,0.0,0,0,0,0,0,0,0,0,0,0,0,0,0,5.0,4.0,1.0,21.0,50.0,,,,,,53.0,33.0,20.0,44.0,,,21.0,1.0,,,7.0,1.0,48.0,29.0,19.0,2.0,10.0,4.0,,44.0,163.0,,2.0,24.0,,25.0,44.0,,,,,,3.0,4.0,,6.0,138.0,105.0,36.0,135.0,4.0,7.0,351.0,1.0,,5.0,8.0,7.0,48.0,167.0,141.0,8.0,26.0,259.0,2.0,,2.0,16.0,12.0,24.0,1.0,0.0,10.0,1.0,18.0,4.0,,1.0,1.0,9.0,,,,,11.0,7.0,,,4.0,,,3.0,35.0,25.0,1.0,2.0,3.0,1.0,,,,,,,,,,,,,14.0,,1.0,1.0,6.0,,,,1.0,,,,,,,,,,
cpl::Football_Player::cdf16bdca43b45068971796bf6288923,J. Buchanan,Vancouver,Midfielder,2025,midfielder,0,0,0,0,0,0,0,0,0,0,0,0,0,0,0,,0,,0,0,0,0,0,0,0,0,0.0,0.0,0.0,0.0,0,0,0,0,0,0,0,0,0,0,0,0,0,,,,,,,,,,,,,,,,,0.0,,,,,,,,,,,,,,,,,,,,,,,,,,,,,,,,,,,,,,,,,,,,,,,,,,,,,,0.0,,,,0.0,,,,,,,,,,,,0.0,0.0,,0.0,0.0,0.0,,,,,,,,,,,,,,,,,,,,,,,,,,,,,,,,,,,,,
cpl::Football_Player::a4c7c645cfc244d59a886830c20ae894,M. Vales,Pacific,Midfielder,2025,midfielder,6,100,0,0,0,0,0,0,1,3,0,0,0,0,0,80.0,4,3.6,0,0,0,0,0,0,0,0,100.0,18.75,25.0,33.33,0,0,0,0,0,0,0,0,0,0,0,0,0,4.0,3.0,1.0,6.0,17.0,,,,,,16.0,13.0,3.0,11.0,,,6.0,,,,3.0,1.0,12.0,10.0,2.0,,10.0,2.0,,14.0,39.0,,,10.0,,8.0,5.0,,,,,,1.0,1.0,,,31.0,16.0,16.0,31.0,,2.0,100.0,,,4.0,3.0,,20.0,39.0,31.0,1.0,8.0,68.0,2.0,1.0,2.0,10.0,,6.0,,0.0,5.0,,5.0,2.0,,,,1.0,,,,,3.0,3.0,,,1.0,,,1.0,9.0,15.0,,,2.0,,,,,,,,,,1.0,1.0,,1.0,6.0,,,2.0,2.0,,,,,,,,,,,,,,
cpl::Football_Player::258f605d8ae64e80ad26709927d49cec,S. Keshavarz,Pacific,Midfielder,2025,midfielder,24,782,1,0,7,1,2,0,7,5,5,1,0,0,0,79.0,20,2.3,4,0,0,0,0,0,0,0,63.64,48.39,63.64,14.29,0,0,0,0,0,0,0,0,0,0,0,0,0,11.0,4.0,7.0,24.0,64.0,,,7.0,,,62.0,32.0,30.0,83.0,,,24.0,,,,16.0,4.0,51.0,28.0,23.0,1.0,10.0,8.0,,63.0,281.0,,2.0,34.0,,32.0,62.0,,,,,,6.0,7.0,,12.0,219.0,131.0,97.0,214.0,4.0,4.0,782.0,,,11.0,5.0,5.0,93.0,289.0,226.0,11.0,63.0,415.0,5.0,8.0,14.0,54.0,14.0,49.0,,0.0,19.0,1.0,18.0,3.0,,5.0,7.0,19.0,,,,,12.0,11.0,,,7.0,1.0,,3.0,81.0,13.0,,4.0,4.0,4.0,1.0,1.0,,,,,2.0,1.0,2.0,1.0,2.0,1.0,9.0,1.0,1.0,4.0,4.0,1.0,0.0,1.0,,1.0,1.0,,1.0,,,,,,
cpl::Football_Player::c56c8817d72148ac9e0870d2b4b18361,K. Podgorni,Vancouver,Midfielder,2025,midfielder,7,138,0,0,0,0,0,0,1,3,2,0,0,0,0,64.0,5,3.26,0,0,0,0,0,0,0,0,25.0,38.1,20.0,40.0,0,0,0,0,0,0,0,0,0,0,0,0,0,5.0,4.0,1.0,7.0,21.0,,,3.0,,,21.0,13.0,8.0,13.0,,,7.0,,,,3.0,2.0,16.0,9.0,7.0,,10.0,,,5.0,36.0,,,7.0,,4.0,6.0,,,,,,1.0,1.0,,,23.0,17.0,8.0,23.0,3.0,1.0,138.0,,,4.0,3.0,2.0,23.0,36.0,23.0,4.0,13.0,73.0,3.0,2.0,4.0,15.0,1.0,9.0,,0.0,7.0,2.0,6.0,3.0,,,,7.0,,,,,3.0,5.0,,,1.0,,,1.0,12.0,7.0,,1.0,1.0,,,,,,,,,,2.0,2.0,,,4.0,,,3.0,1.0,,,,,,,,,,,,,,
cpl::Football_Player::4d70b47d3a204f74aa5f64db85c4eab6,G. Probo,Wanderers,Midfielder,2025,midfielder,16,909,2,3,14,5,8,3,8,10,18,1,2,0,0,75.0,8,0.79,15,0,2,0,0,0,0,0,66.67,43.37,21.43,6.12,0,0,0,0,0,0,0,0,0,0,0,0,0,14.0,11.0,3.0,16.0,103.0,,,16.0,,,83.0,47.0,36.0,161.0,,,16.0,3.0,,,7.0,1.0,69.0,36.0,33.0,,10.0,19.0,,106.0,411.0,,,49.0,,49.0,100.0,,,,,,11.0,3.0,5.0,50.0,303.0,237.0,105.0,279.0,4.0,18.0,909.0,5.0,,7.0,10.0,18.0,196.0,439.0,329.0,12.0,110.0,652.0,41.0,6.0,37.0,133.0,18.0,73.0,2.0,0.0,28.0,10.0,5.0,7.0,,6.0,14.0,18.0,,,,1.0,5.0,14.0,,,8.0,2.0,,11.0,72.0,,3.0,5.0,2.0,15.0,1.0,1.0,,,1.0,,8.0,5.0,13.0,3.0,3.0,1.0,16.0,1.0,10.0,18.0,10.0,0.0,2.0,1.0,,,2.0,,1.0,2.0,1.0,1.0,,,1.0
cpl::Football_Player::8db1339e383a4ccdb4225ef5cb15dfd1,Daniel de Pauli,Pacific,Midfielder,2025,midfielder,7,347,0,0,3,0,1,0,11,14,9,0,1,0,0,87.0,6,1.56,0,0,0,0,0,0,0,0,84.62,48.0,40.0,0.0,0,0,0,0,0,0,0,0,0,0,0,0,0,5.0,3.0,2.0,7.0,36.0,,,1.0,,,50.0,26.0,24.0,35.0,,,7.0,,,,5.0,1.0,45.0,23.0,22.0,,10.0,,,38.0,136.0,,1.0,11.0,,17.0,46.0,,,,,,6.0,,,12.0,117.0,64.0,55.0,107.0,2.0,,347.0,,,2.0,14.0,9.0,34.0,138.0,119.0,13.0,19.0,198.0,3.0,1.0,4.0,15.0,7.0,15.0,1.0,0.0,8.0,1.0,1.0,7.0,,2.0,3.0,4.0,,,,,4.0,5.0,,,11.0,,,6.0,19.0,,,2.0,1.0,,,,,,,,1.0,,,,,,5.0,,,3.0,4.0,,,1.0,,,1.0,,,,,,,,
cpl::Football_Player::6f78048ef6fe4d51aa66aa87e5fbf0c5,A. Daniels,Pacific,Midfielder,2025,midfielder,24,1304,1,3,6,4,2,3,11,13,16,1,1,0,0,90.0,33,2.28,22,0,0,0,0,0,0,0,73.33,46.24,57.14,15.79,0,0,0,0,0,0,0,0,0,0,0,0,0,7.0,3.0,4.0,24.0,173.0,,,4.0,,,93.0,50.0,43.0,153.0,,,24.0,3.0,,,30.0,3.0,86.0,47.0,39.0,,10.0,15.0,,136.0,579.0,,1.0,78.0,,46.0,198.0,,,,,,14.0,8.0,,34.0,521.0,310.0,254.0,513.0,4.0,12.0,1304.0,4.0,,11.0,13.0,16.0,133.0,609.0,547.0,15.0,62.0,808.0,24.0,8.0,16.0,67.0,19.0,46.0,1.0,0.0,15.0,11.0,10.0,10.0,,4.0,6.0,8.0,,,,1.0,11.0,3.0,,,11.0,1.0,,12.0,122.0,62.0,3.0,2.0,6.0,22.0,,1.0,,,1.0,,2.0,8.0,17.0,6.0,1.0,,28.0,,10.0,7.0,13.0,1.0,0.0,2.0,,,,,,2.0,1.0,,,,1.0
cpl::Football_Player::ea993e84d28d42ad8bdef8cff90110c3,J. Gagnon-Laparé,Wanderers,Midfielder,2025,midfielder,7,82,1,0,2,1,2,0,4,2,2,0,2,0,0,88.0,3,3.29,0,0,0,0,0,0,0,0,100.0,53.33,33.33,50.0,0,0,0,0,0,0,0,0,0,0,0,0,0,3.0,2.0,1.0,7.0,18.0,,,2.0,,,15.0,7.0,8.0,26.0,,,7.0,,,,3.0,,12.0,5.0,7.0,,10.0,3.0,,12.0,77.0,,,7.0,,2.0,21.0,,,,,,,1.0,,3.0,67.0,52.0,21.0,69.0,,1.0,82.0,,,3.0,2.0,2.0,14.0,82.0,72.0,4.0,10.0,106.0,1.0,,2.0,8.0,3.0,8.0,2.0,0.0,3.0,4.0,7.0,,,,2.0,4.0,,,,,1.0,2.0,,,4.0,1.0,,,23.0,21.0,,,,,1.0,,,,,,2.0,,1.0,1.0,,,1.0,1.0,,1.0,,1.0,0.0,,,1.0,,,,,,,,,
cpl::Football_Player::44490e86552c412ab66b3bac33c27621,E. Fotsing,Vancouver,Midfielder,2025,midfielder,21,1267,4,0,10,4,4,0,29,16,10,1,3,0,0,80.0,26,1.85,0,0,0,0,0,0,0,0,69.05,53.6,52.63,50.0,0,0,0,0,0,0,0,0,0,0,0,0,0,19.0,9.0,10.0,21.0,105.0,,,3.0,,,125.0,58.0,67.0,135.0,,,21.0,,,,20.0,6.0,106.0,49.0,57.0,2.0,10.0,12.0,,111.0,469.0,,1.0,69.0,,66.0,126.0,,,,,,15.0,5.0,1.0,11.0,371.0,201.0,183.0,371.0,13.0,4.0,1267.0,,,11.0,16.0,10.0,144.0,480.0,382.0,42.0,98.0,682.0,2.0,8.0,12.0,82.0,18.0,86.0,3.0,0.0,31.0,11.0,6.0,10.0,,6.0,10.0,33.0,,,,1.0,12.0,17.0,,,29.0,4.0,,9.0,108.0,47.0,,3.0,3.0,,4.0,1.0,,,1.0,,4.0,,2.0,2.0,2.0,,25.0,3.0,,2.0,8.0,1.0,3.0,,,2.0,1.0,,1.0,,,1.0,,,
cpl::Football_Player::2fb8d39dd40f4a81853d0221df63464c,M. Schiavoni,Pacific,Midfielder,2025,midfielder,7,124,0,0,0,0,0,0,3,7,5,0,3,0,0,86.0,7,5.08,0,0,0,0,0,0,0,0,75.0,35.48,33.33,0.0,0,0,0,0,0,0,0,0,0,0,0,0,0,3.0,2.0,1.0,7.0,13.0,,,,,,31.0,20.0,11.0,8.0,,,7.0,,,,7.0,,28.0,18.0,10.0,,10.0,2.0,,14.0,49.0,,,4.0,,14.0,13.0,,,,,,1.0,1.0,,,42.0,17.0,25.0,42.0,1.0,,124.0,,,3.0,7.0,5.0,19.0,49.0,42.0,4.0,7.0,82.0,,1.0,1.0,2.0,5.0,6.0,3.0,0.0,6.0,3.0,6.0,5.0,,,,3.0,,,,,1.0,3.0,,,3.0,,,1.0,14.0,6.0,,1.0,,,,,,,,,,,,,,1.0,8.0,,,,3.0,,,,,,,,,,,,,,
cpl::Football_Player::74a0a76ad8ac4650bf8bd3c161adbe4b,L. Browning-Lagerfeldt,Pacific,Midfielder,2025,midfielder,17,1360,0,0,10,0,4,0,14,46,18,0,4,0,0,81.0,27,1.79,0,0,0,0,0,0,0,0,53.85,43.17,52.38,14.29,0,0,0,0,0,0,0,0,0,0,0,0,0,21.0,10.0,11.0,17.0,107.0,,2.0,4.0,,,139.0,79.0,60.0,186.0,,,17.0,,,,24.0,3.0,118.0,69.0,49.0,,10.0,4.0,,167.0,595.0,,4.0,44.0,,55.0,164.0,,,,,,16.0,6.0,6.0,31.0,476.0,213.0,283.0,464.0,12.0,1.0,1360.0,,,22.0,46.0,18.0,147.0,614.0,495.0,26.0,119.0,780.0,6.0,16.0,32.0,86.0,39.0,87.0,4.0,0.0,35.0,5.0,1.0,27.0,1.0,6.0,10.0,7.0,,,,,13.0,17.0,,,14.0,,,4.0,97.0,,,1.0,4.0,,,,,,,,4.0,,1.0,1.0,1.0,,8.0,,,6.0,4.0,,,,,,,,,1.0,,,,,
cpl::Football_Player::3aa93b6a47f24dd59a4d50f71ae926d5,M. Cantave,Vancouver,Midfielder,2025,midfielder,0,0,0,0,0,0,0,0,0,0,0,0,0,0,0,,0,,0,0,0,0,0,0,0,0,0.0,0.0,0.0,0.0,0,0,0,0,0,0,0,0,0,0,0,0,0,,,,,,,,,,,,,,,,,0.0,,,,,,,,,,,,,,,,,,,,,,,,,,,,,,,,,,,,,,,,,,,,,,,,,,,,,,0.0,,,,0.0,,,,,,,,,,,,0.0,0.0,,0.0,0.0,0.0,,,,,,,,,,,,,,,,,,,,,,,,,,,,,,,,,,,,,
cpl::Football_Player::8a18e8df224041bead247e8ca00b6410,D. Joseph,Vancouver,Midfielder,2025,midfielder,1,1,0,0,0,0,0,0,0,0,0,0,0,0,0,50.0,0,0.0,0,0,0,0,0,0,0,0,0.0,0.0,0.0,0.0,0,0,0,0,0,0,0,0,0,0,0,0,0,,,,1.0,1.0,,,,,,,,,1.0,,,1.0,,,,,,,,,,10.0,,,,2.0,,,1.0,,1.0,,,,,,,,,,,1.0,,1.0,1.0,,,1.0,,,,,,2.0,2.0,1.0,,1.0,3.0,,,,1.0,,1.0,,0.0,1.0,,1.0,,,,,,,,,,,,,,,,,,1.0,,,,,,,,,,,,,,,,,,,,,,,,,,,,,,,,,,,,
cpl::Football_Player::c9e511289fcd419eb6a09d9fdfcaede9,M. Essoussi,Vancouver,Midfielder,2025,midfielder,15,836,0,0,6,0,2,0,15,11,6,0,2,0,0,85.0,18,1.94,4,0,1,0,0,0,0,0,75.0,53.01,64.29,20.0,0,0,0,0,0,0,0,0,0,0,0,0,0,14.0,5.0,9.0,15.0,94.0,,,4.0,,,83.0,39.0,44.0,134.0,,,15.0,,,,16.0,2.0,69.0,34.0,35.0,,10.0,5.0,,123.0,434.0,,,39.0,,41.0,122.0,,,,,,10.0,9.0,,29.0,363.0,196.0,185.0,348.0,5.0,2.0,836.0,1.0,,13.0,11.0,6.0,114.0,448.0,377.0,20.0,71.0,584.0,11.0,3.0,18.0,62.0,20.0,53.0,2.0,0.0,12.0,8.0,5.0,8.0,,4.0,6.0,3.0,,,,,7.0,9.0,,,15.0,,,6.0,69.0,1.0,,4.0,,4.0,,,,,,,2.0,1.0,4.0,3.0,,,17.0,,2.0,6.0,7.0,,,1.0,,,,,,,,,,,
cpl::Football_Player::29146de022e149ceb100b57434a926f9,S. Rea,Wanderers,Midfielder,2025,midfielder,29,1958,2,5,33,7,15,5,22,18,47,4,5,0,0,79.0,25,1.15,68,0,0,0,0,0,0,0,68.75,46.28,28.57,12.33,0,0,0,0,0,0,0,0,0,0,0,0,0,7.0,5.0,2.0,29.0,356.0,,2.0,27.0,,,296.0,159.0,137.0,258.0,,,29.0,5.0,,,22.0,3.0,289.0,154.0,135.0,1.0,10.0,50.0,,92.0,706.0,,2.0,204.0,,97.0,192.0,,,,,,22.0,56.0,,29.0,550.0,480.0,151.0,555.0,10.0,9.0,1958.0,11.0,,2.0,18.0,47.0,474.0,741.0,584.0,32.0,157.0,1367.0,104.0,8.0,28.0,238.0,23.0,129.0,5.0,0.0,47.0,22.0,7.0,7.0,,18.0,33.0,64.0,,,,2.0,8.0,14.0,,,22.0,2.0,,15.0,199.0,211.0,5.0,19.0,,68.0,1.0,4.0,,,1.0,,15.0,24.0,47.0,18.0,5.0,1.0,127.0,,39.0,48.0,64.0,1.0,1.0,11.0,,,,,1.0,3.0,1.0,1.0,,,
cpl::Football_Player::2e8fce5008414fd4b602677f53e0bb18,B. Paton,Forge,Midfielder,2025,midfielder,25,1082,1,1,6,2,4,1,13,14,24,1,1,0,0,81.0,9,0.75,0,0,0,0,0,0,0,0,61.9,49.17,31.82,33.33,0,0,0,0,0,0,0,0,0,0,0,0,0,22.0,15.0,7.0,25.0,154.0,,2.0,8.0,,,120.0,61.0,59.0,194.0,,,25.0,1.0,,,6.0,3.0,98.0,46.0,52.0,2.0,10.0,8.0,,69.0,501.0,,1.0,91.0,,54.0,151.0,,,,,,10.0,10.0,4.0,32.0,402.0,224.0,191.0,377.0,8.0,57.0,1082.0,2.0,,22.0,14.0,24.0,175.0,508.0,409.0,21.0,99.0,779.0,12.0,21.0,41.0,83.0,28.0,58.0,1.0,0.0,13.0,,15.0,9.0,,2.0,6.0,11.0,,,,,10.0,8.0,,,13.0,1.0,,3.0,94.0,26.0,1.0,6.0,4.0,,,1.0,,,,,4.0,,6.0,6.0,,7.0,30.0,,,12.0,12.0,0.0,1.0,3.0,,,1.0,,1.0,,1.0,1.0,,,
cpl::Football_Player::0571946f5caa4805b0f4b08d37bb2622,Bruno Figueiredo,Valour,Midfielder,2025,midfielder,27,1546,2,3,35,5,11,3,24,26,33,0,7,0,0,77.0,41,2.39,26,0,1,0,0,0,0,0,77.42,51.7,33.33,6.0,0,0,0,0,0,0,0,0,0,0,0,0,0,12.0,8.0,4.0,27.0,238.0,,,8.0,,,176.0,85.0,91.0,248.0,,,27.0,3.0,,,37.0,4.0,164.0,77.0,87.0,,10.0,19.0,,143.0,650.0,,5.0,140.0,,84.0,181.0,,,,,,17.0,23.0,4.0,56.0,489.0,312.0,220.0,463.0,7.0,5.0,1546.0,6.0,,19.0,26.0,33.0,272.0,682.0,519.0,31.0,163.0,1014.0,40.0,14.0,48.0,171.0,32.0,115.0,7.0,0.0,28.0,12.0,10.0,23.0,,24.0,35.0,12.0,,,,,12.0,13.0,,,24.0,2.0,,9.0,110.0,41.0,2.0,17.0,1.0,26.0,1.0,,,,2.0,,11.0,7.0,13.0,3.0,7.0,,36.0,1.0,19.0,17.0,15.0,1.0,1.0,,,,,,2.0,12.0,1.0,,,1.0,
cpl::Football_Player::b00f998dc9ab48df9be8be1e6a9bea0d,T. Tahid,Vancouver,Midfielder,2025,midfielder,10,237,0,0,0,0,0,0,0,3,5,3,1,0,0,82.0,11,4.18,0,0,0,0,0,0,0,0,0.0,34.78,27.27,0.0,0,0,0,0,0,0,0,0,0,0,0,0,0,11.0,8.0,3.0,10.0,9.0,,,,,,23.0,15.0,8.0,7.0,,,10.0,,,,9.0,2.0,12.0,7.0,5.0,,10.0,,,6.0,28.0,,,4.0,,4.0,6.0,,,,,,2.0,,,4.0,21.0,15.0,16.0,27.0,,,237.0,,,3.0,3.0,5.0,23.0,38.0,31.0,,7.0,74.0,1.0,,,7.0,1.0,7.0,1.0,0.0,2.0,2.0,8.0,1.0,,,,8.0,,,,,2.0,2.0,,,,,,2.0,19.0,,,,1.0,,,3.0,,,,,,,,,,,3.0,,,1.0,2.0,,,,,,,,,,,,,,
cpl::Football_Player::03b82a7bcff7496e991befe586fcc2c9,S. Young,Pacific,Midfielder,2025,midfielder,25,1799,2,0,13,2,5,0,33,26,10,0,6,0,0,86.0,42,2.1,0,0,0,0,0,0,0,0,63.46,52.66,54.24,14.29,0,0,0,0,0,0,0,0,0,0,0,0,0,59.0,27.0,32.0,25.0,144.0,,2.0,4.0,,,188.0,89.0,99.0,259.0,2.0,,25.0,,2.0,,36.0,6.0,129.0,62.0,67.0,,10.0,9.0,,276.0,878.0,,4.0,57.0,,98.0,253.0,,,,,,20.0,6.0,2.0,38.0,749.0,320.0,452.0,733.0,19.0,2.0,1799.0,,,48.0,26.0,10.0,196.0,902.0,771.0,52.0,131.0,1185.0,6.0,18.0,30.0,88.0,49.0,101.0,6.0,1.0,37.0,18.0,5.0,13.0,,8.0,13.0,17.0,,,,2.0,18.0,17.0,,,33.0,2.0,,9.0,114.0,61.0,,1.0,12.0,,2.0,,,,2.0,,5.0,,1.0,1.0,1.0,,27.0,1.0,,6.0,8.0,2.0,0.0,,,,1.0,,2.0,,,,,,
cpl::Football_Player::1f645daf53bb4f9bad1e6896c1e68d2c,I. Moreno,Atlético,Midfielder,2025,midfielder,2,96,0,0,0,0,0,0,0,3,1,0,0,0,0,76.0,1,0.94,0,0,0,0,0,0,0,0,0.0,18.18,0.0,0.0,0,0,0,0,0,0,0,0,0,0,0,0,0,1.0,1.0,,2.0,9.0,,,,,,11.0,9.0,2.0,11.0,,,2.0,,,,1.0,,10.0,8.0,2.0,,10.0,1.0,,16.0,44.0,,,3.0,,3.0,2.0,,,,,,1.0,,,,33.0,16.0,18.0,34.0,1.0,16.0,96.0,,,,3.0,1.0,18.0,45.0,34.0,1.0,11.0,76.0,2.0,2.0,2.0,9.0,4.0,9.0,,0.0,6.0,2.0,1.0,2.0,,,,2.0,,,,,1.0,1.0,,,,,,1.0,16.0,,,1.0,,,,,,,,,,,,,,1.0,3.0,,,2.0,2.0,,,,,,,,,,,,,,
cpl::Football_Player::6c28b35898b64ba8aaec59d8291a55f4,K. Lipovschek,Forge,Midfielder,2025,midfielder,4,86,0,0,0,0,0,0,1,1,0,0,0,0,0,82.0,0,0.0,0,0,0,0,0,0,0,0,33.33,33.33,50.0,0.0,0,0,0,0,0,0,0,0,0,0,0,0,0,2.0,1.0,1.0,4.0,6.0,,,2.0,,,12.0,8.0,4.0,1.0,,,4.0,,,,,,10.0,7.0,3.0,,10.0,1.0,,2.0,16.0,,,2.0,,,7.0,,,,,,1.0,,,,13.0,7.0,6.0,13.0,2.0,,86.0,,,1.0,1.0,,11.0,16.0,13.0,3.0,3.0,34.0,1.0,,,4.0,,3.0,,0.0,4.0,,3.0,,,,,7.0,,,,,,2.0,,,1.0,,,1.0,6.0,4.0,,1.0,,,,,,,,,,,,,,,5.0,,,1.0,2.0,,,,,,,,,,,,,,
cpl::Football_Player::8f2eca99614743fa999bb759082a7c44,Xavier Venâncio,Valour,Midfielder,2025,midfielder,24,811,1,0,11,1,6,0,20,26,21,0,4,0,0,87.0,17,1.89,1,0,0,0,0,0,0,0,76.92,47.06,43.75,0.0,0,0,0,0,0,0,0,0,0,0,0,0,0,16.0,9.0,7.0,24.0,75.0,,,3.0,,,119.0,63.0,56.0,47.0,,,24.0,,,,15.0,2.0,103.0,54.0,49.0,,10.0,3.0,,61.0,243.0,,2.0,35.0,,32.0,64.0,,,,,,7.0,3.0,,10.0,209.0,134.0,87.0,210.0,6.0,6.0,811.0,,,9.0,26.0,21.0,80.0,254.0,220.0,26.0,34.0,420.0,7.0,2.0,4.0,31.0,10.0,30.0,4.0,0.0,18.0,5.0,17.0,18.0,,5.0,11.0,11.0,,,,,7.0,13.0,,,20.0,1.0,,7.0,82.0,26.0,,2.0,2.0,1.0,,,,,,,6.0,1.0,1.0,,,,18.0,,,5.0,5.0,1.0,0.0,,,,,,1.0,1.0,1.0,1.0,,,
cpl::Football_Player::edcfdeb0583a4f25b44f57a7e66b2d6d,L. Callegari,Wanderers,Midfielder,2025,midfielder,28,2453,1,1,17,2,5,1,57,54,22,1,9,0,0,90.0,32,1.17,2,0,1,1,1,0,0,0,74.03,51.67,53.85,14.29,0,0,0,0,0,0,0,0,0,0,0,0,0,39.0,18.0,21.0,28.0,443.0,,5.0,4.0,,,269.0,130.0,139.0,538.0,,,28.0,1.0,,,28.0,4.0,230.0,112.0,118.0,1.0,10.0,25.0,1.0,456.0,1739.0,,2.0,181.0,,181.0,458.0,,,,,,27.0,19.0,2.0,106.0,1557.0,842.0,768.0,1498.0,20.0,15.0,2453.0,2.0,,44.0,54.0,22.0,276.0,1789.0,1604.0,77.0,185.0,2224.0,24.0,11.0,61.0,152.0,57.0,124.0,9.0,0.0,38.0,37.0,1.0,33.0,,12.0,17.0,16.0,,,,4.0,54.0,19.0,,,57.0,1.0,,6.0,337.0,81.0,1.0,6.0,5.0,2.0,1.0,1.0,1.0,1.0,1.0,1.0,5.0,,6.0,4.0,10.0,1.0,33.0,1.0,2.0,17.0,14.0,1.0,0.0,1.0,,,,,,4.0,,,,,
cpl::Football_Player::b88aa9288a38438a8801e10a74326f88,J. Faria,Valour,Midfielder,2025,midfielder,25,1268,2,1,18,3,11,1,10,22,22,7,2,0,0,84.0,31,2.2,4,0,2,0,0,0,0,0,66.67,41.18,30.77,26.23,0,0,0,0,0,0,0,0,0,0,0,0,0,13.0,9.0,4.0,25.0,235.0,,,17.0,,,170.0,100.0,70.0,47.0,,,25.0,1.0,,,28.0,3.0,157.0,91.0,66.0,3.0,10.0,15.0,,31.0,339.0,,1.0,143.0,,54.0,103.0,,,,,,12.0,29.0,,4.0,282.0,206.0,96.0,281.0,5.0,11.0,1268.0,3.0,,4.0,22.0,22.0,210.0,342.0,285.0,15.0,57.0,657.0,45.0,1.0,5.0,91.0,11.0,52.0,2.0,1.0,23.0,8.0,13.0,8.0,,7.0,18.0,64.0,,,,2.0,2.0,9.0,,,10.0,2.0,,7.0,161.0,147.0,1.0,5.0,,4.0,2.0,7.0,,,2.0,,11.0,,17.0,16.0,,,63.0,2.0,3.0,41.0,38.0,1.0,1.0,9.0,,,5.0,,2.0,,,,,,
cpl::Football_Player::6fcfea80844a4cf19b5492d7fc111116,K. Williams,Valour,Midfielder,2025,midfielder,11,669,2,0,10,2,4,0,7,14,14,10,2,0,0,71.0,19,2.56,0,0,0,0,0,0,0,0,58.33,39.19,16.67,0.0,0,0,0,0,0,0,0,0,0,0,0,0,0,12.0,10.0,2.0,11.0,47.0,,,5.0,,,74.0,45.0,29.0,33.0,,,11.0,,,,18.0,1.0,62.0,35.0,27.0,,10.0,2.0,,24.0,125.0,,3.0,24.0,,17.0,34.0,,,,,,8.0,1.0,,3.0,85.0,60.0,37.0,94.0,5.0,2.0,669.0,,,1.0,14.0,14.0,78.0,137.0,97.0,12.0,40.0,234.0,5.0,1.0,6.0,41.0,4.0,34.0,2.0,0.0,10.0,3.0,3.0,5.0,,6.0,10.0,19.0,,,,1.0,3.0,3.0,,,7.0,2.0,,6.0,46.0,15.0,,4.0,,,1.0,10.0,,,1.0,,4.0,,,,1.0,,13.0,1.0,,5.0,7.0,0.0,2.0,,,,1.0,,2.0,,1.0,1.0,,,
cpl::Football_Player::3e694b5d3a004945a65d70fab1ee17fe,D. Rodríguez,Atlético,Midfielder,2025,midfielder,29,2491,11,9,53,20,29,9,33,26,42,2,2,1,0,87.0,23,0.83,49,0,0,0,0,0,0,0,63.46,44.44,25.0,5.08,0,0,0,0,0,0,0,0,0,0,0,0,0,24.0,18.0,6.0,29.0,489.0,,5.0,24.0,,,342.0,190.0,152.0,192.0,,,29.0,9.0,,,20.0,3.0,318.0,172.0,146.0,,10.0,64.0,,370.0,953.0,,1.0,255.0,,122.0,134.0,,,,,,29.0,52.0,,10.0,827.0,554.0,310.0,836.0,19.0,14.0,2491.0,18.0,,4.0,26.0,42.0,391.0,975.0,846.0,52.0,129.0,1585.0,43.0,5.0,9.0,150.0,22.0,120.0,2.0,2.0,42.0,20.0,,16.0,,24.0,53.0,159.0,,,,2.0,13.0,21.0,,1.0,33.0,11.0,1.0,13.0,279.0,175.0,8.0,17.0,1.0,49.0,9.0,2.0,,,2.0,,29.0,13.0,18.0,3.0,8.0,1.0,126.0,5.0,23.0,11.0,71.0,7.0,4.0,10.0,,,4.0,,9.0,4.0,2.0,9.0,,3.0,
cpl::Football_Player::9d723c58b62545c7b3ff13a3e7d81b87,Diogo Ressurreição,Valour,Midfielder,2025,midfielder,26,1374,1,3,23,4,9,3,7,20,6,0,5,0,0,84.0,41,2.69,4,0,2,0,0,0,0,0,41.18,36.27,0.0,22.58,0,0,0,0,0,0,0,0,0,0,0,0,0,2.0,2.0,,26.0,183.0,,,12.0,,,102.0,65.0,37.0,173.0,,,26.0,3.0,,,37.0,4.0,100.0,63.0,37.0,1.0,10.0,9.0,,138.0,614.0,,4.0,90.0,,68.0,186.0,,,,,,17.0,14.0,4.0,42.0,508.0,350.0,186.0,486.0,10.0,4.0,1374.0,2.0,,2.0,20.0,6.0,199.0,634.0,528.0,17.0,106.0,844.0,23.0,3.0,21.0,108.0,21.0,85.0,5.0,0.0,31.0,15.0,9.0,11.0,,14.0,23.0,27.0,,,,,8.0,7.0,,,7.0,1.0,,15.0,137.0,99.0,3.0,4.0,,4.0,,,,,1.0,,9.0,1.0,8.0,7.0,3.0,,34.0,,2.0,20.0,17.0,0.0,1.0,,,,,,1.0,1.0,1.0,,,,
cpl::Football_Player::628cfcb715d24e36b6cbf8b20beec3ed,M. Morgan,Valour,Midfielder,2025,midfielder,26,1578,7,4,27,11,15,4,24,26,30,14,1,0,0,73.0,38,2.17,0,0,0,0,0,0,0,0,66.67,48.48,45.95,22.22,0,0,0,0,0,0,0,0,0,0,0,0,0,111.0,60.0,51.0,26.0,130.0,,,5.0,,,264.0,136.0,128.0,116.0,,,26.0,4.0,,,36.0,2.0,153.0,76.0,77.0,,10.0,26.0,,69.0,413.0,,3.0,56.0,,42.0,138.0,,,,,,17.0,11.0,,23.0,294.0,190.0,124.0,289.0,12.0,3.0,1578.0,7.0,,11.0,26.0,30.0,229.0,431.0,312.0,36.0,119.0,752.0,7.0,3.0,19.0,105.0,21.0,100.0,1.0,1.0,34.0,19.0,9.0,15.0,,12.0,27.0,61.0,,,,1.0,11.0,22.0,,,24.0,7.0,,13.0,108.0,90.0,1.0,8.0,2.0,,6.0,14.0,,,4.0,,15.0,,2.0,2.0,1.0,3.0,39.0,5.0,,7.0,14.0,1.0,6.0,3.0,,3.0,7.0,,5.0,,1.0,,,,
cpl::Football_Player::8478206db8304d6487d404b1b5dd322c,G. Antinoro,Atlético,Midfielder,2025,midfielder,30,2466,4,4,30,8,15,4,34,13,14,3,1,0,0,87.0,23,0.84,14,0,3,0,0,0,0,0,61.82,48.28,43.75,17.39,0,0,0,0,0,0,0,0,0,0,0,0,0,16.0,9.0,7.0,30.0,389.0,,9.0,6.0,,,232.0,120.0,112.0,157.0,,,30.0,4.0,,,21.0,2.0,216.0,111.0,105.0,,10.0,24.0,,242.0,980.0,,2.0,177.0,,108.0,202.0,,,,,,28.0,36.0,1.0,19.0,844.0,492.0,372.0,836.0,21.0,31.0,2466.0,5.0,,47.0,13.0,14.0,328.0,991.0,855.0,55.0,136.0,1514.0,36.0,20.0,27.0,128.0,44.0,109.0,1.0,1.0,43.0,6.0,2.0,8.0,,15.0,30.0,84.0,,,,1.0,21.0,20.0,,,34.0,4.0,,14.0,390.0,166.0,3.0,10.0,6.0,14.0,4.0,3.0,,,3.0,1.0,15.0,2.0,9.0,8.0,1.0,6.0,70.0,3.0,8.0,28.0,41.0,3.0,1.0,10.0,,,2.0,,3.0,,,1.0,,,
cpl::Football_Player::1f4a9af68a764f0c95fa10063975c4c8,S. Mlah,Valour,Midfielder,2025,midfielder,23,968,0,1,8,1,5,1,13,11,15,0,4,0,0,85.0,27,2.51,0,0,0,0,0,0,0,0,61.9,47.96,30.77,22.22,0,0,0,0,0,0,0,0,0,0,0,0,0,13.0,9.0,4.0,23.0,119.0,,,6.0,,,98.0,51.0,47.0,118.0,,,23.0,1.0,,,26.0,1.0,85.0,42.0,43.0,,10.0,10.0,,115.0,410.0,,2.0,55.0,,51.0,106.0,,,,,,10.0,7.0,4.0,21.0,343.0,192.0,164.0,333.0,8.0,2.0,968.0,1.0,,17.0,11.0,15.0,116.0,421.0,354.0,21.0,67.0,587.0,7.0,8.0,14.0,54.0,20.0,53.0,4.0,0.0,18.0,4.0,13.0,4.0,,3.0,8.0,9.0,,,,,11.0,9.0,,,13.0,,,8.0,82.0,7.0,,6.0,1.0,,,,,,,,5.0,,2.0,2.0,1.0,,24.0,,,7.0,9.0,,,2.0,,,,,,,,,,,
cpl::Football_Player::5e944a82a82b42b483bed288bb7633a8,M. Aparicio,Atlético,Midfielder,2025,midfielder,30,2608,1,7,34,8,12,7,55,59,34,2,6,0,0,86.0,27,0.93,1,0,2,0,0,0,0,0,62.5,51.59,60.42,29.41,0,0,0,0,0,0,0,0,0,0,0,0,0,48.0,19.0,29.0,30.0,409.0,,7.0,16.0,,,347.0,168.0,179.0,556.0,,,30.0,7.0,,,25.0,2.0,299.0,149.0,150.0,3.0,10.0,29.0,,526.0,1875.0,,2.0,165.0,,169.0,516.0,,,,,,29.0,28.0,4.0,98.0,1608.0,793.0,855.0,1545.0,33.0,37.0,2608.0,14.0,,38.0,59.0,34.0,401.0,1912.0,1643.0,88.0,269.0,2475.0,12.0,33.0,85.0,224.0,57.0,184.0,6.0,0.0,82.0,61.0,1.0,35.0,,22.0,34.0,36.0,,,,,43.0,42.0,,,55.0,1.0,,9.0,314.0,91.0,5.0,9.0,7.0,1.0,,2.0,,,1.0,1.0,12.0,,5.0,5.0,7.0,12.0,50.0,,,12.0,16.0,1.0,0.0,1.0,,,3.0,,,5.0,1.0,,,,
cpl::Football_Player::f4d883a75e7d4f129681bd5d56c43d19,K. Twardek,Valour,Midfielder,2025,midfielder,27,2206,4,2,19,6,10,2,25,35,22,14,2,1,0,73.0,51,2.08,0,0,0,0,0,0,0,0,71.43,44.62,48.35,20.62,0,0,0,0,0,0,0,0,0,0,0,0,0,91.0,47.0,44.0,27.0,224.0,,2.0,17.0,,,251.0,139.0,112.0,129.0,1.0,,27.0,2.0,1.0,,48.0,3.0,160.0,92.0,68.0,,10.0,18.0,,188.0,554.0,,6.0,153.0,,60.0,27.0,,,,,,26.0,13.0,3.0,9.0,402.0,309.0,117.0,397.0,10.0,24.0,2206.0,5.0,,31.0,35.0,22.0,329.0,558.0,406.0,35.0,152.0,991.0,77.0,8.0,23.0,202.0,27.0,129.0,2.0,0.0,56.0,7.0,1.0,12.0,,9.0,19.0,92.0,,,,2.0,13.0,20.0,,1.0,25.0,4.0,1.0,13.0,214.0,134.0,1.0,4.0,3.0,,3.0,14.0,,,2.0,,10.0,,20.0,20.0,,4.0,41.0,3.0,,77.0,24.0,3.0,1.0,9.0,,,4.0,,3.0,,1.0,2.0,,,
cpl::Football_Player::ab744dc321ed481d9060ebc48b16f9b3,J. Castro,Atlético,Midfielder,2025,midfielder,27,2124,0,4,14,4,4,4,16,22,27,0,7,0,0,93.0,22,0.93,9,0,0,0,0,0,0,0,53.33,54.78,29.41,8.33,0,0,0,0,0,0,0,0,0,0,0,0,0,17.0,12.0,5.0,27.0,261.0,,2.0,5.0,,,157.0,71.0,86.0,297.0,,,27.0,4.0,,,19.0,3.0,140.0,59.0,81.0,1.0,10.0,20.0,,420.0,1482.0,,2.0,139.0,,115.0,489.0,,,,,,27.0,24.0,2.0,87.0,1361.0,612.0,785.0,1306.0,14.0,2.0,2124.0,1.0,,25.0,22.0,27.0,181.0,1514.0,1393.0,30.0,121.0,1779.0,9.0,17.0,43.0,88.0,42.0,78.0,7.0,0.0,36.0,54.0,,13.0,,10.0,14.0,8.0,,,,,20.0,13.0,,,16.0,,,21.0,308.0,37.0,1.0,6.0,7.0,9.0,,,,,,,4.0,2.0,4.0,1.0,3.0,,29.0,,4.0,4.0,8.0,,,,,,,,,,,,,,
cpl::Football_Player::e062e50eb3404d07b682bf9855e3a980,Alberto Zapater,Atlético,Midfielder,2025,midfielder,25,612,0,1,0,1,0,1,13,4,2,1,1,0,0,91.0,14,2.06,0,0,0,0,0,0,0,0,68.42,55.56,37.5,0.0,0,0,0,0,0,0,0,0,0,0,0,0,0,8.0,5.0,3.0,25.0,83.0,,,2.0,,,45.0,20.0,25.0,113.0,,,25.0,1.0,,,13.0,1.0,37.0,15.0,22.0,,10.0,5.0,,150.0,486.0,,1.0,23.0,,25.0,133.0,,,,,,4.0,1.0,2.0,33.0,440.0,188.0,265.0,420.0,6.0,2.0,612.0,1.0,,8.0,4.0,2.0,60.0,500.0,453.0,19.0,47.0,575.0,,3.0,9.0,35.0,12.0,38.0,1.0,0.0,17.0,12.0,21.0,3.0,,,,3.0,,,,,6.0,6.0,,,13.0,,,3.0,104.0,14.0,1.0,,,,,1.0,,,,,,,,,1.0,,7.0,,,,1.0,,,,,,,,,,,,,,
cpl::Football_Player::7c7c78f8a9b24353a2c2418452327dab,Kévin dos Santos,Atlético,Midfielder,2025,midfielder,29,2029,4,2,26,6,8,2,41,35,16,3,1,0,0,86.0,24,1.06,48,0,1,0,0,0,0,0,66.13,46.03,41.94,15.38,0,0,0,0,0,0,0,0,0,0,0,0,0,31.0,18.0,13.0,29.0,294.0,,2.0,15.0,,,252.0,136.0,116.0,187.0,,,29.0,2.0,,,22.0,2.0,221.0,118.0,103.0,,10.0,36.0,,170.0,909.0,,1.0,159.0,,84.0,233.0,,,,,,24.0,25.0,9.0,33.0,774.0,452.0,379.0,773.0,21.0,85.0,2029.0,7.0,,52.0,35.0,16.0,336.0,943.0,806.0,62.0,137.0,1532.0,69.0,24.0,37.0,157.0,49.0,100.0,1.0,2.0,43.0,4.0,5.0,15.0,1.0,18.0,26.0,67.0,,,,1.0,20.0,22.0,,,41.0,4.0,,15.0,353.0,133.0,2.0,6.0,2.0,48.0,3.0,3.0,,,4.0,,8.0,8.0,25.0,14.0,2.0,14.0,62.0,2.0,23.0,42.0,35.0,1.0,3.0,8.0,,,,,4.0,2.0,1.0,,,,
cpl::Football_Player::c0ae1ca6360b41c6ad94f45a8b50a872,T. Crawford,Vancouver,Midfielder,2025,midfielder,3,198,0,0,0,0,0,0,8,4,0,0,1,1,0,82.0,2,0.91,0,0,0,0,0,0,0,0,66.67,68.42,0.0,33.33,0,0,0,0,0,0,0,0,0,0,0,0,0,1.0,1.0,,3.0,9.0,,,2.0,,,19.0,6.0,13.0,22.0,,,3.0,,,,1.0,1.0,18.0,5.0,13.0,,10.0,,,,70.0,,,4.0,,3.0,33.0,,,,,,3.0,1.0,1.0,3.0,57.0,17.0,43.0,56.0,4.0,10.0,198.0,,,5.0,4.0,,25.0,72.0,59.0,12.0,13.0,121.0,2.0,2.0,9.0,13.0,2.0,4.0,1.0,0.0,4.0,,,3.0,,,,,,,,,4.0,1.0,1.0,1.0,8.0,,,2.0,17.0,9.0,,,,,,,,,,,,,1.0,1.0,,8.0,1.0,,,2.0,1.0,,,,,,,,,,,,,,
cpl::Football_Player::bcd2bd431fea40f2ad5e2cd7d95bef32,A. Sissoko,Atlético,Midfielder,2025,midfielder,24,512,1,0,7,1,2,0,6,5,17,1,2,0,0,91.0,4,0.7,0,0,0,0,0,0,0,0,60.0,50.7,36.84,0.0,0,0,0,0,0,0,0,0,0,0,0,0,0,19.0,12.0,7.0,24.0,69.0,,,2.0,,,71.0,35.0,36.0,81.0,,,24.0,,,,3.0,1.0,52.0,23.0,29.0,1.0,10.0,5.0,,94.0,353.0,,,29.0,,22.0,82.0,,,,,,2.0,3.0,1.0,11.0,317.0,130.0,202.0,321.0,4.0,9.0,512.0,2.0,1.0,16.0,5.0,17.0,68.0,368.0,332.0,10.0,36.0,490.0,5.0,2.0,12.0,32.0,9.0,24.0,2.0,0.0,10.0,6.0,22.0,3.0,,5.0,7.0,14.0,,,,,6.0,5.0,,,6.0,1.0,,2.0,111.0,7.0,,3.0,1.0,,1.0,1.0,,,1.0,,2.0,,,,6.0,,15.0,1.0,,5.0,8.0,1.0,0.0,2.0,1.0,,1.0,,1.0,,,,,,
cpl::Football_Player::067092352a084dc4bde838b40e5b4cfb,K. Ortega,Atlético,Midfielder,2025,midfielder,15,115,0,0,0,0,0,0,5,9,3,0,2,0,0,81.0,4,3.13,1,0,0,0,0,0,0,0,83.33,40.0,50.0,0.0,0,0,0,0,0,0,0,0,0,0,0,0,0,2.0,1.0,1.0,15.0,35.0,,,,,,30.0,18.0,12.0,27.0,,,15.0,,,,3.0,1.0,28.0,17.0,11.0,,10.0,3.0,,20.0,98.0,,,16.0,,8.0,23.0,,,,,,,2.0,1.0,2.0,78.0,30.0,51.0,79.0,1.0,,115.0,,,2.0,9.0,3.0,29.0,101.0,81.0,6.0,20.0,130.0,2.0,3.0,6.0,18.0,4.0,14.0,2.0,0.0,5.0,1.0,15.0,6.0,,,,4.0,,,,,1.0,2.0,,,5.0,,,,31.0,10.0,,,,1.0,,,,,,,,,,,,,5.0,,1.0,1.0,3.0,,,,,,,,,,,,,,
cpl::Football_Player::165349da6f4642fb9d3d648ac53a905c,A. Ndom,Pacific,Midfielder,2025,midfielder,24,2017,5,0,28,5,13,0,15,18,37,1,8,0,0,88.0,46,2.05,1,0,0,0,0,0,0,0,71.43,66.67,70.69,0.0,0,0,0,0,0,0,0,0,0,0,0,0,0,58.0,17.0,41.0,24.0,378.0,,2.0,6.0,,,156.0,52.0,104.0,503.0,18.0,,24.0,,18.0,,41.0,5.0,98.0,35.0,63.0,,10.0,9.0,2.0,303.0,1260.0,,5.0,247.0,,106.0,457.0,,,,,,22.0,5.0,6.0,123.0,1101.0,314.0,838.0,1029.0,6.0,3.0,2017.0,3.0,,143.0,18.0,37.0,190.0,1314.0,1152.0,21.0,162.0,1655.0,4.0,24.0,84.0,125.0,41.0,78.0,8.0,0.0,14.0,1.0,2.0,10.0,1.0,15.0,28.0,29.0,,,,,25.0,8.0,,,15.0,5.0,,,51.0,13.0,,4.0,15.0,1.0,4.0,1.0,,,3.0,,13.0,,,,3.0,,8.0,2.0,,4.0,4.0,4.0,1.0,1.0,,2.0,1.0,,1.0,7.0,1.0,,,,
cpl::Football_Player::0193e9b2803b43938a676ad9232cede8,N. Verhoeven,Atlético,Midfielder,2025,midfielder,5,103,0,0,1,0,1,0,3,1,0,0,0,0,0,88.0,3,2.62,0,0,0,0,0,0,0,0,100.0,40.0,0.0,0.0,0,0,0,0,0,0,0,0,0,0,0,0,0,,,,5.0,18.0,,,,,,10.0,6.0,4.0,10.0,,,5.0,,,,3.0,,10.0,6.0,4.0,,10.0,,,21.0,69.0,,,7.0,,7.0,11.0,,,,,,1.0,1.0,,2.0,60.0,16.0,46.0,60.0,,,103.0,,,,1.0,,12.0,71.0,62.0,3.0,9.0,83.0,,1.0,4.0,7.0,2.0,5.0,,0.0,2.0,3.0,4.0,,,,1.0,,,,,,2.0,1.0,,,3.0,,,1.0,29.0,2.0,,,,,,,,,,,1.0,,,,,,3.0,,,,1.0,,,,,,,,,,,,,,
cpl::Football_Player::c2267256cd964bb3b0bda247e07fc87b,R. Ohin,Valour,Midfielder,2025,midfielder,26,2164,0,0,14,0,2,0,25,42,33,0,9,0,0,90.0,48,2.0,0,0,0,0,0,0,0,0,67.57,46.57,36.0,33.33,0,0,0,0,0,0,0,0,0,0,0,0,0,25.0,16.0,9.0,26.0,269.0,,2.0,6.0,,,204.0,109.0,95.0,301.0,,,26.0,,,,44.0,4.0,179.0,93.0,86.0,2.0,10.0,11.0,,348.0,1099.0,,4.0,96.0,,137.0,303.0,,,,,,25.0,16.0,2.0,45.0,978.0,459.0,549.0,962.0,12.0,3.0,2164.0,,,25.0,42.0,33.0,184.0,1128.0,1007.0,37.0,121.0,1408.0,2.0,10.0,27.0,82.0,41.0,94.0,9.0,0.0,25.0,12.0,1.0,30.0,2.0,12.0,14.0,9.0,,,,,23.0,13.0,,,25.0,,,6.0,176.0,37.0,,8.0,3.0,,,,,,,,2.0,,1.0,1.0,,1.0,26.0,,,2.0,8.0,,,2.0,,,1.0,,,1.0,,,,,
cpl::Football_Player::588cc7602a904011b1490a8e56d533e2,I. Johnston,Wanderers,Midfielder,2025,midfielder,29,2460,2,3,16,5,6,3,45,33,26,2,7,0,0,84.0,32,1.17,0,0,0,0,0,0,0,0,66.18,52.99,55.26,18.75,0,0,0,0,0,0,0,0,0,0,0,0,0,38.0,17.0,21.0,29.0,289.0,,5.0,6.0,,,268.0,126.0,142.0,389.0,,,29.0,3.0,,,29.0,3.0,230.0,109.0,121.0,,10.0,21.0,,281.0,1238.0,,3.0,128.0,,161.0,391.0,,,,,,28.0,27.0,5.0,102.0,1026.0,600.0,456.0,948.0,23.0,7.0,2460.0,4.0,,36.0,33.0,26.0,346.0,1263.0,1050.0,68.0,213.0,1704.0,26.0,18.0,65.0,181.0,58.0,148.0,7.0,1.0,48.0,24.0,1.0,20.0,,10.0,16.0,27.0,,,,1.0,28.0,25.0,,,45.0,2.0,,12.0,202.0,87.0,3.0,3.0,4.0,,2.0,2.0,,,1.0,,6.0,,6.0,6.0,5.0,,48.0,2.0,,26.0,25.0,1.0,1.0,5.0,,,1.0,,2.0,,,1.0,,,
cpl::Football_Player::a4d26a57d62040df8359a9bc96b1db67,D. Campbell,Valour,Midfielder,2025,midfielder,1,17,0,0,1,0,0,0,1,2,0,0,0,0,0,89.0,0,0.0,0,0,0,0,0,0,0,0,50.0,50.0,0.0,0.0,0,0,0,0,0,0,0,0,0,0,0,0,0,,,,1.0,1.0,,,,,,4.0,2.0,2.0,3.0,,,1.0,,,,,,4.0,2.0,2.0,1.0,10.0,,,2.0,9.0,,,1.0,,,3.0,,,,,,,,1.0,1.0,8.0,6.0,2.0,7.0,1.0,,17.0,,,,2.0,,2.0,9.0,8.0,2.0,1.0,17.0,,,,,1.0,1.0,,0.0,,,1.0,1.0,1.0,1.0,1.0,,,,,,1.0,,,,1.0,,,1.0,1.0,,,1.0,,,,,,,,,,,,,,,1.0,,,,,,,,,,,,,,,,,,
cpl::Football_Player::a2d59a105ffa40e592a486e9b62e55b0,M. Voytsekhovskyi,Inter Toronto,Midfielder,2025,midfielder,10,209,1,1,3,2,3,1,4,6,4,0,0,0,0,90.0,4,1.72,0,0,0,0,0,0,0,0,100.0,36.11,42.86,20.0,0,0,0,0,0,0,0,0,0,0,0,0,0,7.0,4.0,3.0,10.0,22.0,,,1.0,,,36.0,23.0,13.0,11.0,,,10.0,1.0,,,3.0,1.0,29.0,19.0,10.0,,10.0,,,7.0,49.0,,1.0,10.0,,4.0,12.0,,,,,,2.0,2.0,,2.0,44.0,28.0,17.0,42.0,,,209.0,1.0,,2.0,6.0,4.0,25.0,49.0,44.0,4.0,5.0,94.0,4.0,,,8.0,1.0,5.0,,0.0,2.0,2.0,8.0,6.0,,,3.0,7.0,,,,,1.0,,,,4.0,1.0,,2.0,19.0,29.0,1.0,,,,1.0,,,,1.0,,3.0,,1.0,1.0,,,11.0,,,4.0,2.0,0.0,1.0,,,,,,1.0,,,,,,
cpl::Football_Player::c61bc69e3cc04986a50e309ba356335c,K. Kibato,Inter Toronto,Midfielder,2025,midfielder,30,2349,1,1,18,2,5,1,30,24,51,0,8,0,0,90.0,38,1.46,2,0,0,0,0,0,0,0,57.69,57.66,41.18,11.11,0,0,0,0,0,0,0,0,0,0,0,0,0,34.0,20.0,14.0,30.0,330.0,,8.0,3.0,,,248.0,105.0,143.0,254.0,,,30.0,1.0,,,30.0,8.0,214.0,85.0,129.0,1.0,10.0,18.0,,346.0,1162.0,,5.0,158.0,,129.0,344.0,,,,,,26.0,27.0,4.0,64.0,1034.0,523.0,539.0,997.0,22.0,16.0,2349.0,2.0,,24.0,24.0,51.0,226.0,1191.0,1061.0,52.0,130.0,1568.0,8.0,15.0,32.0,107.0,31.0,98.0,8.0,1.0,27.0,22.0,4.0,16.0,,13.0,18.0,18.0,,,,1.0,37.0,11.0,,,30.0,1.0,,6.0,247.0,64.0,1.0,1.0,1.0,2.0,1.0,,,,,,5.0,,1.0,1.0,2.0,1.0,46.0,1.0,1.0,7.0,22.0,1.0,0.0,3.0,,,,,1.0,1.0,,1.0,,,
cpl::Football_Player::f6cad4e96b1a4fe1847951f5a8de61b1,M. Ferrari,Inter Toronto,Midfielder,2025,midfielder,29,2127,1,5,15,6,9,5,33,34,58,5,8,0,0,83.0,39,1.65,0,0,0,0,0,0,0,0,73.33,55.56,40.74,34.18,0,0,0,0,0,0,0,0,0,0,0,0,0,27.0,16.0,11.0,29.0,281.0,,4.0,11.0,,,234.0,104.0,130.0,255.0,,,29.0,5.0,,,32.0,7.0,207.0,88.0,119.0,2.0,10.0,18.0,,251.0,721.0,,5.0,144.0,,83.0,43.0,,,,,,23.0,16.0,8.0,22.0,595.0,375.0,255.0,581.0,12.0,141.0,2127.0,5.0,,44.0,34.0,58.0,306.0,731.0,603.0,45.0,128.0,1357.0,52.0,20.0,44.0,135.0,45.0,84.0,8.0,0.0,43.0,,6.0,15.0,,6.0,15.0,48.0,,,,,18.0,21.0,,,33.0,1.0,,5.0,182.0,147.0,5.0,4.0,6.0,,,5.0,,,,,9.0,,27.0,27.0,1.0,31.0,43.0,,,52.0,26.0,1.0,0.0,3.0,,,1.0,,1.0,,1.0,1.0,,,
cpl::Football_Player::b78b9cf10b374d23824749c6e410990c,E. Adekugbe,Inter Toronto,Midfielder,2025,midfielder,23,1551,0,1,3,1,0,1,17,22,25,0,5,0,0,95.0,24,1.39,0,0,0,0,0,0,0,0,62.96,58.56,42.86,0.0,0,0,0,0,0,0,0,0,0,0,0,0,0,21.0,12.0,9.0,23.0,167.0,,6.0,1.0,,,111.0,46.0,65.0,259.0,14.0,,23.0,1.0,14.0,,18.0,6.0,90.0,34.0,56.0,,10.0,7.0,2.0,338.0,950.0,,3.0,79.0,,79.0,336.0,,,,,,18.0,4.0,6.0,42.0,892.0,230.0,721.0,909.0,10.0,1.0,1551.0,1.0,,47.0,22.0,25.0,74.0,1011.0,951.0,27.0,60.0,1177.0,,11.0,19.0,34.0,26.0,41.0,5.0,0.0,12.0,2.0,5.0,10.0,1.0,3.0,3.0,7.0,,,,,9.0,5.0,,,17.0,,,7.0,78.0,6.0,1.0,3.0,8.0,,,,,,,,,,,,1.0,,6.0,,,,3.0,,,,,,1.0,,,,,,,,
cpl::Football_Player::8eb11a313b2348b888a9b1799feba47c,S. Yeates,Inter Toronto,Midfielder,2025,midfielder,20,1658,3,0,14,3,7,0,24,22,21,0,3,0,0,88.0,29,1.57,18,0,0,0,0,0,0,0,75.0,46.9,40.91,0.0,0,0,0,0,0,0,0,0,0,0,0,0,0,22.0,13.0,9.0,20.0,237.0,,5.0,5.0,,,145.0,77.0,68.0,228.0,,,20.0,,,,23.0,6.0,123.0,64.0,59.0,,10.0,11.0,,249.0,908.0,,2.0,99.0,,86.0,280.0,,,,,,19.0,6.0,2.0,35.0,799.0,428.0,398.0,789.0,8.0,3.0,1658.0,1.0,,23.0,22.0,21.0,190.0,937.0,824.0,32.0,113.0,1182.0,17.0,14.0,27.0,94.0,36.0,86.0,3.0,0.0,30.0,15.0,1.0,14.0,,7.0,14.0,21.0,,,,1.0,17.0,13.0,,,24.0,3.0,,6.0,180.0,69.0,,3.0,4.0,18.0,3.0,,,,3.0,,7.0,3.0,2.0,,1.0,,27.0,2.0,10.0,2.0,13.0,3.0,0.0,3.0,,,2.0,,3.0,,,,,,
cpl::Football_Player::64ff8ebb61c74060b52ab17341495a05,M. Ferrin,Inter Toronto,Midfielder,2025,midfielder,27,2008,4,3,26,7,17,3,19,24,54,3,2,0,0,86.0,29,1.3,2,0,0,0,0,0,0,0,59.38,50.76,36.73,11.11,0,0,0,0,0,0,0,0,0,0,0,0,0,49.0,31.0,18.0,27.0,210.0,,,7.0,,,262.0,129.0,133.0,103.0,,,27.0,3.0,,,20.0,9.0,213.0,98.0,115.0,1.0,10.0,23.0,,75.0,502.0,,3.0,112.0,,72.0,151.0,,,,,,23.0,29.0,2.0,7.0,430.0,317.0,129.0,434.0,13.0,7.0,2008.0,5.0,,19.0,24.0,54.0,218.0,513.0,441.0,32.0,72.0,943.0,24.0,4.0,6.0,80.0,16.0,66.0,2.0,0.0,30.0,16.0,4.0,10.0,,9.0,26.0,66.0,,,,,16.0,21.0,,,19.0,4.0,,16.0,184.0,119.0,3.0,8.0,3.0,2.0,4.0,3.0,,,2.0,,17.0,,5.0,3.0,1.0,1.0,68.0,3.0,2.0,18.0,32.0,0.0,4.0,2.0,,1.0,2.0,,4.0,,,1.0,,,
cpl::Football_Player::013f2c6247454e60b16f8b8fb80f1c00,M. Baldisimo,Cavalry,Midfielder,2025,midfielder,17,756,1,0,5,1,2,0,12,15,9,1,4,1,0,88.0,14,1.67,0,0,0,0,0,0,0,0,52.17,51.16,56.25,0.0,0,0,0,0,0,0,0,0,0,0,0,0,0,16.0,7.0,9.0,17.0,91.0,,,3.0,,,86.0,42.0,44.0,97.0,,,17.0,,,,12.0,2.0,70.0,35.0,35.0,2.0,10.0,2.0,,96.0,409.0,,2.0,27.0,,37.0,149.0,,,,,,9.0,3.0,2.0,48.0,360.0,181.0,182.0,315.0,11.0,4.0,756.0,,,5.0,15.0,9.0,70.0,413.0,363.0,23.0,50.0,516.0,2.0,5.0,16.0,40.0,12.0,34.0,4.0,0.0,11.0,7.0,8.0,6.0,1.0,3.0,5.0,11.0,,,,1.0,10.0,4.0,,1.0,12.0,1.0,1.0,7.0,71.0,42.0,,3.0,1.0,,,1.0,,,1.0,,2.0,,,,,,8.0,,,2.0,3.0,1.0,0.0,1.0,,,1.0,,,,1.0,,,,
cpl::Football_Player::f96ba1d3c2ae48a9b93c5022d4b5a8a8,J. Lopez,Inter Toronto,Midfielder,2025,midfielder,4,16,0,0,0,0,0,0,0,1,2,0,0,0,0,50.0,0,0.0,0,0,0,0,0,0,0,0,0.0,50.0,33.33,0.0,0,0,0,0,0,0,0,0,0,0,0,0,0,3.0,2.0,1.0,4.0,2.0,,,,,,8.0,4.0,4.0,,,,4.0,,,,,,5.0,2.0,3.0,,10.0,,,,2.0,,,1.0,,,1.0,,,,,,,1.0,,,1.0,1.0,,1.0,,,16.0,,,,1.0,2.0,2.0,2.0,1.0,,1.0,7.0,,,,1.0,,1.0,,0.0,,1.0,4.0,,,,,1.0,,,,1.0,,,,,,,,,1.0,,,1.0,,,,,,,,,,,,,,,1.0,,,,,,,,,,,,,,,,,,
cpl::Football_Player::b0a7f5c0cf994edbb5392b5b73bf8898,T. Powell,Vancouver,Midfielder,2025,midfielder,18,531,0,1,5,1,1,1,15,5,8,0,0,0,0,81.0,14,2.37,1,0,1,0,0,0,0,0,88.24,45.0,10.0,6.67,0,0,0,0,0,0,0,0,0,0,0,0,0,10.0,9.0,1.0,18.0,69.0,,,5.0,,,60.0,33.0,27.0,40.0,,,18.0,1.0,,,11.0,3.0,50.0,24.0,26.0,,10.0,3.0,,46.0,179.0,,,33.0,,38.0,30.0,,,,,,6.0,1.0,,8.0,146.0,84.0,65.0,139.0,2.0,2.0,531.0,1.0,,7.0,5.0,8.0,78.0,182.0,147.0,17.0,35.0,294.0,14.0,2.0,13.0,46.0,3.0,22.0,,0.0,12.0,5.0,12.0,2.0,,4.0,5.0,5.0,,,,,7.0,5.0,,,15.0,,,6.0,66.0,54.0,1.0,1.0,3.0,1.0,,,,,,,1.0,,2.0,1.0,1.0,,14.0,,1.0,12.0,9.0,,,1.0,,,,,,,,,,,
cpl::Football_Player::cb6350ba52f94d62a3a2a09318cd7220,L. Accettola,Inter Toronto,Midfielder,2025,midfielder,15,567,2,0,5,2,2,0,11,7,8,0,0,0,0,86.0,9,1.43,0,0,1,0,0,0,0,0,68.75,50.77,44.44,50.0,0,0,0,0,0,0,0,0,0,0,0,0,0,9.0,5.0,4.0,15.0,56.0,,,,,,65.0,32.0,33.0,45.0,,,15.0,,,,5.0,4.0,56.0,27.0,29.0,,10.0,3.0,,51.0,214.0,,,24.0,,29.0,66.0,,,,,,5.0,5.0,,6.0,182.0,91.0,99.0,183.0,5.0,3.0,567.0,,,6.0,7.0,8.0,63.0,221.0,189.0,16.0,32.0,322.0,1.0,5.0,9.0,25.0,8.0,23.0,,0.0,7.0,7.0,10.0,4.0,,3.0,5.0,7.0,,,,,8.0,3.0,,,11.0,2.0,,4.0,59.0,31.0,,2.0,1.0,,2.0,,,,2.0,,2.0,,1.0,1.0,,2.0,13.0,1.0,,1.0,8.0,1.0,1.0,2.0,,,,,2.0,,,,,,
cpl::Football_Player::b428d3e5d4c24213a3e6af3b838d650d,C. Zeppieri,Inter Toronto,Midfielder,2025,midfielder,2,29,0,0,0,0,0,0,0,1,0,0,1,0,0,79.0,1,3.1,0,0,0,0,0,0,0,0,0.0,0.0,0.0,100.0,0,0,0,0,0,0,0,0,0,0,0,0,0,1.0,1.0,,2.0,7.0,,,,,,5.0,5.0,,6.0,,,2.0,,,,1.0,,4.0,4.0,,,10.0,,,6.0,19.0,,,6.0,,,5.0,,,,,,,,,2.0,15.0,9.0,7.0,13.0,,2.0,29.0,,,,1.0,,7.0,19.0,15.0,,4.0,28.0,,1.0,2.0,4.0,,2.0,1.0,0.0,2.0,,2.0,1.0,,,,,,,,,,1.0,,,,,,,2.0,,,,,,,,,,,,,,1.0,1.0,,,1.0,,,,1.0,,,,,,,,,,,,,,
cpl::Football_Player::58430e4fe62548d7894e74b9202fcbc1,N. Mezquida,Vancouver,Midfielder,2025,midfielder,18,1116,5,1,22,6,15,1,10,28,15,0,5,1,0,80.0,26,2.1,40,0,0,1,1,0,0,0,55.56,34.09,21.88,5.56,0,0,0,0,0,0,0,0,0,0,0,0,0,32.0,25.0,7.0,18.0,102.0,,,14.0,,,132.0,87.0,45.0,106.0,,,18.0,1.0,,,18.0,8.0,100.0,62.0,38.0,3.0,10.0,19.0,,64.0,350.0,,,36.0,,51.0,94.0,,,,,,11.0,5.0,4.0,22.0,274.0,218.0,97.0,277.0,8.0,,1116.0,2.0,,7.0,28.0,15.0,176.0,375.0,299.0,18.0,76.0,613.0,40.0,4.0,12.0,100.0,16.0,64.0,5.0,0.0,22.0,14.0,7.0,18.0,,7.0,22.0,40.0,,,,3.0,11.0,13.0,1.0,1.0,10.0,5.0,,5.0,111.0,30.0,1.0,8.0,2.0,40.0,5.0,,1.0,1.0,4.0,,15.0,11.0,16.0,3.0,,,29.0,4.0,26.0,7.0,12.0,1.0,4.0,2.0,,,1.0,,4.0,6.0,,1.0,,,
cpl::Football_Player::b0ea2d178d304a30ace558498e189223,Juan Batista,Vancouver,Midfielder,2025,midfielder,14,487,0,0,9,0,3,0,5,7,11,0,0,0,0,72.0,16,2.96,5,0,1,0,0,0,0,0,100.0,50.0,66.67,0.0,0,0,0,0,0,0,0,0,0,0,0,0,0,6.0,2.0,4.0,14.0,49.0,,,5.0,,,46.0,23.0,23.0,42.0,,,14.0,,,,13.0,3.0,40.0,21.0,19.0,,10.0,4.0,,30.0,124.0,,1.0,27.0,,9.0,36.0,,,,,,3.0,3.0,,3.0,87.0,67.0,26.0,88.0,,,487.0,2.0,,2.0,7.0,11.0,71.0,128.0,91.0,5.0,37.0,213.0,6.0,1.0,6.0,40.0,3.0,31.0,,0.0,4.0,6.0,11.0,5.0,,6.0,9.0,11.0,,,,1.0,2.0,1.0,,,5.0,,,3.0,20.0,8.0,,5.0,,5.0,,,,,,,3.0,1.0,2.0,,3.0,,11.0,,2.0,3.0,4.0,,,,,,,,,1.0,,,,,
cpl::Football_Player::3e29f3a4fcaa401fb6b92e75b6a94f42,M. Piepgrass,Cavalry,Midfielder,2025,midfielder,15,974,0,1,4,1,1,1,15,27,24,0,3,0,0,84.0,9,0.83,0,0,0,0,0,0,0,0,75.0,53.33,56.25,0.0,0,0,0,0,0,0,0,0,0,0,0,0,0,16.0,7.0,9.0,15.0,60.0,,1.0,1.0,,,105.0,49.0,56.0,138.0,,,15.0,1.0,,,9.0,,89.0,42.0,47.0,1.0,10.0,3.0,,111.0,491.0,,,23.0,,55.0,162.0,,,,,,12.0,3.0,,35.0,410.0,196.0,223.0,384.0,5.0,1.0,974.0,,,12.0,27.0,24.0,98.0,500.0,419.0,20.0,81.0,628.0,,5.0,23.0,57.0,24.0,58.0,3.0,0.0,13.0,15.0,3.0,16.0,,3.0,4.0,5.0,,,,,12.0,8.0,,,15.0,,,10.0,89.0,,1.0,2.0,9.0,,,,,,,,1.0,,,,,,7.0,,,,1.0,,,,,,,,,,,,,,
cpl::Football_Player::aa1db7ded36d4bcfb24c39897b772860,W. Wandje,Valour,Midfielder,2025,midfielder,2,51,0,0,0,0,0,0,1,1,0,0,0,0,0,73.0,2,3.53,0,0,0,0,0,0,0,0,100.0,40.0,0.0,0.0,0,0,0,0,0,0,0,0,0,0,0,0,0,,,,2.0,5.0,,,,,,5.0,3.0,2.0,8.0,,,2.0,,,,2.0,,5.0,3.0,2.0,,10.0,,,2.0,22.0,,,3.0,,3.0,8.0,,,,,,,1.0,,,16.0,6.0,10.0,16.0,,3.0,51.0,,,1.0,1.0,,9.0,22.0,16.0,1.0,6.0,34.0,1.0,,1.0,6.0,1.0,5.0,,0.0,3.0,,2.0,1.0,,,,2.0,,,,,,2.0,,,1.0,,,,4.0,,,,,,,,,,,,,,,,,,2.0,,,1.0,,,,,,,,,,,,,,,
cpl::Football_Player::468783c9b1c041c987781c4facdee0b1,J. Hartill,Atlético,Midfielder,2025,midfielder,1,3,0,0,0,0,0,0,0,0,0,0,0,0,0,67.0,0,0.0,0,0,0,0,0,0,0,0,0.0,50.0,50.0,0.0,0,0,0,0,0,0,0,0,0,0,0,0,0,2.0,1.0,1.0,1.0,,,,,,,2.0,1.0,1.0,2.0,,,1.0,,,,,,,,,,10.0,,,,3.0,,,,,1.0,,,,,,,,,,,2.0,2.0,,2.0,,,3.0,,,,,,1.0,3.0,2.0,,1.0,3.0,,,,,1.0,1.0,,0.0,,,1.0,,,,,,,,,,,,,,,,,,1.0,,,,,,,,,,,,,,,,,,,,,,,,,,,,,,,,,,,,
cpl::Football_Player::178b7fd6fe544d09bebc9697cde5b731,A. Umanzor,Inter Toronto,Midfielder,2025,midfielder,1,4,0,0,0,0,0,0,0,1,0,0,1,0,0,,0,0.0,0,0,0,0,0,0,0,0,0.0,0.0,0.0,0.0,0,0,0,0,0,0,0,0,0,0,0,0,0,1.0,1.0,,1.0,,,,,,,3.0,3.0,,,,,1.0,,,,,,2.0,2.0,,,10.0,,,,,,,,,,,,,,,,,,,,,,,,,,4.0,,,,1.0,,1.0,,,,,1.0,,,,,,,1.0,0.0,,,1.0,1.0,,,,,,,,,,,,,,,,,,,,,,,,,,,,,,,,,,,1.0,,,,,,,,,,,,,,,,,,
cpl::Football_Player::b0fedc30eb604eb788bae2badfa4fe2b,K. Froese,Valour,Midfielder,2025,midfielder,14,957,3,4,15,7,9,4,5,14,8,3,3,0,0,82.0,22,2.07,0,0,0,0,0,0,0,0,62.5,44.3,55.56,16.67,0,0,0,0,0,0,0,0,0,0,0,0,0,9.0,4.0,5.0,14.0,124.0,,,3.0,,,79.0,44.0,35.0,110.0,,,14.0,4.0,,,21.0,1.0,70.0,40.0,30.0,,10.0,10.0,,71.0,321.0,,2.0,74.0,,39.0,59.0,,,,,,13.0,14.0,,10.0,259.0,180.0,88.0,257.0,3.0,4.0,957.0,3.0,,2.0,14.0,8.0,113.0,329.0,267.0,8.0,62.0,476.0,5.0,,8.0,60.0,7.0,54.0,3.0,1.0,18.0,8.0,1.0,9.0,,6.0,15.0,40.0,,,,,5.0,5.0,,,5.0,3.0,,13.0,89.0,94.0,3.0,6.0,2.0,,2.0,3.0,,,3.0,,9.0,,1.0,1.0,3.0,,22.0,1.0,,5.0,10.0,2.0,1.0,2.0,,,2.0,,3.0,1.0,1.0,,,,
cpl::Football_Player::9b7094aee7c641cbac9d8be17145e9af,Michel,Vancouver,Midfielder,2025,midfielder,13,580,0,0,2,0,0,0,10,9,11,0,1,0,0,87.0,15,2.33,1,0,1,0,0,0,0,0,71.43,52.05,50.0,0.0,0,0,0,0,0,0,0,0,0,0,0,0,0,6.0,3.0,3.0,13.0,101.0,,,,,,73.0,35.0,38.0,87.0,,,13.0,,,,13.0,2.0,67.0,32.0,35.0,,10.0,4.0,,66.0,272.0,,,59.0,,36.0,97.0,,,,,,5.0,10.0,,15.0,236.0,145.0,101.0,230.0,4.0,,580.0,1.0,,1.0,9.0,11.0,66.0,283.0,245.0,14.0,38.0,368.0,3.0,,5.0,31.0,10.0,33.0,1.0,0.0,11.0,1.0,8.0,8.0,,2.0,2.0,5.0,,,,1.0,7.0,5.0,,,10.0,,,3.0,33.0,18.0,,1.0,,1.0,,,,,,,,,1.0,,,,15.0,,1.0,,1.0,,,,,,,,,,,,,,
cpl::Football_Player::b0f2bab1e3bd4880a057607ae79ef51c,A. Ouattara,Vancouver,Midfielder,2025,midfielder,7,306,0,1,5,1,0,1,4,7,5,0,3,0,0,81.0,4,1.18,0,0,0,0,0,0,0,0,44.44,52.08,57.14,0.0,0,0,0,0,0,0,0,0,0,0,0,0,0,14.0,6.0,8.0,7.0,41.0,,,,,,48.0,23.0,25.0,37.0,,,7.0,1.0,,,2.0,2.0,34.0,17.0,17.0,,10.0,2.0,,27.0,124.0,,,16.0,,13.0,43.0,,,,,,4.0,3.0,3.0,7.0,100.0,52.0,50.0,95.0,5.0,,306.0,1.0,,3.0,7.0,5.0,36.0,126.0,102.0,9.0,24.0,183.0,,1.0,5.0,20.0,4.0,19.0,3.0,0.0,5.0,2.0,3.0,7.0,,5.0,5.0,5.0,,,,,6.0,2.0,,,4.0,,,3.0,19.0,35.0,1.0,,1.0,,,,,,,,,,,,,,7.0,,,,1.0,,,1.0,,,,,,,,,,,
cpl::Football_Player::0525cb3281384e73b36ee21ac71810c5,L. López,Inter Toronto,Midfielder,2025,midfielder,11,779,3,0,9,3,4,0,9,5,9,2,3,0,0,89.0,11,1.27,25,0,1,0,0,0,0,0,69.23,41.79,20.0,3.12,0,0,0,0,0,0,0,0,0,0,0,0,0,5.0,4.0,1.0,11.0,165.0,,1.0,5.0,,,67.0,39.0,28.0,145.0,,,11.0,,,,11.0,,62.0,35.0,27.0,,10.0,19.0,,160.0,489.0,,2.0,88.0,,33.0,140.0,,,,,,9.0,5.0,,28.0,435.0,305.0,161.0,431.0,4.0,4.0,779.0,1.0,,5.0,5.0,9.0,116.0,518.0,459.0,13.0,59.0,653.0,24.0,2.0,15.0,79.0,4.0,44.0,3.0,2.0,6.0,16.0,2.0,4.0,,5.0,9.0,6.0,,,,1.0,4.0,5.0,,,9.0,3.0,,7.0,73.0,80.0,,2.0,1.0,25.0,2.0,2.0,,,3.0,,4.0,7.0,7.0,1.0,5.0,,13.0,1.0,12.0,6.0,7.0,3.0,0.0,1.0,,,,,2.0,4.0,1.0,,,,1.0
cpl::Football_Player::82ff8e880ba54f74a34fe1f8165f3b46,Matthew Baldisimo,Pacific,Midfielder,2025,midfielder,11,836,0,0,1,0,0,0,11,6,2,0,1,0,0,87.0,24,2.58,0,0,0,0,0,0,0,0,61.11,66.67,66.67,0.0,0,0,0,0,0,0,0,0,0,0,0,0,0,9.0,3.0,6.0,11.0,81.0,,,2.0,,,39.0,13.0,26.0,184.0,6.0,1.0,11.0,,7.0,,23.0,1.0,30.0,10.0,20.0,,10.0,,,152.0,452.0,,2.0,40.0,,24.0,114.0,,,,,,10.0,,3.0,27.0,386.0,91.0,327.0,391.0,7.0,2.0,836.0,,,34.0,6.0,2.0,71.0,485.0,418.0,18.0,67.0,578.0,1.0,15.0,40.0,44.0,24.0,27.0,1.0,0.0,11.0,,1.0,1.0,,1.0,1.0,2.0,,,,,7.0,8.0,,,11.0,,,1.0,35.0,4.0,,,6.0,,,,,,,,,,,,3.0,,1.0,,,1.0,1.0,,,,,,,,,,,,,,
cpl::Football_Player::5e3618d3335b4f5b8d239395023ae296,R. Juhmi,Pacific,Midfielder,2025,midfielder,10,701,0,1,2,1,1,1,19,19,7,0,4,0,0,86.0,18,2.31,0,0,0,0,0,0,0,0,61.29,53.76,61.54,0.0,0,0,0,0,0,0,0,0,0,0,0,0,0,13.0,5.0,8.0,10.0,66.0,,,,,,93.0,43.0,50.0,106.0,,,10.0,1.0,,,17.0,1.0,80.0,38.0,42.0,,10.0,1.0,,102.0,353.0,,2.0,28.0,,36.0,98.0,,,,,,8.0,4.0,,11.0,301.0,123.0,193.0,305.0,12.0,1.0,701.0,1.0,,9.0,19.0,7.0,73.0,368.0,316.0,31.0,52.0,478.0,2.0,6.0,19.0,38.0,16.0,33.0,4.0,0.0,10.0,4.0,2.0,13.0,,1.0,2.0,,,,,,9.0,5.0,,,19.0,,,7.0,62.0,27.0,1.0,,3.0,,,,,,,,1.0,,,,1.0,,11.0,,,2.0,3.0,,,,,,,,,,,,,,
cpl::Football_Player::45331ec5d96b40fc917dd8c77336b5bb,Jessé Costa,Inter Toronto,Midfielder,2025,midfielder,5,75,0,0,1,0,1,0,0,4,1,0,2,0,0,75.0,1,1.2,1,0,0,0,0,0,0,0,0.0,12.5,0.0,0.0,0,0,0,0,0,0,0,0,0,0,0,0,0,2.0,2.0,,5.0,9.0,,,2.0,,,8.0,7.0,1.0,12.0,,,5.0,,,,1.0,,6.0,5.0,1.0,,10.0,2.0,,7.0,36.0,,,5.0,,3.0,6.0,,,,,,,,,2.0,27.0,13.0,15.0,25.0,,,75.0,,,,4.0,1.0,14.0,36.0,27.0,,9.0,46.0,2.0,,2.0,9.0,2.0,7.0,2.0,0.0,3.0,1.0,5.0,1.0,,,1.0,2.0,,,,,,,,,,,,,11.0,7.0,,1.0,,1.0,,,,,,,1.0,1.0,1.0,,,,1.0,,,1.0,,,,,,,,,,,,,,,
cpl::Football_Player::e8768ad114d74ff98efac31e2ba6d402,H. Paton,Forge,Midfielder,2025,midfielder,6,115,0,1,1,1,1,1,1,0,3,0,0,0,0,83.0,1,0.78,0,0,0,0,0,0,0,0,50.0,66.67,66.67,16.67,0,0,0,0,0,0,0,0,0,0,0,0,0,3.0,1.0,2.0,6.0,21.0,,,1.0,,,12.0,4.0,8.0,23.0,,,6.0,1.0,,,1.0,,9.0,3.0,6.0,,10.0,1.0,,16.0,62.0,,,10.0,,7.0,12.0,,,,,,,1.0,,3.0,51.0,42.0,10.0,48.0,1.0,2.0,115.0,1.0,,1.0,,3.0,21.0,62.0,51.0,2.0,11.0,91.0,5.0,,1.0,13.0,3.0,10.0,,0.0,6.0,4.0,6.0,,,,1.0,7.0,,,,,,3.0,,,1.0,,,,11.0,43.0,1.0,2.0,,,,,,,,,1.0,,1.0,1.0,,,1.0,,,5.0,,,,,,,,,,,,,,,
cpl::Football_Player::88ac022bf06149f1be2ce2ab7f3c087c,Z. Verhoven,Vancouver,Midfielder,2025,midfielder,2,41,0,0,1,0,0,0,1,1,0,0,0,0,0,59.0,0,0.0,0,0,0,0,0,0,0,0,100.0,18.18,0.0,0.0,0,0,0,0,0,0,0,0,0,0,0,0,0,1.0,1.0,,2.0,6.0,,,,,,11.0,9.0,2.0,3.0,,,2.0,,,,,,10.0,8.0,2.0,,10.0,1.0,,6.0,12.0,,,3.0,,2.0,1.0,,,,,,,1.0,,,7.0,4.0,3.0,7.0,,,41.0,,,1.0,1.0,,11.0,12.0,7.0,1.0,5.0,23.0,1.0,,,4.0,2.0,5.0,,0.0,1.0,,2.0,1.0,,1.0,1.0,2.0,,,,,,,,,1.0,,,,2.0,13.0,,,,,,,,,,,,,,,,,3.0,,,1.0,2.0,,,,,,,,,,,,,,
cpl::Football_Player::43059b02bd294234aae2d3c8a806f9b7,L. Juričić,Wanderers,Midfielder,2025,midfielder,0,0,0,0,0,0,0,0,0,0,0,0,0,0,0,,0,,0,0,0,0,0,0,0,0,0.0,0.0,0.0,0.0,0,0,0,0,0,0,0,0,0,0,0,0,0,,,,,,,,,,,,,,,,,,,,,,,,,,,,,,,,,,,,,,,,,,,,,,,,,,,,,,,,,,,,,,,,,,,,,,,,,,,,,,,,,,,,,,,,,,,,,,,,,,,,,,,,,,,,,,,,,,,,,,,,,,,,,,,,,
cpl::Football_Player::c3af4ebd8c0846c096482cc3c95b4e78,C. Elva,Cavalry,Forward,2025,forward,21,725,4,4,29,8,12,4,4,12,8,1,0,0,0,75.0,10,1.24,0,0,2,1,0,0,0,0,100.0,58.59,66.67,25.0,0,0,0,0,0,0,0,0,0,0,0,0,0,57.0,19.0,38.0,21.0,68.0,,1.0,2.0,,,99.0,41.0,58.0,69.0,,,21.0,4.0,,,9.0,1.0,42.0,22.0,20.0,1.0,10.0,20.0,,48.0,234.0,,1.0,28.0,,26.0,72.0,,,,,,5.0,8.0,2.0,8.0,174.0,122.0,60.0,173.0,,,725.0,4.0,,12.0,12.0,8.0,100.0,242.0,181.0,4.0,61.0,370.0,3.0,4.0,7.0,51.0,13.0,54.0,,0.0,13.0,13.0,16.0,5.0,,17.0,29.0,52.0,,,,1.0,2.0,4.0,,,4.0,4.0,,3.0,53.0,98.0,2.0,4.0,,,3.0,1.0,1.0,,3.0,,12.0,,1.0,1.0,2.0,,10.0,3.0,,3.0,2.0,2.0,2.0,1.0,,,7.0,,4.0,,1.0,1.0,,1.0,
cpl::Football_Player::0b3c2dfa6c324a4f9203996ab6e6181b,J. Herdman,Vancouver,Forward,2025,forward,17,650,0,2,5,2,2,2,9,7,17,3,1,0,0,78.0,11,1.52,3,0,0,0,0,0,0,0,47.37,48.96,40.0,20.0,0,0,0,0,0,0,0,0,0,0,0,0,0,10.0,6.0,4.0,17.0,83.0,,,5.0,,,96.0,49.0,47.0,51.0,,,17.0,2.0,,,10.0,1.0,86.0,43.0,43.0,,10.0,4.0,,8.0,167.0,,1.0,44.0,,27.0,71.0,,,,,,8.0,7.0,,11.0,131.0,67.0,69.0,120.0,10.0,9.0,650.0,2.0,,9.0,7.0,17.0,97.0,169.0,131.0,19.0,38.0,324.0,10.0,2.0,4.0,36.0,12.0,34.0,1.0,0.0,12.0,4.0,9.0,5.0,,3.0,5.0,16.0,,,,,2.0,7.0,,,9.0,,,7.0,39.0,9.0,1.0,2.0,2.0,3.0,,3.0,,,,,2.0,2.0,5.0,3.0,2.0,1.0,24.0,,1.0,7.0,11.0,,,1.0,,,1.0,,,,,,,,
cpl::Football_Player::5689e826363240e892378a5cd52e5101,N. Wähling,Cavalry,Forward,2025,forward,24,755,1,1,8,2,3,1,6,11,8,4,0,0,0,76.0,9,1.07,1,0,0,0,0,0,0,0,66.67,44.32,46.67,35.48,0,0,0,0,0,0,0,0,0,0,0,0,0,30.0,16.0,14.0,24.0,80.0,,1.0,7.0,,,88.0,49.0,39.0,79.0,,,24.0,1.0,,,8.0,1.0,58.0,33.0,25.0,,10.0,12.0,,65.0,225.0,,1.0,46.0,,30.0,27.0,,,,,,6.0,8.0,1.0,10.0,169.0,124.0,60.0,162.0,3.0,24.0,755.0,2.0,,15.0,11.0,8.0,120.0,229.0,172.0,9.0,57.0,410.0,20.0,3.0,5.0,60.0,17.0,52.0,,0.0,18.0,3.0,18.0,2.0,,5.0,8.0,23.0,,,,2.0,4.0,5.0,,,6.0,1.0,,5.0,58.0,17.0,1.0,4.0,2.0,1.0,,4.0,,,1.0,,3.0,,12.0,11.0,1.0,,19.0,,1.0,19.0,9.0,1.0,0.0,,,,,,,3.0,1.0,,,,1.0
cpl::Football_Player::2d8cec65b1bb4b20872a91ac73584d29,A. Musse,Cavalry,Forward,2025,forward,26,2128,10,7,58,17,25,7,14,30,44,6,3,1,0,80.0,28,1.18,56,0,2,1,1,0,0,0,66.67,42.31,55.0,15.18,0,0,0,0,0,0,0,0,0,0,0,0,0,40.0,18.0,22.0,26.0,242.0,,1.0,23.0,,,260.0,150.0,110.0,141.0,,,26.0,7.0,,,26.0,2.0,220.0,132.0,88.0,,10.0,41.0,,221.0,592.0,,1.0,144.0,,86.0,76.0,,,,,,24.0,23.0,2.0,14.0,469.0,415.0,118.0,479.0,7.0,5.0,2128.0,7.0,,9.0,30.0,44.0,354.0,619.0,493.0,21.0,126.0,1148.0,78.0,6.0,15.0,177.0,27.0,111.0,3.0,3.0,28.0,27.0,2.0,18.0,1.0,33.0,58.0,92.0,,,,2.0,20.0,17.0,1.0,1.0,14.0,10.0,,15.0,181.0,184.0,6.0,15.0,2.0,56.0,7.0,6.0,1.0,1.0,2.0,,25.0,17.0,40.0,17.0,3.0,,84.0,8.0,29.0,35.0,48.0,6.0,4.0,7.0,,,11.0,,8.0,10.0,3.0,8.0,,2.0,1.0
cpl::Football_Player::4677d430ee38453e9a424d4e8c1cc96b,T. Borges,Forge,Forward,2025,forward,23,1235,4,3,23,7,11,3,18,20,23,8,2,0,0,80.0,12,0.87,37,0,0,0,0,0,0,0,81.82,46.05,35.29,10.34,0,0,0,0,0,0,0,0,0,0,0,0,0,17.0,11.0,6.0,23.0,130.0,,,13.0,,,152.0,82.0,70.0,102.0,,,23.0,3.0,,,9.0,3.0,135.0,71.0,64.0,,10.0,23.0,,138.0,429.0,,2.0,55.0,,57.0,57.0,,,,,,16.0,20.0,1.0,30.0,340.0,276.0,95.0,322.0,4.0,3.0,1235.0,11.0,,3.0,20.0,23.0,199.0,442.0,352.0,22.0,90.0,709.0,42.0,4.0,11.0,117.0,15.0,79.0,2.0,1.0,27.0,13.0,7.0,17.0,1.0,12.0,23.0,65.0,,,,1.0,9.0,10.0,,,18.0,4.0,,16.0,145.0,158.0,3.0,6.0,1.0,37.0,3.0,8.0,,,1.0,,11.0,10.0,19.0,6.0,4.0,,35.0,3.0,17.0,19.0,16.0,2.0,2.0,1.0,,,2.0,,4.0,4.0,1.0,3.0,,,
cpl::Football_Player::c39cf7fa836f436d961ce8dbbf72dc90,N. Ampomah,Forge,Forward,2025,forward,21,1416,6,3,35,9,14,3,25,40,23,20,11,0,0,75.0,14,0.89,0,0,1,0,0,0,0,0,71.43,43.7,20.0,21.05,0,0,0,0,0,0,0,0,0,0,0,0,0,10.0,8.0,2.0,21.0,228.0,,1.0,16.0,,,238.0,134.0,104.0,140.0,,,21.0,3.0,,,12.0,2.0,228.0,126.0,102.0,1.0,10.0,22.0,,221.0,508.0,,,110.0,,76.0,39.0,,,,,,17.0,44.0,,22.0,379.0,301.0,90.0,357.0,10.0,10.0,1416.0,13.0,,5.0,40.0,23.0,308.0,508.0,379.0,35.0,129.0,899.0,45.0,,11.0,156.0,18.0,118.0,11.0,0.0,38.0,8.0,4.0,25.0,,21.0,35.0,100.0,,,,,4.0,11.0,,,25.0,6.0,,14.0,108.0,84.0,3.0,8.0,,,6.0,20.0,,,3.0,,14.0,,12.0,12.0,5.0,,74.0,5.0,,45.0,45.0,4.0,2.0,6.0,,1.0,5.0,,5.0,,,2.0,,3.0,
cpl::Football_Player::99a91175ff8e476ca86125ecab87f00b,Mo Babouli,Forge,Forward,2025,forward,26,1699,4,2,23,6,9,2,13,19,20,10,1,0,0,82.0,15,0.79,17,0,2,0,0,0,0,0,52.0,39.31,25.0,9.76,0,0,0,0,0,0,0,0,0,0,0,0,0,12.0,9.0,3.0,26.0,219.0,,4.0,12.0,,,173.0,105.0,68.0,148.0,,,26.0,2.0,,,12.0,3.0,161.0,96.0,65.0,,10.0,20.0,,133.0,561.0,,2.0,94.0,,83.0,149.0,,,,,,19.0,20.0,,40.0,455.0,309.0,170.0,432.0,12.0,9.0,1699.0,9.0,,5.0,19.0,20.0,242.0,578.0,472.0,25.0,106.0,869.0,34.0,12.0,25.0,118.0,22.0,81.0,1.0,3.0,22.0,22.0,7.0,10.0,,14.0,23.0,56.0,,,,,3.0,8.0,,,13.0,4.0,,10.0,148.0,63.0,2.0,8.0,1.0,17.0,4.0,10.0,,,2.0,1.0,9.0,3.0,7.0,4.0,4.0,1.0,55.0,3.0,6.0,24.0,18.0,3.0,1.0,6.0,,2.0,3.0,,4.0,3.0,,,,,
cpl::Football_Player::2989b90b079449a0916022698aecc47b,B. Badibanga,Forge,Forward,2025,forward,0,0,0,0,0,0,0,0,0,0,0,0,0,0,0,,0,,0,0,0,0,0,0,0,0,0.0,0.0,0.0,0.0,0,0,0,0,0,0,0,0,0,0,0,0,0,,,,,,,,,,,,,,,,,0.0,,,,,,,,,,,,,,,,,,,,,,,,,,,,,,,,,,,,,,,,,,,,,,,,,,,,,,0.0,,,,0.0,,,,,,,,,,,,0.0,0.0,,0.0,0.0,0.0,,,,,,,,,,,,,,,,,,,,,,,,,,,,,,,,,,,,,
cpl::Football_Player::31115f5131a74426969fd8573af2d8b9,B. Wright,Forge,Forward,2025,forward,28,1962,12,0,44,12,24,0,8,24,17,24,4,0,0,71.0,19,0.87,0,0,3,3,3,0,0,0,47.06,44.83,53.06,50.0,0,0,0,0,0,0,0,0,0,0,0,0,0,49.0,23.0,26.0,28.0,64.0,,1.0,11.0,,,145.0,80.0,65.0,17.0,,,28.0,,,,15.0,4.0,96.0,57.0,39.0,,10.0,7.0,,36.0,151.0,,1.0,39.0,,27.0,54.0,,,,,,25.0,5.0,,4.0,93.0,66.0,71.0,132.0,9.0,,1962.0,1.0,,9.0,24.0,17.0,137.0,194.0,136.0,17.0,58.0,413.0,1.0,2.0,3.0,50.0,9.0,55.0,4.0,2.0,12.0,7.0,3.0,9.0,,20.0,44.0,107.0,,,,8.0,4.0,9.0,,,8.0,12.0,,22.0,87.0,40.0,,7.0,2.0,,12.0,24.0,3.0,3.0,11.0,,24.0,,1.0,1.0,1.0,2.0,28.0,11.0,,1.0,8.0,7.0,5.0,2.0,,1.0,19.0,,9.0,,,,,,
cpl::Football_Player::04cd976c461148d79ab8cafc0bf69c62,D. Choinière,Forge,Forward,2025,forward,24,1228,3,4,21,7,13,4,11,18,16,4,1,0,0,86.0,12,0.88,3,0,1,0,0,0,0,0,84.62,31.16,14.29,23.33,0,0,0,0,0,0,0,0,0,0,0,0,0,7.0,6.0,1.0,24.0,213.0,,2.0,10.0,,,138.0,95.0,43.0,102.0,,,24.0,4.0,,,9.0,3.0,131.0,89.0,42.0,1.0,10.0,13.0,,141.0,499.0,,2.0,99.0,,60.0,84.0,,,,,,13.0,13.0,,28.0,427.0,302.0,136.0,403.0,2.0,5.0,1228.0,3.0,,3.0,18.0,16.0,182.0,503.0,431.0,13.0,72.0,747.0,23.0,3.0,9.0,84.0,11.0,63.0,1.0,0.0,24.0,10.0,11.0,11.0,,8.0,21.0,54.0,,,,1.0,3.0,12.0,,,11.0,3.0,,10.0,176.0,173.0,3.0,3.0,2.0,3.0,3.0,4.0,,,1.0,,13.0,,7.0,7.0,1.0,,52.0,2.0,1.0,22.0,28.0,3.0,0.0,4.0,2.0,,5.0,,3.0,,,2.0,,,
cpl::Football_Player::6b48ced0357d4fd4a50e8ba77b6784d8,T. Warschewski,Cavalry,Forward,2025,forward,30,2575,11,5,61,16,33,5,27,30,85,6,3,0,0,82.0,35,1.22,11,0,1,3,2,0,0,0,72.97,46.83,43.0,14.29,0,0,0,0,0,0,0,0,0,0,0,0,0,100.0,57.0,43.0,30.0,384.0,,3.0,22.0,,,489.0,260.0,229.0,178.0,,,30.0,5.0,,,31.0,4.0,389.0,203.0,186.0,6.0,10.0,39.0,,124.0,657.0,,2.0,160.0,,89.0,206.0,,,,,,29.0,65.0,1.0,39.0,534.0,448.0,112.0,511.0,10.0,3.0,2575.0,7.0,,8.0,30.0,85.0,451.0,674.0,550.0,37.0,124.0,1424.0,39.0,4.0,18.0,151.0,12.0,106.0,3.0,3.0,46.0,20.0,1.0,18.0,,28.0,61.0,161.0,,,,1.0,6.0,24.0,,,27.0,11.0,,12.0,166.0,204.0,3.0,29.0,3.0,11.0,6.0,6.0,3.0,2.0,11.0,,33.0,3.0,10.0,7.0,2.0,,165.0,4.0,7.0,29.0,57.0,8.0,3.0,4.0,,,7.0,,8.0,7.0,5.0,,,,
cpl::Football_Player::1e2de1b3d9654cbe87321fe6e1f3837b,C. Chanda,Cavalry,Forward,2025,forward,2,21,0,0,0,0,0,0,0,1,0,0,0,0,0,86.0,0,0.0,0,0,0,0,0,0,0,0,0.0,0.0,0.0,0.0,0,0,0,0,0,0,0,0,0,0,0,0,0,,,,2.0,,,,,,,2.0,2.0,,,,,2.0,,,,,,2.0,2.0,,,10.0,,,4.0,7.0,,,,,,,,,,,,,,,1.0,6.0,5.0,1.0,5.0,,1.0,21.0,,,2.0,1.0,,3.0,7.0,6.0,,1.0,12.0,1.0,,,1.0,1.0,1.0,,0.0,,,2.0,1.0,,,,,,,,,,,,,,,,,3.0,,,,,,,,,,,,,,,,,,1.0,,,1.0,,,,,,,,,,,,,,,
cpl::Football_Player::0f153dc7081442a3bc20cd568ca71e39,W. Timóteo,Wanderers,Forward,2025,forward,28,1982,1,5,18,6,6,5,43,30,17,1,5,0,0,80.0,32,1.45,51,0,1,0,0,0,0,0,75.44,44.34,38.71,10.83,0,0,0,0,0,0,0,0,0,0,0,0,0,31.0,19.0,12.0,28.0,208.0,,6.0,15.0,,,212.0,118.0,94.0,282.0,,,28.0,5.0,,,29.0,3.0,181.0,99.0,82.0,1.0,10.0,33.0,,83.0,781.0,,3.0,117.0,,90.0,250.0,,,,,,21.0,8.0,6.0,32.0,622.0,402.0,285.0,618.0,14.0,133.0,1982.0,12.0,,56.0,30.0,17.0,328.0,813.0,650.0,57.0,163.0,1420.0,88.0,24.0,52.0,205.0,46.0,111.0,5.0,0.0,57.0,5.0,7.0,20.0,2.0,12.0,18.0,32.0,,,,1.0,19.0,30.0,,,43.0,1.0,,4.0,198.0,82.0,5.0,5.0,8.0,51.0,,1.0,,,1.0,,6.0,19.0,37.0,13.0,3.0,20.0,33.0,,28.0,54.0,23.0,1.0,0.0,1.0,,,1.0,,,1.0,1.0,,,,
cpl::Football_Player::b940ad457329419389bb304e2399a9ae,J. Bahamboula,Wanderers,Forward,2025,forward,22,1164,3,2,22,5,8,2,9,18,27,8,3,0,0,79.0,13,1.01,0,0,1,1,1,0,0,0,40.91,44.86,39.58,15.22,0,0,0,0,0,0,0,0,0,0,0,0,0,48.0,29.0,19.0,22.0,131.0,,,28.0,,,185.0,102.0,83.0,52.0,,,22.0,2.0,,,12.0,1.0,137.0,73.0,64.0,,10.0,12.0,,65.0,225.0,,2.0,82.0,,52.0,16.0,,,,,,12.0,15.0,1.0,3.0,176.0,135.0,51.0,176.0,13.0,8.0,1164.0,2.0,,7.0,18.0,27.0,198.0,228.0,179.0,22.0,49.0,537.0,39.0,2.0,2.0,81.0,7.0,47.0,3.0,0.0,33.0,1.0,10.0,8.0,,14.0,22.0,83.0,,,,,6.0,11.0,,,9.0,3.0,,10.0,95.0,,2.0,9.0,1.0,,3.0,8.0,1.0,1.0,2.0,,8.0,,7.0,7.0,,,48.0,3.0,,39.0,21.0,2.0,1.0,5.0,,,4.0,,2.0,,,1.0,,1.0,
cpl::Football_Player::982a96a792e04404805090a131cb95df,T. Campbell,Vancouver,Forward,2025,forward,23,1347,3,2,20,5,10,2,10,9,9,1,1,0,0,77.0,25,1.67,0,0,0,0,0,0,0,0,71.43,36.45,25.93,30.0,0,0,0,0,0,0,0,0,0,0,0,0,0,27.0,20.0,7.0,23.0,81.0,,,4.0,,,107.0,68.0,39.0,61.0,,,23.0,2.0,,,21.0,4.0,80.0,48.0,32.0,,10.0,8.0,,96.0,273.0,,1.0,39.0,,49.0,33.0,,,,,,16.0,9.0,,8.0,208.0,146.0,71.0,206.0,4.0,3.0,1347.0,1.0,,13.0,9.0,9.0,131.0,279.0,214.0,14.0,65.0,469.0,7.0,5.0,7.0,56.0,16.0,58.0,1.0,0.0,22.0,13.0,7.0,,,10.0,20.0,42.0,,,,3.0,7.0,12.0,,,10.0,3.0,,15.0,89.0,42.0,2.0,3.0,2.0,,2.0,1.0,,,,,10.0,,3.0,3.0,1.0,,30.0,1.0,,7.0,13.0,2.0,1.0,3.0,,,5.0,,2.0,,1.0,3.0,,,
cpl::Football_Player::893b596feacd4aa3a30c402af4ff1814,Y. Baï,Wanderers,Forward,2025,forward,28,968,3,0,16,3,7,0,13,20,24,5,6,0,0,79.0,15,1.39,0,0,1,0,0,0,0,0,56.52,47.97,46.15,20.59,0,0,0,0,0,0,0,0,0,0,0,0,0,13.0,7.0,6.0,28.0,149.0,,,7.0,,,148.0,77.0,71.0,75.0,,,28.0,,,,14.0,1.0,135.0,70.0,65.0,,10.0,8.0,,137.0,332.0,,1.0,85.0,,39.0,38.0,,,,,,10.0,19.0,1.0,10.0,260.0,192.0,79.0,254.0,10.0,13.0,968.0,1.0,,4.0,20.0,24.0,170.0,336.0,264.0,23.0,72.0,585.0,27.0,2.0,6.0,81.0,18.0,66.0,6.0,0.0,21.0,10.0,18.0,8.0,,9.0,16.0,42.0,,,,2.0,14.0,4.0,,,13.0,3.0,,10.0,86.0,64.0,,3.0,,,3.0,5.0,,,3.0,,7.0,,7.0,7.0,2.0,2.0,43.0,3.0,,27.0,28.0,2.0,1.0,4.0,,,3.0,,3.0,,,,,1.0,
cpl::Football_Player::b0c18e549550408c91e0cd9f54969faa,E. Montejano,Pacific,Forward,2025,forward,16,503,1,1,9,2,5,1,1,7,7,2,2,0,0,72.0,11,1.97,0,0,0,0,0,0,0,0,20.0,40.85,43.59,33.33,0,0,0,0,0,0,0,0,0,0,0,0,0,39.0,22.0,17.0,16.0,18.0,,,1.0,,,71.0,42.0,29.0,16.0,,,16.0,1.0,,,8.0,3.0,32.0,20.0,12.0,,10.0,6.0,,12.0,63.0,,2.0,9.0,,9.0,15.0,,,,,,5.0,2.0,,,42.0,32.0,24.0,55.0,4.0,,503.0,1.0,,3.0,7.0,7.0,46.0,77.0,55.0,5.0,22.0,144.0,2.0,,1.0,22.0,2.0,21.0,2.0,1.0,3.0,10.0,11.0,6.0,1.0,4.0,9.0,17.0,,,,,2.0,2.0,,,1.0,1.0,,4.0,34.0,2.0,,1.0,2.0,,1.0,2.0,,,1.0,,5.0,,1.0,1.0,,,7.0,1.0,,1.0,5.0,1.0,0.0,,,,2.0,,,,,,,,
cpl::Football_Player::1b99b171024743c4a0fb01eeea19478e,D. Zanatta,Pacific,Forward,2025,forward,26,1134,3,2,18,5,11,2,11,30,19,5,4,0,0,79.0,29,2.3,2,0,0,1,1,0,0,0,61.11,35.98,31.82,12.9,0,0,0,0,0,0,0,0,0,0,0,0,0,44.0,30.0,14.0,26.0,100.0,,1.0,10.0,,,164.0,105.0,59.0,85.0,,,26.0,2.0,,,27.0,2.0,120.0,75.0,45.0,,10.0,5.0,,41.0,335.0,,5.0,56.0,,28.0,95.0,,,,,,13.0,8.0,1.0,13.0,261.0,167.0,103.0,253.0,7.0,7.0,1134.0,2.0,,23.0,30.0,19.0,166.0,340.0,266.0,18.0,74.0,582.0,27.0,6.0,12.0,85.0,16.0,62.0,4.0,1.0,31.0,15.0,13.0,13.0,,7.0,18.0,47.0,,,,2.0,2.0,15.0,,,11.0,3.0,,12.0,119.0,66.0,2.0,3.0,2.0,2.0,3.0,5.0,1.0,1.0,2.0,,11.0,,4.0,4.0,1.0,1.0,32.0,3.0,,27.0,20.0,2.0,1.0,1.0,1.0,,4.0,,1.0,,,1.0,,1.0,
cpl::Football_Player::db08922169dd4965b34c10fd27536050,C. Vasconcelos,Wanderers,Forward,2025,forward,2,18,0,0,0,0,0,0,0,0,0,0,0,0,0,92.0,1,5.0,0,0,0,0,0,0,0,0,0.0,100.0,100.0,0.0,0,0,0,0,0,0,0,0,0,0,0,0,0,1.0,,1.0,2.0,6.0,,,1.0,,,1.0,,1.0,3.0,,,2.0,,,,1.0,,,,,,10.0,,,2.0,11.0,,,3.0,,2.0,3.0,,,,,,,,,,10.0,6.0,5.0,11.0,,,18.0,,,2.0,,,2.0,12.0,11.0,,1.0,17.0,,,,,1.0,1.0,,0.0,,,2.0,,,,,2.0,,,,,,,,,,,,,4.0,6.0,,2.0,,,,,,,,,,,,,,,,,,,,,,,,,,,,,,,,,
cpl::Football_Player::91a915f684dc4b769c0cf45719f2a87e,M. Bustos,Pacific,Forward,2025,forward,26,1944,2,4,29,6,10,4,19,26,36,1,4,0,0,86.0,38,1.76,84,0,2,0,0,0,0,0,55.88,51.61,42.86,9.92,0,0,0,0,0,0,0,0,0,0,0,0,0,14.0,8.0,6.0,26.0,302.0,,1.0,22.0,,,217.0,105.0,112.0,192.0,,,26.0,4.0,,,34.0,4.0,203.0,97.0,106.0,2.0,10.0,43.0,,247.0,742.0,,5.0,157.0,,99.0,104.0,,,,,,22.0,36.0,,29.0,636.0,475.0,264.0,664.0,15.0,23.0,1944.0,5.0,,5.0,26.0,36.0,316.0,808.0,693.0,34.0,115.0,1280.0,91.0,3.0,20.0,184.0,22.0,95.0,4.0,0.0,29.0,27.0,4.0,14.0,,19.0,29.0,58.0,,,,2.0,6.0,11.0,,,19.0,2.0,,12.0,265.0,123.0,4.0,8.0,,84.0,2.0,1.0,,,,,10.0,27.0,46.0,13.0,1.0,2.0,62.0,2.0,39.0,30.0,33.0,1.0,1.0,1.0,,,5.0,,2.0,1.0,,2.0,,2.0,
cpl::Football_Player::e9cd44c2190e4d57b7fec90bf7892145,T. Ciccarelli,Wanderers,Forward,2025,forward,3,9,0,0,1,0,1,0,0,0,0,1,0,0,0,75.0,0,0.0,0,0,0,0,0,0,0,0,0.0,0.0,0.0,0.0,0,0,0,0,0,0,0,0,0,0,0,0,0,,,,3.0,3.0,,,,,,2.0,2.0,,1.0,,,3.0,,,,,,2.0,2.0,,,10.0,,,1.0,4.0,,,1.0,,2.0,2.0,,,,,,,,,,3.0,,3.0,3.0,,,9.0,,,1.0,,,3.0,4.0,3.0,,1.0,8.0,,1.0,1.0,1.0,,,,0.0,,,3.0,,,,1.0,2.0,,,,,,,,,,,,,,2.0,,,,,,1.0,,,,,1.0,,,,,,2.0,,,,,,,,,,,,,,,,,,
cpl::Football_Player::c7f62c1be1924bb08ef13e489cf704eb,H. Godbout,Vancouver,Forward,2025,forward,16,588,1,0,9,1,3,0,10,3,13,5,1,0,0,75.0,17,2.6,0,0,0,0,0,0,0,0,71.43,54.43,55.0,0.0,0,0,0,0,0,0,0,0,0,0,0,0,0,20.0,9.0,11.0,16.0,58.0,,,4.0,,,79.0,36.0,43.0,40.0,,,16.0,,,,14.0,3.0,59.0,27.0,32.0,,10.0,4.0,,38.0,162.0,,1.0,32.0,,27.0,29.0,,,,,,5.0,5.0,1.0,1.0,121.0,86.0,35.0,120.0,4.0,3.0,588.0,,,3.0,3.0,13.0,81.0,162.0,121.0,14.0,41.0,279.0,3.0,6.0,8.0,39.0,5.0,33.0,1.0,0.0,15.0,10.0,11.0,3.0,,6.0,9.0,36.0,,,,,5.0,8.0,,,10.0,1.0,,4.0,55.0,4.0,,4.0,,,1.0,5.0,,,1.0,,3.0,,,,1.0,,14.0,1.0,,3.0,6.0,0.0,1.0,3.0,,,2.0,,1.0,,,,,,
cpl::Football_Player::df0de20d12274b3d9549323a3547572b,J. Heard,Pacific,Forward,2025,forward,27,1571,1,0,11,1,5,0,5,36,39,6,8,1,0,75.0,34,1.95,0,0,0,0,0,0,0,0,100.0,36.31,13.79,16.28,0,0,0,0,0,0,0,0,0,0,0,0,0,29.0,25.0,4.0,27.0,121.0,,,11.0,,,168.0,107.0,61.0,54.0,,,27.0,,,,30.0,4.0,139.0,82.0,57.0,1.0,10.0,9.0,,35.0,222.0,,3.0,78.0,,39.0,65.0,,,,,,18.0,13.0,1.0,12.0,160.0,123.0,63.0,167.0,,6.0,1571.0,1.0,,6.0,36.0,39.0,191.0,241.0,179.0,5.0,62.0,498.0,36.0,5.0,8.0,84.0,14.0,54.0,8.0,0.0,28.0,9.0,9.0,19.0,,6.0,11.0,51.0,,,,2.0,4.0,11.0,,1.0,5.0,1.0,1.0,14.0,87.0,34.0,,2.0,,,1.0,6.0,,,1.0,,5.0,,7.0,7.0,,,44.0,1.0,,36.0,15.0,0.0,1.0,4.0,,,3.0,,1.0,,,,,,
cpl::Football_Player::3a40cda943824387943792e6a62fee0f,R. Telfer,Wanderers,Forward,2025,forward,26,1999,3,1,24,4,12,1,11,19,41,7,2,0,0,79.0,27,1.22,1,0,1,0,0,0,0,0,61.11,51.5,53.75,41.67,0,0,0,0,0,0,0,0,0,0,0,0,0,80.0,37.0,43.0,26.0,160.0,,3.0,6.0,,,233.0,113.0,120.0,191.0,,,26.0,1.0,,,23.0,4.0,153.0,76.0,77.0,1.0,10.0,22.0,,94.0,581.0,,2.0,85.0,,71.0,152.0,,,,,,23.0,20.0,1.0,13.0,454.0,322.0,163.0,459.0,7.0,46.0,1999.0,2.0,,17.0,19.0,41.0,259.0,599.0,472.0,18.0,127.0,980.0,14.0,4.0,13.0,119.0,22.0,114.0,2.0,2.0,28.0,22.0,3.0,8.0,,12.0,24.0,69.0,,,,4.0,15.0,12.0,,,11.0,3.0,,11.0,162.0,92.0,1.0,5.0,3.0,1.0,1.0,7.0,,,2.0,,12.0,,13.0,10.0,4.0,10.0,51.0,2.0,1.0,12.0,21.0,2.0,1.0,3.0,,,5.0,,3.0,1.0,2.0,1.0,,1.0,
cpl::Football_Player::a96eb3025e23467ca33277ae9c86f369,S. Salter,Atlético,Forward,2025,forward,30,2606,20,4,75,24,46,4,16,44,30,7,4,0,0,77.0,27,0.93,0,0,1,0,0,0,0,0,55.17,46.59,52.94,50.0,0,0,0,0,0,0,0,0,0,0,0,0,0,85.0,40.0,45.0,30.0,191.0,,5.0,14.0,,,264.0,141.0,123.0,100.0,,,30.0,4.0,,,25.0,2.0,179.0,101.0,78.0,6.0,10.0,21.0,,120.0,475.0,,2.0,90.0,,70.0,125.0,,,,,,30.0,20.0,,14.0,350.0,233.0,180.0,396.0,13.0,3.0,2606.0,4.0,,24.0,44.0,30.0,241.0,535.0,410.0,29.0,125.0,916.0,3.0,3.0,11.0,105.0,23.0,114.0,4.0,6.0,39.0,22.0,,18.0,,29.0,75.0,139.0,,,,6.0,7.0,20.0,,,16.0,20.0,,14.0,190.0,126.0,3.0,11.0,3.0,,20.0,7.0,,,3.0,1.0,46.0,,3.0,3.0,5.0,,50.0,20.0,,3.0,20.0,11.0,9.0,4.0,,3.0,22.0,,19.0,,,14.0,,,
cpl::Football_Player::41d0f411d33949359fd8e13884639ba0,B. Tabla,Atlético,Forward,2025,forward,29,2318,11,4,47,15,25,4,15,25,58,3,4,0,0,87.0,21,0.82,0,0,1,6,4,0,0,0,88.24,52.02,38.89,28.57,0,0,0,0,0,0,0,0,0,0,0,0,0,18.0,11.0,7.0,29.0,272.0,,3.0,13.0,,,198.0,95.0,103.0,160.0,,,29.0,4.0,,,19.0,2.0,180.0,84.0,96.0,2.0,10.0,26.0,,144.0,707.0,,2.0,164.0,,70.0,173.0,,,,,,28.0,23.0,2.0,15.0,610.0,400.0,214.0,597.0,2.0,4.0,2318.0,7.0,,18.0,25.0,58.0,211.0,709.0,612.0,17.0,97.0,1064.0,5.0,3.0,8.0,92.0,10.0,89.0,4.0,4.0,24.0,33.0,1.0,9.0,,22.0,47.0,123.0,,,,1.0,8.0,6.0,,,15.0,11.0,,22.0,232.0,126.0,4.0,16.0,1.0,,10.0,3.0,6.0,4.0,11.0,1.0,25.0,,2.0,2.0,3.0,,57.0,8.0,,5.0,22.0,6.0,5.0,6.0,,,7.0,1.0,6.0,1.0,1.0,,,1.0,
cpl::Football_Player::8f05f759197149d88e64f7a679adef64,R. Kratt,Pacific,Forward,2025,forward,5,321,2,0,6,2,4,0,5,9,5,1,0,0,0,74.0,6,1.68,1,0,0,0,0,0,0,0,83.33,42.86,0.0,0.0,0,0,0,0,0,0,0,0,0,0,0,0,0,3.0,3.0,,5.0,28.0,,,2.0,,,35.0,20.0,15.0,17.0,,,5.0,,,,4.0,2.0,32.0,17.0,15.0,1.0,10.0,3.0,,7.0,80.0,,,19.0,,17.0,23.0,,,,,,4.0,4.0,,,59.0,36.0,23.0,59.0,1.0,1.0,321.0,1.0,,1.0,9.0,5.0,53.0,80.0,59.0,6.0,21.0,147.0,12.0,1.0,2.0,29.0,4.0,19.0,,0.0,6.0,4.0,1.0,4.0,,2.0,6.0,16.0,,,,,4.0,4.0,,,5.0,2.0,,4.0,33.0,,,,,1.0,2.0,1.0,,,2.0,,4.0,,,,,,7.0,1.0,1.0,11.0,2.0,1.0,1.0,1.0,,,,,2.0,,,,,,
cpl::Football_Player::aceae7c77e384a08a0b2e7147138d478,J. Navarro,Vancouver,Forward,2025,forward,4,67,0,0,1,0,1,0,0,5,0,1,1,0,0,70.0,2,2.69,0,0,0,0,0,0,0,0,0.0,0.0,0.0,0.0,0,0,0,0,0,0,0,0,0,0,0,0,0,,,,4.0,7.0,,,,,,7.0,7.0,,4.0,,,4.0,,,,1.0,1.0,7.0,7.0,,,10.0,,,1.0,10.0,,,5.0,,1.0,4.0,,,,,,1.0,,,,6.0,4.0,5.0,9.0,,,67.0,,,1.0,5.0,,8.0,13.0,9.0,,4.0,21.0,,,,4.0,,4.0,1.0,0.0,1.0,2.0,3.0,3.0,,,1.0,2.0,,,,,,1.0,,,,,,1.0,4.0,,,1.0,,,,1.0,,,,,1.0,,,,,,2.0,,,,,,,,,,,,,,,,,,
cpl::Football_Player::341e083fc7cb46e1a67ffea79f5a96ff,E. Pop,Valour,Forward,2025,forward,17,279,1,0,3,1,1,0,0,4,5,1,1,0,0,80.0,12,3.87,0,0,0,0,0,0,0,0,0.0,43.59,41.67,0.0,0,0,0,0,0,0,0,0,0,0,0,0,0,12.0,7.0,5.0,17.0,24.0,,,4.0,,,39.0,22.0,17.0,6.0,,,17.0,,,,11.0,1.0,27.0,15.0,12.0,,10.0,2.0,,11.0,34.0,,1.0,14.0,,8.0,10.0,,,,,,1.0,5.0,,,26.0,19.0,12.0,31.0,2.0,,279.0,1.0,,1.0,4.0,5.0,34.0,39.0,31.0,2.0,8.0,96.0,1.0,1.0,2.0,8.0,1.0,6.0,1.0,0.0,5.0,2.0,16.0,1.0,,2.0,3.0,14.0,,,,1.0,2.0,4.0,,,,1.0,,1.0,12.0,8.0,,3.0,1.0,,1.0,1.0,,,,,1.0,,,,,,11.0,1.0,,1.0,2.0,1.0,0.0,,,,1.0,,,,,1.0,,,
cpl::Football_Player::9577790c0cf54495843d303127992c4d,S. Hundal,Inter Toronto,Forward,2025,forward,24,1292,9,2,32,11,19,2,3,17,12,5,2,0,0,82.0,26,1.81,0,0,1,1,0,0,0,0,50.0,29.46,34.09,20.0,0,0,0,0,0,0,0,0,0,0,0,0,0,44.0,29.0,15.0,24.0,89.0,,,7.0,,,129.0,91.0,38.0,34.0,,,24.0,2.0,,,22.0,4.0,85.0,62.0,23.0,1.0,10.0,9.0,,62.0,229.0,,2.0,31.0,,26.0,53.0,,,,,,12.0,5.0,,6.0,182.0,142.0,72.0,207.0,3.0,5.0,1292.0,2.0,,10.0,17.0,12.0,147.0,261.0,213.0,6.0,48.0,467.0,4.0,,4.0,45.0,7.0,44.0,2.0,0.0,5.0,25.0,12.0,10.0,,13.0,32.0,68.0,,,,3.0,2.0,2.0,,,3.0,9.0,,6.0,112.0,99.0,1.0,5.0,2.0,,9.0,5.0,1.0,,7.0,,19.0,,1.0,1.0,,,43.0,7.0,,4.0,13.0,5.0,4.0,2.0,,,10.0,,7.0,,,2.0,,,
cpl::Football_Player::dace44682e2f47b8bc651c8032e6e97d,T. Coimbra,Wanderers,Forward,2025,forward,23,1344,13,3,54,16,28,3,9,19,20,12,5,0,0,61.0,19,1.27,0,0,3,3,3,0,0,0,69.23,48.94,54.26,50.0,0,0,0,0,0,0,0,0,0,0,0,0,0,94.0,43.0,51.0,23.0,77.0,,,12.0,,,188.0,96.0,92.0,50.0,,,23.0,3.0,,,16.0,3.0,94.0,53.0,41.0,,10.0,7.0,,51.0,224.0,,2.0,39.0,,30.0,71.0,,,,,,15.0,8.0,,5.0,134.0,111.0,27.0,132.0,4.0,,1344.0,3.0,,7.0,19.0,20.0,177.0,227.0,137.0,13.0,90.0,475.0,1.0,3.0,7.0,83.0,8.0,83.0,5.0,2.0,17.0,16.0,8.0,6.0,,26.0,54.0,104.0,,,,4.0,1.0,13.0,,,9.0,13.0,,11.0,55.0,40.0,3.0,9.0,2.0,,13.0,12.0,3.0,3.0,8.0,,28.0,,1.0,1.0,1.0,,29.0,11.0,,1.0,12.0,8.0,5.0,3.0,,2.0,11.0,,8.0,,,3.0,,2.0,
cpl::Football_Player::5781eacb0adf484b80e8dd83f7619dc5,M. Patterson,Atlético,Forward,2025,forward,17,168,1,1,6,2,2,1,2,14,9,1,0,0,0,78.0,4,2.14,0,0,0,0,0,0,0,0,66.67,35.56,18.18,0.0,0,0,0,0,0,0,0,0,0,0,0,0,0,11.0,9.0,2.0,17.0,26.0,,,3.0,,,45.0,29.0,16.0,12.0,,,17.0,1.0,,,3.0,1.0,34.0,20.0,14.0,1.0,10.0,5.0,,12.0,41.0,,,9.0,,8.0,9.0,,,,,,,2.0,1.0,2.0,31.0,21.0,13.0,32.0,1.0,,168.0,2.0,,3.0,14.0,9.0,32.0,44.0,34.0,3.0,10.0,105.0,3.0,1.0,2.0,10.0,3.0,8.0,,0.0,5.0,3.0,17.0,7.0,1.0,4.0,6.0,13.0,,,,,2.0,2.0,,,2.0,1.0,,,11.0,13.0,,3.0,,,1.0,1.0,,,,,2.0,,,,,,6.0,1.0,,3.0,4.0,0.0,1.0,2.0,,,1.0,,1.0,,,1.0,,,
cpl::Football_Player::f5aec735953a459ba324940a2fc1411f,S. Jimoh,Inter Toronto,Forward,2025,forward,23,916,0,4,5,4,3,4,18,27,10,3,6,0,0,80.0,14,1.38,14,0,3,0,0,0,0,0,72.0,41.23,20.0,17.54,0,0,0,0,0,0,0,0,0,0,0,0,0,10.0,8.0,2.0,23.0,105.0,,,6.0,,,114.0,67.0,47.0,68.0,,,23.0,4.0,,,13.0,1.0,104.0,59.0,45.0,1.0,10.0,16.0,,38.0,256.0,,2.0,52.0,,43.0,66.0,,,,,,7.0,10.0,3.0,6.0,203.0,141.0,81.0,199.0,7.0,17.0,916.0,5.0,,6.0,27.0,10.0,156.0,258.0,205.0,25.0,53.0,503.0,41.0,3.0,5.0,75.0,19.0,48.0,6.0,0.0,22.0,5.0,16.0,12.0,,2.0,5.0,30.0,,,,2.0,14.0,12.0,,,18.0,,,5.0,86.0,105.0,4.0,3.0,,14.0,,3.0,,,,1.0,3.0,6.0,17.0,10.0,,3.0,24.0,,7.0,32.0,14.0,,,4.0,,,1.0,,,1.0,,,,,
cpl::Football_Player::96d163c606db462b80071516a2d4772b,J. Altobelli,Inter Toronto,Forward,2025,forward,28,2003,11,3,59,14,28,3,3,31,23,18,4,0,0,77.0,35,1.57,0,0,3,2,2,0,0,0,75.0,30.69,28.33,9.09,0,0,0,0,0,0,0,0,0,0,0,0,0,60.0,43.0,17.0,28.0,151.0,,1.0,12.0,,,202.0,140.0,62.0,67.0,,,28.0,3.0,,,27.0,8.0,142.0,97.0,45.0,,10.0,9.0,,89.0,354.0,,4.0,68.0,,44.0,87.0,,,,,,23.0,18.0,,14.0,263.0,195.0,105.0,285.0,1.0,5.0,2003.0,2.0,,5.0,31.0,23.0,226.0,390.0,299.0,4.0,91.0,703.0,10.0,1.0,8.0,77.0,24.0,83.0,4.0,5.0,16.0,26.0,5.0,13.0,,31.0,59.0,99.0,,,,9.0,6.0,6.0,,,3.0,11.0,,15.0,147.0,111.0,1.0,23.0,1.0,,11.0,18.0,2.0,2.0,9.0,,28.0,,1.0,1.0,3.0,,63.0,8.0,,10.0,37.0,6.0,5.0,1.0,,2.0,8.0,,7.0,4.0,,,,,
cpl::Football_Player::b9995e16df9a44fb902eff37a3413e43,M. Bibishkov,Inter Toronto,Forward,2025,forward,0,0,0,0,0,0,0,0,0,0,0,0,0,0,0,,0,,0,0,0,0,0,0,0,0,0.0,0.0,0.0,0.0,0,0,0,0,0,0,0,0,0,0,0,0,0,,,,,,,,,,,,,,,,,0.0,,,,,,,,,,,,,,,,,,,,,,,,,,,,,,,,,,,,,,,,,,,,,,,,,,,,,,0.0,,,,0.0,,,,,,,,,,,,0.0,0.0,,0.0,0.0,0.0,,,,,,,,,,,,,,,,,,,,,,,,,,,,,,,,,,,,,
cpl::Football_Player::6fcf09933f254171a16a70196c61c7e0,O. Botello,Inter Toronto,Forward,2025,forward,21,1581,1,4,12,5,3,4,28,23,23,0,7,0,0,84.0,21,1.2,29,0,0,0,0,0,0,0,60.87,55.28,52.17,19.15,0,0,0,0,0,0,0,0,0,0,0,0,0,23.0,11.0,12.0,21.0,194.0,,5.0,13.0,,,161.0,72.0,89.0,297.0,,,21.0,4.0,,,15.0,6.0,138.0,61.0,77.0,1.0,10.0,19.0,,38.0,810.0,,2.0,119.0,,76.0,328.0,,,,,,17.0,8.0,10.0,51.0,674.0,402.0,329.0,654.0,18.0,125.0,1581.0,5.0,,32.0,23.0,23.0,268.0,842.0,705.0,46.0,137.0,1334.0,71.0,25.0,49.0,154.0,54.0,88.0,7.0,0.0,37.0,,4.0,10.0,,9.0,12.0,11.0,,,,,23.0,16.0,,,28.0,1.0,,6.0,179.0,84.0,4.0,4.0,1.0,29.0,,,,,,,3.0,5.0,26.0,18.0,,18.0,21.0,,14.0,38.0,5.0,0.0,1.0,,,,,,1.0,2.0,1.0,1.0,,,
cpl::Football_Player::1445e6a3753f48798c8bcc200069bdb6,A. Reid,Inter Toronto,Forward,2025,forward,27,1412,4,4,14,8,10,4,18,26,27,4,7,0,0,75.0,20,1.27,12,0,1,0,0,0,0,0,90.0,41.95,17.86,21.21,0,0,0,0,0,0,0,0,0,0,0,0,0,28.0,23.0,5.0,27.0,146.0,,,11.0,,,174.0,101.0,73.0,85.0,,,27.0,4.0,,,14.0,6.0,146.0,78.0,68.0,1.0,10.0,23.0,,106.0,323.0,,2.0,80.0,,46.0,48.0,,,,,,20.0,22.0,1.0,12.0,240.0,167.0,90.0,237.0,2.0,5.0,1412.0,4.0,,7.0,26.0,27.0,200.0,333.0,249.0,20.0,84.0,603.0,25.0,3.0,10.0,96.0,13.0,74.0,7.0,2.0,25.0,14.0,7.0,11.0,,4.0,14.0,66.0,,,,3.0,10.0,10.0,,,18.0,4.0,,20.0,94.0,80.0,3.0,3.0,,12.0,4.0,4.0,,,2.0,,10.0,1.0,8.0,7.0,2.0,,43.0,4.0,8.0,15.0,17.0,3.0,1.0,5.0,,1.0,1.0,,4.0,,,1.0,,1.0,
cpl::Football_Player::a63da4a535904f639ece3007ff800854,Gabriel Bitar,Inter Toronto,Forward,2025,forward,26,1102,5,2,21,7,8,2,15,29,19,2,7,0,0,81.0,20,1.63,6,0,0,0,0,0,0,0,68.18,36.53,9.09,5.26,0,0,0,0,0,0,0,0,0,0,0,0,0,11.0,10.0,1.0,26.0,167.0,,,8.0,,,167.0,106.0,61.0,97.0,,,26.0,2.0,,,17.0,3.0,156.0,96.0,60.0,1.0,10.0,13.0,,66.0,328.0,,3.0,76.0,,64.0,66.0,,,,,,11.0,19.0,,21.0,262.0,191.0,90.0,254.0,7.0,12.0,1102.0,4.0,,3.0,29.0,19.0,196.0,342.0,275.0,22.0,67.0,617.0,34.0,2.0,14.0,94.0,7.0,53.0,7.0,0.0,16.0,5.0,15.0,9.0,,13.0,21.0,32.0,,,,1.0,8.0,8.0,,,15.0,5.0,,8.0,113.0,91.0,1.0,5.0,1.0,6.0,4.0,2.0,,,5.0,1.0,8.0,2.0,6.0,2.0,6.0,1.0,58.0,3.0,2.0,29.0,30.0,3.0,2.0,4.0,,,1.0,,5.0,2.0,1.0,,,1.0,
cpl::Football_Player::29b80ce439ab453abb1f55797afba749,Y. Toualy,Pacific,Forward,2025,forward,25,1216,4,1,18,5,11,1,21,19,15,3,1,0,0,84.0,31,2.29,3,0,0,1,1,0,0,0,75.0,44.72,0.0,25.0,0,0,0,0,0,0,0,0,0,0,0,0,0,12.0,12.0,,25.0,194.0,,,9.0,,,161.0,89.0,72.0,62.0,,,25.0,1.0,,,26.0,5.0,149.0,77.0,72.0,,10.0,6.0,,60.0,365.0,,2.0,104.0,,40.0,115.0,,,,,,12.0,29.0,1.0,3.0,305.0,194.0,118.0,306.0,7.0,3.0,1216.0,2.0,,7.0,19.0,15.0,185.0,370.0,309.0,28.0,61.0,643.0,9.0,2.0,5.0,56.0,14.0,56.0,1.0,1.0,23.0,12.0,13.0,12.0,,7.0,18.0,58.0,,,,2.0,5.0,16.0,,,21.0,4.0,,11.0,133.0,104.0,1.0,6.0,,3.0,4.0,3.0,1.0,1.0,2.0,,11.0,,3.0,3.0,1.0,1.0,46.0,2.0,,9.0,27.0,4.0,0.0,8.0,,,,,2.0,1.0,,2.0,,1.0,
cpl::Football_Player::03cdc7a6041945c5bc297dd76227db5f,M. Filion,Forge,Forward,2025,forward,15,220,3,0,7,3,4,0,2,6,2,4,0,0,0,70.0,3,1.23,0,0,0,0,0,0,0,0,66.67,33.33,37.5,0.0,0,0,0,0,0,0,0,0,0,0,0,0,0,16.0,10.0,6.0,15.0,9.0,,,,,,36.0,24.0,12.0,3.0,,,15.0,,,,2.0,1.0,20.0,14.0,6.0,,10.0,2.0,,8.0,36.0,,,5.0,,7.0,12.0,,,,,,1.0,2.0,,,24.0,16.0,12.0,28.0,1.0,,220.0,,,,6.0,2.0,27.0,40.0,28.0,3.0,12.0,82.0,,,,7.0,5.0,12.0,,3.0,,2.0,14.0,2.0,,3.0,7.0,15.0,,,,1.0,,,,,2.0,3.0,,1.0,17.0,,,1.0,2.0,,3.0,4.0,,,1.0,,4.0,,,,,1.0,7.0,3.0,,,1.0,1.0,2.0,,,1.0,1.0,,3.0,,,1.0,,,
cpl::Football_Player::a362fb24be5140a088b0b6d616cad102,J. Layne,Valour,Forward,2025,forward,11,421,0,0,4,0,3,0,1,11,8,3,2,1,0,58.0,9,1.92,0,0,0,0,0,0,0,0,50.0,27.94,27.27,0.0,0,0,0,0,0,0,0,0,0,0,0,0,0,33.0,24.0,9.0,11.0,6.0,,,2.0,,,68.0,49.0,19.0,8.0,,,11.0,,,,8.0,1.0,35.0,25.0,10.0,,10.0,2.0,,7.0,30.0,,1.0,2.0,,5.0,6.0,,,,,,6.0,,,,16.0,9.0,10.0,19.0,1.0,,421.0,,,5.0,11.0,8.0,47.0,33.0,19.0,2.0,14.0,96.0,1.0,,,12.0,3.0,14.0,2.0,0.0,5.0,3.0,5.0,5.0,,1.0,4.0,20.0,,,,2.0,,5.0,,1.0,1.0,,1.0,6.0,12.0,,,,,,,3.0,,,,,3.0,,,,,,11.0,,,1.0,4.0,,,1.0,,,,,,,,,,,
cpl::Football_Player::cf565a60f22d43a897616135c5775ec0,H. Massunda,Forge,Forward,2025,forward,27,1652,4,5,16,9,7,5,19,19,27,8,1,0,0,85.0,15,0.82,0,0,0,0,0,0,0,0,57.58,46.3,36.36,20.51,0,0,0,0,0,0,0,0,0,0,0,0,0,22.0,14.0,8.0,27.0,240.0,,2.0,9.0,,,216.0,116.0,100.0,56.0,,,27.0,5.0,,,12.0,3.0,194.0,102.0,92.0,,10.0,17.0,,79.0,446.0,,1.0,141.0,,64.0,124.0,,,,,,18.0,32.0,1.0,11.0,378.0,277.0,111.0,369.0,14.0,4.0,1652.0,6.0,,9.0,19.0,27.0,220.0,448.0,380.0,33.0,68.0,810.0,31.0,3.0,5.0,91.0,8.0,63.0,1.0,2.0,35.0,8.0,9.0,8.0,1.0,9.0,16.0,118.0,,,,,7.0,21.0,,,19.0,4.0,,11.0,189.0,189.0,5.0,12.0,,,3.0,8.0,,,4.0,1.0,7.0,,8.0,8.0,1.0,1.0,68.0,,,31.0,39.0,2.0,2.0,10.0,,,2.0,,3.0,,1.0,,,1.0,
cpl::Football_Player::901d6c67f4fb4410a6035a929953e009,A. Koné,Forge,Forward,2025,forward,11,125,1,0,3,1,2,0,1,8,6,1,2,0,0,71.0,1,0.72,0,0,0,0,0,0,0,0,100.0,28.57,20.0,33.33,0,0,0,0,0,0,0,0,0,0,0,0,0,5.0,4.0,1.0,11.0,27.0,,,5.0,,,35.0,25.0,10.0,7.0,,,11.0,,,,,1.0,30.0,21.0,9.0,,10.0,1.0,,12.0,48.0,,,17.0,,11.0,7.0,,,,,,,2.0,,,34.0,28.0,7.0,34.0,,2.0,125.0,1.0,,1.0,8.0,6.0,37.0,48.0,34.0,1.0,14.0,99.0,2.0,,,13.0,3.0,14.0,2.0,0.0,7.0,2.0,11.0,2.0,,1.0,3.0,15.0,,,,1.0,5.0,2.0,,,1.0,1.0,,,22.0,13.0,,1.0,,,1.0,1.0,,,1.0,,2.0,,1.0,1.0,,,10.0,1.0,,2.0,3.0,1.0,0.0,1.0,,,2.0,,1.0,,,,,,
cpl::Football_Player::9f8fdd29f10a47f6a83e1325203e6540,Bryan Alexandre,York,Forward,2025,forward,5,96,0,0,0,0,0,0,0,6,3,1,1,0,0,64.0,2,1.88,0,0,0,0,0,0,0,0,0.0,36.0,42.86,0.0,0,0,0,0,0,0,0,0,0,0,0,0,0,14.0,8.0,6.0,5.0,,,,,,,25.0,16.0,9.0,6.0,,,5.0,,,,2.0,,11.0,8.0,3.0,,10.0,,,6.0,22.0,,,,,3.0,5.0,,,,,,,,,,14.0,11.0,3.0,14.0,1.0,,96.0,,,1.0,6.0,3.0,15.0,22.0,14.0,1.0,8.0,38.0,,,,4.0,4.0,8.0,1.0,0.0,3.0,1.0,5.0,5.0,,,,2.0,,,,1.0,,3.0,,,,,,,5.0,,,,1.0,,,1.0,,,,,,,,,,,2.0,,,,1.0,,,,,,,,,,,,,,
cpl::Football_Player::4eb0f3ce9e404d69a8b6b99ca92c02eb,Ralph Khoury,Atlético,Forward,2025,forward,7,70,0,0,1,0,1,0,5,2,2,0,0,0,0,68.0,0,0.0,0,0,0,0,0,0,0,0,100.0,64.71,75.0,0.0,0,0,0,0,0,0,0,0,0,0,0,0,0,4.0,1.0,3.0,7.0,11.0,,,2.0,,,17.0,6.0,11.0,6.0,,,7.0,,,,,,13.0,5.0,8.0,,10.0,2.0,,6.0,25.0,,,6.0,,5.0,7.0,,,,,,,1.0,,,17.0,9.0,8.0,17.0,,,70.0,,,1.0,2.0,2.0,12.0,25.0,17.0,5.0,8.0,45.0,1.0,,,8.0,1.0,8.0,,0.0,1.0,1.0,7.0,2.0,,,1.0,6.0,,,,,,,,,5.0,,,,6.0,7.0,,2.0,,,,,,,,,1.0,,,,,,2.0,,,1.0,2.0,,,,,,1.0,,,,,,,,
cpl::Football_Player::e63403e9bab940f29bef92f45ffb29ca,O. Antoniuk,Cavalry,Forward,2025,forward,4,7,0,0,0,0,0,0,0,0,0,0,0,0,0,100.0,0,0.0,1,0,0,0,0,0,0,0,0.0,0.0,0.0,0.0,0,0,0,0,0,0,0,0,0,0,0,0,0,1.0,1.0,,4.0,1.0,,,,,,4.0,4.0,,,,,4.0,,,,,,3.0,3.0,,,10.0,,,,2.0,,,1.0,,,2.0,,,,,,,,,,2.0,3.0,,3.0,,,7.0,,,,,,3.0,3.0,3.0,,,7.0,,,,,,,,0.0,,,4.0,,,,,1.0,,,,,,,,,,,,,1.0,,,,,1.0,,,,,,,,,,,,,3.0,,,,2.0,,,,,,,,,,,,,,
cpl::Football_Player::83a3a0f17f4642c39ec1fd18f2b1c115,Bryan Rosa,Inter Toronto,Forward,2025,forward,5,96,0,0,0,0,0,0,0,6,3,1,1,0,0,64.0,2,1.88,0,0,0,0,0,0,0,0,0.0,36.0,42.86,0.0,0,0,0,0,0,0,0,0,0,0,0,0,0,14.0,8.0,6.0,5.0,7.0,,,,,,25.0,16.0,9.0,6.0,,,5.0,,,,2.0,,11.0,8.0,3.0,,10.0,,,7.0,22.0,,,6.0,,3.0,5.0,,,,,,,,,,14.0,11.0,3.0,14.0,1.0,,96.0,,,1.0,6.0,3.0,15.0,22.0,14.0,1.0,8.0,39.0,,,,5.0,3.0,8.0,1.0,0.0,3.0,1.0,5.0,5.0,,,,2.0,,,,1.0,,3.0,,,,,,,4.0,,,,1.0,,,1.0,,,,,,,,,,,2.0,,,,1.0,,,,,,,,,,,,,,
cpl::Football_Player::fb2fbc059914452eb9a95cd309d66335,G. Ntignee,Cavalry,Forward,2025,forward,16,1362,4,2,19,6,10,2,17,42,37,12,3,1,0,72.0,23,1.52,3,0,1,0,0,0,0,0,70.83,45.45,35.29,21.88,0,0,0,0,0,0,0,0,0,0,0,0,0,17.0,11.0,6.0,16.0,222.0,,2.0,20.0,,,220.0,120.0,100.0,63.0,,,16.0,2.0,,,19.0,4.0,203.0,109.0,94.0,1.0,10.0,25.0,,29.0,260.0,,3.0,152.0,,59.0,100.0,,,,,,15.0,33.0,2.0,7.0,184.0,159.0,37.0,182.0,7.0,1.0,1362.0,6.0,,9.0,42.0,37.0,210.0,265.0,189.0,24.0,76.0,580.0,25.0,4.0,8.0,85.0,16.0,68.0,3.0,0.0,32.0,1.0,1.0,33.0,,9.0,19.0,110.0,,,,,3.0,11.0,,1.0,17.0,4.0,1.0,6.0,73.0,220.0,2.0,3.0,1.0,3.0,3.0,12.0,,,1.0,,10.0,,7.0,7.0,,,57.0,2.0,,25.0,31.0,2.0,2.0,3.0,,,7.0,,3.0,,1.0,3.0,,2.0,
cpl::Football_Player::a2bda4ee744a46f5ba2c6d64d47b4f9e,A. Sellouf,Cavalry,Forward,2025,forward,16,353,0,0,6,0,3,0,3,4,4,1,0,0,0,78.0,12,3.06,6,0,0,0,0,0,0,0,75.0,43.59,60.0,5.56,0,0,0,0,0,0,0,0,0,0,0,0,0,5.0,2.0,3.0,16.0,78.0,,,4.0,,,39.0,22.0,17.0,49.0,,,16.0,,,,11.0,1.0,34.0,20.0,14.0,,10.0,5.0,,9.0,146.0,,1.0,35.0,,16.0,55.0,,,,,,2.0,6.0,,3.0,113.0,85.0,36.0,115.0,1.0,3.0,353.0,1.0,,1.0,4.0,4.0,73.0,152.0,118.0,4.0,34.0,236.0,15.0,3.0,8.0,46.0,3.0,26.0,,0.0,12.0,1.0,14.0,3.0,,3.0,6.0,21.0,,,,,1.0,3.0,,,3.0,,,2.0,39.0,34.0,,7.0,,6.0,,1.0,,,,,3.0,2.0,3.0,1.0,1.0,1.0,12.0,,4.0,11.0,5.0,,,2.0,,,3.0,,,,,,,,
cpl::Football_Player::a372613653034050a858936ee489a7f1,V. Chernyshev,Pacific,Forward,2025,forward,2,57,0,0,1,0,0,0,1,2,0,0,0,0,0,30.0,2,3.16,0,0,0,0,0,0,0,0,33.33,45.45,100.0,0.0,0,0,0,0,0,0,0,0,0,0,0,0,0,2.0,,2.0,2.0,2.0,,,,,,11.0,6.0,5.0,4.0,,,2.0,,,,2.0,,9.0,6.0,3.0,,10.0,,,1.0,10.0,,,2.0,,1.0,2.0,,,,,,1.0,,,,3.0,3.0,,3.0,2.0,,57.0,,,1.0,2.0,,13.0,10.0,3.0,3.0,7.0,25.0,,,1.0,5.0,2.0,6.0,,0.0,2.0,,1.0,,,1.0,1.0,1.0,,,,1.0,,1.0,,,1.0,,,1.0,3.0,4.0,,,,,,,,,,,,,,,,,4.0,,,,2.0,,,,,,,,,,,,,,
cpl::Football_Player::cd1e9f98817545a8904ffd9556963f44,A. Díaz,Vancouver,Forward,2025,forward,23,1847,7,1,25,8,16,1,5,10,20,11,3,0,0,77.0,40,1.95,0,0,1,3,3,0,0,0,62.5,37.21,31.25,0.0,0,0,0,0,0,0,0,0,0,0,0,0,0,48.0,33.0,15.0,23.0,57.0,,1.0,9.0,,,129.0,81.0,48.0,81.0,,,23.0,1.0,,,34.0,6.0,81.0,48.0,33.0,,10.0,14.0,,58.0,324.0,,2.0,15.0,,27.0,85.0,,,,,,23.0,5.0,,5.0,241.0,182.0,98.0,275.0,3.0,,1847.0,,,14.0,10.0,20.0,154.0,364.0,280.0,8.0,84.0,541.0,2.0,2.0,6.0,73.0,13.0,78.0,3.0,1.0,21.0,26.0,,4.0,,9.0,25.0,51.0,,,,5.0,2.0,8.0,,,5.0,7.0,,13.0,140.0,73.0,,5.0,3.0,,5.0,11.0,3.0,3.0,7.0,,16.0,,,,2.0,,34.0,6.0,,2.0,10.0,1.0,6.0,1.0,,,1.0,,4.0,1.0,2.0,,,,
cpl::Football_Player::9bb76f9c898142e29c5b405e62366a59,H. Mbongue,Vancouver,Forward,2025,forward,12,900,6,2,12,8,10,2,2,5,5,2,2,0,0,74.0,19,1.9,0,0,0,1,1,0,0,0,33.33,29.85,33.33,0.0,0,0,0,0,0,0,0,0,0,0,0,0,0,21.0,14.0,7.0,12.0,61.0,,,7.0,,,67.0,47.0,20.0,20.0,,,12.0,2.0,,,15.0,4.0,46.0,33.0,13.0,,10.0,12.0,,30.0,151.0,,1.0,27.0,,29.0,46.0,,,,,,11.0,3.0,,6.0,106.0,86.0,38.0,118.0,4.0,,900.0,2.0,,10.0,5.0,5.0,100.0,169.0,124.0,6.0,45.0,286.0,1.0,,1.0,36.0,10.0,44.0,2.0,2.0,14.0,13.0,1.0,2.0,,2.0,12.0,34.0,,,,2.0,1.0,3.0,,,2.0,6.0,,8.0,73.0,50.0,2.0,4.0,1.0,,6.0,2.0,1.0,1.0,3.0,,10.0,,,,,,25.0,6.0,,1.0,5.0,3.0,3.0,,,1.0,1.0,,5.0,,,1.0,1.0,,
cpl::Football_Player::bf41bb0adda048e4bed23b2545e0db2a,A. Álvarez,Atlético,Forward,2025,forward,3,57,0,0,2,0,1,0,0,0,3,0,0,0,0,89.0,1,1.58,0,0,1,0,0,0,0,0,0.0,44.44,0.0,50.0,0,0,0,0,0,0,0,0,0,0,0,0,0,,,,3.0,17.0,,,1.0,,,9.0,5.0,4.0,3.0,,,3.0,,,,1.0,,9.0,5.0,4.0,,10.0,1.0,,11.0,18.0,,,8.0,,3.0,1.0,,,,,,,1.0,,,16.0,10.0,7.0,16.0,,,57.0,,,1.0,,3.0,11.0,18.0,16.0,,2.0,37.0,1.0,,1.0,2.0,1.0,1.0,,0.0,1.0,,3.0,,,1.0,2.0,2.0,,,,,1.0,,,,,,,,3.0,,,,,,,,,,,,1.0,,1.0,1.0,,,4.0,,,1.0,2.0,,,,,,,,,,,,,,
cpl::Football_Player::04845a4bca8e4e02a819e0c524e909d9,O. van Hattum,Valour,Forward,2025,forward,1,1,0,0,0,0,0,0,0,0,1,0,0,0,0,,0,0.0,0,0,0,0,0,0,0,0,0.0,33.33,0.0,0.0,0,0,0,0,0,0,0,0,0,0,0,0,0,1.0,1.0,,1.0,1.0,,,,,,3.0,2.0,1.0,,,,1.0,,,,,,2.0,1.0,1.0,,10.0,,,,,,,1.0,,1.0,,,,,,,,,,,,,,,,,1.0,,,1.0,,1.0,2.0,,,,,5.0,,,,,,,,0.0,,,1.0,,,,,1.0,,,,,,,,,,,,,,,,1.0,,,,,,,,,,,,,,,1.0,,,,1.0,,,,,,1.0,,,,,,,,
cpl::Football_Player::2955097a774c415eb54af45aa9fe7b0e,K. Record-Wright,Inter Toronto,Forward,2025,forward,1,1,0,0,0,0,0,0,0,0,0,0,0,0,0,50.0,0,0.0,0,0,0,0,0,0,0,0,0.0,0.0,0.0,0.0,0,0,0,0,0,0,0,0,0,0,0,0,0,,,,1.0,,,,,,,,,,1.0,,,1.0,,,,,,,,,,10.0,,,,2.0,,,,,,,,,,,,,,,,1.0,,1.0,1.0,,,1.0,,,,,,1.0,2.0,1.0,,1.0,2.0,,,1.0,1.0,,,,0.0,,,1.0,,,,,,,,,,,,,,,,,,1.0,,,,,,,,,,,,,,,,,,,,,,,,,,,,,,,,,,,,
cpl::Football_Player::44bbbee1a40b4627a0d187e56fc881c6,R. Walkes,Wanderers,Forward,2025,forward,2,12,0,0,1,0,0,0,1,2,1,0,0,0,0,75.0,0,0.0,0,0,0,0,0,0,0,0,100.0,40.0,0.0,0.0,0,0,0,0,0,0,0,0,0,0,0,0,0,1.0,1.0,,2.0,2.0,,,1.0,,,5.0,3.0,2.0,5.0,,,2.0,,,,,,4.0,2.0,2.0,,10.0,,,2.0,12.0,,,1.0,,3.0,,,,,,,,,,,9.0,5.0,4.0,9.0,,,12.0,,,,2.0,1.0,4.0,12.0,9.0,1.0,3.0,19.0,,,,3.0,,3.0,,0.0,2.0,,2.0,2.0,,1.0,1.0,2.0,,,,,1.0,1.0,,,1.0,,,,5.0,1.0,,,,,,,,,,,,,,,,,,,,,,,,,,,1.0,,,,,,,,
cpl::Football_Player::4d636b2222ce4dadada19f4087f42b9e,J. Assi,Atlético,Forward,2025,forward,5,55,0,0,0,0,0,0,0,3,0,0,2,0,0,79.0,2,3.27,0,0,0,0,0,0,0,0,0.0,28.57,0.0,0.0,0,0,0,0,0,0,0,0,0,0,0,0,0,,,,5.0,7.0,,,,,,7.0,5.0,2.0,8.0,,,5.0,,,,2.0,,7.0,5.0,2.0,,10.0,,,6.0,23.0,,,4.0,,3.0,1.0,,,,,,,2.0,,2.0,18.0,10.0,8.0,16.0,,1.0,55.0,,,3.0,3.0,,6.0,23.0,18.0,,5.0,30.0,1.0,1.0,1.0,5.0,1.0,4.0,2.0,0.0,1.0,,5.0,2.0,,,,,,,,,,,,,,,,,8.0,9.0,,,,,,,,,,,,,,,,,,,,1.0,,,,,,,,,,,,,,,
cpl::Football_Player::e59631b9384648c1a9d3a057aabe9412,V. Klonaridis,Forge,Forward,2025,forward,2,74,0,0,2,0,0,0,0,1,1,1,0,0,0,80.0,0,0.0,0,0,1,0,0,0,0,0,0.0,40.0,0.0,0.0,0,0,0,0,0,0,0,0,0,0,0,0,0,,,,2.0,2.0,,,,,,5.0,3.0,2.0,2.0,,,2.0,,,,,,5.0,3.0,2.0,,10.0,,,2.0,9.0,,,1.0,,,2.0,,,,,,1.0,,,,7.0,7.0,1.0,8.0,1.0,,74.0,,,,1.0,1.0,4.0,10.0,8.0,1.0,2.0,18.0,,,,2.0,,2.0,,0.0,1.0,,1.0,,,2.0,2.0,5.0,,,,,1.0,,,,,,,1.0,4.0,12.0,,,,,,1.0,,,,,,,,,,,1.0,,,,,,,,,,2.0,,,,,,,,
cpl::Football_Player::9dfc9045ab234f19a37a7fbd9c091f3e,R. Ennin,Atlético,Forward,2025,forward,2,24,1,0,1,1,1,0,0,3,0,0,0,0,0,67.0,0,0.0,0,0,0,0,0,0,0,0,0.0,0.0,0.0,0.0,0,0,0,0,0,0,0,0,0,0,0,0,0,2.0,2.0,,2.0,1.0,,,,,,6.0,6.0,,,,,2.0,,,,,,4.0,4.0,,,10.0,,,2.0,3.0,,,1.0,,1.0,,,,,,,,,,,2.0,1.0,1.0,2.0,,,24.0,,,,3.0,,8.0,3.0,2.0,,1.0,13.0,,,,,1.0,1.0,,1.0,,,2.0,1.0,,,1.0,5.0,,,,,,,,,,1.0,,,1.0,9.0,,,,,1.0,,,,1.0,,1.0,,,,,,1.0,1.0,,,,0.0,1.0,,,,,,1.0,,,,,,
cpl::Football_Player::93f7f3cb8d584710981cad41a92eb3e7,D. Chhoeun,Inter Toronto,Forward,2025,forward,1,7,0,0,0,0,0,0,0,1,1,0,0,0,0,50.0,0,0.0,0,0,0,0,0,0,0,0,0.0,33.33,0.0,0.0,0,0,0,0,0,0,0,0,0,0,0,0,0,,,,1.0,,,,,,,3.0,2.0,1.0,,,,1.0,,,,,,3.0,2.0,1.0,,10.0,,,1.0,2.0,,,,,2.0,1.0,,,,,,,,,,1.0,,1.0,1.0,,,7.0,,,,1.0,1.0,2.0,2.0,1.0,,1.0,5.0,,,,,1.0,1.0,,0.0,1.0,,1.0,1.0,,,,,,,,,,,,,,,,,,,,,1.0,,,,,,,,,,,,,,1.0,,,,1.0,,,,,,,,,,,,,,
