playerId,playerName,team,position,season,role,GP,Mins,G,A,S,GI,SOT,KP,Tackles,FC,FS,OFF,YC,RC,AerialsWonPercentage,Pass%,GoalsConceded,GAA,Corners,GoalsFreeKick,HitWoodwork,PenaltyAttempts,PenaltiesSuccessful,YellowRedCards,Xg,Xgefficiency,TacklesWonPercentage,DuelsWonPercentage,AerialDuelsWonPercentage,CrossCompletePercentage,TotalDistanceCovered,AverageDistanceCovered,TotalDistanceCoveredWalking,AverageDistanceCoveredWalking,TotalDistanceCoveredJogging,AverageDistanceCoveredJogging,TotalDistanceCoveredLowIntensityRunning,AverageDistanceCoveredLowIntensityRunning,TotalDistanceCoveredSprinting,AverageDistanceCoveredSprinting,TotalDistanceCoveredHighIntensityRunning,AverageDistanceCoveredHighIntensityRunning,Sprints,SuccessfulPassesOppositionHalf,TotalFoulsWon,TotalUnsuccessfulPasses(ExclCrosses&Corners),Starts,Duels,AerialDuelsWon,GroundDuelsLost,SuccessfulLongPasses,DuelsWon,SavesMadeFromOutsideBox,TotalSuccessfulPasses(ExclCrosses&Corners),ForwardPasses,GroundDuels,SuccessfulPassesOwnHalf,YellowCards,Interceptions,PenaltyGoalsConceded,PenaltiesFaced,UnsuccessfulPassesOppositionHalf,Appearances,CleanSheets,SavesMadeFromInsideBox,LeftsidePasses,SavesMade,UnsuccessfulPassesOwnHalf,Recoveries,SavesMade-Parried,Index,OpenPlayPasses,GoalkeeperSmother,Catches,DuelsLost,SuccessfulShortPasses,CrossesNotClaimed,GamesPlayed,GkUnsuccessfulDistribution,TotalPasses,TotalClearances,Punches,Drops,Touches,SavesMade-Caught,SuccessfulOpenPlayPasses,TotalLossesOfPossession,RightsidePasses,TimePlayed,CornersWon,UnsuccessfulLongPasses,GoalsConcededOutsideBox,UnsuccessfulLaunches,AerialDuels,GroundDuelsWon,GkSuccessfulDistribution,GoalsConcededInsideBox,SuccessfulLaunches,UnsuccessfulShortPasses,WinningGoal,AerialDuelsLost,SubstituteOn,TotalFoulsConceded,SubstituteOff,SavesFromPenalty,PenaltiesSaved,TotalTackles,LastManTackle,TacklesWon,PenaltiesConceded,TacklesLost,SuccessfulDribbles,KeyPasses(attemptAssists),Putthrough/blockedDistribution,Putthrough/blockedDistributionWon,HomeGoals,AwayGoals,FoulAttemptedTackle,OwnGoalScored,TotalShots,ShotsOffTarget(incWoodwork),TotalTouchesInOppositionBox,UnsuccessfulCornersIntoBox,CornersTaken(inclShortCorners),ThrowInsToOwnPlayer,ThrowInsToOppositionPlayer,SuccessfulCrosses&Corners,UnsuccessfulCrossesOpenPlay,BackwardPasses,UnsuccessfulCrosses&Corners,SuccessfulCornersIntoBox,UnsuccessfulDribbles,GoalAssists,ShotsOnTarget(IncGoals),ThroughBalls,Assists(intentional),AttemptsFromSetPieces,TimesTackled,BlockedShots,SuccessfulLay-offs,Blocks,SuccessfulCrossesOpenPlay,HandballsConceded,StraightRedCards,TotalRedCards,RedCards-2ndYellow,Offsides,ClearancesOffTheLine,FoulWonPenalty,GoalsFromInsideBox,RightFootGoals,Goals,HeadedGoals,GoalsFromOutsideBox,LeftFootGoals,OtherGoals,SecondGoalAssists,PenaltiesTaken,PenaltyGoals,SetPiecesGoals,UnsuccessfulLay-offs
cpl::Football_Player::23c92ceb8bee415a886f16e93c507c65,M. Carducci,Cavalry,Goalkeeper,2022,goalkeeper,26,2340,0,0,0,0,0,0,0,0,4,0,1,0,100,74.0,28,1.08,0,0,0,0,0,0,0,0,0,0,0,0,0,0,0,0,0,0,0,0,0,0,0,0,0,74.0,4.0,207.0,26.0,10.0,5.0,1.0,136.0,9.0,22.0,570.0,401.0,5.0,496.0,1.0,2.0,1.0,1.0,162.0,26.0,10.0,35.0,184.0,57.0,45.0,228.0,14.0,10.0,528.0,3.0,17.0,1.0,434.0,1.0,26.0,41.0,777.0,25.0,5.0,1.0,1019.0,2.0,403.0,218.0,192.0,2340.0,2.0,204.0,4.0,73.0,5.0,4.0,266.0,24.0,26.0,3.0,0.0,,,,,,,,,,,,,,,,,,,,,,,,,,,,,,,,,,,,,,,,,,,,,,,,,,,,,,,,,,,,,
cpl::Football_Player::7e18ad4df0bc44ce92ddcffed48d7b88,J. Roloff,Cavalry,Goalkeeper,2022,goalkeeper,4,360,0,0,0,0,0,0,0,0,1,0,0,0,0,73.0,8,2.0,0,0,0,0,0,0,0,0,0,0,0,0,0,0,0,0,0,0,0,0,0,0,0,0,0,8.0,1.0,26.0,4.0,2.0,,,17.0,1.0,3.0,67.0,59.0,1.0,59.0,,,2.0,2.0,18.0,4.0,,9.0,20.0,12.0,8.0,36.0,5.0,10.0,44.0,,2.0,1.0,50.0,,4.0,10.0,93.0,2.0,1.0,,130.0,,36.0,27.0,14.0,360.0,,25.0,3.0,9.0,1.0,1.0,46.0,5.0,3.0,1.0,0.0,1.0,,,,,,,,,,,,,,,,,,,,,,,,,,,,,,,,,,,,,,,,,,,,,,,,,,,,,,,,,,,,
cpl::Football_Player::c413f9ab15ee494581fcc06bba6806ff,A. De Rosario,Toronto,Goalkeeper,2022,goalkeeper,1,90,0,0,0,0,0,0,0,0,0,0,0,0,0,58.0,1,1.0,0,0,0,0,0,0,0,0,0,0,0,0,0,0,0,0,0,0,0,0,0,0,0,0,0,,,8.0,1.0,,,,,,1.0,11.0,14.0,,11.0,,,,,5.0,1.0,,2.0,1.0,3.0,3.0,12.0,,10.0,14.0,,,,11.0,,1.0,1.0,19.0,1.0,1.0,,32.0,,9.0,8.0,4.0,90.0,,7.0,1.0,4.0,,,11.0,,,1.0,0.0,,,,,,,,,,,,,,,,,,,,,,,,,,,,,,,,,,,,,,,,,,,,,,,,,,,,,,,,,,,,,
cpl::Football_Player::f7b3dd095e88450ca085f9cf8a12f3b0,K. Baskett,Wanderers,Goalkeeper,2022,goalkeeper,9,810,0,0,0,0,0,0,0,0,1,0,2,0,100,64.0,12,1.33,0,0,0,0,0,0,0,0,0,0,0,0,0,0,0,0,0,0,0,0,0,0,0,0,0,23.0,1.0,80.0,9.0,5.0,4.0,,43.0,5.0,10.0,137.0,145.0,1.0,114.0,2.0,,,,62.0,9.0,5.0,16.0,37.0,26.0,18.0,77.0,4.0,10.0,105.0,3.0,5.0,,94.0,1.0,9.0,25.0,217.0,10.0,5.0,,317.0,2.0,73.0,82.0,35.0,810.0,,79.0,2.0,32.0,4.0,1.0,111.0,10.0,9.0,1.0,0.0,,,,,,,,,,,,,,,,,,,,,,,,,,,,,,,,,,,,,,,,,,,,,,,,,,,,,,,,,,,,,
cpl::Football_Player::d3eccdc138364416ab9dd2b141d41e76,J. Holliday,Cavalry,Goalkeeper,2022,goalkeeper,1,1,0,0,0,0,0,0,0,0,0,0,0,0,0,,0,0.0,0,0,0,0,0,0,0,0,0,0,0,0,0,0,0,0,0,0,0,0,0,0,0,0,0,,,,,,,,,,,,,,,,,,,,1.0,,,,,,,,10.0,,,,,,,1.0,,,,,,,,,,,1.0,,,,,,,,,,,0.0,,1.0,,,,,,,,,,,,,,,,,,,,,,,,,,,,,,,,,,,,,,,,,,,,,,,,,,,,,,,,,,,
cpl::Football_Player::114243c66bf84de08c89d82c84024efa,A. Vaikla,Scrosoppi,Goalkeeper,2022,goalkeeper,21,1844,0,0,0,0,0,0,1,1,3,0,1,0,88,55.0,40,1.95,0,0,0,0,0,0,0,0,0,0,0,0,0,0,0,0,0,0,0,0,0,0,0,0,0,69.0,3.0,221.0,21.0,16.0,8.0,2.0,131.0,13.0,19.0,269.0,365.0,7.0,200.0,1.0,,6.0,7.0,176.0,21.0,3.0,39.0,74.0,58.0,45.0,178.0,8.0,10.0,201.0,3.0,14.0,3.0,138.0,1.0,21.0,104.0,490.0,15.0,5.0,6.0,709.0,4.0,142.0,224.0,51.0,1844.0,,218.0,5.0,59.0,9.0,5.0,196.0,35.0,27.0,3.0,0.0,1.0,,1.0,2.0,1.0,1.0,1.0,1.0,1.0,1.0,,,,,,,,,,,,,,,,,,,,,,,,,,,,,,,,,,,,,,,,,,,,,,,,,,,
cpl::Football_Player::d65b644d608b40dbb79ba6a0fb08d7f1,A. Rushenas,Wanderers,Goalkeeper,2022,goalkeeper,0,0,0,0,0,0,0,0,0,0,0,0,0,0,0,,0,,0,0,0,0,0,0,0,0,0,0,0,0,0,0,0,0,0,0,0,0,0,0,0,0,0,,,,,,,,,,,,,,,,,,,,,,,,,,,,,,,,,,,,,,,,,,,,,,,,,,,,,,,,,,,,,,,,,,,,,,,,,,,,,,,,,,,,,,,,,,,,,,,,,,,,,,,,,,,,,,,,,,,,,,
cpl::Football_Player::16b384ec036b4bccb9be3e98bf2b8088,M. Village,Pacific,Goalkeeper,2022,goalkeeper,0,0,0,0,0,0,0,0,0,0,0,0,0,0,0,,0,,0,0,0,0,0,0,0,0,0,0,0,0,0,0,0,0,0,0,0,0,0,0,0,0,0,,,,,,,,,,,,,,,,,,,,,,,,,,,,,,,,,,,,,,,,,,,,,,,,,,,,,,,,,,,,,,,,,,,,,,,,,,,,,,,,,,,,,,,,,,,,,,,,,,,,,,,,,,,,,,,,,,,,,,
cpl::Football_Player::ed6b655ed6bb4c7baedb0fe8fc42495d,C. Irving,Vancouver FC,Goalkeeper,2022,goalkeeper,28,2520,0,0,0,0,0,0,0,0,9,0,0,0,100,73.0,34,1.21,0,0,0,0,0,0,0,0,0,0,0,0,0,0,0,0,0,0,0,0,0,0,0,0,0,75.0,9.0,233.0,28.0,19.0,7.0,,139.0,19.0,18.0,623.0,448.0,12.0,548.0,,2.0,4.0,4.0,200.0,28.0,9.0,50.0,211.0,68.0,33.0,249.0,19.0,10.0,532.0,5.0,22.0,,484.0,,28.0,63.0,856.0,23.0,12.0,6.0,1132.0,3.0,430.0,235.0,197.0,2520.0,,231.0,7.0,78.0,7.0,12.0,267.0,27.0,17.0,2.0,0.0,,,,,,,1.0,,,,1.0,1.0,1.0,1.0,1.0,0.0,0.0,,,,,,,,,,,,,,,,,,,,,,,,,,,,,,,,,,,,,,,,,,,,
cpl::Football_Player::7c054612559b45f2a7ef690616b61862,T. Henry,Forge,Goalkeeper,2022,goalkeeper,30,2700,0,0,0,0,0,0,0,1,10,0,3,0,100,89.0,25,0.83,0,0,0,0,0,0,0,0,0,0,0,0,0,0,0,0,0,0,0,0,0,0,0,0,0,20.0,10.0,70.0,30.0,12.0,4.0,1.0,64.0,11.0,23.0,517.0,268.0,8.0,497.0,3.0,1.0,,,40.0,30.0,11.0,46.0,148.0,70.0,30.0,248.0,20.0,10.0,300.0,4.0,24.0,1.0,453.0,,30.0,6.0,587.0,14.0,7.0,2.0,896.0,3.0,257.0,70.0,171.0,2700.0,1.0,64.0,3.0,31.0,4.0,7.0,386.0,22.0,8.0,6.0,0.0,,,1.0,,,,,,,,,,,,,0.0,0.0,1.0,,,,,,,,,,,,,,,,,,,,,,,,,,,,,,,,,,,,,,,,,,,
cpl::Football_Player::95c5a896975b488cb559f52bde46d3d4,R. Yesli,Wanderers,Goalkeeper,2022,goalkeeper,9,810,0,0,0,0,0,0,0,0,1,0,0,0,100,52.0,8,0.89,0,0,0,0,0,0,0,0,0,0,0,0,0,0,0,0,0,0,0,0,0,0,0,0,0,30.0,1.0,109.0,9.0,3.0,2.0,,42.0,3.0,10.0,118.0,160.0,1.0,88.0,,,1.0,1.0,89.0,9.0,4.0,15.0,37.0,26.0,20.0,60.0,6.0,10.0,114.0,,3.0,,76.0,,9.0,39.0,227.0,5.0,1.0,,292.0,,71.0,110.0,30.0,810.0,,104.0,2.0,40.0,2.0,1.0,65.0,6.0,9.0,5.0,0.0,,,,,,,,,,,,,,,,,,,,,,,,,,,,,,,,,,,,,,,,,,,,,,,,,,,,,,,,,,,,,
cpl::Football_Player::a86a1a3737bc4895b1340dc348ae5b09,S. Melvin,Pacific,Goalkeeper,2022,goalkeeper,4,273,0,0,0,0,0,0,0,0,0,0,0,0,100,64.0,4,1.32,0,0,0,0,0,0,0,0,0,0,0,0,0,0,0,0,0,0,0,0,0,0,0,0,0,5.0,,22.0,3.0,1.0,1.0,,8.0,1.0,5.0,38.0,37.0,,33.0,,,1.0,1.0,17.0,4.0,1.0,1.0,12.0,6.0,5.0,24.0,1.0,10.0,19.0,1.0,2.0,,30.0,,4.0,11.0,60.0,2.0,2.0,,86.0,,15.0,23.0,11.0,273.0,,22.0,,6.0,1.0,,30.0,4.0,3.0,,0.0,,1.0,,,,,,,,,,,,,,,,,,,,,,,,,,,,,,,,,,,,,,,,,,,,,,,,,,,,,,,,,,,
cpl::Football_Player::655a241e039a4965b7f38990c3f8d981,E. Himaras,Valour,Goalkeeper,2022,goalkeeper,10,879,0,0,0,0,0,0,0,1,0,0,0,0,0,73.0,13,1.33,0,0,0,0,0,0,0,0,0,0,0,0,0,0,0,0,0,0,0,0,0,0,0,0,0,23.0,,64.0,9.0,1.0,,1.0,39.0,,14.0,170.0,126.0,1.0,147.0,,,1.0,1.0,59.0,10.0,1.0,14.0,61.0,28.0,5.0,79.0,8.0,10.0,132.0,3.0,7.0,1.0,131.0,,10.0,26.0,234.0,4.0,,1.0,332.0,,108.0,66.0,47.0,879.0,,63.0,2.0,16.0,,,98.0,11.0,11.0,1.0,0.0,,1.0,1.0,,,,,,,1.0,,,,1.0,,,,1.0,,,,,,,,,,,,,,,,,,,,,,,,,,,,,,,,,,,,,,,,,,,
cpl::Football_Player::72e65d5165df41d198c80f48acb6e327,D. Murasiranwa,Valour,Goalkeeper,2022,goalkeeper,8,675,0,0,0,0,0,0,0,1,2,0,0,0,66,59.0,11,1.47,0,0,0,0,0,0,0,0,0,0,0,0,0,0,0,0,0,0,0,0,0,0,0,0,0,22.0,2.0,65.0,7.0,5.0,2.0,1.0,45.0,3.0,4.0,92.0,121.0,2.0,70.0,,1.0,2.0,2.0,43.0,8.0,1.0,20.0,13.0,24.0,22.0,78.0,6.0,10.0,65.0,2.0,4.0,2.0,47.0,,8.0,25.0,157.0,6.0,2.0,1.0,252.0,,37.0,68.0,23.0,675.0,,62.0,,17.0,3.0,1.0,92.0,11.0,11.0,3.0,0.0,1.0,1.0,1.0,,,,,,,1.0,,,,1.0,,,,,1.0,,,,,,,,,,,,,,,,,,,,,,,,,,,,,,,,,,,,,,,,,,
cpl::Football_Player::0a71cc5786ac4cb6a42caa6d849c2129,C. Kalongo,Forge,Goalkeeper,2022,goalkeeper,1,90,0,0,0,0,0,0,0,0,0,0,0,0,0,92.0,2,2.0,0,0,0,0,0,0,0,0,0,0,0,0,0,0,0,0,0,0,0,0,0,0,0,0,0,,,2.0,1.0,,,,2.0,,1.0,21.0,6.0,,21.0,,,,,1.0,1.0,,2.0,8.0,3.0,1.0,7.0,,10.0,16.0,,,,19.0,,1.0,,23.0,,,,31.0,,14.0,2.0,9.0,90.0,,2.0,,2.0,,,12.0,2.0,,,0.0,,,,,,,,,,,,,,,,0.0,0.0,,,,,,,,,,,,,,,,,,,,,,,,,,,,,,,,,,,,,,,,,,,,
cpl::Football_Player::2780a63e2bc74d368e239e9e42851d4c,J. Sirois,Montréal,Goalkeeper,2022,goalkeeper,19,1710,0,0,0,0,0,0,0,0,5,0,1,0,80,68.0,26,1.37,0,0,0,0,0,0,0,0,0,0,0,0,0,0,0,0,0,0,0,0,0,0,0,0,0,43.0,5.0,162.0,19.0,16.0,8.0,2.0,86.0,12.0,20.0,338.0,271.0,6.0,295.0,1.0,,3.0,6.0,106.0,19.0,5.0,29.0,117.0,49.0,56.0,141.0,12.0,10.0,297.0,5.0,13.0,4.0,252.0,,19.0,59.0,500.0,28.0,11.0,2.0,699.0,1.0,223.0,166.0,112.0,1710.0,1.0,158.0,5.0,58.0,10.0,4.0,181.0,21.0,10.0,4.0,0.0,2.0,,,,3.0,3.0,,,,,,,,1.0,,,,,1.0,,,,,,,,,,,,,,,,,,,,,,,,,,,,,,,,,,,,,,,,,,
cpl::Football_Player::d7a3107cbc0c426399a5c65c18e39d14,N. Giantsopoulos,Vancouver FC,Goalkeeper,2022,goalkeeper,18,1551,0,0,1,0,0,0,0,0,4,0,3,0,100,68.0,21,1.22,0,0,0,0,0,0,0,0,0,0,0,0,0,0,0,0,0,0,0,0,0,0,0,0,0,56.0,4.0,125.0,18.0,13.0,7.0,1.0,87.0,12.0,28.0,261.0,245.0,6.0,205.0,3.0,1.0,6.0,6.0,97.0,18.0,6.0,20.0,81.0,49.0,28.0,164.0,10.0,10.0,180.0,2.0,18.0,1.0,174.0,,18.0,53.0,386.0,23.0,5.0,2.0,608.0,,137.0,127.0,60.0,1551.0,,122.0,1.0,31.0,7.0,5.0,212.0,20.0,12.0,3.0,0.0,,,,1.0,,,1.0,,,,1.0,,1.0,,,,,,,1.0,1.0,1.0,,,,,,,,,,,,,,,,,,,,,,,,,,,,,,,,,,,,,,,
cpl::Football_Player::ed004eacaca144bda4943965af890853,E. Gazdov,Montréal,Goalkeeper,2022,goalkeeper,2,180,0,0,0,0,0,0,1,0,1,0,0,0,100,45.0,2,1.0,0,0,0,0,0,0,0,0,0,0,0,0,0,0,0,0,0,0,0,0,0,0,0,0,0,5.0,1.0,34.0,2.0,3.0,1.0,,10.0,3.0,6.0,27.0,48.0,2.0,22.0,,,,,32.0,2.0,,4.0,7.0,10.0,2.0,27.0,4.0,10.0,26.0,,3.0,,17.0,,2.0,16.0,61.0,4.0,1.0,,97.0,,16.0,34.0,6.0,180.0,,34.0,1.0,12.0,1.0,2.0,26.0,1.0,3.0,,0.0,,,,,,,1.0,,1.0,,,,,,,0.0,0.0,,,,,,,,,,,,,,,,,,,,,,,,,,,,,,,,,,,,,,,,,,,,
cpl::Football_Player::dc9acb517ceb4bb6a191399acd30efa6,G. Catalano,Vaughan,Goalkeeper,2022,goalkeeper,1,90,0,0,0,0,0,0,0,0,0,0,0,0,100,91.0,3,3.0,0,0,0,0,0,0,0,0,0,0,0,0,0,0,0,0,0,0,0,0,0,0,0,0,0,3.0,,2.0,1.0,1.0,1.0,,6.0,1.0,1.0,19.0,10.0,,16.0,,,,1.0,1.0,1.0,,2.0,5.0,3.0,1.0,4.0,1.0,10.0,4.0,,1.0,,13.0,,1.0,2.0,21.0,4.0,2.0,,32.0,,4.0,2.0,6.0,90.0,,1.0,,,1.0,,15.0,3.0,,1.0,0.0,,,,,1.0,1.0,,,,,,,,,,,,,,,,,,,,,,,,,,,,,,,,,,,,,,,,,,,,,,,,,,,,,,,
cpl::Football_Player::9c2fb41ece0d4ac7902f5799c23556f4,M. Williams,York,Goalkeeper,2022,goalkeeper,0,0,0,0,0,0,0,0,0,0,0,0,0,0,0,,0,,0,0,0,0,0,0,0,0,0,0,0,0,0,0,0,0,0,0,0,0,0,0,0,0,0,,,,,,,,,,,,,,,,,,,,,,,,,,,,,,,,,,,,,,,,,,,,,,,,,,,,,,,,,,,,,,,,,,,,,,,,,,,,,,,,,,,,,,,,,,,,,,,,,,,,,,,,,,,,,,,,,,,,,,
cpl::Football_Player::364352c812a14e868234e4883c9bd4e0,N. Ingham,Atlético,Goalkeeper,2022,goalkeeper,28,2517,0,0,0,0,0,0,1,1,5,0,1,0,92,64.0,28,1.0,0,0,0,0,0,0,0,0,0,0,0,0,0,0,0,0,0,0,0,0,0,0,0,0,0,72.0,5.0,261.0,28.0,19.0,12.0,1.0,122.0,17.0,36.0,454.0,431.0,6.0,382.0,1.0,1.0,5.0,5.0,216.0,28.0,9.0,39.0,134.0,75.0,45.0,242.0,21.0,10.0,329.0,5.0,26.0,2.0,332.0,1.0,28.0,88.0,715.0,19.0,12.0,5.0,992.0,7.0,220.0,264.0,150.0,2517.0,,253.0,6.0,71.0,13.0,5.0,325.0,22.0,20.0,8.0,0.0,1.0,,1.0,1.0,,,1.0,1.0,1.0,1.0,,,,,,,,1.0,,,,,,,,,,,,,,,,,,,,,,,,,,,,,,,,,,,,,,,,,,,
cpl::Football_Player::41f23e52e26541bca62d8378fafc1953,F. Aird,Cavalry,Defender,2022,defender,5,434,0,1,4,0,2,1,7,2,4,0,1,0,66,70.0,5,1.04,14,0,0,0,0,0,0,0,0,0,0,0,0,0,0,0,0,0,0,0,0,0,0,0,0,96.0,4.0,66.0,5.0,28.0,2.0,11.0,9.0,16.0,,150.0,104.0,25.0,60.0,1.0,10.0,1.0,,79.0,5.0,1.0,,79.0,,15.0,31.0,,10.0,205.0,,,12.0,141.0,,5.0,,216.0,6.0,,,363.0,,144.0,114.0,6.0,434.0,8.0,21.0,2.0,7.0,3.0,14.0,,3.0,3.0,45.0,0.0,1.0,,2.0,1.0,,,8.0,,7.0,,1.0,2.0,5.0,12.0,3.0,,,1.0,,4.0,2.0,5.0,9.0,14.0,45.0,9.0,6.0,14.0,27.0,28.0,5.0,2.0,1.0,2.0,1.0,1.0,1.0,4.0,,,,,,,,,,,,,,,,,,,,,,,
cpl::Football_Player::3369d66b5c1c44c38f4b479aed83a7e7,Roberto Alarcón,Valour,Defender,2022,defender,17,1160,0,3,8,0,4,3,21,28,30,0,6,0,70,84.0,15,1.16,19,0,0,0,0,0,0,0,0,0,0,0,0,0,0,0,0,0,0,0,0,0,0,0,0,258.0,30.0,90.0,13.0,154.0,12.0,54.0,36.0,95.0,,468.0,203.0,137.0,235.0,6.0,6.0,1.0,,130.0,17.0,2.0,,234.0,,29.0,83.0,,10.0,533.0,,,59.0,432.0,,17.0,,558.0,17.0,,,939.0,,452.0,207.0,23.0,1160.0,11.0,42.0,2.0,11.0,17.0,83.0,,13.0,1.0,48.0,0.0,5.0,4.0,28.0,6.0,,,32.0,,21.0,1.0,11.0,21.0,23.0,19.0,6.0,,,17.0,,8.0,4.0,6.0,12.0,19.0,93.0,7.0,25.0,48.0,98.0,69.0,6.0,11.0,3.0,4.0,1.0,2.0,1.0,22.0,2.0,1.0,1.0,13.0,2.0,,,,,,,,,,,,,,,,,,
cpl::Football_Player::f3ffebc2701c4e608f9f5055198c5ec9,D. Norman,Vancouver FC,Defender,2022,defender,21,1031,0,0,8,0,2,0,10,20,15,0,4,2,50,78.0,13,1.13,0,0,0,0,0,0,0,0,0,0,0,0,0,0,0,0,0,0,0,0,0,0,0,0,0,186.0,15.0,134.0,11.0,106.0,20.0,35.0,65.0,51.0,,472.0,263.0,66.0,289.0,4.0,23.0,1.0,,102.0,21.0,3.0,,74.0,,42.0,65.0,,10.0,583.0,,,55.0,407.0,,21.0,,606.0,24.0,,,832.0,,456.0,188.0,225.0,1031.0,5.0,67.0,4.0,20.0,40.0,31.0,,9.0,4.0,67.0,0.0,20.0,10.0,20.0,2.0,,,15.0,,10.0,,5.0,1.0,4.0,14.0,7.0,,,11.0,,8.0,6.0,11.0,,,46.0,27.0,3.0,8.0,44.0,10.0,,4.0,,2.0,,,3.0,7.0,2.0,,4.0,3.0,,1.0,2.0,1.0,,,,,,,,,,,,,,,
cpl::Football_Player::ebad96b764c947998691fc6dcd98daa5,C. Campagna,Wanderers,Defender,2022,defender,7,563,0,0,2,0,0,0,10,3,1,1,1,0,63,86.0,5,0.8,0,0,0,0,0,0,0,0,0,0,0,0,0,0,0,0,0,0,0,0,0,0,0,0,0,81.0,1.0,53.0,6.0,45.0,12.0,8.0,27.0,30.0,,306.0,150.0,26.0,225.0,1.0,15.0,,,30.0,7.0,3.0,,100.0,,23.0,34.0,,10.0,348.0,,,15.0,279.0,,7.0,,359.0,22.0,,,440.0,,295.0,60.0,96.0,563.0,,23.0,2.0,7.0,19.0,18.0,,3.0,6.0,30.0,0.0,7.0,1.0,3.0,,,,15.0,,10.0,,5.0,2.0,1.0,3.0,1.0,,,3.0,,2.0,2.0,2.0,,,2.0,,,,13.0,,,,,,1.0,,,1.0,,,4.0,,,,,,1.0,,,,,,,,,,,,,,
cpl::Football_Player::dbd8bd41aa5a42158cc6c3a4c952bfdf,Z. Fernandez,Valour,Defender,2022,defender,24,2100,0,4,3,0,2,4,31,31,51,4,6,0,65,76.0,30,1.29,20,0,0,0,0,0,0,0,0,0,0,0,0,0,0,0,0,0,0,0,0,0,0,0,0,451.0,51.0,228.0,24.0,260.0,28.0,85.0,26.0,160.0,,697.0,380.0,217.0,272.0,6.0,29.0,3.0,,204.0,24.0,7.0,,352.0,,82.0,102.0,,10.0,888.0,,,100.0,671.0,,24.0,,925.0,37.0,,,1644.0,,665.0,411.0,25.0,2100.0,15.0,66.0,4.0,28.0,43.0,132.0,,26.0,4.0,162.0,0.0,15.0,,31.0,4.0,,,62.0,,31.0,,31.0,19.0,31.0,57.0,16.0,,,8.0,,3.0,1.0,35.0,7.0,20.0,231.0,34.0,26.0,43.0,168.0,58.0,7.0,29.0,4.0,2.0,2.0,3.0,,38.0,1.0,4.0,6.0,16.0,3.0,,,,4.0,1.0,2.0,,,,,,,,,,,,
cpl::Football_Player::29e56c09baf549469b4a5934262e3dbf,J. Ruby,Wanderers,Defender,2022,defender,10,795,0,0,1,0,0,0,20,3,5,0,0,0,61,87.0,9,1.02,0,0,0,0,0,0,0,0,0,0,0,0,0,0,0,0,0,0,0,0,0,0,0,0,0,150.0,5.0,60.0,9.0,57.0,8.0,8.0,20.0,44.0,,388.0,173.0,44.0,239.0,,7.0,,,53.0,10.0,4.0,,159.0,,16.0,30.0,,10.0,437.0,,,13.0,368.0,,10.0,,448.0,24.0,,,566.0,,380.0,80.0,60.0,795.0,,20.0,3.0,6.0,13.0,36.0,,6.0,2.0,40.0,0.0,5.0,1.0,3.0,2.0,,,29.0,,20.0,,9.0,2.0,2.0,7.0,5.0,,,2.0,,1.0,1.0,,,,8.0,1.0,1.0,9.0,56.0,9.0,,1.0,,,1.0,,,3.0,,,1.0,1.0,,,,,,,,,,,,,,,,,,,
cpl::Football_Player::a742bcbb546f417d9003cfe9bf5e3676,N. Higgins,York,Defender,2022,defender,24,2082,0,1,6,0,4,1,19,37,9,2,4,0,56,79.0,44,1.9,0,0,0,0,0,0,0,0,0,0,0,0,0,0,0,0,0,0,0,0,0,0,0,0,0,183.0,9.0,164.0,23.0,159.0,31.0,55.0,67.0,80.0,,614.0,315.0,104.0,432.0,4.0,41.0,8.0,,118.0,24.0,4.0,,256.0,,55.0,92.0,,10.0,742.0,,,79.0,547.0,,24.0,,778.0,77.0,,,1088.0,,584.0,217.0,132.0,2082.0,8.0,85.0,5.0,33.0,55.0,49.0,,39.0,9.0,79.0,0.0,24.0,1.0,37.0,2.0,,,35.0,1.0,19.0,1.0,16.0,5.0,2.0,15.0,9.0,,,23.0,1.0,6.0,2.0,18.0,,,25.0,19.0,1.0,9.0,75.0,9.0,,,1.0,4.0,1.0,1.0,,6.0,1.0,,19.0,1.0,,,,,2.0,1.0,,,,,,,,,,,,,
cpl::Football_Player::2765417c9ab14808ae40c91c05077259,M. Harms,Cavalry,Defender,2022,defender,0,0,0,0,0,0,0,0,0,0,0,0,0,0,0,,0,,0,0,0,0,0,0,0,0,0,0,0,0,0,0,0,0,0,0,0,0,0,0,0,0,0,,,,,,,,,,,,,,,,,,,,,,,,,,,,,,,,,,,,,,,,,,,,,,,,,,,,,,,,,,,,,,,,,,,,,,,,,,,,,,,,,,,,,,,,,,,,,,,,,,,,,,,,,,,,,,,,,,,,,,
cpl::Football_Player::49c115baca3047999a65b3cdefe88f4f,G. Escobar,TSS Rovers,Defender,2022,defender,5,200,0,0,0,0,0,0,6,3,2,0,1,0,60,70.0,0,0.0,2,0,0,0,0,0,0,0,0,0,0,0,0,0,0,0,0,0,0,0,0,0,0,0,0,18.0,2.0,22.0,3.0,22.0,3.0,6.0,6.0,14.0,,50.0,28.0,17.0,34.0,1.0,10.0,,,22.0,5.0,,,4.0,,5.0,8.0,,10.0,70.0,,,8.0,44.0,,5.0,,72.0,6.0,,,135.0,,48.0,33.0,21.0,200.0,1.0,6.0,,,5.0,11.0,,,,16.0,0.0,2.0,2.0,3.0,3.0,,,8.0,,6.0,,2.0,1.0,2.0,6.0,2.0,,,3.0,,,,2.0,1.0,2.0,16.0,3.0,2.0,4.0,19.0,5.0,,2.0,,,,,,3.0,1.0,,,2.0,,,,,,,,,,,,,,,,,,,
cpl::Football_Player::00cb81880a254ba7957fdb6ee6eec8a8,M. Trafford,Cavalry,Defender,2022,defender,23,1927,1,0,5,0,1,0,4,24,7,1,7,0,51,89.0,24,1.12,0,0,0,0,0,0,0,0,0,0,0,0,0,0,0,0,0,0,0,0,0,0,0,0,0,319.0,7.0,161.0,21.0,98.0,30.0,28.0,94.0,42.0,,1213.0,515.0,40.0,894.0,7.0,29.0,1.0,,109.0,23.0,8.0,,275.0,,52.0,94.0,,10.0,1309.0,,,56.0,1119.0,,23.0,,1374.0,63.0,,,1520.0,,1150.0,166.0,494.0,1927.0,,102.0,4.0,37.0,58.0,12.0,26.0,20.0,12.0,59.0,1.0,28.0,2.0,24.0,1.0,,,5.0,,4.0,,1.0,,6.0,8.0,4.0,0.0,1.0,12.0,,5.0,4.0,10.0,,,8.0,,,,90.0,,,2.0,,1.0,,,,3.0,,,7.0,,,,,,1.0,,,1.0,1.0,1.0,,,,,,,,,
cpl::Football_Player::ce073937285b4114bca2f2a3b658f3da,L. Singh,York,Defender,2022,defender,23,2012,0,0,9,0,4,0,15,32,10,0,5,2,34,80.0,40,1.79,0,0,0,0,0,0,0,0,0,0,0,0,0,0,0,0,0,0,0,0,0,0,0,0,0,305.0,10.0,210.0,23.0,136.0,13.0,51.0,141.0,60.0,,800.0,476.0,98.0,495.0,5.0,42.0,7.0,,135.0,23.0,4.0,,141.0,,75.0,121.0,,10.0,960.0,,,76.0,659.0,,23.0,,1010.0,57.0,,,1232.0,,770.0,236.0,355.0,2012.0,1.0,121.0,5.0,30.0,38.0,47.0,,35.0,13.0,89.0,0.0,25.0,,32.0,4.0,,,25.0,,15.0,,10.0,12.0,2.0,19.0,7.0,,,18.0,,9.0,5.0,9.0,,,4.0,,,,38.0,,,7.0,,4.0,1.0,,1.0,9.0,4.0,,11.0,,,,2.0,2.0,,,,,,,,,,,,,,,
cpl::Football_Player::b131e479cff24c5f99ea9187ee25f527,Eriks Santos,Wanderers,Defender,2022,defender,24,2028,1,1,7,0,2,1,20,13,10,0,2,0,50,80.0,31,1.38,0,0,0,0,0,0,0,0,0,0,0,0,0,0,0,0,0,0,0,0,0,0,0,0,0,289.0,10.0,234.0,22.0,124.0,26.0,28.0,77.0,70.0,,901.0,555.0,72.0,612.0,2.0,29.0,3.0,,158.0,24.0,6.0,,190.0,,82.0,141.0,,10.0,1093.0,,,54.0,824.0,,24.0,,1135.0,63.0,,,1369.0,,862.0,266.0,345.0,2028.0,1.0,130.0,5.0,39.0,52.0,44.0,2.0,26.0,7.0,104.0,0.0,26.0,2.0,13.0,4.0,,,31.0,,20.0,,11.0,3.0,4.0,24.0,12.0,1.0,0.0,7.0,,7.0,5.0,15.0,,,1.0,,,6.0,45.0,6.0,,4.0,1.0,2.0,,,,7.0,3.0,,16.0,,1.0,,,,,,1.0,1.0,,1.0,1.0,,,,,,,,
cpl::Football_Player::d1f55ff48211437dbc695c82aa0f9d15,C. Loughrey,Wanderers,Defender,2022,defender,24,1297,0,1,3,0,0,1,11,15,8,0,5,0,59,74.0,27,1.87,0,0,0,0,0,0,0,0,0,0,0,0,0,0,0,0,0,0,0,0,0,0,0,0,0,124.0,8.0,130.0,12.0,87.0,19.0,29.0,53.0,45.0,,364.0,213.0,55.0,240.0,5.0,21.0,2.0,,83.0,24.0,1.0,,115.0,,47.0,73.0,,10.0,471.0,,,42.0,311.0,,24.0,,494.0,32.0,,,643.0,,352.0,150.0,138.0,1297.0,1.0,75.0,3.0,21.0,32.0,26.0,1.0,24.0,3.0,55.0,0.0,13.0,12.0,15.0,1.0,,,17.0,,11.0,,6.0,1.0,3.0,14.0,6.0,,,11.0,2.0,3.0,3.0,7.0,,,,,,,28.0,,,1.0,1.0,,1.0,1.0,,5.0,,1.0,12.0,,,,,,,1.0,,,,,,,,,,,,,
cpl::Football_Player::aafb864d45ab43e8849d3cff096d5c07,J. Dixon,Ottawa Fury,Defender,2022,defender,23,1525,0,0,1,0,0,0,32,29,14,0,5,0,64,88.0,22,1.3,0,0,0,0,0,0,0,0,0,0,0,0,0,0,0,0,0,0,0,0,0,0,0,0,0,313.0,14.0,97.0,17.0,172.0,25.0,62.0,61.0,96.0,,685.0,190.0,133.0,372.0,5.0,8.0,2.0,,70.0,23.0,2.0,,203.0,,30.0,103.0,,10.0,769.0,,,76.0,624.0,,23.0,,782.0,21.0,,,977.0,,674.0,133.0,249.0,1525.0,1.0,30.0,4.0,10.0,39.0,71.0,,18.0,4.0,67.0,0.0,14.0,6.0,29.0,9.0,,,48.0,,32.0,,16.0,9.0,7.0,19.0,13.0,0.0,0.0,18.0,,1.0,1.0,5.0,,,5.0,,,3.0,140.0,3.0,,4.0,,,,,,11.0,2.0,8.0,10.0,,,,,,,,,,,,,,,,,,,,
cpl::Football_Player::bf1559f63d3642679c430ff1f41355a7,G. Mukumbilwa,Pacific,Defender,2022,defender,18,901,0,0,0,0,0,0,20,19,14,1,3,0,82,85.0,9,0.9,0,0,0,0,0,0,0,0,0,0,0,0,0,0,0,0,0,0,0,0,0,0,0,0,0,115.0,14.0,63.0,9.0,117.0,14.0,45.0,23.0,69.0,,331.0,142.0,100.0,218.0,3.0,14.0,,,56.0,18.0,3.0,,81.0,,20.0,61.0,,10.0,390.0,,,48.0,308.0,,18.0,,394.0,25.0,,,659.0,,327.0,137.0,59.0,901.0,3.0,18.0,3.0,10.0,17.0,55.0,,6.0,2.0,45.0,0.0,3.0,9.0,19.0,2.0,,,35.0,,20.0,,15.0,7.0,3.0,11.0,6.0,0.0,0.0,9.0,,,,2.0,,,64.0,24.0,2.0,13.0,112.0,13.0,,11.0,,,,,,16.0,,,5.0,2.0,,,,,1.0,,,,,,,,,,,,,,
cpl::Football_Player::4da84a61c12443e48f9c5d0dd8f2f3ae,K. Dada-Luke,Vancouver FC,Defender,2022,defender,25,1947,1,1,6,0,4,1,46,23,38,0,5,0,54,83.0,31,1.43,0,0,0,0,0,0,0,0,0,0,0,0,0,0,0,0,0,0,0,0,0,0,0,0,0,338.0,38.0,141.0,22.0,279.0,25.0,84.0,21.0,174.0,,644.0,245.0,233.0,320.0,5.0,36.0,4.0,,156.0,25.0,3.0,,280.0,,44.0,102.0,,10.0,770.0,,,105.0,623.0,,25.0,,785.0,31.0,,,1445.0,,630.0,350.0,32.0,1947.0,14.0,28.0,5.0,14.0,46.0,149.0,,26.0,3.0,113.0,0.0,21.0,3.0,23.0,7.0,,,73.0,,46.0,1.0,27.0,38.0,22.0,35.0,12.0,1.0,0.0,11.0,1.0,6.0,2.0,23.0,,,148.0,35.0,14.0,59.0,228.0,59.0,,27.0,1.0,4.0,,1.0,,51.0,2.0,,3.0,14.0,2.0,,,,,,,1.0,1.0,1.0,,,,,,,,,
cpl::Football_Player::f40858671e354d42ad80fd9d251afb6f,R. Rama,Forge,Defender,2022,defender,22,1898,0,0,6,0,2,0,35,39,31,0,10,0,29,82.0,15,0.71,0,0,0,0,0,0,0,0,0,0,0,0,0,0,0,0,0,0,0,0,0,0,0,0,0,622.0,31.0,241.0,22.0,259.0,10.0,107.0,49.0,128.0,,1064.0,571.0,225.0,444.0,10.0,32.0,,,205.0,22.0,8.0,,439.0,,71.0,127.0,,10.0,1252.0,,,131.0,1015.0,,22.0,,1305.0,31.0,,,1972.0,,1012.0,411.0,85.0,1898.0,11.0,71.0,1.0,25.0,34.0,118.0,,14.0,3.0,170.0,0.0,24.0,,39.0,4.0,,,63.0,,35.0,,28.0,24.0,8.0,69.0,17.0,0.0,0.0,25.0,,6.0,4.0,24.0,,,229.0,26.0,2.0,35.0,210.0,35.0,,29.0,,2.0,4.0,,,49.0,4.0,,7.0,2.0,2.0,,,,,,,,,,,,,,,,,,
cpl::Football_Player::d46e06f14e0d47e58d6f5f00e1eabfa9,T. Meilleur-Giguère,Wanderers,Defender,2022,defender,29,2355,1,0,5,0,3,0,24,18,7,2,3,0,61,87.0,28,1.07,0,0,0,0,0,0,0,0,0,0,0,0,0,0,0,0,0,0,0,0,0,0,0,0,0,299.0,7.0,235.0,27.0,162.0,49.0,38.0,118.0,93.0,,1453.0,531.0,82.0,1154.0,3.0,44.0,3.0,,145.0,29.0,8.0,,404.0,,91.0,135.0,,10.0,1666.0,,,69.0,1335.0,,29.0,,1688.0,107.0,,,1963.0,,1433.0,245.0,671.0,2355.0,1.0,138.0,7.0,75.0,80.0,44.0,,21.0,20.0,97.0,0.0,31.0,2.0,18.0,2.0,,,35.0,,24.0,,11.0,2.0,9.0,20.0,14.0,0.0,1.0,12.0,,5.0,2.0,9.0,,,1.0,,,1.0,82.0,1.0,,1.0,,3.0,2.0,,,4.0,,,13.0,,,,,,2.0,1.0,,1.0,,1.0,1.0,,,,,,,,
cpl::Football_Player::907ea07d836b4d78a6fd1c95e7081ee6,D. Zator,Cavalry,Defender,2022,defender,28,2506,1,1,15,0,3,1,29,14,14,0,2,0,73,85.0,37,1.33,0,0,1,0,0,0,0,0,0,0,0,0,0,0,0,0,0,0,0,0,0,0,0,0,0,344.0,14.0,237.0,28.0,164.0,51.0,29.0,125.0,117.0,,1253.0,536.0,95.0,911.0,2.0,30.0,7.0,,149.0,28.0,7.0,,538.0,,91.0,154.0,,10.0,1450.0,,,47.0,1128.0,,28.0,,1490.0,94.0,,,1837.0,,1215.0,276.0,329.0,2506.0,4.0,123.0,3.0,47.0,69.0,66.0,,34.0,12.0,114.0,0.0,18.0,,14.0,1.0,,,48.0,,29.0,,19.0,5.0,7.0,31.0,14.0,1.0,0.0,5.0,,15.0,12.0,24.0,,,23.0,9.0,2.0,3.0,87.0,3.0,,5.0,1.0,3.0,,1.0,,9.0,2.0,,27.0,2.0,1.0,,,,,,,1.0,1.0,1.0,,,,,,,,,
cpl::Football_Player::8a6c8e7f553849f9a237ca5dd408e66d,B. Levis,Atlético,Defender,2022,defender,22,1926,2,1,18,0,8,1,40,39,46,1,6,0,66,83.0,22,1.03,1,0,0,0,0,0,0,0,0,0,0,0,0,0,0,0,0,0,0,0,0,0,0,0,0,398.0,46.0,169.0,22.0,313.0,36.0,115.0,51.0,180.0,,808.0,373.0,259.0,412.0,6.0,52.0,3.0,,150.0,22.0,8.0,,53.0,,54.0,169.0,,10.0,945.0,,,133.0,757.0,,22.0,,977.0,33.0,,,1645.0,,782.0,328.0,311.0,1926.0,8.0,56.0,6.0,27.0,54.0,144.0,,16.0,6.0,113.0,1.0,18.0,,39.0,2.0,,,65.0,,40.0,1.0,25.0,33.0,10.0,35.0,19.0,1.0,1.0,23.0,,18.0,10.0,35.0,,1.0,166.0,38.0,2.0,32.0,240.0,35.0,,30.0,1.0,8.0,,,,60.0,7.0,,12.0,2.0,2.0,,,,1.0,,,1.0,1.0,2.0,,1.0,1.0,,,,,,
cpl::Football_Player::9872d0a42804454098f50f548fd3f290,P. Schaale,Wanderers,Defender,2022,defender,20,1297,0,0,14,0,4,0,12,23,2,1,5,0,65,82.0,27,1.87,0,0,1,0,0,0,0,0,0,0,0,0,0,0,0,0,0,0,0,0,0,0,0,0,0,220.0,2.0,148.0,14.0,116.0,40.0,32.0,97.0,63.0,,664.0,349.0,55.0,445.0,5.0,22.0,1.0,,108.0,20.0,3.0,,284.0,,44.0,76.0,,10.0,773.0,,,53.0,567.0,,20.0,,812.0,38.0,,,982.0,,628.0,170.0,155.0,1297.0,1.0,85.0,5.0,23.0,61.0,23.0,2.0,22.0,5.0,63.0,0.0,21.0,6.0,23.0,1.0,,,20.0,,12.0,,8.0,2.0,8.0,13.0,7.0,,,13.0,,14.0,10.0,34.0,,,5.0,,1.0,4.0,24.0,4.0,,6.0,,4.0,3.0,,,7.0,4.0,,9.0,1.0,,,,,1.0,,,,,,,,,,,,,,
cpl::Football_Player::44d8646a99894dd88699c278caf5e2c1,B. Bissainthe,Edmonton,Defender,2022,defender,21,1784,2,0,9,0,3,0,33,22,13,1,5,0,55,82.0,36,1.82,0,0,0,0,0,0,0,0,0,0,0,0,0,0,0,0,0,0,0,0,0,0,0,0,0,282.0,13.0,170.0,20.0,154.0,19.0,48.0,82.0,91.0,,769.0,370.0,120.0,487.0,5.0,39.0,6.0,,124.0,21.0,1.0,,377.0,,49.0,123.0,,10.0,903.0,,,63.0,687.0,,21.0,,939.0,69.0,,,1216.0,,739.0,200.0,132.0,1784.0,2.0,95.0,2.0,42.0,34.0,72.0,,34.0,6.0,75.0,2.0,15.0,1.0,22.0,3.0,,,53.0,,33.0,,20.0,6.0,6.0,23.0,16.0,2.0,0.0,14.0,1.0,9.0,6.0,21.0,,,5.0,3.0,,3.0,60.0,3.0,,3.0,,3.0,1.0,,,9.0,,1.0,6.0,,,,,,1.0,,,2.0,,2.0,2.0,,,,,,,,
cpl::Football_Player::c182423a01294fc4a488163b7c07b7f4,G. Metusala,Forge,Defender,2022,defender,25,1588,0,1,3,0,0,1,22,18,13,0,4,0,59,86.0,18,1.02,0,0,0,0,0,0,0,0,0,0,0,0,0,0,0,0,0,0,0,0,0,0,0,0,0,318.0,13.0,154.0,17.0,118.0,19.0,31.0,49.0,74.0,,919.0,380.0,86.0,602.0,4.0,17.0,,,90.0,25.0,5.0,,283.0,,69.0,105.0,,10.0,1040.0,,,44.0,870.0,,25.0,,1073.0,43.0,,,1293.0,,889.0,187.0,333.0,1588.0,,52.0,2.0,19.0,32.0,55.0,,16.0,2.0,102.0,0.0,13.0,8.0,18.0,3.0,,,32.0,,22.0,,10.0,10.0,5.0,19.0,8.0,0.0,0.0,8.0,,3.0,3.0,6.0,,,37.0,10.0,1.0,5.0,77.0,5.0,,,1.0,,3.0,1.0,,5.0,,,5.0,1.0,,,,,,,1.0,,,,,,,,,,,,
cpl::Football_Player::b62c417ac638422ea0b822571917ccd3,K. Yao,Montréal,Defender,2022,defender,26,2275,1,2,8,0,1,2,29,27,10,0,4,0,71,88.0,30,1.19,0,0,0,0,0,0,0,0,0,0,0,0,0,0,0,0,0,0,0,0,0,0,0,0,0,260.0,10.0,177.0,26.0,190.0,61.0,41.0,95.0,125.0,,1228.0,407.0,105.0,968.0,4.0,34.0,3.0,,128.0,26.0,8.0,,531.0,,49.0,120.0,,10.0,1371.0,,,65.0,1133.0,,26.0,,1405.0,69.0,,,1668.0,,1196.0,200.0,398.0,2275.0,3.0,93.0,6.0,22.0,85.0,64.0,9.0,24.0,6.0,84.0,0.0,24.0,,27.0,3.0,,,52.0,,29.0,,23.0,2.0,6.0,14.0,7.0,1.0,0.0,14.0,,8.0,7.0,24.0,,,5.0,4.0,,,69.0,,,,2.0,1.0,,2.0,,4.0,4.0,,16.0,,,,,,,1.0,,1.0,,1.0,1.0,,,,,,,,
cpl::Football_Player::6981001867ad42d9b6d9bfc216cfab71,D. Samuel,Forge,Defender,2022,defender,21,1016,0,0,2,0,0,0,10,19,30,0,1,0,53,87.0,12,1.06,0,0,0,0,0,0,0,0,0,0,0,0,0,0,0,0,0,0,0,0,0,0,0,0,0,267.0,30.0,107.0,10.0,127.0,23.0,33.0,28.0,74.0,,667.0,297.0,84.0,402.0,1.0,13.0,,,65.0,21.0,1.0,,203.0,,46.0,83.0,,10.0,732.0,,,53.0,639.0,,21.0,,774.0,22.0,,,954.0,,627.0,144.0,208.0,1016.0,1.0,44.0,2.0,19.0,43.0,51.0,,10.0,3.0,63.0,0.0,20.0,11.0,19.0,4.0,,,14.0,,10.0,,4.0,7.0,7.0,9.0,6.0,0.0,0.0,3.0,,2.0,2.0,4.0,,,28.0,7.0,2.0,4.0,66.0,4.0,,2.0,,,,,,10.0,,,7.0,2.0,,,,,,,,,,,,,,,,,,,
cpl::Football_Player::9fa7232743934bf2a022c4fe6a62c1b6,J. Haynes,Valour,Defender,2022,defender,16,889,0,0,2,0,0,0,15,9,2,0,1,0,52,79.0,11,1.11,0,0,0,0,0,0,0,0,0,0,0,0,0,0,0,0,0,0,0,0,0,0,0,0,0,139.0,2.0,105.0,11.0,68.0,9.0,25.0,26.0,35.0,,374.0,202.0,51.0,235.0,1.0,24.0,2.0,,84.0,16.0,2.0,,16.0,,30.0,50.0,,10.0,464.0,,,33.0,348.0,,16.0,,479.0,23.0,,,687.0,,359.0,141.0,185.0,889.0,,50.0,3.0,22.0,17.0,26.0,,8.0,5.0,55.0,0.0,8.0,5.0,9.0,4.0,,,23.0,,15.0,,8.0,1.0,2.0,11.0,5.0,0.0,0.0,3.0,,2.0,2.0,,,,69.0,11.0,,9.0,76.0,9.0,,3.0,,,,,,8.0,,,3.0,,,,,,,,,,,,,,,,,,,,
cpl::Football_Player::58c03096b6c940afacb752b030a52ad2,M. Owolabi-Belewu,Forge,Defender,2022,defender,21,1166,1,0,4,0,1,0,18,17,22,0,2,0,62,87.0,9,0.69,0,0,0,0,0,0,0,0,0,0,0,0,0,0,0,0,0,0,0,0,0,0,0,0,0,215.0,22.0,102.0,12.0,148.0,28.0,37.0,25.0,94.0,,648.0,271.0,103.0,433.0,2.0,18.0,,,65.0,21.0,5.0,,125.0,,40.0,72.0,,10.0,722.0,,,54.0,623.0,,21.0,,750.0,26.0,,,955.0,,623.0,139.0,310.0,1166.0,3.0,30.0,1.0,8.0,45.0,66.0,,8.0,2.0,72.0,1.0,17.0,9.0,17.0,1.0,,,31.0,,18.0,,13.0,13.0,3.0,22.0,11.0,1.0,0.0,10.0,,4.0,3.0,11.0,,,9.0,4.0,,3.0,44.0,3.0,,7.0,,1.0,1.0,,,19.0,2.0,,5.0,,,,,,,,,1.0,,1.0,1.0,,,,,,,,
cpl::Football_Player::ddaa28ce30bc4ad8888405cb267a86cc,Miguel Acosta,Atlético,Defender,2022,defender,29,2357,1,3,2,0,2,3,58,22,20,0,4,0,34,82.0,27,1.03,0,0,0,0,0,0,0,0,0,0,0,0,0,0,0,0,0,0,0,0,0,0,0,0,0,347.0,20.0,226.0,26.0,226.0,12.0,71.0,97.0,132.0,,995.0,527.0,191.0,659.0,4.0,28.0,5.0,,186.0,29.0,8.0,,526.0,,69.0,140.0,,10.0,1172.0,,,94.0,898.0,,29.0,,1221.0,69.0,,,1781.0,,953.0,355.0,69.0,2357.0,14.0,119.0,5.0,47.0,35.0,120.0,,22.0,18.0,107.0,0.0,23.0,3.0,22.0,2.0,,,91.0,,58.0,1.0,33.0,9.0,9.0,45.0,22.0,0.0,1.0,11.0,,2.0,,15.0,,,127.0,64.0,11.0,29.0,99.0,29.0,,3.0,3.0,2.0,2.0,3.0,,12.0,5.0,,11.0,11.0,,,,,,,,1.0,1.0,1.0,,,,,,,,,
cpl::Football_Player::dc4a336470654dfdb54ac0b100a3f40d,Sergio Camus,Atlético,Defender,2022,defender,11,668,0,0,4,0,1,0,4,8,5,0,3,0,60,89.0,8,1.08,0,0,0,0,0,0,0,0,0,0,0,0,0,0,0,0,0,0,0,0,0,0,0,0,0,70.0,5.0,35.0,7.0,33.0,6.0,10.0,20.0,19.0,,283.0,95.0,23.0,213.0,3.0,6.0,,,31.0,11.0,1.0,,51.0,,7.0,22.0,,10.0,306.0,,,14.0,263.0,,11.0,,318.0,35.0,,,412.0,,273.0,46.0,148.0,668.0,1.0,26.0,1.0,9.0,10.0,13.0,,7.0,3.0,9.0,0.0,4.0,4.0,8.0,,,,8.0,,4.0,,4.0,,,3.0,3.0,,,3.0,,4.0,3.0,6.0,,,5.0,3.0,,3.0,24.0,3.0,,,,1.0,,,,,1.0,,6.0,,,,,,,1.0,,,,,,,,,,,,,
cpl::Football_Player::c6f67d242759463b83daae21b4e090fd,Diego Espejo,Atlético,Defender,2022,defender,27,2349,0,0,5,0,0,0,18,30,27,0,8,0,63,89.0,26,1.0,0,0,0,0,0,0,0,0,0,0,0,0,0,0,0,0,0,0,0,0,0,0,0,0,0,319.0,27.0,162.0,27.0,162.0,41.0,38.0,113.0,100.0,,1252.0,377.0,97.0,933.0,8.0,23.0,5.0,,113.0,27.0,10.0,,559.0,,49.0,81.0,,10.0,1376.0,,,62.0,1139.0,,27.0,,1414.0,128.0,,,1690.0,,1218.0,177.0,446.0,2349.0,2.0,92.0,6.0,26.0,65.0,59.0,,20.0,11.0,70.0,0.0,24.0,,30.0,1.0,,,31.0,,18.0,2.0,13.0,1.0,5.0,10.0,6.0,,,9.0,,5.0,5.0,19.0,,,2.0,,,,32.0,,,4.0,,,1.0,,,5.0,3.0,,16.0,,1.0,,,,,1.0,1.0,,,,,,,,,,,,
cpl::Football_Player::9e824d03d70a46fe9d571a6ea8b26a28,N. Mekidèche,Wanderers,Defender,2022,defender,10,724,0,1,1,0,0,1,10,9,11,0,3,1,74,76.0,6,0.75,0,0,0,0,0,0,0,0,0,0,0,0,0,0,0,0,0,0,0,0,0,0,0,0,0,99.0,11.0,93.0,8.0,77.0,26.0,15.0,40.0,53.0,,291.0,194.0,42.0,192.0,3.0,19.0,1.0,,62.0,10.0,5.0,,66.0,,33.0,29.0,,10.0,375.0,,,24.0,251.0,,10.0,,384.0,39.0,,,500.0,,283.0,105.0,107.0,724.0,,49.0,1.0,16.0,35.0,27.0,,5.0,4.0,44.0,0.0,9.0,2.0,9.0,,,,14.0,,10.0,,4.0,2.0,3.0,3.0,1.0,,,6.0,,1.0,1.0,4.0,,,5.0,2.0,,2.0,17.0,2.0,,1.0,1.0,,1.0,1.0,,4.0,,,4.0,,,,1.0,1.0,,,,,,,,,,,,,,,
cpl::Football_Player::1b51a11201234c7ea6415ff935930a82,A. Baquero,Valour,Defender,2022,defender,25,2130,1,0,13,0,5,0,30,26,11,3,6,0,23,82.0,26,1.1,3,0,0,0,0,0,0,0,0,0,0,0,0,0,0,0,0,0,0,0,0,0,0,0,0,419.0,11.0,199.0,25.0,185.0,6.0,86.0,78.0,79.0,,900.0,429.0,159.0,485.0,6.0,38.0,4.0,,188.0,25.0,7.0,,444.0,,55.0,160.0,,10.0,1083.0,,,106.0,822.0,,25.0,,1099.0,42.0,,,1704.0,,884.0,351.0,51.0,2130.0,11.0,71.0,5.0,26.0,26.0,73.0,,21.0,6.0,128.0,0.0,20.0,,26.0,9.0,,,50.0,,30.0,1.0,20.0,12.0,8.0,64.0,22.0,0.0,1.0,17.0,,13.0,8.0,23.0,1.0,3.0,227.0,35.0,4.0,43.0,175.0,44.0,,18.0,,5.0,2.0,,,29.0,3.0,,2.0,4.0,1.0,,,,3.0,,,,,1.0,,1.0,1.0,,,,,,
cpl::Football_Player::d175158deac54277b8a38375fe1383a9,J. Esparza,Valour,Defender,2022,defender,1,1,0,0,0,0,0,0,0,0,0,0,0,0,0,,1,90.0,0,0,0,0,0,0,0,0,0,0,0,0,0,0,0,0,0,0,0,0,0,0,0,0,0,,,,,,,,,,,,,,,,,,,,1.0,,,,,,,,10.0,,,,,,,1.0,,,,,,,,,,,1.0,,,,,,,,1.0,,,0.0,,1.0,,,,,,,,,,,,,,,,,,,,,,,,,,,,,,,,,,,,,,,,,,,,,,,,,,,,,,,,,,,
cpl::Football_Player::56d0b0c6af014268ba1e3a54193096e4,B. Vliet,Cavalry,Defender,2022,defender,21,1293,0,1,6,0,3,1,8,14,7,0,2,0,33,77.0,14,0.97,2,0,0,0,0,0,0,0,0,0,0,0,0,0,0,0,0,0,0,0,0,0,0,0,0,193.0,7.0,136.0,16.0,96.0,7.0,41.0,96.0,41.0,,446.0,192.0,75.0,265.0,2.0,16.0,1.0,,121.0,21.0,2.0,,14.0,,40.0,65.0,,10.0,565.0,,,55.0,350.0,,21.0,,582.0,15.0,,,897.0,,433.0,232.0,277.0,1293.0,9.0,81.0,2.0,27.0,21.0,34.0,,12.0,5.0,55.0,0.0,14.0,5.0,14.0,11.0,,,15.0,,8.0,,7.0,12.0,6.0,18.0,9.0,,,12.0,,6.0,3.0,8.0,1.0,2.0,98.0,36.0,12.0,22.0,99.0,25.0,,8.0,1.0,3.0,,1.0,,15.0,2.0,,1.0,12.0,1.0,,,,,,,,,,,,,,,,,,
cpl::Football_Player::528b48f0adc7452ea0b4d13358823c87,N. Mavila,Cavalry,Defender,2022,defender,21,1300,0,1,3,0,0,1,20,27,12,1,5,0,51,72.0,16,1.11,0,0,0,0,0,0,0,0,0,0,0,0,0,0,0,0,0,0,0,0,0,0,0,0,0,212.0,12.0,193.0,13.0,160.0,21.0,64.0,36.0,76.0,,476.0,322.0,119.0,269.0,5.0,29.0,2.0,,172.0,21.0,2.0,,17.0,,51.0,80.0,,10.0,650.0,,,84.0,440.0,,21.0,,669.0,33.0,,,1074.0,,459.0,309.0,226.0,1300.0,6.0,89.0,5.0,46.0,41.0,55.0,,11.0,4.0,104.0,0.0,20.0,8.0,27.0,6.0,,,32.0,,20.0,,12.0,11.0,6.0,23.0,9.0,0.0,0.0,17.0,,3.0,3.0,5.0,,,119.0,37.0,5.0,30.0,104.0,30.0,,11.0,1.0,,2.0,1.0,,24.0,1.0,,2.0,5.0,1.0,,,,1.0,,,,,,,,,,,,,,
cpl::Football_Player::b43d9617e62047d7aa28b50e96d6379b,D. Beckie,Atlético,Defender,2022,defender,26,1610,0,0,13,0,3,0,10,10,13,1,4,2,55,85.0,13,0.73,0,0,0,0,0,0,0,0,0,0,0,0,0,0,0,0,0,0,0,0,0,0,0,0,0,161.0,13.0,107.0,18.0,89.0,22.0,17.0,47.0,54.0,,587.0,252.0,49.0,426.0,4.0,24.0,2.0,,70.0,26.0,7.0,,151.0,,37.0,60.0,,10.0,665.0,,,35.0,540.0,,26.0,1.0,694.0,79.0,,,942.0,,565.0,133.0,257.0,1610.0,3.0,54.0,2.0,14.0,40.0,32.0,,11.0,4.0,53.0,0.0,18.0,8.0,10.0,2.0,,,18.0,,10.0,,8.0,1.0,6.0,18.0,12.0,,,8.0,,13.0,10.0,25.0,,,19.0,10.0,,,34.0,,,1.0,,3.0,,,,2.0,3.0,,14.0,,1.0,1.0,2.0,1.0,1.0,,,,,,,,,,,,,,
cpl::Football_Player::8d7834c08c834b28a4daef064d1e6041,D. Krutzen,Forge,Defender,2022,defender,4,341,0,0,3,0,0,0,3,2,0,0,0,0,66,86.0,3,0.79,0,0,0,0,0,0,0,0,0,0,0,0,0,0,0,0,0,0,0,0,0,0,0,0,0,73.0,,36.0,4.0,9.0,2.0,1.0,25.0,7.0,,214.0,97.0,6.0,142.0,,3.0,,,30.0,4.0,1.0,,25.0,,8.0,25.0,,10.0,239.0,,,2.0,189.0,,4.0,,250.0,14.0,,,288.0,,204.0,42.0,119.0,341.0,1.0,24.0,,7.0,3.0,5.0,,3.0,2.0,12.0,0.0,1.0,,2.0,2.0,,,5.0,,3.0,,2.0,,2.0,3.0,2.0,0.0,0.0,1.0,,3.0,3.0,6.0,,,,,1.0,2.0,9.0,2.0,,,,,2.0,,,,1.0,,,1.0,,,,,,,,,,,,,,,,,,,
cpl::Football_Player::fc30920bb1964b1abda3a2fa7dbe8fd6,T. Mohammed,York,Defender,2022,defender,22,797,0,0,7,0,1,0,18,14,17,1,5,0,37,72.0,15,1.69,6,0,0,0,0,0,0,0,0,0,0,0,0,0,0,0,0,0,0,0,0,0,0,0,0,109.0,17.0,77.0,7.0,127.0,6.0,49.0,12.0,68.0,,196.0,122.0,111.0,94.0,5.0,19.0,2.0,,75.0,22.0,,,10.0,,27.0,65.0,,10.0,260.0,,,59.0,184.0,,22.0,,273.0,18.0,,,586.0,,184.0,165.0,84.0,797.0,2.0,31.0,1.0,10.0,16.0,62.0,,14.0,5.0,46.0,0.0,10.0,15.0,14.0,4.0,,,37.0,,18.0,,19.0,8.0,8.0,18.0,14.0,,,11.0,,7.0,6.0,15.0,3.0,6.0,83.0,12.0,7.0,18.0,57.0,25.0,3.0,13.0,,1.0,,,,28.0,1.0,,1.0,4.0,,,,,1.0,,,,,,,,,,,,,,
cpl::Football_Player::3aaf25a2f090423584d5e9d492e5ca42,J. Grant,Atlético,Defender,2022,defender,7,79,0,0,0,0,0,0,0,2,4,0,2,0,40,65.0,1,1.14,0,0,0,0,0,0,0,0,0,0,0,0,0,0,0,0,0,0,0,0,0,0,0,0,0,18.0,4.0,14.0,,22.0,2.0,11.0,1.0,8.0,,26.0,11.0,17.0,8.0,2.0,,,,14.0,7.0,,,20.0,,3.0,4.0,,10.0,40.0,,,14.0,25.0,,7.0,,40.0,,,,82.0,,26.0,33.0,3.0,79.0,2.0,3.0,,1.0,5.0,6.0,,1.0,,11.0,0.0,3.0,7.0,2.0,,,,,,,,,2.0,,2.0,,0.0,0.0,1.0,,,,4.0,,,14.0,3.0,,3.0,6.0,3.0,,5.0,,,,,,9.0,,1.0,,,,,,,,,,,,,,,,,,,,,
cpl::Football_Player::ebfeb9e972964148846658f57142a247,R. Thompson,York,Defender,2022,defender,14,1023,0,0,2,0,1,0,7,7,3,0,3,0,62,86.0,16,1.41,0,0,0,0,0,0,0,0,0,0,0,0,0,0,0,0,0,0,0,0,0,0,0,0,0,147.0,3.0,94.0,12.0,59.0,20.0,11.0,64.0,36.0,,540.0,237.0,27.0,393.0,3.0,19.0,5.0,,64.0,14.0,2.0,,159.0,,30.0,52.0,,10.0,610.0,,,23.0,476.0,,14.0,,634.0,37.0,,,733.0,,521.0,96.0,229.0,1023.0,,53.0,,12.0,32.0,16.0,,16.0,2.0,41.0,0.0,12.0,2.0,7.0,4.0,,,13.0,,7.0,2.0,6.0,,4.0,9.0,5.0,,,4.0,,2.0,1.0,4.0,,,,,,,9.0,,,,,1.0,1.0,,,,1.0,,8.0,,,,,,,,,,,,,,,,,,,,
cpl::Football_Player::1ada73d8bf034890ab66cfbd681d0f7c,C. N'Sa,Wanderers,Defender,2022,defender,27,2423,2,3,13,0,7,3,50,34,51,5,3,1,54,87.0,36,1.34,0,0,0,0,0,0,0,0,0,0,0,0,0,0,0,0,0,0,0,0,0,0,0,0,0,404.0,51.0,131.0,27.0,305.0,19.0,105.0,41.0,184.0,,872.0,319.0,270.0,483.0,3.0,41.0,6.0,,153.0,27.0,7.0,,420.0,,40.0,160.0,,10.0,974.0,,,121.0,831.0,,27.0,,1003.0,44.0,,,1806.0,,844.0,339.0,33.0,2423.0,11.0,38.0,3.0,8.0,35.0,165.0,,33.0,6.0,93.0,2.0,16.0,,34.0,,,,78.0,,50.0,2.0,28.0,37.0,13.0,35.0,18.0,1.0,1.0,17.0,,13.0,6.0,32.0,,,224.0,48.0,15.0,62.0,231.0,62.0,,27.0,3.0,7.0,2.0,2.0,,49.0,2.0,,10.0,15.0,1.0,,1.0,1.0,5.0,1.0,,,,2.0,,2.0,2.0,,,,,,
cpl::Football_Player::ee24589ef29144dba09760b596901674,F. N'sa,York,Defender,2022,defender,1,1,0,0,0,0,0,0,0,0,0,0,0,0,0,,0,0.0,0,0,0,0,0,0,0,0,0,0,0,0,0,0,0,0,0,0,0,0,0,0,0,0,0,,,,,,,,,,,,,,,,,,,,1.0,,,,,,,,10.0,,,,,,,1.0,,,,,,,,,,,1.0,,,,,,,,,,,0.0,,1.0,,,,,,,,,,,,,,,,,,,,,,,,,,,,,,,,,,,,,,,,,,,,,,,,,,,,,,,,,,,
cpl::Football_Player::c314ef65be194ced895c50a72967def8,D. Klomp,Cavalry,Defender,2022,defender,27,2174,3,2,15,0,4,2,28,31,3,1,7,0,60,85.0,32,1.32,0,0,0,0,0,0,0,0,0,0,0,0,0,0,0,0,0,0,0,0,0,0,0,0,0,471.0,3.0,213.0,24.0,200.0,46.0,61.0,124.0,109.0,,1176.0,576.0,124.0,708.0,7.0,37.0,3.0,,155.0,27.0,5.0,,490.0,,70.0,123.0,,10.0,1349.0,,,91.0,1052.0,,27.0,,1389.0,55.0,,,1807.0,,1140.0,293.0,198.0,2174.0,8.0,89.0,7.0,36.0,76.0,63.0,,25.0,13.0,124.0,0.0,30.0,3.0,31.0,3.0,,,53.0,,28.0,1.0,25.0,7.0,12.0,30.0,14.0,1.0,2.0,15.0,,15.0,11.0,40.0,,,96.0,27.0,3.0,12.0,125.0,12.0,,4.0,2.0,4.0,1.0,1.0,,24.0,2.0,,15.0,3.0,1.0,,,,1.0,,,3.0,,3.0,2.0,,,1.0,,,,,
cpl::Football_Player::d29736b5baf24409acfa96d3a52436e1,A. Jean-Baptiste,Valour,Defender,2022,defender,18,1448,1,1,12,0,2,1,15,9,8,0,2,0,70,84.0,19,1.18,0,0,0,0,0,0,0,0,0,0,0,0,0,0,0,0,0,0,0,0,0,0,0,0,0,192.0,8.0,130.0,17.0,80.0,24.0,13.0,84.0,57.0,,663.0,274.0,46.0,471.0,2.0,25.0,4.0,,100.0,18.0,5.0,,211.0,,30.0,80.0,,10.0,773.0,,,23.0,579.0,,18.0,,793.0,70.0,,,982.0,,646.0,140.0,274.0,1448.0,2.0,87.0,5.0,26.0,34.0,33.0,,14.0,7.0,43.0,0.0,10.0,1.0,9.0,3.0,,,23.0,,15.0,1.0,8.0,2.0,3.0,11.0,5.0,1.0,0.0,4.0,,12.0,10.0,19.0,,,2.0,,,,34.0,,,,1.0,2.0,1.0,1.0,,1.0,2.0,,12.0,,1.0,,,,,1.0,,1.0,1.0,1.0,,,,,,,,,
cpl::Football_Player::a22a6c20e107412398d843c4ab034577,R. Romeo,Valour,Defender,2022,defender,23,1926,2,0,11,0,4,0,21,19,7,1,6,0,70,84.0,29,1.36,0,0,0,0,0,0,0,0,0,0,0,0,0,0,0,0,0,0,0,0,0,0,0,0,0,276.0,7.0,194.0,21.0,135.0,40.0,35.0,135.0,83.0,,990.0,447.0,78.0,714.0,6.0,24.0,3.0,,135.0,23.0,5.0,,331.0,,59.0,129.0,,10.0,1142.0,,,52.0,855.0,,23.0,,1184.0,76.0,,,1401.0,,956.0,207.0,358.0,1926.0,1.0,100.0,6.0,26.0,57.0,43.0,5.0,23.0,7.0,94.0,1.0,17.0,2.0,19.0,,,,33.0,1.0,21.0,1.0,12.0,3.0,6.0,7.0,3.0,1.0,1.0,8.0,,11.0,7.0,21.0,,,4.0,1.0,,,48.0,,,2.0,,4.0,,,,3.0,2.0,,11.0,,,,,,1.0,,,2.0,1.0,2.0,1.0,,,,,,,,
cpl::Football_Player::0befb14e30044eb69e2a867b374b63bb,A. Morgan,Toronto,Defender,2022,defender,23,1571,1,1,3,0,1,1,12,21,15,2,3,0,50,77.0,15,0.86,1,0,0,0,0,0,0,0,0,0,0,0,0,0,0,0,0,0,0,0,0,0,0,0,0,291.0,15.0,152.0,20.0,143.0,17.0,66.0,27.0,60.0,,494.0,233.0,109.0,212.0,3.0,12.0,,,147.0,23.0,4.0,,33.0,,44.0,65.0,,10.0,634.0,,,83.0,467.0,,23.0,,646.0,40.0,,,1055.0,,484.0,273.0,247.0,1571.0,13.0,45.0,1.0,19.0,34.0,43.0,,14.0,5.0,107.0,1.0,17.0,3.0,21.0,13.0,,,19.0,,12.0,,7.0,9.0,6.0,36.0,6.0,1.0,0.0,14.0,,3.0,2.0,18.0,1.0,1.0,129.0,12.0,9.0,38.0,133.0,39.0,,29.0,1.0,1.0,,,,41.0,2.0,,1.0,9.0,,,,,2.0,,,1.0,,1.0,,,1.0,,,,,,
cpl::Football_Player::fd9ddb9946a84feeb1b5e9a8dd531160,A. Samaké,Valour,Defender,2022,defender,20,1388,0,0,0,0,0,0,23,20,14,0,5,0,66,87.0,25,1.62,0,0,0,0,0,0,0,0,0,0,0,0,0,0,0,0,0,0,0,0,0,0,0,0,0,282.0,14.0,132.0,15.0,132.0,30.0,33.0,51.0,84.0,,811.0,388.0,87.0,530.0,5.0,18.0,1.0,,81.0,20.0,2.0,,301.0,,51.0,73.0,,10.0,924.0,,,48.0,760.0,,20.0,,943.0,44.0,,,1160.0,,793.0,154.0,182.0,1388.0,1.0,53.0,6.0,21.0,45.0,54.0,,19.0,6.0,79.0,0.0,15.0,5.0,20.0,3.0,,,39.0,,23.0,1.0,16.0,2.0,3.0,26.0,10.0,0.0,0.0,12.0,,,,1.0,,,34.0,7.0,1.0,,72.0,,,1.0,,,,,,4.0,,,6.0,1.0,1.0,,,,,,,,,,,,,,,,,,
cpl::Football_Player::44afcd7647a14ba2bf6a8e37869641fe,Anthony Mikhael,Valour,Defender,2022,defender,5,173,0,0,0,0,0,0,1,2,1,0,0,1,66,82.0,4,2.08,0,0,0,0,0,0,0,0,0,0,0,0,0,0,0,0,0,0,0,0,0,0,0,0,0,33.0,1.0,18.0,2.0,14.0,6.0,3.0,8.0,8.0,,77.0,41.0,5.0,44.0,,1.0,1.0,,13.0,5.0,,,20.0,,6.0,7.0,,10.0,95.0,,,6.0,69.0,,5.0,,95.0,5.0,,,116.0,,77.0,22.0,27.0,173.0,,5.0,2.0,2.0,9.0,2.0,,2.0,1.0,13.0,0.0,3.0,3.0,2.0,1.0,,,1.0,,1.0,,,1.0,1.0,,,,,1.0,,,,2.0,,,5.0,1.0,,1.0,7.0,1.0,,,,,,,,,1.0,,,,,1.0,1.0,,,,,,,,,,,,,,,,
cpl::Football_Player::a533d625248540afaff1a64c880c5de4,Iván Pérez,Atlético,Defender,2022,defender,9,187,1,0,4,0,3,0,6,6,8,0,1,0,33,83.0,3,1.44,2,0,0,0,0,0,0,0,0,0,0,0,0,0,0,0,0,0,0,0,0,0,0,0,0,37.0,8.0,12.0,1.0,49.0,1.0,21.0,,26.0,,58.0,24.0,46.0,23.0,1.0,1.0,1.0,,16.0,9.0,,,5.0,,3.0,16.0,,10.0,67.0,,,23.0,58.0,,9.0,,70.0,6.0,,,161.0,,55.0,39.0,24.0,187.0,3.0,3.0,,1.0,3.0,25.0,,3.0,,9.0,1.0,2.0,8.0,6.0,1.0,,,10.0,,6.0,,4.0,7.0,2.0,4.0,,1.0,0.0,3.0,,4.0,1.0,4.0,,2.0,22.0,5.0,2.0,7.0,17.0,7.0,,10.0,,3.0,,,,10.0,,,,2.0,,,,,,,,1.0,,1.0,,,1.0,,,,,,
cpl::Football_Player::242992e119ea4cf3b76878a2029dddac,P. Gee,Vancouver FC,Defender,2022,defender,8,447,0,2,3,0,1,2,7,2,2,0,0,0,50,85.0,9,1.81,0,0,0,0,0,0,0,0,0,0,0,0,0,0,0,0,0,0,0,0,0,0,0,0,0,116.0,2.0,35.0,5.0,37.0,4.0,10.0,7.0,23.0,,184.0,96.0,29.0,73.0,,3.0,2.0,,31.0,8.0,,,13.0,,13.0,27.0,,10.0,215.0,,,14.0,177.0,,8.0,,219.0,7.0,,,338.0,,180.0,61.0,76.0,447.0,5.0,10.0,2.0,4.0,8.0,19.0,,7.0,2.0,25.0,0.0,4.0,3.0,2.0,2.0,,,13.0,,7.0,,6.0,4.0,6.0,5.0,3.0,,,2.0,,3.0,2.0,4.0,,,41.0,5.0,5.0,9.0,34.0,9.0,,3.0,2.0,1.0,,2.0,,6.0,1.0,,1.0,5.0,,,,,,,,,,,,,,,,,,,
cpl::Football_Player::3b272b35b0294b428a237259d657f8f3,M. Niba,Atlético,Defender,2022,defender,16,910,0,0,5,0,2,0,14,12,6,0,1,0,60,87.0,10,0.99,0,0,0,0,0,0,0,0,0,0,0,0,0,0,0,0,0,0,0,0,0,0,0,0,0,109.0,6.0,63.0,9.0,83.0,14.0,27.0,39.0,47.0,,391.0,176.0,60.0,283.0,1.0,16.0,3.0,,37.0,16.0,2.0,,49.0,,29.0,77.0,,10.0,439.0,,,36.0,352.0,,16.0,,454.0,52.0,,,618.0,,378.0,80.0,204.0,910.0,1.0,34.0,4.0,13.0,23.0,33.0,,6.0,5.0,29.0,0.0,9.0,7.0,12.0,1.0,,,24.0,,14.0,2.0,10.0,3.0,1.0,14.0,9.0,,,7.0,,5.0,3.0,4.0,,,7.0,2.0,1.0,3.0,25.0,3.0,,,,2.0,,,,6.0,1.0,,8.0,1.0,1.0,,,,,,,,,,,,,,,,,,
cpl::Football_Player::20d3548360484da9961196997ffa91d6,T. Mourdoukoutas,Valour,Defender,2022,defender,15,1350,0,0,4,0,0,0,9,13,0,0,2,0,66,85.0,24,1.6,0,0,0,0,0,0,0,0,0,0,0,0,0,0,0,0,0,0,0,0,0,0,0,0,0,228.0,,134.0,15.0,70.0,18.0,23.0,74.0,38.0,,719.0,321.0,43.0,493.0,2.0,26.0,5.0,,83.0,15.0,2.0,,187.0,,51.0,84.0,,10.0,832.0,,,32.0,645.0,,15.0,,853.0,58.0,,,1029.0,,703.0,151.0,300.0,1350.0,,69.0,2.0,27.0,27.0,20.0,,22.0,7.0,65.0,0.0,9.0,,13.0,,,,18.0,,9.0,,9.0,2.0,3.0,15.0,4.0,,,5.0,1.0,4.0,4.0,9.0,,,13.0,7.0,2.0,,45.0,,,2.0,,,,,,4.0,,,10.0,2.0,,,,,,,,,,,,,,,1.0,,,,
cpl::Football_Player::e879ca3a6c7e4bb9ba29edd41f2b202e,Z. Roy,Atlético,Defender,2022,defender,14,422,0,0,1,0,1,0,8,6,4,0,0,0,0,79.0,6,1.28,0,0,0,0,0,0,0,0,0,0,0,0,0,0,0,0,0,0,0,0,0,0,0,0,0,50.0,4.0,25.0,5.0,46.0,,22.0,,20.0,,94.0,23.0,42.0,46.0,,7.0,1.0,,18.0,14.0,,,43.0,,12.0,20.0,,10.0,118.0,,,26.0,94.0,,14.0,,119.0,3.0,,,212.0,,93.0,58.0,9.0,422.0,4.0,4.0,1.0,2.0,4.0,20.0,,5.0,,21.0,0.0,4.0,9.0,6.0,5.0,,,13.0,,8.0,,5.0,3.0,1.0,8.0,5.0,,,3.0,,1.0,,14.0,,,12.0,3.0,2.0,5.0,44.0,5.0,,11.0,,1.0,,,,15.0,1.0,,1.0,2.0,2.0,,,,,,,,,,,,,,,,,,
cpl::Football_Player::7b0f6d51a0774b0691b240a3a96bc0ee,M. de Brienne,Atlético,Defender,2022,defender,22,888,3,0,14,0,9,0,8,14,11,4,4,0,33,73.0,9,0.91,1,0,0,0,0,0,0,0,0,0,0,0,0,0,0,0,0,0,0,0,0,0,0,0,0,106.0,11.0,63.0,10.0,120.0,13.0,41.0,15.0,53.0,,170.0,53.0,81.0,65.0,4.0,7.0,1.0,,57.0,22.0,,,49.0,,17.0,35.0,,10.0,230.0,,,67.0,155.0,,22.0,,233.0,4.0,,,398.0,,167.0,125.0,62.0,888.0,6.0,8.0,3.0,5.0,39.0,40.0,,6.0,1.0,55.0,1.0,26.0,12.0,14.0,10.0,,,18.0,,8.0,,10.0,11.0,10.0,20.0,13.0,3.0,0.0,9.0,,14.0,5.0,31.0,,1.0,2.0,1.0,1.0,11.0,69.0,11.0,1.0,11.0,,9.0,1.0,,,18.0,4.0,4.0,2.0,,,,,,4.0,,,3.0,1.0,3.0,1.0,,1.0,,,,,,
cpl::Football_Player::9743204ff22741e9958a22019e709346,S. Cebara,Valour,Defender,2022,defender,22,1676,2,0,5,0,3,0,16,10,12,0,4,0,64,89.0,22,1.18,1,0,0,1,1,0,0,0,0,0,0,0,0,0,0,0,0,0,0,0,0,0,0,0,0,209.0,12.0,97.0,19.0,109.0,20.0,29.0,41.0,69.0,,749.0,302.0,78.0,541.0,4.0,41.0,1.0,,46.0,22.0,6.0,,324.0,,55.0,122.0,,10.0,807.0,,,40.0,708.0,,22.0,,846.0,50.0,,,1121.0,,715.0,152.0,158.0,1676.0,2.0,34.0,5.0,17.0,31.0,49.0,12.0,17.0,6.0,63.0,0.0,11.0,3.0,10.0,4.0,,,26.0,1.0,16.0,,10.0,11.0,,16.0,5.0,0.0,2.0,6.0,1.0,5.0,2.0,7.0,,1.0,45.0,22.0,1.0,4.0,62.0,4.0,,3.0,,3.0,,,,13.0,,,5.0,1.0,,,,,,,,2.0,1.0,2.0,1.0,,,,,1.0,1.0,,
cpl::Football_Player::46e85b6f18f042fe837554290482828b,A. Đidić,Atlético,Defender,2022,defender,28,2242,2,1,17,0,6,1,18,27,1,0,6,0,73,89.0,28,1.12,0,0,0,0,0,0,0,0,0,0,0,0,0,0,0,0,0,0,0,0,0,0,0,0,0,339.0,1.0,179.0,25.0,158.0,73.0,32.0,111.0,100.0,,1369.0,588.0,59.0,1030.0,6.0,40.0,4.0,,115.0,28.0,9.0,,648.0,,64.0,118.0,,10.0,1521.0,,,58.0,1258.0,,28.0,,1548.0,125.0,,,1825.0,,1343.0,194.0,248.0,2242.0,1.0,78.0,5.0,30.0,99.0,27.0,1.0,23.0,11.0,101.0,1.0,26.0,3.0,27.0,1.0,,,25.0,,18.0,,7.0,1.0,4.0,8.0,4.0,2.0,0.0,8.0,,17.0,11.0,28.0,,,,,,,64.0,,,2.0,1.0,6.0,,1.0,4.0,2.0,3.0,,17.0,,,,,,,2.0,,1.0,1.0,2.0,1.0,1.0,,,,,,1.0,
cpl::Football_Player::88981199ee1c47cbb911a6b22266e324,M. Tissot,Atlético,Defender,2022,defender,30,2439,3,2,20,0,10,2,17,21,25,4,5,0,51,74.0,26,0.96,1,0,0,0,0,0,0,0,0,0,0,0,0,0,0,0,0,0,0,0,0,0,0,0,0,335.0,25.0,232.0,30.0,186.0,23.0,76.0,48.0,88.0,,648.0,352.0,141.0,331.0,5.0,37.0,6.0,,208.0,30.0,6.0,,41.0,,80.0,112.0,,10.0,841.0,,,98.0,600.0,,30.0,,880.0,45.0,,,1516.0,,612.0,445.0,300.0,2439.0,14.0,77.0,5.0,38.0,45.0,65.0,,21.0,7.0,155.0,0.0,22.0,,21.0,18.0,,,29.0,,17.0,,12.0,11.0,13.0,49.0,20.0,2.0,1.0,15.0,,20.0,10.0,42.0,,1.0,159.0,64.0,18.0,50.0,187.0,56.0,1.0,20.0,2.0,10.0,1.0,1.0,5.0,43.0,3.0,,9.0,13.0,1.0,,,,4.0,,1.0,2.0,1.0,3.0,,1.0,2.0,,,,,1.0,
cpl::Football_Player::b78b9cf10b374d23824749c6e410990c,E. Adekugbe,York,Midfielder,2022,midfielder,22,967,1,0,4,0,1,0,8,20,21,0,3,0,57,89.0,11,1.02,0,0,0,0,0,0,0,0,0,0,0,0,0,0,0,0,0,0,0,0,0,0,0,0,0,207.0,21.0,67.0,10.0,75.0,4.0,28.0,42.0,44.0,,542.0,151.0,68.0,336.0,3.0,7.0,1.0,,54.0,22.0,2.0,,167.0,,17.0,64.0,,10.0,580.0,,,31.0,500.0,,22.0,,609.0,9.0,,,726.0,,513.0,96.0,171.0,967.0,,21.0,1.0,1.0,7.0,40.0,,10.0,1.0,46.0,1.0,3.0,12.0,20.0,6.0,,,13.0,,8.0,,5.0,6.0,6.0,7.0,2.0,1.0,0.0,6.0,,4.0,3.0,7.0,,,3.0,1.0,1.0,4.0,120.0,4.0,,3.0,,1.0,,,,4.0,1.0,6.0,3.0,1.0,2.0,,,,,,,1.0,1.0,1.0,,,,,,,,,
cpl::Football_Player::3aa93b6a47f24dd59a4d50f71ae926d5,M. Cantave,Vancouver FC,Midfielder,2022,midfielder,13,532,1,2,13,0,7,2,2,12,15,2,3,1,36,83.0,8,1.35,7,0,0,0,0,0,0,0,0,0,0,0,0,0,0,0,0,0,0,0,0,0,0,0,0,75.0,15.0,21.0,5.0,84.0,4.0,40.0,2.0,37.0,,101.0,26.0,73.0,29.0,3.0,3.0,,,31.0,13.0,,,33.0,,2.0,18.0,,10.0,118.0,,,47.0,99.0,,13.0,,122.0,3.0,,,253.0,,97.0,76.0,29.0,532.0,6.0,1.0,1.0,,11.0,33.0,,7.0,,20.0,1.0,7.0,8.0,12.0,5.0,,,8.0,,2.0,,6.0,10.0,7.0,8.0,4.0,1.0,0.0,5.0,,13.0,6.0,18.0,4.0,7.0,5.0,1.0,3.0,8.0,34.0,12.0,1.0,15.0,2.0,7.0,1.0,1.0,,23.0,2.0,3.0,,2.0,,,1.0,1.0,2.0,,,1.0,,1.0,,,1.0,,1.0,,,,
cpl::Football_Player::9a6571b3737143b79989244b08fbd50d,S. Camargo,Cavalry,Midfielder,2022,midfielder,15,789,2,0,12,0,6,0,1,7,10,3,3,0,20,76.0,11,1.25,20,0,0,0,0,0,0,0,0,0,0,0,0,0,0,0,0,0,0,0,0,0,0,0,0,156.0,10.0,63.0,9.0,73.0,2.0,40.0,9.0,25.0,,195.0,75.0,63.0,48.0,3.0,2.0,1.0,,72.0,15.0,,,59.0,,12.0,34.0,,10.0,242.0,,,48.0,186.0,,15.0,,258.0,2.0,,,400.0,,179.0,132.0,54.0,789.0,8.0,10.0,2.0,,10.0,23.0,,9.0,,53.0,0.0,8.0,6.0,7.0,7.0,,,2.0,,1.0,,1.0,11.0,12.0,13.0,4.0,1.0,1.0,3.0,,12.0,6.0,37.0,11.0,20.0,3.0,,9.0,10.0,70.0,21.0,4.0,15.0,,6.0,,,1.0,29.0,,8.0,,3.0,,,,,3.0,,1.0,1.0,2.0,2.0,,1.0,,,,,,,1.0
cpl::Football_Player::423863e33e8f4745b70e6092f11a184d,B. Fisk,Vancouver FC,Midfielder,2022,midfielder,27,1215,1,1,13,0,8,1,9,13,9,0,1,0,30,79.0,14,1.04,24,0,1,0,0,0,0,0,0,0,0,0,0,0,0,0,0,0,0,0,0,0,0,0,0,280.0,9.0,107.0,14.0,93.0,3.0,49.0,34.0,37.0,,389.0,176.0,83.0,126.0,1.0,1.0,1.0,,139.0,27.0,1.0,,102.0,,19.0,72.0,,10.0,485.0,,,56.0,355.0,,27.0,,496.0,4.0,,,718.0,,379.0,208.0,84.0,1215.0,9.0,35.0,4.0,9.0,10.0,34.0,,10.0,2.0,72.0,1.0,7.0,13.0,13.0,11.0,,,18.0,,9.0,,9.0,7.0,23.0,30.0,9.0,1.0,0.0,5.0,,13.0,5.0,19.0,12.0,24.0,13.0,5.0,17.0,36.0,134.0,51.0,7.0,8.0,1.0,8.0,2.0,1.0,1.0,21.0,8.0,4.0,,7.0,,,,,,,,1.0,,1.0,,,1.0,,,,,,1.0
cpl::Football_Player::6f78048ef6fe4d51aa66aa87e5fbf0c5,A. Daniels,Pacific,Midfielder,2022,midfielder,21,1298,1,0,21,0,11,0,16,10,12,2,1,0,70,83.0,24,1.66,11,0,1,0,0,0,0,0,0,0,0,0,0,0,0,0,0,0,0,0,0,0,0,0,0,253.0,12.0,92.0,16.0,144.0,7.0,73.0,16.0,68.0,,424.0,139.0,134.0,185.0,1.0,13.0,1.0,,89.0,21.0,1.0,,110.0,,22.0,65.0,,10.0,494.0,,,76.0,408.0,,21.0,,516.0,4.0,,,799.0,,405.0,197.0,127.0,1298.0,11.0,19.0,4.0,2.0,10.0,61.0,,20.0,,73.0,0.0,3.0,5.0,10.0,11.0,,,31.0,,16.0,,15.0,18.0,17.0,18.0,11.0,0.0,1.0,6.0,,21.0,10.0,25.0,5.0,11.0,8.0,,14.0,9.0,140.0,19.0,4.0,21.0,,11.0,1.0,,2.0,53.0,8.0,8.0,3.0,7.0,,,,,2.0,,,1.0,,1.0,,,1.0,,,,,,
cpl::Football_Player::316e45756fc44527ada7b1ea025918b0,J. Di Chiara,York,Midfielder,2022,midfielder,18,870,0,0,6,0,1,0,8,19,26,3,4,1,35,78.0,13,1.34,1,0,0,0,0,0,0,0,0,0,0,0,0,0,0,0,0,0,0,0,0,0,0,0,0,123.0,26.0,56.0,9.0,128.0,13.0,44.0,7.0,60.0,,196.0,71.0,91.0,75.0,4.0,7.0,2.0,,54.0,18.0,1.0,,46.0,,9.0,32.0,,10.0,247.0,,,68.0,189.0,,18.0,,252.0,6.0,,,415.0,,191.0,115.0,62.0,870.0,6.0,4.0,2.0,1.0,37.0,47.0,,11.0,,52.0,0.0,24.0,9.0,19.0,6.0,,,15.0,,8.0,,7.0,6.0,5.0,15.0,5.0,,,10.0,,6.0,5.0,18.0,1.0,1.0,2.0,,2.0,6.0,73.0,7.0,,12.0,,1.0,,,1.0,25.0,2.0,5.0,1.0,2.0,3.0,1.0,1.0,,3.0,,,,,,,,,,,,,,
cpl::Football_Player::52d99817ceb0499ead24ec2a7544f687,M. Camara,Wanderers,Midfielder,2022,midfielder,26,2001,4,1,16,0,9,1,23,27,25,12,5,0,29,78.0,39,1.75,0,0,0,0,0,0,0,0,0,0,0,0,0,0,0,0,0,0,0,0,0,0,0,0,0,195.0,25.0,105.0,25.0,234.0,23.0,82.0,19.0,97.0,,370.0,109.0,156.0,175.0,5.0,11.0,7.0,,83.0,26.0,3.0,,128.0,,22.0,93.0,,10.0,456.0,,,137.0,351.0,,26.0,,475.0,6.0,,,742.0,,353.0,208.0,107.0,2001.0,8.0,19.0,2.0,6.0,78.0,74.0,,37.0,1.0,86.0,0.0,55.0,1.0,27.0,13.0,,,34.0,,23.0,,11.0,15.0,17.0,23.0,13.0,3.0,1.0,9.0,,16.0,7.0,50.0,,,1.0,,,,131.0,,,18.0,1.0,9.0,,,,43.0,5.0,16.0,4.0,,1.0,,,,12.0,,1.0,4.0,3.0,4.0,,,1.0,,,,,,6.0
cpl::Football_Player::ce3fbd6fe22a4e729054951b2effe079,M. Kacher,Valour,Midfielder,2022,midfielder,23,870,1,0,12,0,3,0,8,11,5,0,0,0,25,80.0,20,2.07,17,0,0,0,0,0,0,0,0,0,0,0,0,0,0,0,0,0,0,0,0,0,0,0,0,122.0,5.0,47.0,9.0,72.0,3.0,41.0,17.0,22.0,,184.0,65.0,60.0,70.0,,3.0,2.0,,55.0,23.0,,,42.0,,17.0,37.0,,10.0,224.0,,,50.0,167.0,,23.0,,231.0,2.0,,,368.0,,177.0,117.0,58.0,870.0,8.0,7.0,1.0,3.0,12.0,19.0,,19.0,1.0,40.0,0.0,9.0,14.0,11.0,7.0,,,10.0,,8.0,,2.0,4.0,10.0,10.0,3.0,1.0,0.0,4.0,,12.0,9.0,17.0,12.0,17.0,1.0,,8.0,10.0,66.0,25.0,5.0,10.0,,3.0,,,3.0,24.0,6.0,2.0,1.0,2.0,,,,,,,,1.0,1.0,1.0,,,,,,,,,
cpl::Football_Player::634d740392524c46b4ed8a46e73d7568,O. Tabi,FC Laval,Midfielder,2022,midfielder,19,1011,0,0,4,0,1,0,17,16,6,3,5,0,42,76.0,16,1.42,0,0,0,0,0,0,0,0,0,0,0,0,0,0,0,0,0,0,0,0,0,0,0,0,0,130.0,6.0,88.0,11.0,121.0,6.0,62.0,11.0,51.0,,273.0,132.0,107.0,145.0,5.0,19.0,2.0,,82.0,19.0,,,20.0,,33.0,73.0,,10.0,355.0,,,70.0,262.0,,19.0,,361.0,11.0,,,682.0,,268.0,186.0,122.0,1011.0,6.0,24.0,3.0,12.0,14.0,45.0,,13.0,1.0,64.0,0.0,8.0,8.0,16.0,7.0,,,28.0,,17.0,2.0,11.0,11.0,6.0,36.0,17.0,,,7.0,,4.0,3.0,14.0,,,89.0,13.0,2.0,27.0,87.0,27.0,,16.0,,1.0,,,,35.0,1.0,1.0,1.0,2.0,1.0,,,,3.0,,,,,,,,,,,,,,
cpl::Football_Player::d3d6fda71a9e4981abbb1d3785bc0dee,C. Trafford,Cavalry,Midfielder,2022,midfielder,24,1550,0,0,12,0,4,0,36,41,43,0,9,0,69,85.0,21,1.22,0,0,0,0,0,0,0,0,0,0,0,0,0,0,0,0,0,0,0,0,0,0,0,0,0,319.0,43.0,128.0,20.0,259.0,46.0,88.0,26.0,151.0,,698.0,260.0,193.0,382.0,9.0,22.0,2.0,,94.0,24.0,2.0,,191.0,,42.0,114.0,,10.0,810.0,,,108.0,672.0,,24.0,,826.0,17.0,,,1104.0,,682.0,176.0,204.0,1550.0,8.0,24.0,6.0,8.0,66.0,105.0,,15.0,4.0,104.0,0.0,20.0,4.0,41.0,15.0,,,59.0,,36.0,,23.0,3.0,8.0,33.0,24.0,,,28.0,,12.0,8.0,26.0,,,5.0,3.0,3.0,8.0,171.0,8.0,,6.0,,4.0,1.0,,,18.0,2.0,7.0,4.0,3.0,1.0,,,,,,1.0,,,,,,,,,,,,1.0
cpl::Football_Player::ea993e84d28d42ad8bdef8cff90110c3,J. Gagnon-Laparé,Wanderers,Midfielder,2022,midfielder,22,1719,0,1,12,0,2,1,36,34,35,0,6,1,51,82.0,21,1.1,34,0,2,0,0,0,0,0,0,0,0,0,0,0,0,0,0,0,0,0,0,0,0,0,0,440.0,35.0,187.0,20.0,226.0,19.0,88.0,87.0,120.0,,847.0,296.0,189.0,429.0,6.0,12.0,2.0,,198.0,22.0,6.0,,220.0,,36.0,123.0,,10.0,1003.0,,,106.0,760.0,,22.0,,1034.0,27.0,,,1409.0,,822.0,314.0,282.0,1719.0,7.0,49.0,4.0,7.0,37.0,101.0,,17.0,4.0,138.0,0.0,18.0,2.0,34.0,3.0,,,59.0,,36.0,,23.0,7.0,42.0,33.0,17.0,,,19.0,,12.0,10.0,25.0,19.0,34.0,14.0,2.0,22.0,12.0,236.0,47.0,13.0,7.0,1.0,2.0,5.0,1.0,3.0,37.0,4.0,6.0,4.0,2.0,2.0,1.0,1.0,,,,,,,,,,,,,,,,
cpl::Football_Player::457ece1900a444059608f022f37a3d7e,M. Simmons,Scottish,Midfielder,2022,midfielder,24,1243,0,1,2,0,1,1,17,16,29,3,2,0,38,73.0,22,1.59,7,0,0,0,0,0,0,0,0,0,0,0,0,0,0,0,0,0,0,0,0,0,0,0,0,121.0,29.0,113.0,16.0,146.0,5.0,65.0,23.0,73.0,,302.0,166.0,133.0,184.0,2.0,15.0,2.0,,98.0,24.0,1.0,,29.0,,35.0,87.0,,10.0,401.0,,,73.0,279.0,,24.0,,415.0,19.0,,,774.0,,290.0,220.0,121.0,1243.0,4.0,49.0,4.0,20.0,13.0,68.0,,18.0,3.0,64.0,0.0,8.0,8.0,16.0,13.0,,,30.0,,17.0,,13.0,9.0,7.0,25.0,10.0,,,10.0,,2.0,1.0,9.0,5.0,7.0,111.0,29.0,3.0,14.0,99.0,20.0,1.0,18.0,1.0,1.0,1.0,1.0,,33.0,,1.0,2.0,2.0,,,,,3.0,,,,,,,,,,,,,,1.0
cpl::Football_Player::025b3abb0a9541f29ad82d9cd2eb8335,J. Escalante,Cavalry,Midfielder,2022,midfielder,28,2238,4,5,29,0,14,5,26,34,38,8,7,0,55,75.0,30,1.21,39,0,2,1,1,0,0,0,0,0,0,0,0,0,0,0,0,0,0,0,0,0,0,0,0,302.0,38.0,172.0,25.0,250.0,21.0,110.0,42.0,123.0,,493.0,166.0,212.0,225.0,7.0,23.0,3.0,,224.0,28.0,6.0,,60.0,,30.0,88.0,,10.0,645.0,,,127.0,451.0,,28.0,,665.0,24.0,,,1282.0,,476.0,394.0,229.0,2238.0,31.0,45.0,6.0,16.0,38.0,102.0,,24.0,6.0,127.0,1.0,17.0,3.0,34.0,8.0,,,46.0,,26.0,1.0,20.0,19.0,33.0,51.0,25.0,2.0,2.0,13.0,1.0,29.0,15.0,74.0,16.0,39.0,89.0,15.0,34.0,56.0,210.0,82.0,16.0,42.0,5.0,14.0,,5.0,10.0,61.0,7.0,10.0,2.0,10.0,5.0,,,,8.0,,,2.0,,4.0,,2.0,4.0,,1.0,1.0,1.0,2.0,1.0
cpl::Football_Player::c6576ae66ba14806983c2572f24851a7,M. Polisi,TSS Rovers,Midfielder,2022,midfielder,15,383,0,0,2,0,1,0,9,11,3,1,0,0,23,87.0,8,1.88,0,0,0,0,0,0,0,0,0,0,0,0,0,0,0,0,0,0,0,0,0,0,0,0,0,86.0,3.0,23.0,3.0,66.0,3.0,35.0,3.0,21.0,,153.0,40.0,53.0,67.0,,,3.0,,18.0,15.0,1.0,,45.0,,5.0,19.0,,10.0,176.0,,,45.0,150.0,,15.0,,176.0,1.0,,,247.0,,153.0,55.0,37.0,383.0,1.0,4.0,2.0,4.0,13.0,18.0,,6.0,,19.0,0.0,10.0,12.0,11.0,1.0,,,10.0,,9.0,1.0,1.0,5.0,1.0,12.0,4.0,0.0,0.0,6.0,,2.0,1.0,7.0,,,1.0,,,,54.0,,,4.0,,1.0,1.0,,,15.0,,3.0,,,,,,,1.0,,,,,,,,,,,,,,
cpl::Football_Player::f52a8b692a56475c9c08c17236a42e86,S. Shome,Cavalry,Midfielder,2022,midfielder,24,1975,0,1,9,0,0,1,26,21,27,1,2,0,52,77.0,38,1.73,0,0,0,0,0,0,0,0,0,0,0,0,0,0,0,0,0,0,0,0,0,0,0,0,0,323.0,27.0,163.0,23.0,183.0,21.0,59.0,20.0,105.0,,525.0,303.0,143.0,206.0,2.0,25.0,6.0,,136.0,24.0,3.0,,149.0,,38.0,106.0,,10.0,664.0,,,78.0,505.0,,24.0,,688.0,19.0,,,1003.0,,503.0,248.0,114.0,1975.0,6.0,32.0,3.0,6.0,40.0,84.0,,35.0,2.0,131.0,0.0,19.0,1.0,21.0,7.0,,,46.0,,26.0,,20.0,11.0,13.0,38.0,18.0,,,9.0,,9.0,9.0,17.0,,,24.0,4.0,4.0,11.0,122.0,11.0,,13.0,1.0,,6.0,1.0,,25.0,5.0,3.0,4.0,4.0,3.0,,,,1.0,,,,,,,,,,,,,,1.0
cpl::Football_Player::6f0bf504d0ed4e47b885d8b0f7634541,A. González,Edmonton,Midfielder,2022,midfielder,23,1307,3,2,22,0,10,2,7,11,21,9,2,0,20,80.0,21,1.45,24,0,1,0,0,0,0,0,0,0,0,0,0,0,0,0,0,0,0,0,0,0,0,0,0,163.0,21.0,59.0,13.0,89.0,1.0,42.0,20.0,43.0,,231.0,75.0,84.0,78.0,2.0,8.0,5.0,,84.0,23.0,,,25.0,,8.0,49.0,,10.0,274.0,,,46.0,211.0,,23.0,,290.0,2.0,,,503.0,,215.0,144.0,96.0,1307.0,16.0,10.0,1.0,4.0,5.0,42.0,,20.0,,49.0,0.0,4.0,10.0,11.0,12.0,,,12.0,,7.0,1.0,5.0,9.0,9.0,19.0,13.0,1.0,2.0,2.0,,22.0,12.0,24.0,15.0,24.0,1.0,,10.0,14.0,94.0,33.0,6.0,15.0,2.0,10.0,1.0,1.0,5.0,28.0,8.0,3.0,,3.0,1.0,,,,9.0,,,3.0,1.0,3.0,1.0,,1.0,,,,,,
cpl::Football_Player::a74dd9996ece4a5fa02827becbd4136e,M. Hernández,York,Midfielder,2022,midfielder,16,969,0,1,11,0,4,1,14,30,14,1,6,1,42,77.0,12,1.11,18,0,0,0,0,0,0,0,0,0,0,0,0,0,0,0,0,0,0,0,0,0,0,0,0,169.0,14.0,87.0,12.0,121.0,6.0,61.0,18.0,52.0,,277.0,129.0,107.0,120.0,6.0,13.0,1.0,,112.0,16.0,1.0,,101.0,,12.0,60.0,,10.0,352.0,,,69.0,259.0,,16.0,,364.0,10.0,,,589.0,,269.0,170.0,66.0,969.0,10.0,18.0,1.0,6.0,14.0,46.0,,11.0,2.0,69.0,0.0,8.0,4.0,30.0,9.0,,,23.0,,14.0,,9.0,9.0,14.0,17.0,6.0,,,14.0,,11.0,7.0,22.0,12.0,18.0,15.0,3.0,12.0,21.0,68.0,37.0,6.0,15.0,1.0,4.0,,1.0,1.0,24.0,1.0,2.0,2.0,5.0,2.0,1.0,1.0,,1.0,,,,,,,,,,,,,,
cpl::Football_Player::117bafa4d405497f95b6c84619fceace,Umaro Baldé,Pacific,Midfielder,2022,midfielder,4,59,0,0,0,0,0,0,1,2,0,0,0,0,0,95.0,1,1.53,0,0,0,0,0,0,0,0,0,0,0,0,0,0,0,0,0,0,0,0,0,0,0,0,0,16.0,,2.0,1.0,12.0,,8.0,1.0,4.0,,34.0,13.0,12.0,18.0,,,,,3.0,4.0,,,13.0,,,3.0,,10.0,35.0,,,8.0,33.0,,4.0,,36.0,,,,50.0,,33.0,11.0,6.0,59.0,1.0,,1.0,,,4.0,,,,2.0,0.0,,3.0,2.0,1.0,,,2.0,,1.0,,1.0,2.0,3.0,1.0,,0.0,0.0,2.0,,,,2.0,,,,,,1.0,4.0,1.0,,2.0,,,,,,6.0,,,,,,,,,,,,,,,,,,,,,,,
cpl::Football_Player::edcf64e77c8c4771af573d1d441cc470,C. Toussaint,Pacific,Midfielder,2022,midfielder,25,1464,0,2,5,0,0,2,27,32,19,0,4,2,28,84.0,21,1.29,0,0,1,0,0,0,0,0,0,0,0,0,0,0,0,0,0,0,0,0,0,0,0,0,0,368.0,19.0,138.0,15.0,174.0,9.0,75.0,45.0,76.0,,724.0,309.0,142.0,357.0,4.0,28.0,5.0,,111.0,25.0,2.0,,220.0,,33.0,93.0,,10.0,844.0,,,98.0,679.0,,25.0,,862.0,16.0,,,1089.0,,706.0,186.0,216.0,1464.0,1.0,34.0,3.0,5.0,32.0,67.0,,18.0,,104.0,0.0,23.0,10.0,32.0,6.0,,,39.0,,27.0,,12.0,9.0,15.0,36.0,26.0,0.0,0.0,25.0,,5.0,5.0,7.0,,,2.0,,1.0,6.0,117.0,6.0,,4.0,2.0,,2.0,1.0,,18.0,,6.0,2.0,1.0,1.0,2.0,2.0,,,,,,,,,,,,,,,,
cpl::Football_Player::0affe36819cc4290bfa45fb50ea6a480,J. Carlos,Scrosoppi,Midfielder,2022,midfielder,12,441,0,1,1,0,1,1,13,10,6,0,1,0,33,77.0,10,2.04,0,0,0,0,0,0,0,0,0,0,0,0,0,0,0,0,0,0,0,0,0,0,0,0,0,70.0,6.0,33.0,5.0,88.0,4.0,38.0,6.0,42.0,,107.0,44.0,76.0,37.0,1.0,1.0,,,25.0,12.0,,,37.0,,11.0,27.0,,10.0,138.0,,,46.0,101.0,,12.0,,140.0,2.0,,,238.0,,106.0,69.0,30.0,441.0,1.0,8.0,3.0,4.0,12.0,38.0,,7.0,1.0,25.0,0.0,8.0,7.0,10.0,4.0,,,24.0,,13.0,,11.0,8.0,5.0,9.0,6.0,,,5.0,,1.0,,15.0,,,,,,3.0,29.0,3.0,,7.0,1.0,1.0,2.0,1.0,,18.0,,1.0,1.0,,1.0,,,,,,,,,,,,,,,,,,
cpl::Football_Player::b631f78036324d79a97a6c1cfe650d2a,P. Lamothe,Pacific,Midfielder,2022,midfielder,21,1500,2,0,18,0,6,0,25,36,18,2,5,0,33,88.0,19,1.14,17,0,1,0,0,0,0,0,0,0,0,0,0,0,0,0,0,0,0,0,0,0,0,0,0,369.0,18.0,100.0,17.0,179.0,3.0,101.0,20.0,72.0,,670.0,214.0,170.0,310.0,5.0,8.0,2.0,,86.0,21.0,2.0,,172.0,,32.0,94.0,,10.0,765.0,,,107.0,650.0,,21.0,,770.0,10.0,,,1053.0,,665.0,209.0,212.0,1500.0,10.0,12.0,5.0,1.0,9.0,69.0,,14.0,1.0,88.0,1.0,6.0,4.0,36.0,10.0,,,34.0,,25.0,,9.0,17.0,19.0,26.0,12.0,1.0,1.0,27.0,,18.0,12.0,26.0,10.0,17.0,9.0,,9.0,7.0,172.0,18.0,6.0,14.0,,6.0,4.0,,1.0,39.0,5.0,8.0,2.0,2.0,,,,,2.0,,,1.0,2.0,2.0,,1.0,,,,,,,1.0
cpl::Football_Player::6e943143672a42eeb7027b5f429d01b1,S. Rogers,Cavalry,Midfielder,2022,midfielder,3,25,0,0,0,0,0,0,1,0,0,0,0,0,0,75.0,0,0.0,0,0,0,0,0,0,0,0,0,0,0,0,0,0,0,0,0,0,0,0,0,0,0,0,0,2.0,,1.0,,5.0,,3.0,,1.0,,3.0,1.0,4.0,1.0,,1.0,,,1.0,3.0,,,1.0,,,1.0,,10.0,4.0,,,4.0,3.0,,3.0,,4.0,,,,10.0,,3.0,5.0,2.0,25.0,,,,,1.0,1.0,,,,1.0,0.0,1.0,3.0,,,,,1.0,,1.0,,,,,,,,,,,,,,,,,,,,,,,2.0,,,,,,2.0,,,,,,,,,,,,,,,,,,,,,,,
cpl::Football_Player::0e2b6aa5fbdf49f399441b22b356d14c,K. Bekker,Forge,Midfielder,2022,midfielder,27,2148,2,6,26,0,9,6,13,14,16,2,5,2,26,84.0,21,0.88,63,0,2,0,0,0,0,0,0,0,0,0,0,0,0,0,0,0,0,0,0,0,0,0,0,715.0,16.0,220.0,26.0,98.0,4.0,44.0,87.0,43.0,,1146.0,423.0,83.0,453.0,5.0,17.0,,,252.0,27.0,5.0,,279.0,,42.0,145.0,,10.0,1314.0,,,55.0,1059.0,,27.0,,1366.0,6.0,,,1649.0,,1098.0,342.0,421.0,2148.0,15.0,64.0,3.0,7.0,15.0,39.0,,18.0,,156.0,1.0,11.0,1.0,14.0,11.0,,,17.0,,13.0,,4.0,6.0,23.0,24.0,6.0,1.0,1.0,7.0,,26.0,17.0,25.0,28.0,63.0,3.0,1.0,22.0,34.0,243.0,74.0,14.0,14.0,6.0,9.0,7.0,5.0,7.0,20.0,12.0,10.0,2.0,8.0,1.0,2.0,2.0,,2.0,,,1.0,1.0,2.0,,1.0,1.0,,,,,,
cpl::Football_Player::6bda12878690489697b20b110e311ad1,E. Simmons,Vancouver FC,Midfielder,2022,midfielder,26,1858,0,1,10,0,1,1,37,24,6,0,4,0,50,80.0,27,1.31,1,0,1,0,0,0,0,0,0,0,0,0,0,0,0,0,0,0,0,0,0,0,0,0,0,284.0,6.0,161.0,20.0,169.0,17.0,66.0,37.0,86.0,,613.0,254.0,135.0,330.0,4.0,27.0,1.0,,111.0,26.0,4.0,,187.0,,52.0,131.0,,10.0,761.0,,,83.0,576.0,,26.0,,774.0,21.0,,,990.0,,602.0,203.0,204.0,1858.0,2.0,42.0,4.0,13.0,34.0,69.0,2.0,23.0,3.0,119.0,0.0,17.0,6.0,24.0,6.0,,,56.0,,37.0,,19.0,7.0,9.0,28.0,12.0,,,18.0,,10.0,9.0,4.0,,1.0,,,1.0,2.0,129.0,2.0,1.0,3.0,1.0,1.0,2.0,,,16.0,4.0,7.0,3.0,,,,,,,,,,,,,,,,1.0,,,,
cpl::Football_Player::988b8a5ef30a40dfb59c6caf0c8838d6,N. Nouajaa,Wanderers,Midfielder,2022,midfielder,0,0,0,0,0,0,0,0,0,0,0,0,0,0,0,,0,,0,0,0,0,0,0,0,0,0,0,0,0,0,0,0,0,0,0,0,0,0,0,0,0,0,,,,,,,,,,,,,,,,,,,,,,,,,,,,,,,,,,,,,,,,,,,,,,,,,,,,,,,,,,,,,,,,,,,,,,,,,,,,,,,,,,,,,,,,,,,,,,,,,,,,,,,,,,,,,,,,,,,,,,
cpl::Football_Player::03b82a7bcff7496e991befe586fcc2c9,S. Young,Pacific,Midfielder,2022,midfielder,25,1549,1,0,13,0,5,0,21,32,19,1,6,0,40,84.0,19,1.1,0,0,0,0,0,0,0,0,0,0,0,0,0,0,0,0,0,0,0,0,0,0,0,0,0,352.0,19.0,142.0,16.0,191.0,16.0,84.0,64.0,83.0,,730.0,249.0,151.0,378.0,6.0,30.0,3.0,,110.0,25.0,3.0,,240.0,,41.0,141.0,,10.0,858.0,,,108.0,666.0,,25.0,,872.0,10.0,,,1156.0,,717.0,216.0,247.0,1549.0,4.0,35.0,4.0,11.0,40.0,67.0,,15.0,1.0,107.0,0.0,24.0,9.0,32.0,10.0,,,34.0,,21.0,1.0,13.0,14.0,22.0,32.0,18.0,0.0,1.0,16.0,,13.0,8.0,32.0,,,7.0,,,9.0,136.0,9.0,,14.0,,5.0,1.0,,,38.0,11.0,4.0,4.0,,3.0,,,,1.0,,,1.0,1.0,1.0,,,,,,,,,
cpl::Football_Player::c82c8c9fc952454c80e3c45a6f9c883d,K. Rendón,Valour,Midfielder,2022,midfielder,12,643,0,0,6,0,1,0,4,8,2,0,3,0,20,80.0,11,1.54,7,0,0,0,0,0,0,0,0,0,0,0,0,0,0,0,0,0,0,0,0,0,0,0,0,71.0,2.0,37.0,8.0,34.0,1.0,17.0,9.0,13.0,,143.0,52.0,29.0,75.0,3.0,8.0,3.0,,34.0,12.0,,,42.0,,10.0,30.0,,10.0,174.0,,,21.0,134.0,,12.0,,180.0,7.0,,,250.0,,138.0,58.0,52.0,643.0,2.0,15.0,2.0,8.0,5.0,12.0,,9.0,3.0,22.0,0.0,4.0,4.0,8.0,7.0,,,10.0,,4.0,,6.0,,6.0,9.0,4.0,,,4.0,,6.0,5.0,8.0,3.0,7.0,2.0,1.0,3.0,2.0,34.0,7.0,3.0,1.0,,1.0,1.0,,,4.0,1.0,1.0,,,1.0,,,,,,,,,,,,,,,,,,1.0
cpl::Football_Player::55a8a1aea5f543dbaac3bf7112ad867b,Z. Bahous,Pacific,Midfielder,2022,midfielder,29,1600,1,1,11,0,3,1,29,22,13,1,5,0,33,79.0,17,0.96,0,0,0,0,0,0,0,0,0,0,0,0,0,0,0,0,0,0,0,0,0,0,0,0,0,289.0,13.0,123.0,19.0,210.0,7.0,92.0,26.0,104.0,,442.0,175.0,189.0,157.0,5.0,19.0,3.0,,105.0,29.0,1.0,,123.0,,28.0,103.0,,10.0,562.0,,,106.0,416.0,,29.0,,565.0,6.0,,,891.0,,439.0,218.0,153.0,1600.0,6.0,32.0,4.0,5.0,21.0,97.0,,13.0,,91.0,1.0,14.0,10.0,22.0,17.0,,,54.0,,29.0,,25.0,31.0,14.0,40.0,18.0,0.0,1.0,16.0,,11.0,8.0,48.0,,,14.0,2.0,4.0,10.0,114.0,10.0,,22.0,1.0,3.0,8.0,1.0,,45.0,13.0,9.0,3.0,4.0,,,,,1.0,1.0,1.0,1.0,1.0,1.0,,,,,1.0,,,,
cpl::Football_Player::4b6c1da63a144cfeb39e765ea2e3039c,B. McKendry,Atlético,Midfielder,2022,midfielder,27,1193,0,1,3,0,1,1,27,20,14,0,4,0,66,80.0,14,1.06,5,0,0,0,0,0,0,0,0,0,0,0,0,0,0,0,0,0,0,0,0,0,0,0,0,146.0,14.0,90.0,13.0,139.0,10.0,54.0,39.0,80.0,,353.0,156.0,124.0,211.0,4.0,25.0,2.0,,67.0,27.0,2.0,,93.0,,30.0,95.0,,10.0,413.0,,,59.0,314.0,,27.0,,443.0,15.0,,,646.0,,327.0,132.0,128.0,1193.0,2.0,38.0,3.0,11.0,15.0,70.0,,11.0,6.0,52.0,0.0,5.0,14.0,20.0,6.0,,,48.0,,27.0,,21.0,8.0,12.0,20.0,14.0,,,13.0,,3.0,2.0,8.0,3.0,5.0,1.0,3.0,4.0,4.0,66.0,7.0,2.0,10.0,1.0,1.0,1.0,,,15.0,2.0,2.0,8.0,1.0,,,,,,,,,,,,,,,,,,,
cpl::Football_Player::cf6994b565344d65880882873de4ede4,J. Wilson,York,Midfielder,2022,midfielder,26,2209,3,0,15,0,6,0,34,38,43,1,5,1,62,81.0,29,1.18,0,0,0,0,0,0,0,0,0,0,0,0,0,0,0,0,0,0,0,0,0,0,0,0,0,361.0,43.0,214.0,26.0,272.0,33.0,100.0,108.0,152.0,,877.0,396.0,219.0,517.0,5.0,27.0,4.0,,159.0,26.0,5.0,,286.0,,60.0,145.0,,10.0,1048.0,,,120.0,769.0,,26.0,,1091.0,34.0,,,1417.0,,840.0,289.0,302.0,2209.0,5.0,89.0,3.0,16.0,53.0,119.0,,26.0,4.0,125.0,1.0,20.0,,38.0,6.0,,,58.0,,34.0,1.0,24.0,18.0,9.0,23.0,11.0,1.0,2.0,19.0,,15.0,9.0,30.0,,,,,1.0,5.0,107.0,5.0,,8.0,,6.0,4.0,,,35.0,2.0,,5.0,1.0,1.0,,1.0,1.0,1.0,,,3.0,,3.0,2.0,,1.0,,,,,,
cpl::Football_Player::bcd2bd431fea40f2ad5e2cd7d95bef32,A. Sissoko,Atlético,Midfielder,2022,midfielder,30,2529,4,3,20,0,9,3,26,29,70,7,5,0,54,79.0,25,0.89,0,0,0,0,0,0,0,0,0,0,0,0,0,0,0,0,0,0,0,0,0,0,0,0,0,653.0,70.0,251.0,30.0,316.0,25.0,118.0,44.0,177.0,,929.0,406.0,270.0,280.0,5.0,21.0,,,235.0,30.0,6.0,,359.0,,40.0,148.0,,10.0,1145.0,,,139.0,885.0,,30.0,,1180.0,21.0,,,1699.0,,898.0,407.0,203.0,2529.0,11.0,40.0,3.0,5.0,46.0,152.0,,22.0,,211.0,2.0,21.0,,29.0,11.0,,,45.0,,26.0,,19.0,37.0,18.0,48.0,18.0,3.0,1.0,13.0,,20.0,11.0,58.0,,,68.0,4.0,4.0,24.0,212.0,24.0,,30.0,3.0,9.0,4.0,3.0,,77.0,6.0,9.0,3.0,4.0,4.0,,,,7.0,,,3.0,2.0,4.0,1.0,1.0,1.0,,1.0,,,,1.0
cpl::Football_Player::5ce4b7ace82243faa7b342751ac3a642,K. Alemán,Scrosoppi,Midfielder,2022,midfielder,25,1020,2,1,11,0,6,1,17,19,22,1,4,0,30,83.0,14,1.24,11,0,0,0,0,0,0,0,0,0,0,0,0,0,0,0,0,0,0,0,0,0,0,0,0,151.0,22.0,55.0,10.0,149.0,3.0,71.0,19.0,71.0,,265.0,66.0,139.0,121.0,4.0,7.0,1.0,,60.0,25.0,,,61.0,,14.0,62.0,,10.0,314.0,,,78.0,246.0,,25.0,,320.0,6.0,,,570.0,,260.0,151.0,101.0,1020.0,3.0,11.0,2.0,5.0,10.0,68.0,,12.0,1.0,44.0,1.0,7.0,15.0,19.0,10.0,,,34.0,,17.0,,17.0,12.0,8.0,17.0,8.0,1.0,1.0,9.0,,11.0,5.0,19.0,5.0,11.0,,,7.0,12.0,92.0,19.0,5.0,27.0,1.0,6.0,3.0,1.0,,42.0,1.0,2.0,1.0,1.0,1.0,,,,1.0,,,1.0,,2.0,,1.0,2.0,,,,,,
cpl::Football_Player::249fafa156274f4faddf87d1ab137d35,S. Triantafillou,Edmonton,Midfielder,2022,midfielder,26,1866,0,0,7,0,1,0,16,17,14,0,5,0,37,81.0,39,1.88,0,0,0,0,0,0,0,0,0,0,0,0,0,0,0,0,0,0,0,0,0,0,0,0,0,248.0,14.0,148.0,20.0,147.0,12.0,54.0,58.0,73.0,,605.0,224.0,115.0,358.0,5.0,21.0,6.0,,105.0,26.0,1.0,,153.0,,48.0,105.0,,10.0,735.0,,,74.0,547.0,,26.0,,753.0,25.0,,,975.0,,587.0,191.0,232.0,1866.0,2.0,43.0,4.0,17.0,32.0,61.0,,35.0,7.0,105.0,0.0,20.0,6.0,17.0,7.0,,,40.0,,16.0,3.0,24.0,7.0,9.0,32.0,19.0,,,11.0,,7.0,6.0,3.0,,,5.0,4.0,1.0,5.0,144.0,5.0,,4.0,,1.0,1.0,,,15.0,3.0,7.0,1.0,1.0,1.0,,,,,,,,,,,,,,,,,,1.0
cpl::Football_Player::33b0cf3a477d454f96fe4f14c3b6125c,A. Achinioti-Jönsson,Forge,Midfielder,2022,midfielder,30,2700,1,0,8,0,3,0,32,24,50,0,1,0,52,92.0,27,0.9,0,0,1,0,0,0,0,0,0,0,0,0,0,0,0,0,0,0,0,0,0,0,0,0,0,671.0,50.0,179.0,30.0,234.0,37.0,53.0,119.0,148.0,,2011.0,675.0,164.0,1340.0,1.0,32.0,,,112.0,30.0,10.0,,782.0,,68.0,156.0,,10.0,2104.0,,,86.0,1892.0,,30.0,,2190.0,55.0,,,2500.0,,1927.0,218.0,659.0,2700.0,,70.0,3.0,19.0,70.0,111.0,,24.0,11.0,109.0,0.0,33.0,,24.0,,,,52.0,1.0,32.0,,20.0,9.0,5.0,25.0,12.0,0.0,1.0,10.0,1.0,8.0,5.0,24.0,,,4.0,,,1.0,74.0,1.0,,7.0,,3.0,1.0,,,17.0,3.0,,9.0,,1.0,,,,,,,1.0,,1.0,1.0,,,,,,,,
cpl::Football_Player::99fb51782c7f43acaad20909bd048f31,S. Gutiérrez,York,Midfielder,2022,midfielder,16,661,2,1,16,0,7,1,21,22,8,2,2,0,14,70.0,4,0.54,0,0,1,0,0,0,0,0,0,0,0,0,0,0,0,0,0,0,0,0,0,0,0,0,0,90.0,8.0,59.0,8.0,134.0,1.0,73.0,7.0,55.0,,133.0,57.0,127.0,48.0,2.0,9.0,2.0,,57.0,16.0,,,25.0,,10.0,37.0,,10.0,190.0,,,79.0,126.0,,16.0,,192.0,,,,368.0,,131.0,117.0,64.0,661.0,10.0,9.0,,,7.0,54.0,,4.0,,50.0,1.0,6.0,8.0,22.0,8.0,,,30.0,,21.0,,9.0,16.0,14.0,14.0,5.0,1.0,1.0,14.0,,16.0,9.0,27.0,,,,,5.0,8.0,46.0,8.0,,14.0,1.0,7.0,1.0,,,26.0,4.0,1.0,1.0,4.0,,,,,2.0,,,2.0,1.0,2.0,,,1.0,,,,,,
cpl::Football_Player::1bd0dbfb79774479a33b21e4bc153680,C. Haworth,Ottawa Fury,Midfielder,2022,midfielder,26,1480,0,4,8,0,3,4,12,13,19,2,3,0,54,73.0,18,1.09,13,0,1,0,0,0,0,0,0,0,0,0,0,0,0,0,0,0,0,0,0,0,0,0,0,216.0,19.0,133.0,14.0,143.0,13.0,64.0,30.0,68.0,,352.0,184.0,119.0,146.0,3.0,11.0,2.0,,149.0,26.0,2.0,,169.0,,27.0,73.0,,10.0,470.0,,,75.0,322.0,,26.0,,485.0,22.0,,,800.0,,340.0,248.0,33.0,1480.0,10.0,33.0,3.0,13.0,24.0,55.0,,15.0,6.0,100.0,0.0,11.0,12.0,13.0,7.0,,,24.0,,12.0,,12.0,12.0,15.0,25.0,8.0,,,6.0,,8.0,5.0,28.0,6.0,13.0,50.0,4.0,10.0,36.0,99.0,43.0,4.0,21.0,4.0,3.0,9.0,4.0,4.0,38.0,1.0,1.0,4.0,5.0,1.0,,,,2.0,,,,,,,,,,,,,,1.0
cpl::Football_Player::c5c848174b5945828abd42750238c44c,L. Ricci,Ottawa Fury,Midfielder,2022,midfielder,6,230,0,0,0,0,0,0,3,4,4,1,0,0,37,84.0,2,0.78,5,0,0,0,0,0,0,0,0,0,0,0,0,0,0,0,0,0,0,0,0,0,0,0,0,43.0,4.0,23.0,1.0,32.0,3.0,13.0,7.0,14.0,,118.0,38.0,24.0,76.0,,1.0,1.0,,17.0,6.0,,,26.0,,12.0,20.0,,10.0,138.0,,,18.0,111.0,,6.0,,141.0,1.0,,,174.0,,115.0,36.0,50.0,230.0,,7.0,,3.0,8.0,11.0,,2.0,,16.0,0.0,5.0,5.0,4.0,2.0,,,6.0,,3.0,,3.0,1.0,3.0,2.0,1.0,0.0,0.0,1.0,,,,,5.0,5.0,,,1.0,1.0,27.0,6.0,,2.0,,,,,,3.0,,1.0,1.0,,,,,,1.0,,,,,,,,,,1.0,,,,
cpl::Football_Player::82ff8e880ba54f74a34fe1f8165f3b46,Matthew Baldisimo,York,Midfielder,2022,midfielder,17,959,0,1,2,0,0,1,22,18,7,0,2,0,69,86.0,19,1.78,3,0,0,0,0,0,0,0,0,0,0,0,0,0,0,0,0,0,0,0,0,0,0,0,0,178.0,7.0,76.0,12.0,114.0,9.0,44.0,17.0,66.0,,452.0,131.0,101.0,277.0,2.0,9.0,2.0,,59.0,17.0,1.0,,145.0,,21.0,47.0,,10.0,515.0,,,48.0,435.0,,17.0,,528.0,6.0,,,657.0,,439.0,100.0,131.0,959.0,1.0,29.0,4.0,4.0,13.0,57.0,,15.0,1.0,47.0,0.0,4.0,5.0,18.0,8.0,,,41.0,,22.0,,19.0,9.0,4.0,14.0,10.0,,,10.0,,2.0,2.0,3.0,2.0,3.0,,,3.0,1.0,121.0,4.0,1.0,3.0,1.0,,1.0,1.0,,12.0,1.0,7.0,1.0,1.0,1.0,,,,,,,,,,,,,,,,,,
cpl::Football_Player::06a2eff249fd4320a2c4753d25ea5f0f,M. Polisi,Valour,Midfielder,2022,midfielder,17,1045,0,0,4,0,1,0,14,19,15,0,4,0,35,85.0,21,1.81,0,0,0,0,0,0,0,0,0,0,0,0,0,0,0,0,0,0,0,0,0,0,0,0,0,233.0,15.0,86.0,11.0,127.0,7.0,52.0,37.0,62.0,,459.0,163.0,107.0,228.0,4.0,10.0,,,62.0,17.0,3.0,,139.0,,33.0,85.0,,10.0,537.0,,,65.0,422.0,,17.0,,545.0,7.0,,,736.0,,451.0,151.0,136.0,1045.0,4.0,13.0,2.0,2.0,20.0,55.0,,19.0,2.0,73.0,0.0,13.0,6.0,19.0,4.0,,,24.0,,14.0,,10.0,16.0,4.0,32.0,14.0,,,11.0,,4.0,3.0,8.0,,,4.0,1.0,2.0,9.0,107.0,9.0,,13.0,,1.0,1.0,,,25.0,1.0,4.0,1.0,2.0,1.0,,,,,,,,,,,,,,,,,,
cpl::Football_Player::2b1131e0053c45b7a043be075195b6ee,J. Ascanio,Valour,Midfielder,2022,midfielder,4,220,0,1,6,0,4,1,9,9,5,3,1,1,0,79.0,2,0.82,1,0,0,0,0,0,0,0,0,0,0,0,0,0,0,0,0,0,0,0,0,0,0,0,0,32.0,5.0,12.0,3.0,40.0,,15.0,,24.0,,44.0,13.0,39.0,16.0,1.0,2.0,1.0,,21.0,4.0,,,25.0,,1.0,9.0,,10.0,56.0,,,16.0,44.0,,4.0,,56.0,,,,122.0,,44.0,33.0,2.0,220.0,1.0,2.0,,1.0,1.0,24.0,,2.0,,10.0,0.0,1.0,1.0,9.0,2.0,,,12.0,,9.0,,3.0,7.0,4.0,6.0,4.0,,,2.0,,6.0,2.0,9.0,1.0,1.0,,,4.0,8.0,16.0,10.0,,2.0,1.0,4.0,,1.0,,3.0,,1.0,,4.0,,,1.0,1.0,3.0,,,,,,,,,,,,,,
cpl::Football_Player::faefaad76b26402c9854af3aab596d16,M. Omar,Wanderers,Midfielder,2022,midfielder,15,1006,0,0,7,0,4,0,11,15,11,0,3,0,63,91.0,14,1.25,0,0,0,0,0,0,0,0,0,0,0,0,0,0,0,0,0,0,0,0,0,0,0,0,0,173.0,11.0,54.0,12.0,92.0,14.0,31.0,27.0,53.0,,488.0,143.0,70.0,316.0,3.0,12.0,2.0,,28.0,15.0,4.0,,151.0,,26.0,71.0,,10.0,533.0,,,39.0,461.0,,15.0,,542.0,26.0,,,678.0,,479.0,80.0,162.0,1006.0,3.0,10.0,4.0,4.0,22.0,39.0,,10.0,2.0,44.0,0.0,8.0,3.0,15.0,5.0,,,21.0,,11.0,,10.0,7.0,5.0,8.0,1.0,,,7.0,,7.0,3.0,16.0,,,,,1.0,,86.0,,,4.0,,4.0,,,,11.0,2.0,5.0,2.0,1.0,1.0,,,,,,,,,,,,,,,,,,1.0
cpl::Football_Player::88ac022bf06149f1be2ce2ab7f3c087c,Z. Verhoven,Vancouver FC,Midfielder,2022,midfielder,15,423,3,2,7,0,3,2,11,12,7,3,2,0,11,79.0,6,1.28,1,0,0,0,0,0,0,0,0,0,0,0,0,0,0,0,0,0,0,0,0,0,0,0,0,54.0,7.0,20.0,3.0,103.0,1.0,55.0,3.0,40.0,,73.0,27.0,94.0,19.0,2.0,2.0,2.0,,21.0,15.0,,,11.0,,3.0,29.0,,10.0,91.0,,,63.0,70.0,,15.0,,93.0,7.0,,,229.0,,71.0,73.0,31.0,423.0,3.0,4.0,1.0,1.0,9.0,39.0,,5.0,,16.0,2.0,8.0,12.0,12.0,4.0,,,17.0,,11.0,,6.0,15.0,4.0,12.0,8.0,1.0,2.0,9.0,,7.0,4.0,15.0,,1.0,2.0,,,4.0,24.0,4.0,,18.0,2.0,3.0,,1.0,,29.0,2.0,1.0,,,1.0,,,,3.0,,,3.0,2.0,3.0,,,1.0,,,,,,
cpl::Football_Player::0193e9b2803b43938a676ad9232cede8,N. Verhoeven,Atlético,Midfielder,2022,midfielder,24,1838,0,2,5,0,2,2,22,23,19,1,4,0,25,83.0,27,1.32,41,0,1,0,0,0,0,0,0,0,0,0,0,0,0,0,0,0,0,0,0,0,0,0,0,447.0,19.0,165.0,21.0,143.0,4.0,68.0,80.0,63.0,,802.0,343.0,127.0,382.0,4.0,13.0,5.0,,172.0,24.0,3.0,,231.0,,39.0,130.0,,10.0,923.0,,,80.0,722.0,,24.0,,967.0,10.0,,,1212.0,,765.0,255.0,268.0,1838.0,11.0,72.0,1.0,15.0,16.0,59.0,,26.0,5.0,93.0,0.0,12.0,3.0,23.0,7.0,,,33.0,,22.0,,11.0,7.0,25.0,20.0,10.0,,,14.0,,5.0,3.0,5.0,19.0,41.0,5.0,2.0,27.0,11.0,125.0,46.0,19.0,6.0,2.0,2.0,2.0,2.0,1.0,18.0,5.0,1.0,1.0,5.0,2.0,,,,1.0,,,,,,,,,,,,,,
cpl::Football_Player::d80c8273244649a0841591e849fc3590,D. Gutiérrez,Cavalry,Midfielder,2022,midfielder,24,1987,0,0,10,0,5,0,46,36,16,0,7,0,48,85.0,19,0.86,5,0,0,0,0,0,0,0,0,0,0,0,0,0,0,0,0,0,0,0,0,0,0,0,0,532.0,16.0,199.0,23.0,226.0,13.0,102.0,124.0,110.0,,1102.0,396.0,199.0,574.0,7.0,27.0,3.0,,175.0,24.0,8.0,,298.0,,44.0,195.0,,10.0,1259.0,,,116.0,978.0,,24.0,,1301.0,23.0,,,1654.0,,1065.0,290.0,372.0,1987.0,4.0,74.0,4.0,17.0,27.0,97.0,,15.0,2.0,125.0,0.0,14.0,1.0,36.0,5.0,,,66.0,,46.0,1.0,20.0,15.0,15.0,38.0,24.0,,,26.0,,10.0,5.0,6.0,4.0,5.0,30.0,4.0,4.0,8.0,235.0,20.0,,16.0,,5.0,2.0,,3.0,34.0,6.0,13.0,4.0,3.0,,,,,,,,,,,,,,,,,,,
cpl::Football_Player::6a778700603244eeabcce04c59c6ccc0,A. Hojabrpour,Forge,Midfielder,2022,midfielder,29,2346,3,2,10,0,3,2,30,20,22,1,5,0,36,88.0,24,0.92,1,0,0,0,0,0,0,0,0,0,0,0,0,0,0,0,0,0,0,0,0,0,0,0,0,665.0,22.0,171.0,27.0,191.0,12.0,67.0,75.0,103.0,,1242.0,373.0,158.0,578.0,5.0,22.0,,,138.0,29.0,8.0,,420.0,,36.0,169.0,,10.0,1367.0,,,88.0,1167.0,,29.0,,1413.0,26.0,,,1675.0,,1199.0,222.0,417.0,2346.0,7.0,36.0,3.0,8.0,33.0,91.0,,21.0,2.0,135.0,1.0,21.0,2.0,20.0,10.0,,,56.0,,30.0,,26.0,13.0,12.0,27.0,13.0,1.0,2.0,15.0,1.0,10.0,7.0,18.0,,1.0,2.0,,1.0,2.0,203.0,3.0,,13.0,2.0,3.0,2.0,2.0,,25.0,3.0,5.0,5.0,,,,,,1.0,,,2.0,1.0,3.0,2.0,1.0,,,,,,,
cpl::Football_Player::eae44bc0cb2c42dd86f566cebebbf690,O. Bassett,Atlético,Midfielder,2022,midfielder,30,2619,8,3,29,0,14,3,15,20,23,2,6,0,18,84.0,29,1.0,86,0,0,3,3,0,0,0,0,0,0,0,0,0,0,0,0,0,0,0,0,0,0,0,0,586.0,23.0,184.0,30.0,188.0,2.0,95.0,68.0,84.0,,911.0,360.0,177.0,357.0,6.0,26.0,5.0,,207.0,30.0,5.0,,314.0,,50.0,191.0,,10.0,1036.0,,,104.0,843.0,,30.0,,1095.0,8.0,,,1515.0,,855.0,348.0,227.0,2619.0,21.0,45.0,6.0,7.0,11.0,82.0,,23.0,3.0,139.0,3.0,9.0,,20.0,13.0,,,38.0,,15.0,,23.0,21.0,38.0,49.0,17.0,0.0,8.0,14.0,,29.0,15.0,31.0,33.0,86.0,5.0,1.0,32.0,26.0,194.0,73.0,25.0,26.0,3.0,14.0,10.0,2.0,9.0,40.0,14.0,1.0,3.0,5.0,1.0,,,,2.0,,,5.0,8.0,8.0,,3.0,,,1.0,3.0,3.0,2.0,
cpl::Football_Player::5d8f9eb42d2a48ac83d0e7bdb6eebf50,A. Sissoko,Atlético,Midfielder,2022,midfielder,28,2349,0,1,4,0,2,1,24,41,18,0,7,0,56,84.0,28,1.07,1,0,1,0,0,0,0,0,0,0,0,0,0,0,0,0,0,0,0,0,0,0,0,0,0,282.0,18.0,139.0,25.0,224.0,45.0,73.0,60.0,116.0,,689.0,251.0,144.0,407.0,7.0,22.0,6.0,,96.0,28.0,9.0,,209.0,,44.0,142.0,,10.0,790.0,,,108.0,629.0,,28.0,,828.0,48.0,,,1077.0,,653.0,179.0,272.0,2349.0,1.0,39.0,3.0,15.0,80.0,71.0,,25.0,8.0,100.0,0.0,35.0,3.0,41.0,1.0,,,42.0,1.0,24.0,,18.0,11.0,13.0,15.0,10.0,,,21.0,,4.0,2.0,12.0,,1.0,,,,1.0,96.0,1.0,,5.0,1.0,2.0,1.0,1.0,,22.0,2.0,5.0,10.0,,2.0,,,,,,,,,,,,,,,,,,
cpl::Football_Player::5e944a82a82b42b483bed288bb7633a8,M. Aparicio,Atlético,Midfielder,2022,midfielder,19,1473,2,3,20,0,6,3,21,26,13,1,3,2,50,77.0,12,0.73,8,0,1,0,0,0,0,0,0,0,0,0,0,0,0,0,0,0,0,0,0,0,0,0,0,407.0,13.0,197.0,18.0,194.0,21.0,90.0,61.0,83.0,,639.0,323.0,152.0,245.0,3.0,13.0,1.0,,174.0,19.0,6.0,,166.0,,39.0,112.0,,10.0,804.0,,,111.0,578.0,,19.0,,836.0,6.0,,,1113.0,,613.0,276.0,217.0,1473.0,6.0,63.0,4.0,14.0,42.0,62.0,,8.0,,134.0,0.0,21.0,1.0,26.0,4.0,,,33.0,,21.0,,12.0,16.0,19.0,37.0,23.0,2.0,0.0,14.0,,20.0,14.0,20.0,3.0,8.0,12.0,,13.0,13.0,130.0,16.0,3.0,19.0,3.0,6.0,1.0,3.0,6.0,30.0,10.0,5.0,1.0,9.0,2.0,2.0,2.0,,1.0,,,2.0,,2.0,2.0,,,,,,,,
cpl::Football_Player::29146de022e149ceb100b57434a926f9,S. Rea,Wanderers,Midfielder,2022,midfielder,27,2273,5,9,31,0,11,9,19,22,33,6,3,0,31,78.0,31,1.23,94,0,0,0,0,0,0,0,0,0,0,0,0,0,0,0,0,0,0,0,0,0,0,0,0,442.0,33.0,158.0,26.0,253.0,5.0,135.0,19.0,107.0,,540.0,217.0,237.0,160.0,3.0,4.0,4.0,,236.0,27.0,1.0,,120.0,,35.0,118.0,,10.0,682.0,,,146.0,521.0,,27.0,,698.0,2.0,,,1270.0,,526.0,449.0,185.0,2273.0,23.0,14.0,7.0,1.0,16.0,102.0,,24.0,,144.0,2.0,11.0,1.0,22.0,9.0,,,28.0,,19.0,,9.0,41.0,62.0,48.0,14.0,3.0,2.0,15.0,,31.0,20.0,50.0,47.0,94.0,11.0,,62.0,42.0,176.0,113.0,39.0,55.0,9.0,11.0,8.0,7.0,5.0,97.0,15.0,16.0,1.0,15.0,,,,,6.0,,,3.0,4.0,5.0,,2.0,1.0,,,,,,3.0
cpl::Football_Player::3c3cd8920062442f93c9e257f9d44111,N. Jensen,Forge,Midfielder,2022,midfielder,23,771,3,1,11,0,4,1,6,4,14,1,0,0,33,84.0,7,0.82,18,0,0,0,0,0,0,0,0,0,0,0,0,0,0,0,0,0,0,0,0,0,0,0,0,226.0,14.0,68.0,7.0,69.0,2.0,27.0,20.0,38.0,,340.0,95.0,63.0,117.0,,2.0,,,96.0,23.0,,,95.0,,9.0,40.0,,10.0,394.0,,,31.0,320.0,,23.0,,408.0,6.0,,,570.0,,327.0,144.0,110.0,771.0,12.0,22.0,1.0,2.0,6.0,36.0,,6.0,,46.0,0.0,4.0,16.0,4.0,6.0,,,13.0,1.0,6.0,,7.0,9.0,8.0,17.0,5.0,1.0,2.0,4.0,,11.0,7.0,15.0,11.0,18.0,1.0,,3.0,23.0,108.0,37.0,1.0,11.0,1.0,4.0,5.0,1.0,,17.0,7.0,7.0,1.0,2.0,,,,,1.0,,,2.0,3.0,3.0,,1.0,,,,,,,
cpl::Football_Player::33a38df225e24270b44c1fdfde2eb7a9,C. Mannella,Ottawa Fury,Midfielder,2022,midfielder,6,89,0,0,0,0,0,0,3,1,0,1,0,0,0,83.0,3,3.03,0,0,0,0,0,0,0,0,0,0,0,0,0,0,0,0,0,0,0,0,0,0,0,0,0,16.0,,6.0,,12.0,,7.0,3.0,5.0,,28.0,11.0,12.0,12.0,,1.0,2.0,,6.0,6.0,,,8.0,,,7.0,,10.0,32.0,,,7.0,25.0,,6.0,,34.0,1.0,,,48.0,,26.0,8.0,11.0,89.0,,2.0,,,,5.0,,3.0,,4.0,0.0,,6.0,1.0,,,,4.0,,3.0,,1.0,1.0,,,,,,,,,,2.0,,,,,,,4.0,,,1.0,,,,,,2.0,2.0,,2.0,,,,,,1.0,,,,,,,,,,,,,,
cpl::Football_Player::4d636b2222ce4dadada19f4087f42b9e,J. Assi,Montréal,Forward,2022,forward,19,789,0,2,5,0,2,2,15,11,12,9,1,0,28,75.0,12,1.37,0,0,1,0,0,0,0,0,0,0,0,0,0,0,0,0,0,0,0,0,0,0,0,0,0,123.0,12.0,58.0,9.0,97.0,2.0,47.0,2.0,45.0,,169.0,64.0,90.0,52.0,1.0,4.0,1.0,,64.0,19.0,,,81.0,,9.0,38.0,,10.0,225.0,,,52.0,167.0,,19.0,,227.0,4.0,,,430.0,,167.0,160.0,8.0,789.0,9.0,6.0,3.0,4.0,7.0,43.0,,9.0,1.0,52.0,0.0,5.0,10.0,11.0,9.0,,,18.0,,15.0,,3.0,13.0,10.0,15.0,4.0,,,2.0,,5.0,3.0,39.0,,,12.0,6.0,6.0,15.0,74.0,15.0,,16.0,2.0,2.0,,1.0,,33.0,,2.0,,6.0,2.0,,,,9.0,,,,,,,,,,,,,,
cpl::Football_Player::e87c2465a9dc45a995f2722a4997ab10,M. Bevan,Cavalry,Forward,2022,forward,12,565,3,0,17,0,8,0,4,11,14,8,1,0,37,75.0,8,1.27,0,0,1,1,0,0,0,0,0,0,0,0,0,0,0,0,0,0,0,0,0,0,0,0,0,67.0,14.0,30.0,5.0,80.0,12.0,27.0,,33.0,,86.0,19.0,48.0,20.0,1.0,,1.0,,28.0,12.0,1.0,,14.0,,3.0,15.0,,10.0,106.0,,,47.0,86.0,,12.0,,116.0,2.0,,,198.0,,76.0,55.0,30.0,565.0,1.0,4.0,1.0,2.0,32.0,21.0,,7.0,,26.0,0.0,20.0,7.0,11.0,2.0,,,6.0,,4.0,,2.0,1.0,6.0,6.0,3.0,1.0,2.0,2.0,,17.0,9.0,34.0,,,,,1.0,1.0,53.0,1.0,,6.0,,8.0,,,,15.0,1.0,4.0,1.0,1.0,,,,,8.0,,,3.0,1.0,3.0,,,1.0,1.0,,1.0,,,3.0
cpl::Football_Player::bea0467ed08a42da96f4a22d105a897d,L. Amla,FC Laval,Forward,2022,forward,9,228,0,0,3,0,1,0,3,5,4,3,0,0,30,56.0,5,1.97,0,0,0,0,0,0,0,0,0,0,0,0,0,0,0,0,0,0,0,0,0,0,0,0,0,7.0,4.0,15.0,2.0,30.0,3.0,10.0,,13.0,,19.0,8.0,20.0,12.0,,,,,14.0,9.0,,,6.0,,1.0,3.0,,10.0,29.0,,,17.0,19.0,,9.0,,34.0,1.0,,,62.0,,14.0,23.0,9.0,228.0,3.0,,1.0,,10.0,10.0,,4.0,,15.0,0.0,7.0,7.0,5.0,2.0,,,4.0,,3.0,,1.0,2.0,,3.0,1.0,,,2.0,,3.0,2.0,8.0,,,,,,,11.0,,,2.0,,1.0,,,,5.0,1.0,,,,1.0,,,,3.0,,,,,,,,,,,,,,2.0
cpl::Football_Player::6a7b9320483e458792ebd1f94a00baf0,C. Bent,Wanderers,Forward,2022,forward,19,999,2,0,9,0,6,0,8,10,21,15,1,0,50,74.0,17,1.53,17,0,0,0,0,0,0,0,0,0,0,0,0,0,0,0,0,0,0,0,0,0,0,0,0,130.0,21.0,81.0,11.0,101.0,5.0,38.0,12.0,58.0,,220.0,98.0,91.0,95.0,1.0,11.0,1.0,,93.0,19.0,,,58.0,,22.0,59.0,,10.0,291.0,,,43.0,208.0,,19.0,,301.0,9.0,,,548.0,,212.0,170.0,69.0,999.0,9.0,15.0,2.0,4.0,10.0,53.0,,15.0,1.0,66.0,0.0,5.0,8.0,10.0,10.0,,,16.0,,8.0,,8.0,16.0,11.0,16.0,7.0,1.0,1.0,7.0,,9.0,3.0,22.0,9.0,17.0,40.0,7.0,5.0,18.0,76.0,34.0,4.0,14.0,,6.0,4.0,,3.0,23.0,4.0,2.0,,,,,,,15.0,,1.0,1.0,2.0,2.0,,1.0,,,1.0,,,1.0,
cpl::Football_Player::c49f24c9d41145ed9c4bf9758b0ed6f9,J. Mason,Cavalry,Forward,2022,forward,22,1747,8,1,36,0,26,1,3,24,14,25,2,0,28,80.0,22,1.13,0,0,2,0,0,0,0,0,0,0,0,0,0,0,0,0,0,0,0,0,0,0,0,0,0,137.0,14.0,51.0,21.0,146.0,17.0,63.0,2.0,40.0,,201.0,34.0,86.0,66.0,2.0,2.0,2.0,,60.0,22.0,5.0,,42.0,,4.0,30.0,,10.0,215.0,,,106.0,199.0,,22.0,,252.0,8.0,,,476.0,,164.0,145.0,69.0,1747.0,22.0,3.0,4.0,,60.0,23.0,,18.0,,48.0,3.0,43.0,1.0,24.0,10.0,,,5.0,,3.0,,2.0,4.0,13.0,16.0,3.0,5.0,3.0,7.0,,36.0,10.0,107.0,,,2.0,,2.0,13.0,107.0,13.0,,14.0,1.0,26.0,,1.0,,38.0,15.0,9.0,,2.0,1.0,,,,25.0,,,7.0,4.0,8.0,2.0,1.0,1.0,1.0,,,,,5.0
cpl::Football_Player::2d8cec65b1bb4b20872a91ac73584d29,A. Musse,Cavalry,Forward,2022,forward,29,2137,7,3,53,0,27,3,19,23,46,3,4,0,48,80.0,29,1.22,47,0,2,0,0,0,0,0,0,0,0,0,0,0,0,0,0,0,0,0,0,0,0,0,0,312.0,46.0,106.0,24.0,301.0,19.0,141.0,23.0,140.0,,407.0,117.0,262.0,119.0,4.0,11.0,2.0,,145.0,29.0,,,152.0,,24.0,95.0,,10.0,498.0,,,161.0,384.0,,29.0,,513.0,2.0,,,1076.0,,394.0,345.0,94.0,2137.0,19.0,7.0,5.0,,39.0,121.0,,24.0,,99.0,3.0,20.0,5.0,23.0,13.0,,,32.0,,19.0,,13.0,43.0,25.0,44.0,29.0,4.0,3.0,15.0,,53.0,26.0,84.0,27.0,47.0,11.0,,24.0,24.0,150.0,63.0,17.0,43.0,3.0,27.0,1.0,2.0,6.0,97.0,16.0,18.0,6.0,6.0,,,,,3.0,,1.0,3.0,1.0,7.0,,4.0,6.0,,,,,1.0,4.0
cpl::Football_Player::290f058a65584ba487f5fe64d0f7bebd,G. Smith-Doyle,Cavalry,Forward,2022,forward,5,43,0,0,2,0,2,0,1,1,0,0,1,0,50,60.0,0,0.0,0,0,0,0,0,0,0,0,0,0,0,0,0,0,0,0,0,0,0,0,0,0,0,0,0,3.0,,4.0,,6.0,1.0,2.0,,3.0,,6.0,3.0,4.0,3.0,1.0,,,,5.0,5.0,,,2.0,,1.0,4.0,,10.0,10.0,,,3.0,6.0,,5.0,,10.0,,,,23.0,,6.0,12.0,2.0,43.0,2.0,,,,2.0,2.0,,,,4.0,0.0,1.0,5.0,1.0,,,,2.0,,1.0,,1.0,,,3.0,1.0,,,1.0,,2.0,,2.0,,,,,,2.0,3.0,2.0,,1.0,,2.0,,,,1.0,,1.0,,,,,,,,,,,,,,,,,,,,,
cpl::Football_Player::3b722a31cec745c3be4c298eeeee5dbc,A. Marshsall,Wanderers,Forward,2022,forward,18,709,0,0,11,0,4,0,11,11,11,0,0,0,35,76.0,12,1.52,2,0,1,0,0,0,0,0,0,0,0,0,0,0,0,0,0,0,0,0,0,0,0,0,0,110.0,11.0,52.0,8.0,112.0,7.0,54.0,10.0,45.0,,164.0,74.0,92.0,55.0,,3.0,3.0,,49.0,18.0,1.0,,53.0,,13.0,30.0,,10.0,212.0,,,67.0,154.0,,18.0,,216.0,2.0,,,383.0,,160.0,132.0,45.0,709.0,6.0,10.0,,1.0,20.0,38.0,,12.0,,42.0,0.0,13.0,10.0,11.0,6.0,,,14.0,,11.0,,3.0,13.0,8.0,15.0,6.0,,,3.0,,11.0,7.0,18.0,1.0,2.0,3.0,,1.0,9.0,44.0,10.0,1.0,19.0,,4.0,2.0,,,41.0,1.0,5.0,,,,,,,,,,,,,,,,,1.0,,,,
cpl::Football_Player::4a3790eed104423781b21001cbce69e9,A. García,Wanderers,Forward,2022,forward,13,689,4,0,13,0,8,0,3,18,5,6,1,0,35,81.0,11,1.44,0,0,0,3,3,0,0,0,0,0,0,0,0,0,0,0,0,0,0,0,0,0,0,0,0,74.0,5.0,29.0,8.0,69.0,6.0,37.0,4.0,21.0,,117.0,19.0,52.0,43.0,1.0,1.0,1.0,,24.0,13.0,,,32.0,,5.0,19.0,,10.0,130.0,,,48.0,113.0,,13.0,,146.0,2.0,,,244.0,,101.0,78.0,32.0,689.0,,4.0,1.0,1.0,17.0,15.0,,10.0,,25.0,1.0,11.0,5.0,18.0,7.0,,,6.0,,3.0,,3.0,4.0,2.0,8.0,5.0,4.0,0.0,7.0,,13.0,5.0,23.0,,,,,,,63.0,,,5.0,,8.0,,,,20.0,2.0,6.0,,,2.0,,,,6.0,,,4.0,3.0,4.0,,,1.0,,,3.0,3.0,,1.0
cpl::Football_Player::751e68a27d374a64b9646c08102f6daf,João Morelli,Wanderers,Forward,2022,forward,2,180,1,0,10,0,7,0,2,2,0,0,0,0,0,74.0,1,0.5,3,0,1,1,1,0,0,0,0,0,0,0,0,0,0,0,0,0,0,0,0,0,0,0,0,29.0,,14.0,2.0,16.0,,8.0,4.0,4.0,,38.0,21.0,12.0,10.0,,2.0,,,15.0,2.0,1.0,,5.0,,2.0,4.0,,10.0,48.0,,,12.0,34.0,,2.0,,52.0,,,,97.0,,34.0,31.0,12.0,180.0,2.0,3.0,,,4.0,4.0,,1.0,,11.0,1.0,4.0,,2.0,,,,2.0,,2.0,,,2.0,1.0,6.0,3.0,0.0,1.0,1.0,,10.0,3.0,7.0,1.0,3.0,1.0,,1.0,2.0,14.0,3.0,1.0,3.0,,7.0,,,,3.0,1.0,,,,,,,,,,,1.0,1.0,1.0,,,,,,1.0,1.0,,
cpl::Football_Player::546d921891c342b2981014c8f5b1076d,E. Samb,Ottawa Fury,Forward,2022,forward,9,431,1,0,7,0,2,0,3,9,11,2,1,0,63,77.0,6,1.25,0,0,0,0,0,0,0,0,0,0,0,0,0,0,0,0,0,0,0,0,0,0,0,0,0,45.0,11.0,24.0,5.0,57.0,7.0,24.0,3.0,29.0,,79.0,19.0,46.0,35.0,1.0,2.0,,,22.0,9.0,,,17.0,,6.0,12.0,,10.0,97.0,,,28.0,76.0,,9.0,,103.0,3.0,,,194.0,,73.0,60.0,28.0,431.0,2.0,2.0,2.0,1.0,11.0,22.0,,4.0,,22.0,1.0,4.0,4.0,9.0,5.0,,,7.0,,3.0,,4.0,4.0,1.0,8.0,4.0,0.0,1.0,5.0,,7.0,5.0,12.0,,,2.0,,1.0,3.0,39.0,4.0,,6.0,,2.0,,,,16.0,3.0,3.0,,1.0,1.0,,,,2.0,,,1.0,,1.0,,,1.0,,,,,,2.0
cpl::Football_Player::fb2fbc059914452eb9a95cd309d66335,G. Ntignee,Cavalry,Forward,2022,forward,2,13,0,0,0,0,0,0,0,0,1,0,0,0,100,43.0,0,0.0,0,0,0,0,0,0,0,0,0,0,0,0,0,0,0,0,0,0,0,0,0,0,0,0,0,3.0,1.0,4.0,,3.0,1.0,1.0,,2.0,,3.0,1.0,2.0,,,,,,4.0,2.0,,,4.0,,,,,10.0,7.0,,,1.0,3.0,,2.0,,7.0,,,,14.0,,3.0,6.0,,13.0,,,,,1.0,1.0,,,,4.0,0.0,,2.0,,,,,,,,,,,,3.0,3.0,,,,,,,6.0,,,,1.0,,,2.0,,,1.0,,,,,,1.0,,,,,,,,,,,,,,,,,,,,,,,
cpl::Football_Player::37534b784b5645618118b6cc3a2616e3,R. Robinson,Wanderers,Forward,2022,forward,18,400,0,0,5,0,3,0,3,8,2,1,0,0,26,75.0,6,1.35,2,0,1,0,0,0,0,0,0,0,0,0,0,0,0,0,0,0,0,0,0,0,0,0,0,50.0,2.0,27.0,2.0,60.0,4.0,28.0,3.0,21.0,,78.0,25.0,45.0,28.0,,1.0,1.0,,26.0,18.0,,,21.0,,6.0,16.0,,10.0,98.0,,,39.0,75.0,,18.0,,105.0,,,,197.0,,71.0,71.0,24.0,400.0,3.0,1.0,1.0,,15.0,17.0,,5.0,,26.0,0.0,11.0,16.0,8.0,2.0,,,4.0,,3.0,,1.0,11.0,3.0,11.0,7.0,,,3.0,,5.0,2.0,12.0,1.0,2.0,2.0,,,3.0,35.0,5.0,,7.0,,3.0,,,,16.0,1.0,,,,1.0,,,,1.0,,,,,,,,,,,,,,1.0
cpl::Football_Player::91a915f684dc4b769c0cf45719f2a87e,M. Bustos,Pacific,Forward,2022,forward,30,2404,2,6,38,0,24,6,18,20,45,4,4,0,40,85.0,31,1.16,47,0,3,1,0,0,0,0,0,0,0,0,0,0,0,0,0,0,0,0,0,0,0,0,0,619.0,45.0,161.0,27.0,245.0,10.0,103.0,47.0,127.0,,874.0,258.0,220.0,282.0,4.0,13.0,3.0,,212.0,30.0,6.0,,315.0,,26.0,125.0,,10.0,983.0,,,118.0,827.0,,30.0,,1035.0,3.0,,,1570.0,,829.0,368.0,132.0,2404.0,23.0,42.0,7.0,11.0,25.0,117.0,,24.0,1.0,119.0,2.0,15.0,3.0,20.0,7.0,,,33.0,,18.0,,15.0,39.0,29.0,36.0,18.0,2.0,0.0,11.0,,38.0,14.0,79.0,30.0,47.0,36.0,1.0,27.0,28.0,330.0,77.0,12.0,36.0,6.0,24.0,6.0,6.0,1.0,73.0,22.0,4.0,1.0,11.0,1.0,,,,4.0,,1.0,1.0,,2.0,1.0,1.0,1.0,,,1.0,,,
cpl::Football_Player::d86703b2ff12429489e4c885d14997b8,C. Smith,Edmonton,Forward,2022,forward,21,596,2,1,8,0,3,1,19,16,17,4,4,1,53,70.0,13,1.96,0,0,0,0,0,0,0,0,0,0,0,0,0,0,0,0,0,0,0,0,0,0,0,0,0,77.0,17.0,50.0,5.0,151.0,8.0,72.0,10.0,72.0,,112.0,52.0,136.0,41.0,4.0,11.0,2.0,,57.0,21.0,,,50.0,,8.0,52.0,,10.0,160.0,,,79.0,102.0,,21.0,,162.0,1.0,,,403.0,,110.0,161.0,18.0,596.0,11.0,10.0,1.0,3.0,15.0,64.0,,12.0,3.0,40.0,0.0,7.0,16.0,16.0,5.0,,,27.0,,19.0,2.0,8.0,21.0,5.0,24.0,14.0,1.0,1.0,7.0,,8.0,5.0,37.0,,,7.0,,6.0,15.0,42.0,15.0,,30.0,1.0,3.0,,1.0,,50.0,,,,6.0,1.0,1.0,1.0,,4.0,,,2.0,1.0,2.0,,,1.0,,,,,,
cpl::Football_Player::df0de20d12274b3d9549323a3547572b,J. Heard,Pacific,Forward,2022,forward,27,2103,6,3,22,0,11,3,24,40,48,11,7,0,20,72.0,23,0.98,3,0,0,0,0,0,0,0,0,0,0,0,0,0,0,0,0,0,0,0,0,0,0,0,0,212.0,48.0,122.0,24.0,211.0,4.0,94.0,8.0,101.0,,311.0,119.0,191.0,102.0,7.0,10.0,2.0,,121.0,27.0,4.0,,56.0,,28.0,85.0,,10.0,421.0,,,110.0,303.0,,27.0,,433.0,13.0,,,765.0,,299.0,242.0,100.0,2103.0,13.0,23.0,3.0,16.0,20.0,97.0,,20.0,1.0,99.0,3.0,16.0,3.0,40.0,11.0,,,31.0,,24.0,,7.0,18.0,10.0,31.0,14.0,3.0,3.0,19.0,,22.0,11.0,54.0,,3.0,14.0,2.0,3.0,27.0,158.0,27.0,,20.0,3.0,11.0,1.0,3.0,,45.0,3.0,6.0,3.0,3.0,2.0,,,,11.0,,2.0,5.0,4.0,6.0,,1.0,2.0,,,,,,
cpl::Football_Player::04cd976c461148d79ab8cafc0bf69c62,D. Choinière,Forge,Forward,2022,forward,29,1944,6,4,27,0,18,4,26,18,28,8,2,0,50,85.0,17,0.79,13,0,1,0,0,0,0,0,0,0,0,0,0,0,0,0,0,0,0,0,0,0,0,0,0,551.0,28.0,131.0,23.0,241.0,3.0,122.0,13.0,116.0,,719.0,160.0,235.0,181.0,2.0,5.0,,,174.0,29.0,1.0,,275.0,,21.0,94.0,,10.0,843.0,,,125.0,706.0,,29.0,,850.0,4.0,,,1333.0,,712.0,354.0,100.0,1944.0,37.0,16.0,1.0,4.0,6.0,113.0,,16.0,1.0,115.0,1.0,3.0,6.0,18.0,17.0,,,42.0,,26.0,,16.0,43.0,27.0,60.0,23.0,3.0,3.0,11.0,,27.0,9.0,137.0,6.0,13.0,20.0,1.0,13.0,58.0,315.0,64.0,1.0,47.0,4.0,18.0,3.0,4.0,,84.0,11.0,8.0,1.0,12.0,,,,,8.0,,,6.0,3.0,6.0,1.0,,2.0,,1.0,,,,1.0
cpl::Football_Player::55dd391822fa4ee9a317707f26e1ddc9,C. Nanco,Forge,Forward,2022,forward,8,209,0,0,1,0,1,0,4,6,6,1,0,0,0,74.0,3,1.29,3,0,0,0,0,0,0,0,0,0,0,0,0,0,0,0,0,0,0,0,0,0,0,0,0,42.0,6.0,22.0,1.0,40.0,,25.0,1.0,13.0,,61.0,28.0,38.0,19.0,,,,,26.0,8.0,,,12.0,,5.0,8.0,,10.0,80.0,,,27.0,60.0,,8.0,,83.0,2.0,,,161.0,,58.0,61.0,18.0,209.0,3.0,4.0,1.0,2.0,2.0,13.0,,2.0,1.0,18.0,0.0,2.0,7.0,6.0,1.0,,,5.0,,4.0,,1.0,2.0,1.0,5.0,,0.0,0.0,2.0,,1.0,,11.0,2.0,3.0,15.0,6.0,,7.0,25.0,9.0,,7.0,,1.0,,,,19.0,2.0,1.0,,,,,,,1.0,,,,,,,,,,,,,,
cpl::Football_Player::3b19fa7fb1064556a2c16b457a82a603,D. Daniels,Pacific,Forward,2022,forward,23,956,3,0,13,0,7,0,17,29,13,4,6,0,42,70.0,14,1.32,0,0,0,0,0,0,0,0,0,0,0,0,0,0,0,0,0,0,0,0,0,0,0,0,0,88.0,13.0,55.0,12.0,172.0,16.0,87.0,4.0,63.0,,123.0,42.0,134.0,35.0,6.0,4.0,3.0,,45.0,23.0,,,41.0,,14.0,40.0,,10.0,172.0,,,109.0,119.0,,23.0,,178.0,4.0,,,382.0,,117.0,138.0,30.0,956.0,3.0,5.0,2.0,2.0,38.0,47.0,,12.0,,50.0,2.0,22.0,11.0,29.0,11.0,,,25.0,,17.0,,8.0,10.0,6.0,23.0,15.0,1.0,2.0,18.0,,13.0,6.0,31.0,,,,,,4.0,65.0,4.0,,15.0,,7.0,1.0,,,47.0,3.0,13.0,1.0,,,,,,4.0,,,2.0,,3.0,,1.0,3.0,,,,,,3.0
cpl::Football_Player::982a96a792e04404805090a131cb95df,T. Campbell,Vancouver FC,Forward,2022,forward,29,1428,6,4,19,0,13,4,12,18,17,12,2,0,32,83.0,14,0.88,0,0,0,1,0,0,0,0,0,0,0,0,0,0,0,0,0,0,0,0,0,0,0,0,0,259.0,17.0,75.0,16.0,146.0,9.0,73.0,11.0,54.0,,350.0,87.0,118.0,95.0,2.0,7.0,,,72.0,29.0,,,109.0,,9.0,60.0,,10.0,415.0,,,92.0,339.0,,29.0,,425.0,6.0,,,678.0,,340.0,187.0,74.0,1428.0,12.0,4.0,2.0,1.0,28.0,45.0,,12.0,2.0,71.0,2.0,19.0,13.0,18.0,12.0,,,17.0,,12.0,,5.0,11.0,15.0,22.0,10.0,4.0,2.0,11.0,,19.0,6.0,72.0,,,2.0,,4.0,6.0,155.0,6.0,,20.0,4.0,13.0,1.0,2.0,,43.0,8.0,10.0,,4.0,,,,,12.0,,,6.0,1.0,6.0,1.0,,4.0,,,1.0,,,3.0
cpl::Football_Player::8d395d0de4314a759dc733bec944bbe2,L. Mwandwe,Wanderers,Forward,2022,forward,12,696,0,0,17,0,6,0,6,5,24,3,0,0,35,75.0,8,1.03,1,0,1,0,0,0,0,0,0,0,0,0,0,0,0,0,0,0,0,0,0,0,0,0,0,60.0,24.0,28.0,8.0,88.0,6.0,30.0,1.0,47.0,,81.0,24.0,71.0,22.0,,3.0,,,38.0,12.0,,,26.0,,6.0,19.0,,10.0,103.0,,,41.0,80.0,,12.0,,109.0,3.0,,,265.0,,75.0,94.0,29.0,696.0,7.0,1.0,,1.0,17.0,41.0,,8.0,,27.0,0.0,11.0,4.0,5.0,7.0,,,10.0,,6.0,,4.0,7.0,6.0,9.0,3.0,,,1.0,,17.0,11.0,41.0,,1.0,1.0,,1.0,16.0,30.0,16.0,,9.0,,6.0,,,,22.0,3.0,2.0,1.0,1.0,,,,,3.0,,4.0,,,,,,,,,,,,
cpl::Football_Player::3ec3689202904ef38942e9a374e4f6a8,M. Kane,York,Forward,2022,forward,18,368,0,0,2,0,0,0,7,3,5,5,1,0,28,70.0,6,1.47,0,0,0,0,0,0,0,0,0,0,0,0,0,0,0,0,0,0,0,0,0,0,0,0,0,49.0,5.0,32.0,2.0,47.0,4.0,15.0,7.0,22.0,,72.0,30.0,33.0,27.0,1.0,,1.0,,30.0,18.0,,,24.0,,4.0,15.0,,10.0,104.0,,,25.0,65.0,,18.0,,104.0,4.0,,,168.0,,72.0,52.0,22.0,368.0,,3.0,1.0,,14.0,18.0,,5.0,,29.0,0.0,10.0,16.0,3.0,3.0,,,12.0,,7.0,,5.0,2.0,5.0,11.0,4.0,,,3.0,,2.0,2.0,5.0,,,3.0,,4.0,2.0,28.0,2.0,,3.0,,,,,,6.0,2.0,3.0,,4.0,,,,,5.0,,,,,,,,,,,,,,
cpl::Football_Player::7c7c78f8a9b24353a2c2418452327dab,Kévin Santos,Atlético,Forward,2022,forward,14,911,0,1,10,0,6,1,10,13,17,4,2,0,60,83.0,17,1.68,2,0,0,0,0,0,0,0,0,0,0,0,0,0,0,0,0,0,0,0,0,0,0,0,0,155.0,17.0,47.0,11.0,126.0,6.0,68.0,9.0,54.0,,220.0,54.0,116.0,67.0,2.0,5.0,3.0,,48.0,14.0,,,47.0,,9.0,45.0,,10.0,260.0,,,72.0,211.0,,14.0,,267.0,4.0,,,461.0,,214.0,132.0,84.0,911.0,4.0,9.0,1.0,3.0,10.0,48.0,,16.0,,38.0,0.0,4.0,3.0,13.0,12.0,,,18.0,,10.0,1.0,8.0,13.0,9.0,15.0,9.0,,,6.0,,10.0,4.0,32.0,1.0,2.0,3.0,,2.0,8.0,82.0,10.0,,26.0,1.0,6.0,1.0,1.0,,41.0,2.0,4.0,,2.0,,,,,4.0,,,,,,,,,,,,,,
cpl::Football_Player::f35e8387775841209e2b83c588cc5c52,J. Hamilton,Forge,Forward,2022,forward,12,312,1,0,8,0,2,0,2,7,7,1,0,0,50,80.0,4,1.15,0,0,1,0,0,0,0,0,0,0,0,0,0,0,0,0,0,0,0,0,0,0,0,0,0,31.0,7.0,14.0,2.0,43.0,4.0,23.0,,16.0,,55.0,7.0,35.0,24.0,,1.0,,,13.0,12.0,,,19.0,,1.0,15.0,,10.0,64.0,,,27.0,55.0,,12.0,,69.0,2.0,,,129.0,,50.0,40.0,15.0,312.0,1.0,1.0,,1.0,8.0,12.0,,4.0,,13.0,0.0,4.0,10.0,7.0,2.0,,,2.0,,2.0,,,3.0,2.0,,,0.0,1.0,1.0,,8.0,6.0,12.0,,,,,,,28.0,,,9.0,,2.0,1.0,,1.0,16.0,1.0,3.0,,,,,,,1.0,,,1.0,,1.0,,,1.0,,,,,,
cpl::Football_Player::3e4a7c1ba82c479793557ba421ea6743,K. Poku,Forge,Forward,2022,forward,20,1067,1,0,7,0,3,0,13,20,11,5,6,0,65,81.0,9,0.76,2,0,1,0,0,0,0,0,0,0,0,0,0,0,0,0,0,0,0,0,0,0,0,0,0,266.0,11.0,102.0,10.0,155.0,13.0,74.0,23.0,74.0,,415.0,177.0,135.0,153.0,6.0,10.0,,,99.0,20.0,2.0,,37.0,,30.0,67.0,,10.0,507.0,,,81.0,392.0,,20.0,,517.0,13.0,,,873.0,,406.0,229.0,193.0,1067.0,5.0,21.0,1.0,6.0,20.0,61.0,,8.0,3.0,81.0,1.0,7.0,10.0,20.0,3.0,,,20.0,,13.0,,7.0,30.0,9.0,27.0,7.0,1.0,0.0,10.0,,7.0,4.0,28.0,2.0,2.0,100.0,18.0,4.0,24.0,110.0,27.0,,29.0,,3.0,,,,47.0,3.0,,4.0,4.0,1.0,,,,5.0,1.0,,,,1.0,,1.0,1.0,,,,,,
cpl::Football_Player::4677d430ee38453e9a424d4e8c1cc96b,T. Borges,Forge,Forward,2022,forward,26,2066,6,8,29,0,15,8,21,29,29,10,7,0,22,79.0,19,0.83,79,0,2,1,1,0,0,0,0,0,0,0,0,0,0,0,0,0,0,0,0,0,0,0,0,380.0,29.0,139.0,24.0,261.0,2.0,154.0,20.0,100.0,,522.0,160.0,252.0,171.0,7.0,15.0,,,193.0,26.0,3.0,,116.0,,21.0,117.0,,10.0,623.0,,,161.0,502.0,,26.0,,661.0,6.0,,,1179.0,,484.0,395.0,158.0,2066.0,29.0,26.0,2.0,10.0,9.0,98.0,,17.0,1.0,113.0,1.0,7.0,2.0,29.0,17.0,,,37.0,,21.0,,16.0,32.0,35.0,43.0,22.0,3.0,3.0,20.0,,29.0,14.0,99.0,34.0,79.0,9.0,1.0,29.0,33.0,227.0,75.0,16.0,58.0,8.0,15.0,4.0,7.0,7.0,104.0,9.0,15.0,1.0,11.0,3.0,,,,10.0,,2.0,6.0,3.0,6.0,,,3.0,,,1.0,1.0,,1.0
cpl::Football_Player::fba3134832e445b5824410919421b981,M. Petrasso,Montréal,Forward,2022,forward,13,437,0,0,4,0,3,0,2,3,7,1,0,0,0,79.0,7,1.44,10,0,0,0,0,0,0,0,0,0,0,0,0,0,0,0,0,0,0,0,0,0,0,0,0,100.0,7.0,32.0,5.0,42.0,,22.0,3.0,19.0,,114.0,49.0,41.0,20.0,,1.0,2.0,,49.0,13.0,,,18.0,,6.0,15.0,,10.0,137.0,,,23.0,111.0,,13.0,,146.0,3.0,,,249.0,,107.0,87.0,39.0,437.0,9.0,6.0,1.0,,1.0,19.0,,6.0,,26.0,0.0,1.0,8.0,3.0,5.0,,,4.0,,2.0,,2.0,8.0,9.0,9.0,1.0,,,,,4.0,1.0,10.0,3.0,10.0,5.0,,6.0,20.0,40.0,23.0,1.0,11.0,,3.0,2.0,,,17.0,1.0,,,5.0,,,,,1.0,,,,,,,,,,,,,,
cpl::Football_Player::35d0ca7d8f584e1394eae459d614903f,V. Moragrega,Atlético,Forward,2022,forward,23,694,1,0,13,0,3,0,11,31,15,6,5,0,44,75.0,10,1.3,1,0,0,1,1,0,0,0,0,0,0,0,0,0,0,0,0,0,0,0,0,0,0,0,0,74.0,15.0,36.0,6.0,162.0,28.0,58.0,1.0,69.0,,106.0,22.0,99.0,32.0,5.0,3.0,2.0,,35.0,23.0,,,31.0,,6.0,22.0,,10.0,126.0,,,93.0,105.0,,23.0,,142.0,4.0,,,306.0,,90.0,94.0,31.0,694.0,4.0,2.0,4.0,2.0,63.0,41.0,,6.0,,34.0,0.0,35.0,17.0,31.0,6.0,,,22.0,,11.0,,11.0,4.0,6.0,13.0,5.0,1.0,0.0,14.0,,13.0,10.0,35.0,,1.0,,,,5.0,58.0,5.0,,8.0,,3.0,,,,21.0,3.0,5.0,3.0,,3.0,,,,6.0,,,1.0,1.0,1.0,,,,,,1.0,1.0,,2.0
cpl::Football_Player::f1b45254e2da46e483a7ba470a8becc5,L. Lawrie-Lattanzio,York,Forward,2022,forward,12,562,2,1,7,0,2,1,15,10,11,0,3,0,77,72.0,11,1.76,0,0,1,0,0,0,0,0,0,0,0,0,0,0,0,0,0,0,0,0,0,0,0,0,0,68.0,11.0,53.0,6.0,102.0,7.0,49.0,7.0,51.0,,131.0,60.0,93.0,65.0,3.0,5.0,2.0,,48.0,12.0,,,13.0,,18.0,37.0,,10.0,179.0,,,51.0,124.0,,12.0,,184.0,9.0,,,378.0,,126.0,119.0,63.0,562.0,,11.0,1.0,7.0,9.0,44.0,,10.0,3.0,42.0,1.0,2.0,6.0,10.0,5.0,,,25.0,,15.0,,10.0,8.0,6.0,14.0,9.0,1.0,1.0,6.0,,7.0,5.0,23.0,,,36.0,8.0,2.0,13.0,48.0,13.0,,10.0,1.0,2.0,1.0,1.0,,21.0,3.0,,2.0,2.0,,,,,,,,2.0,2.0,2.0,,,,,,,,,
cpl::Football_Player::c8dce536cf5f4f02be8d2f7ba48e6929,A. Riggi,Wanderers,Forward,2022,forward,22,909,3,1,11,0,7,1,11,17,13,3,4,1,50,77.0,14,1.39,2,0,0,0,0,0,0,0,0,0,0,0,0,0,0,0,0,0,0,0,0,0,0,0,0,155.0,13.0,72.0,10.0,119.0,4.0,58.0,7.0,57.0,,238.0,100.0,111.0,85.0,4.0,5.0,1.0,,75.0,22.0,,,38.0,,14.0,45.0,,10.0,308.0,,,62.0,231.0,,22.0,,310.0,5.0,,,502.0,,236.0,140.0,93.0,909.0,8.0,18.0,3.0,7.0,8.0,53.0,,11.0,1.0,54.0,1.0,4.0,12.0,17.0,10.0,,,24.0,,11.0,,13.0,16.0,9.0,17.0,7.0,0.0,3.0,10.0,,11.0,4.0,28.0,1.0,2.0,11.0,,2.0,15.0,79.0,17.0,1.0,15.0,1.0,7.0,4.0,1.0,,26.0,3.0,4.0,,1.0,,,1.0,1.0,3.0,,,3.0,2.0,3.0,,,1.0,,,,,,1.0
cpl::Football_Player::31115f5131a74426969fd8573af2d8b9,B. Wright,Forge,Forward,2022,forward,28,1433,7,2,24,0,15,2,3,13,31,7,2,0,47,57.0,17,1.07,0,0,0,1,1,0,0,0,0,0,0,0,0,0,0,0,0,0,0,0,0,0,0,0,0,91.0,31.0,117.0,19.0,182.0,45.0,45.0,1.0,87.0,,155.0,77.0,87.0,67.0,2.0,1.0,3.0,,102.0,28.0,,,47.0,,20.0,22.0,,10.0,245.0,,,95.0,154.0,,28.0,,272.0,12.0,,,501.0,,128.0,212.0,64.0,1433.0,7.0,5.0,1.0,4.0,95.0,42.0,,16.0,,112.0,2.0,50.0,9.0,13.0,18.0,,,7.0,,3.0,,4.0,6.0,14.0,26.0,9.0,2.0,5.0,6.0,,24.0,9.0,61.0,,,,,3.0,5.0,84.0,5.0,,21.0,2.0,15.0,1.0,2.0,,34.0,1.0,16.0,2.0,3.0,1.0,,,,7.0,,,7.0,6.0,7.0,,,1.0,,,1.0,1.0,,5.0
cpl::Football_Player::a63da4a535904f639ece3007ff800854,Gabriel Bitar,York,Forward,2022,forward,21,1695,5,1,26,0,15,1,29,18,30,1,2,0,27,72.0,37,1.96,2,0,3,0,0,0,0,0,0,0,0,0,0,0,0,0,0,0,0,0,0,0,0,0,0,177.0,30.0,121.0,19.0,244.0,5.0,107.0,33.0,124.0,,307.0,144.0,226.0,130.0,2.0,15.0,5.0,,104.0,21.0,2.0,,80.0,,21.0,103.0,,10.0,414.0,,,120.0,274.0,,21.0,,428.0,9.0,,,779.0,,293.0,246.0,119.0,1695.0,8.0,43.0,5.0,4.0,18.0,119.0,,32.0,1.0,78.0,0.0,13.0,2.0,18.0,6.0,,,47.0,,29.0,,18.0,42.0,10.0,18.0,12.0,3.0,2.0,8.0,,26.0,11.0,35.0,1.0,2.0,3.0,1.0,,2.0,85.0,4.0,,37.0,1.0,15.0,3.0,1.0,3.0,68.0,9.0,1.0,4.0,,,,,,1.0,,,1.0,5.0,5.0,,4.0,,,,,,1.0,
cpl::Football_Player::f4e2571b0ddc4aeba7c216a90a26ea34,K. Habibullah,Whitecaps,Forward,2022,forward,16,658,0,2,6,0,3,2,8,8,19,1,1,0,25,88.0,7,0.96,13,0,0,0,0,0,0,0,0,0,0,0,0,0,0,0,0,0,0,0,0,0,0,0,0,128.0,19.0,28.0,8.0,98.0,1.0,46.0,4.0,49.0,,193.0,40.0,94.0,69.0,1.0,2.0,,,39.0,16.0,,,26.0,,5.0,38.0,,10.0,213.0,,,49.0,189.0,,16.0,,221.0,1.0,,,373.0,,187.0,95.0,76.0,658.0,6.0,5.0,2.0,1.0,4.0,48.0,,5.0,,23.0,0.0,3.0,8.0,8.0,8.0,,,14.0,,8.0,,6.0,15.0,11.0,11.0,6.0,0.0,0.0,5.0,,6.0,3.0,24.0,9.0,13.0,2.0,,4.0,5.0,79.0,16.0,3.0,11.0,2.0,3.0,1.0,2.0,1.0,27.0,5.0,4.0,,1.0,,,,,1.0,,,,,,,,,,,,,,
cpl::Football_Player::814c1c9c8c204da3a3cdc05ff7552b18,B. Forbes,Valour,Forward,2022,forward,12,540,2,1,8,0,5,1,3,4,4,2,1,0,14,75.0,8,1.33,8,0,0,0,0,0,0,0,0,0,0,0,0,0,0,0,0,0,0,0,0,0,0,0,0,70.0,4.0,31.0,6.0,56.0,1.0,27.0,4.0,23.0,,90.0,36.0,49.0,27.0,1.0,,2.0,,46.0,12.0,,,45.0,,4.0,18.0,,10.0,118.0,,,33.0,86.0,,12.0,,121.0,3.0,,,239.0,,88.0,85.0,14.0,540.0,6.0,6.0,1.0,1.0,7.0,22.0,,7.0,,25.0,0.0,6.0,6.0,4.0,6.0,,,6.0,,3.0,,3.0,12.0,10.0,10.0,4.0,1.0,1.0,1.0,,8.0,3.0,29.0,7.0,8.0,4.0,,7.0,12.0,26.0,19.0,1.0,11.0,1.0,5.0,1.0,1.0,,21.0,1.0,4.0,,6.0,,,,,2.0,,,2.0,1.0,2.0,1.0,,,,,,,,
cpl::Football_Player::41d0f411d33949359fd8e13884639ba0,B. Tabla,Atlético,Forward,2022,forward,30,2297,7,4,44,0,21,4,22,32,53,10,5,0,36,80.0,26,1.02,3,0,3,1,1,0,0,0,0,0,0,0,0,0,0,0,0,0,0,0,0,0,0,0,0,319.0,53.0,112.0,28.0,310.0,11.0,125.0,18.0,166.0,,427.0,175.0,280.0,118.0,5.0,11.0,5.0,,106.0,30.0,3.0,,134.0,,24.0,106.0,,10.0,532.0,,,144.0,409.0,,30.0,,539.0,3.0,,,1022.0,,421.0,295.0,78.0,2297.0,17.0,16.0,6.0,4.0,30.0,155.0,,20.0,,96.0,3.0,19.0,2.0,32.0,20.0,,,36.0,,22.0,,14.0,66.0,25.0,31.0,13.0,3.0,4.0,17.0,,44.0,23.0,123.0,,3.0,10.0,2.0,10.0,18.0,152.0,18.0,,50.0,4.0,21.0,6.0,4.0,,83.0,19.0,5.0,,10.0,5.0,,,,10.0,,,5.0,5.0,7.0,,2.0,2.0,,,1.0,1.0,,2.0
cpl::Football_Player::a96eb3025e23467ca33277ae9c86f369,S. Salter,Atlético,Forward,2022,forward,27,1840,11,0,42,0,22,0,9,32,22,10,0,1,47,73.0,26,1.27,1,0,2,6,6,0,0,0,0,0,0,0,0,0,0,0,0,0,0,0,0,0,0,0,0,229.0,22.0,130.0,20.0,228.0,35.0,89.0,13.0,101.0,,342.0,96.0,155.0,116.0,,7.0,1.0,,109.0,27.0,3.0,,146.0,,29.0,63.0,,10.0,465.0,,,127.0,329.0,,27.0,,472.0,13.0,,,793.0,,335.0,261.0,75.0,1840.0,7.0,9.0,3.0,2.0,73.0,66.0,,23.0,1.0,121.0,4.0,38.0,7.0,32.0,12.0,,,20.0,,9.0,,11.0,24.0,17.0,28.0,10.0,6.0,5.0,7.0,,42.0,20.0,109.0,,1.0,,,3.0,8.0,155.0,8.0,,23.0,,22.0,,,,52.0,9.0,14.0,2.0,3.0,5.0,,1.0,1.0,10.0,,2.0,11.0,1.0,11.0,1.0,,9.0,,,6.0,6.0,,3.0
cpl::Football_Player::01e4dc8e491d40f5aa24f147fe23b6e1,Oliver Minatel,Cavalry,Forward,2022,forward,6,175,1,0,3,0,3,0,3,3,4,1,0,0,0,78.0,0,0.0,0,0,0,0,0,0,0,0,0,0,0,0,0,0,0,0,0,0,0,0,0,0,0,0,0,25.0,4.0,11.0,3.0,19.0,,4.0,1.0,12.0,,38.0,13.0,16.0,13.0,,3.0,,,10.0,6.0,,,9.0,,1.0,10.0,,10.0,49.0,,,7.0,37.0,,6.0,,49.0,1.0,,,85.0,,38.0,19.0,12.0,175.0,1.0,1.0,,,3.0,12.0,,,,10.0,1.0,3.0,3.0,3.0,3.0,,,6.0,,3.0,,3.0,2.0,,2.0,2.0,1.0,0.0,3.0,,3.0,,6.0,,,,,,,15.0,,,1.0,,3.0,,,,1.0,1.0,3.0,,,,,,,1.0,,,1.0,,1.0,1.0,,,,,,,,
cpl::Football_Player::6b48ced0357d4fd4a50e8ba77b6784d8,T. Warschewski,Cavalry,Forward,2022,forward,23,1679,7,4,38,0,22,4,20,23,66,5,2,0,50,72.0,35,1.88,22,0,0,3,3,0,0,0,0,0,0,0,0,0,0,0,0,0,0,0,0,0,0,0,0,250.0,66.0,132.0,19.0,402.0,43.0,163.0,30.0,197.0,,330.0,152.0,317.0,94.0,2.0,10.0,7.0,,177.0,23.0,1.0,,116.0,,16.0,100.0,,10.0,437.0,,,205.0,300.0,,23.0,,462.0,4.0,,,1056.0,,311.0,408.0,93.0,1679.0,17.0,23.0,4.0,,85.0,154.0,,31.0,1.0,109.0,1.0,42.0,4.0,23.0,9.0,,,34.0,,20.0,,14.0,54.0,21.0,32.0,19.0,5.0,2.0,9.0,,38.0,16.0,46.0,16.0,22.0,12.0,1.0,14.0,40.0,101.0,61.0,5.0,53.0,4.0,22.0,3.0,4.0,13.0,129.0,11.0,9.0,2.0,8.0,3.0,,,,5.0,,1.0,5.0,7.0,7.0,,2.0,,,,3.0,3.0,1.0,2.0
cpl::Football_Player::0d635e29400f481397a6663825364631,S. Castello,Forge,Forward,2022,forward,6,70,0,0,1,0,1,0,2,1,6,0,0,0,0,90.0,1,1.29,0,0,0,0,0,0,0,0,0,0,0,0,0,0,0,0,0,0,0,0,0,0,0,0,0,28.0,6.0,4.0,,14.0,,1.0,,13.0,,33.0,9.0,14.0,6.0,,1.0,,,3.0,6.0,,,2.0,,1.0,6.0,,10.0,36.0,,,1.0,33.0,,6.0,,37.0,,,,65.0,,32.0,10.0,12.0,70.0,1.0,1.0,,1.0,,13.0,,1.0,,3.0,0.0,,6.0,1.0,,,,5.0,,2.0,,3.0,2.0,1.0,1.0,,0.0,0.0,1.0,,1.0,,3.0,,,3.0,1.0,1.0,,14.0,,,,,1.0,,,,,1.0,2.0,,,,,,,,,,,,,,,,,,,,,
cpl::Football_Player::de549c68a1d1413b862e2a8196868dc7,E. Welshman,Forge,Forward,2022,forward,20,579,2,2,10,0,6,2,7,16,7,7,2,0,39,74.0,4,0.62,0,0,0,0,0,0,0,0,0,0,0,0,0,0,0,0,0,0,0,0,0,0,0,0,0,94.0,7.0,45.0,5.0,100.0,9.0,48.0,3.0,38.0,,122.0,39.0,77.0,29.0,2.0,4.0,,,46.0,20.0,,,44.0,,6.0,22.0,,10.0,167.0,,,62.0,119.0,,20.0,,167.0,2.0,,,286.0,,122.0,102.0,41.0,579.0,5.0,5.0,1.0,2.0,23.0,29.0,,3.0,,40.0,0.0,14.0,15.0,16.0,5.0,,,13.0,,7.0,,6.0,9.0,5.0,13.0,6.0,0.0,2.0,9.0,,10.0,4.0,38.0,,,,1.0,1.0,7.0,43.0,7.0,,14.0,2.0,6.0,,1.0,,28.0,1.0,7.0,,1.0,,,,,7.0,,,2.0,2.0,2.0,,,,,,,,,1.0
cpl::Football_Player::be1bfa27679e47179c6f08e8a1a44647,O. De Rosario,York,Forward,2022,forward,27,2089,12,3,44,0,24,3,2,53,32,23,5,0,49,76.0,34,1.46,0,0,1,2,1,0,0,0,0,0,0,0,0,0,0,0,0,0,0,0,0,0,0,0,0,181.0,32.0,95.0,24.0,297.0,52.0,135.0,3.0,108.0,,291.0,68.0,191.0,110.0,5.0,9.0,5.0,,78.0,27.0,2.0,,75.0,,21.0,62.0,,10.0,343.0,,,189.0,288.0,,27.0,,386.0,14.0,,,726.0,,249.0,243.0,93.0,2089.0,8.0,8.0,3.0,2.0,106.0,56.0,,31.0,,87.0,3.0,54.0,3.0,53.0,11.0,,,13.0,,2.0,1.0,11.0,14.0,14.0,22.0,16.0,5.0,7.0,26.0,,44.0,20.0,100.0,,,,,,4.0,150.0,4.0,,36.0,3.0,24.0,1.0,3.0,,72.0,12.0,10.0,2.0,,5.0,,,,23.0,,1.0,10.0,9.0,12.0,2.0,2.0,1.0,,1.0,2.0,1.0,,9.0
cpl::Football_Player::3a8819a7f06c45a38e951d42d8743025,M. Shaw,Cavalry,Forward,2022,forward,23,1472,4,1,21,0,14,1,14,33,37,11,2,0,29,76.0,15,0.92,0,0,0,0,0,0,0,0,0,0,0,0,0,0,0,0,0,0,0,0,0,0,0,0,0,123.0,37.0,64.0,15.0,229.0,20.0,95.0,6.0,87.0,,193.0,55.0,162.0,72.0,2.0,9.0,3.0,,56.0,23.0,,,47.0,,15.0,52.0,,10.0,242.0,,,142.0,187.0,,23.0,,257.0,16.0,,,558.0,,179.0,183.0,65.0,1472.0,8.0,10.0,3.0,5.0,67.0,67.0,,12.0,1.0,54.0,1.0,47.0,8.0,33.0,12.0,,,18.0,,14.0,,4.0,12.0,17.0,23.0,15.0,3.0,1.0,12.0,,21.0,7.0,40.0,,,,,2.0,7.0,90.0,7.0,,17.0,1.0,14.0,1.0,1.0,1.0,55.0,11.0,6.0,,2.0,,,,,11.0,,,2.0,2.0,4.0,1.0,2.0,1.0,,,,,,1.0
cpl::Football_Player::0f153dc7081442a3bc20cd568ca71e39,W. Timóteo,Wanderers,Forward,2022,forward,27,1925,3,5,27,0,15,5,23,16,7,1,3,0,42,73.0,42,1.96,35,0,2,1,0,0,0,0,0,0,0,0,0,0,0,0,0,0,0,0,0,0,0,0,0,356.0,7.0,195.0,22.0,171.0,8.0,87.0,49.0,73.0,,506.0,274.0,152.0,181.0,3.0,18.0,7.0,,204.0,27.0,3.0,,166.0,,62.0,92.0,,10.0,667.0,,,98.0,457.0,,27.0,,701.0,27.0,,,1260.0,,481.0,383.0,136.0,1925.0,16.0,46.0,4.0,9.0,19.0,65.0,,38.0,6.0,149.0,1.0,11.0,5.0,16.0,10.0,,,46.0,,23.0,,23.0,12.0,29.0,52.0,31.0,2.0,1.0,9.0,,27.0,12.0,29.0,23.0,35.0,128.0,31.0,31.0,42.0,125.0,71.0,10.0,23.0,5.0,15.0,2.0,4.0,7.0,41.0,3.0,5.0,3.0,17.0,2.0,,,,1.0,,1.0,2.0,,3.0,,1.0,2.0,1.0,,1.0,,1.0,
cpl::Football_Player::8f05f759197149d88e64f7a679adef64,R. Kratt,Pacific,Forward,2022,forward,14,858,2,1,13,0,8,1,10,13,9,3,0,0,23,79.0,13,1.36,0,0,1,0,0,0,0,0,0,0,0,0,0,0,0,0,0,0,0,0,0,0,0,0,0,94.0,9.0,42.0,11.0,115.0,4.0,64.0,1.0,38.0,,151.0,33.0,98.0,60.0,,4.0,4.0,,36.0,14.0,,,52.0,,13.0,32.0,,10.0,192.0,,,77.0,150.0,,14.0,,193.0,1.0,,,343.0,,150.0,105.0,29.0,858.0,5.0,1.0,1.0,1.0,17.0,34.0,,12.0,,41.0,0.0,13.0,3.0,13.0,11.0,,,20.0,,10.0,,10.0,5.0,4.0,12.0,5.0,2.0,0.0,5.0,,13.0,5.0,29.0,,,,,3.0,7.0,79.0,7.0,,20.0,1.0,8.0,,,,37.0,6.0,1.0,,3.0,1.0,,,,3.0,,,2.0,1.0,2.0,,,1.0,,,,,,
cpl::Football_Player::697c5074a60947ab8c7cc589ade62981,Gianni dos Santos,Pacific,Forward,2022,forward,23,1065,3,1,29,0,19,1,11,18,27,2,4,0,12,69.0,17,1.44,32,0,0,0,0,0,0,0,0,0,0,0,0,0,0,0,0,0,0,0,0,0,0,0,0,105.0,27.0,65.0,10.0,131.0,1.0,66.0,15.0,58.0,,144.0,53.0,123.0,64.0,4.0,9.0,2.0,,139.0,23.0,,,11.0,,8.0,40.0,,10.0,201.0,,,73.0,129.0,,23.0,,209.0,6.0,,,548.0,,137.0,229.0,73.0,1065.0,12.0,16.0,4.0,5.0,8.0,57.0,,13.0,1.0,49.0,0.0,7.0,13.0,18.0,6.0,,,17.0,,11.0,,6.0,13.0,15.0,19.0,7.0,2.0,1.0,10.0,,29.0,10.0,35.0,22.0,32.0,4.0,,25.0,50.0,72.0,82.0,8.0,25.0,1.0,19.0,4.0,1.0,9.0,39.0,7.0,4.0,2.0,13.0,,,,,2.0,1.0,1.0,2.0,2.0,3.0,1.0,1.0,,,,,,,1.0
cpl::Football_Player::2a0dc42d1dba4748a99b39aa920f7497,J. Brown,Cavalry,Forward,2022,forward,10,441,1,0,7,0,5,0,3,17,3,1,1,0,21,64.0,6,1.22,0,0,0,0,0,0,0,0,0,0,0,0,0,0,0,0,0,0,0,0,0,0,0,0,0,21.0,3.0,22.0,5.0,50.0,4.0,23.0,1.0,12.0,,38.0,11.0,31.0,17.0,1.0,2.0,1.0,,21.0,10.0,,,9.0,,3.0,13.0,,10.0,54.0,,,38.0,37.0,,10.0,,60.0,1.0,,,114.0,,32.0,43.0,20.0,441.0,3.0,1.0,1.0,,19.0,8.0,,5.0,,21.0,1.0,15.0,5.0,17.0,5.0,,,5.0,,3.0,,2.0,,4.0,5.0,1.0,0.0,1.0,5.0,,7.0,2.0,16.0,,,,,,2.0,20.0,2.0,,2.0,,5.0,,,,5.0,4.0,5.0,1.0,,1.0,,,,1.0,,,1.0,1.0,1.0,,,,,,,,,2.0
cpl::Football_Player::7d39ce2d96684e53ba7bf8361aee3bac,W. Pacius,,Forward,2022,forward,30,1931,12,1,44,0,24,1,6,24,24,10,3,0,48,79.0,21,0.98,0,0,4,3,3,0,0,0,0,0,0,0,0,0,0,0,0,0,0,0,0,0,0,0,0,149.0,24.0,68.0,24.0,158.0,22.0,75.0,10.0,60.0,,251.0,49.0,113.0,103.0,3.0,2.0,,,61.0,30.0,,,49.0,,13.0,33.0,,10.0,274.0,,,98.0,241.0,,30.0,,319.0,4.0,,,564.0,,206.0,181.0,72.0,1931.0,11.0,4.0,2.0,1.0,45.0,38.0,,19.0,,64.0,4.0,23.0,6.0,24.0,20.0,,,8.0,,6.0,,2.0,7.0,9.0,13.0,7.0,7.0,5.0,4.0,,44.0,20.0,87.0,,,1.0,,1.0,6.0,149.0,6.0,,20.0,1.0,24.0,1.0,1.0,,46.0,10.0,7.0,2.0,1.0,2.0,,,,10.0,,1.0,11.0,7.0,12.0,2.0,1.0,3.0,,,3.0,3.0,,1.0
cpl::Football_Player::2e23eddc1e4c4bc9bda11fb58618c72a,William Wallace,York,Forward,2022,forward,2,11,0,0,0,0,0,0,0,0,0,1,0,0,0,60.0,1,8.18,0,0,0,0,0,0,0,0,0,0,0,0,0,0,0,0,0,0,0,0,0,0,0,0,0,,,2.0,,2.0,,,,,,3.0,2.0,,3.0,,,,,,2.0,,,,,2.0,2.0,,10.0,5.0,,,2.0,3.0,,2.0,,5.0,,,,7.0,,3.0,3.0,1.0,11.0,,1.0,1.0,1.0,2.0,,,,,1.0,0.0,2.0,2.0,,,,,,,,,,,,,,,,,,,,,,,,,,,2.0,,,,,,,,,,,,,,,,,,1.0,,,,,,,,,,,,,,
cpl::Football_Player::06a7cbbdbcac4641ac0ddc55b4c05117,M. Dyer,Vancouver FC,Forward,2022,forward,21,1840,9,2,47,0,24,2,14,44,46,4,6,1,38,72.0,21,1.03,0,0,1,3,3,0,0,0,0,0,0,0,0,0,0,0,0,0,0,0,0,0,0,0,0,262.0,46.0,156.0,20.0,344.0,43.0,136.0,27.0,138.0,,396.0,164.0,231.0,136.0,6.0,11.0,3.0,,136.0,21.0,5.0,,125.0,,27.0,69.0,,10.0,520.0,,,206.0,369.0,,21.0,,552.0,18.0,,,988.0,,365.0,326.0,133.0,1840.0,20.0,22.0,2.0,3.0,113.0,95.0,,19.0,,134.0,3.0,70.0,1.0,44.0,4.0,,,26.0,,14.0,1.0,12.0,24.0,17.0,31.0,15.0,3.0,6.0,17.0,,47.0,23.0,94.0,,,5.0,,2.0,7.0,130.0,7.0,,32.0,2.0,24.0,4.0,1.0,1.0,83.0,13.0,15.0,4.0,2.0,1.0,,1.0,1.0,4.0,,2.0,9.0,5.0,9.0,2.0,,2.0,,,3.0,3.0,,5.0
cpl::Football_Player::48e58b3fa72f4f24ab03510e47ad2e6b,D. Fordyce,Valour,Forward,2022,forward,25,1861,1,2,11,0,6,2,30,30,22,0,4,1,58,81.0,25,1.21,0,0,0,0,0,0,0,0,0,0,0,0,0,0,0,0,0,0,0,0,0,0,0,0,0,370.0,22.0,186.0,19.0,174.0,28.0,58.0,95.0,96.0,,771.0,386.0,126.0,403.0,4.0,19.0,2.0,,149.0,25.0,3.0,,236.0,,47.0,115.0,,10.0,923.0,,,78.0,676.0,,25.0,,957.0,32.0,,,1193.0,,738.0,231.0,192.0,1861.0,3.0,81.0,5.0,27.0,48.0,68.0,,20.0,8.0,105.0,0.0,20.0,6.0,30.0,3.0,,,43.0,,30.0,,13.0,3.0,9.0,21.0,10.0,0.0,1.0,21.0,,11.0,5.0,15.0,,,3.0,1.0,2.0,10.0,143.0,10.0,,4.0,2.0,6.0,3.0,2.0,,11.0,4.0,1.0,11.0,2.0,3.0,1.0,1.0,,,1.0,,1.0,,1.0,,,1.0,,,,,,
cpl::Football_Player::48a893f1cbd2441d9afda48df5d56376,W. Ponce,Valour,Forward,2022,forward,20,1111,2,1,22,0,6,1,14,26,25,5,3,1,47,74.0,19,1.54,0,0,0,0,0,0,0,0,0,0,0,0,0,0,0,0,0,0,0,0,0,0,0,0,0,147.0,25.0,85.0,13.0,184.0,34.0,60.0,5.0,86.0,,237.0,61.0,112.0,91.0,3.0,2.0,2.0,,87.0,20.0,,,67.0,,8.0,27.0,,10.0,291.0,,,98.0,232.0,,20.0,,322.0,7.0,,,530.0,,207.0,158.0,72.0,1111.0,13.0,4.0,4.0,,72.0,52.0,,15.0,,81.0,0.0,38.0,7.0,26.0,10.0,,,20.0,,14.0,,6.0,7.0,9.0,12.0,5.0,1.0,1.0,9.0,,22.0,16.0,58.0,,,,,1.0,10.0,122.0,10.0,,14.0,1.0,6.0,1.0,1.0,,27.0,8.0,24.0,1.0,1.0,,,1.0,1.0,5.0,,1.0,2.0,1.0,2.0,,,1.0,,,,,,6.0
cpl::Football_Player::aa3e94caaeaf4cb3bdd18620c2ccf694,L. Cabrera,York,Forward,2022,forward,21,722,1,0,19,0,5,0,5,8,17,4,1,0,45,72.0,10,1.25,0,0,0,0,0,0,0,0,0,0,0,0,0,0,0,0,0,0,0,0,0,0,0,0,0,76.0,17.0,48.0,7.0,107.0,25.0,26.0,1.0,51.0,,121.0,33.0,52.0,45.0,1.0,3.0,2.0,,40.0,21.0,1.0,,31.0,,8.0,26.0,,10.0,153.0,,,56.0,120.0,,21.0,,169.0,14.0,,,297.0,,105.0,81.0,40.0,722.0,2.0,,1.0,,55.0,26.0,,9.0,,48.0,0.0,30.0,14.0,8.0,4.0,,,8.0,,5.0,,3.0,1.0,3.0,14.0,9.0,1.0,0.0,2.0,,19.0,14.0,32.0,,,,,,,65.0,,,4.0,,5.0,,,,13.0,3.0,9.0,2.0,,2.0,,,,4.0,1.0,,1.0,1.0,1.0,,,,,,,,,1.0
cpl::Football_Player::1ece129a4fee46d18322a9312200459f,A. Ricci,Vancouver FC,Forward,2022,forward,3,63,0,0,4,0,2,0,0,2,1,0,1,0,100,78.0,1,1.43,0,0,0,0,0,0,0,0,0,0,0,0,0,0,0,0,0,0,0,0,0,0,0,0,0,11.0,1.0,4.0,,5.0,1.0,3.0,,2.0,,14.0,6.0,4.0,3.0,1.0,2.0,,,3.0,3.0,,,2.0,,1.0,2.0,,10.0,17.0,,,3.0,14.0,,3.0,,18.0,1.0,,,33.0,,13.0,9.0,5.0,63.0,,,,,1.0,1.0,,1.0,,4.0,0.0,,3.0,2.0,,,,,,,,,,,2.0,1.0,,,,,4.0,2.0,5.0,,,,,,,5.0,,,,,2.0,,,,1.0,,,,,,,,,,,,,,,,,,,,,,,
cpl::Football_Player::e63403e9bab940f29bef92f45ffb29ca,O. Antoniuk,Cavalry,Forward,2022,forward,5,166,0,0,2,0,1,0,2,1,8,2,1,0,33,66.0,0,0.0,0,0,0,0,0,0,0,0,0,0,0,0,0,0,0,0,0,0,0,0,0,0,0,0,0,16.0,8.0,12.0,3.0,25.0,1.0,10.0,,13.0,,23.0,7.0,22.0,7.0,1.0,1.0,,,11.0,5.0,,,5.0,,4.0,9.0,,10.0,34.0,,,12.0,23.0,,5.0,,35.0,,,,74.0,,22.0,26.0,8.0,166.0,1.0,3.0,,1.0,3.0,12.0,,,,9.0,0.0,2.0,2.0,1.0,3.0,,,3.0,,2.0,,1.0,1.0,1.0,4.0,1.0,,,1.0,,2.0,1.0,6.0,,,1.0,,,3.0,15.0,3.0,,1.0,,1.0,,,,6.0,,,,,,,,,2.0,,,,,,,,,,,,,,
cpl::Football_Player::99a91175ff8e476ca86125ecab87f00b,Mo Babouli,Forge,Forward,2022,forward,8,654,5,2,16,0,12,2,3,0,18,0,1,0,25,81.0,8,1.1,20,0,0,1,1,0,0,0,0,0,0,0,0,0,0,0,0,0,0,0,0,0,0,0,0,179.0,18.0,57.0,7.0,102.0,2.0,46.0,28.0,50.0,,234.0,114.0,94.0,64.0,1.0,4.0,1.0,,81.0,8.0,1.0,,60.0,,6.0,38.0,,10.0,280.0,,,52.0,206.0,,8.0,,291.0,,,,481.0,,226.0,143.0,82.0,654.0,4.0,14.0,,2.0,8.0,48.0,,8.0,,43.0,0.0,6.0,1.0,,1.0,,,4.0,,3.0,,1.0,27.0,13.0,15.0,5.0,3.0,2.0,,,16.0,4.0,24.0,12.0,20.0,2.0,,9.0,11.0,35.0,30.0,7.0,9.0,2.0,12.0,4.0,1.0,3.0,35.0,6.0,4.0,,,,,,,,,1.0,5.0,4.0,5.0,1.0,,,,,1.0,1.0,,
cpl::Football_Player::122d8608f24b4f0d80bdcaf047a7f00c,M. Catavolo,Valour,Forward,2022,forward,16,424,0,0,4,0,1,0,4,5,6,0,1,0,0,80.0,5,1.06,9,0,1,0,0,0,0,0,0,0,0,0,0,0,0,0,0,0,0,0,0,0,0,0,0,90.0,6.0,38.0,2.0,39.0,,18.0,5.0,16.0,,146.0,51.0,34.0,64.0,1.0,1.0,,,42.0,16.0,,,43.0,,10.0,21.0,,10.0,181.0,,,23.0,141.0,,16.0,,184.0,2.0,,,271.0,,143.0,76.0,42.0,424.0,6.0,4.0,1.0,2.0,5.0,16.0,,4.0,,34.0,0.0,5.0,14.0,5.0,2.0,,,10.0,,4.0,,6.0,,7.0,12.0,5.0,,,2.0,,4.0,3.0,15.0,4.0,9.0,4.0,,8.0,9.0,48.0,14.0,4.0,2.0,,1.0,1.0,,1.0,5.0,4.0,,,3.0,1.0,,,,,,,,,,,,,,,,,,
