playerId,playerName,team,position,season,role,GP,Mins,G,A,S,GI,SOT,KP,Tackles,FC,FS,OFF,YC,RC,AerialsWonPercentage,Pass%,GoalsConceded,GAA,Corners,GoalsFreeKick,HitWoodwork,PenaltyAttempts,PenaltiesSuccessful,YellowRedCards,Xg,Xgefficiency,TacklesWonPercentage,DuelsWonPercentage,AerialDuelsWonPercentage,CrossCompletePercentage,TotalDistanceCovered,AverageDistanceCovered,TotalDistanceCoveredWalking,AverageDistanceCoveredWalking,TotalDistanceCoveredJogging,AverageDistanceCoveredJogging,TotalDistanceCoveredLowIntensityRunning,AverageDistanceCoveredLowIntensityRunning,TotalDistanceCoveredSprinting,AverageDistanceCoveredSprinting,TotalDistanceCoveredHighIntensityRunning,AverageDistanceCoveredHighIntensityRunning,Sprints,TimePlayed,Touches,SavesMadeFromOutsideBox,Punches,SuccessfulDribbles,Appearances,AerialDuelsWon,Duels,TotalTackles,TotalPasses,GoalkeeperSmother,SuccessfulOpenPlayPasses,Catches,TotalLossesOfPossession,UnsuccessfulLaunches,SuccessfulLongPasses,SuccessfulShortPasses,GkUnsuccessfulDistribution,SavesMade-Caught,Starts,Recoveries,CleanSheets,TotalClearances,UnsuccessfulPassesOwnHalf,SavesMadeFromInsideBox,TotalFoulsWon,PenaltiesFaced,PenaltiesConceded,TotalUnsuccessfulPasses(ExclCrosses&Corners),DuelsWon,GamesPlayed,TotalSuccessfulPasses(ExclCrosses&Corners),GoalsConcededOutsideBox,SavesMade,SuccessfulPassesOppositionHalf,GoalsConcededInsideBox,RightsidePasses,ForwardPasses,TotalFoulsConceded,FoulAttemptedTackle,YellowCards,LeftsidePasses,OwnGoalScored,SavesMade-Parried,SuccessfulLaunches,TacklesLost,DuelsLost,UnsuccessfulLongPasses,UnsuccessfulPassesOppositionHalf,AerialDuels,SuccessfulPassesOwnHalf,Index,Drops,GroundDuels,GkSuccessfulDistribution,PenaltyGoalsConceded,UnsuccessfulShortPasses,OpenPlayPasses,GroundDuelsLost,GroundDuelsWon,HomeGoals,AwayGoals,WinningGoal,PenaltiesSaved,SavesFromPenalty,CornersWon,SubstituteOff,HandballsConceded,AerialDuelsLost,Interceptions,CrossesNotClaimed,TacklesWon,KeyPasses(attemptAssists),StraightRedCards,TotalRedCards,Putthrough/blockedDistributionWon,Putthrough/blockedDistribution,UnsuccessfulLay-offs,SubstituteOn,TimesTackled,UnsuccessfulDribbles,ThrowInsToOppositionPlayer,ShotsOffTarget(incWoodwork),UnsuccessfulCrosses&Corners,TotalShots,GoalAssists,SuccessfulCrossesOpenPlay,Assists(intentional),ThroughBalls,BackwardPasses,TotalTouchesInOppositionBox,SuccessfulCrosses&Corners,Offsides,ThrowInsToOwnPlayer,UnsuccessfulCrossesOpenPlay,Blocks,GoalsFromInsideBox,RightFootGoals,BlockedShots,ShotsOnTarget(IncGoals),Goals,HeadedGoals,SecondGoalAssists,CornersTaken(inclShortCorners),UnsuccessfulCornersIntoBox,SuccessfulCornersIntoBox,LeftFootGoals,SetPiecesGoals,GoalsFromOutsideBox,AttemptsFromSetPieces,SuccessfulLay-offs,PenaltyGoals,PenaltiesTaken,ClearancesOffTheLine,FoulWonPenalty,OtherGoals,LastManTackle,RedCards-2ndYellow,PenaltiesOffTarget
cpl::Football_Player::23c92ceb8bee415a886f16e93c507c65,M. Carducci,Cavalry,Goalkeeper,2021,goalkeeper,25,2280,0,0,0,0,0,0,0,1,3,0,1,0,100,66.0,31,1.22,0,0,0,0,0,0,0,0,0,0,0,0,0,0,0,0,0,0,0,0,0,0,0,0,0,2280.0,909.0,16.0,3.0,1.0,25.0,4.0,10.0,1.0,708.0,1.0,330.0,11.0,248.0,103.0,145.0,321.0,66.0,2.0,25.0,214.0,7.0,17.0,53.0,39.0,3.0,4.0,1.0,242.0,7.0,25.0,466.0,3.0,57.0,86.0,28.0,126.0,450.0,1.0,1.0,1.0,132.0,1.0,13.0,38.0,1.0,3.0,237.0,189.0,4.0,380.0,10.0,2.0,6.0,209.0,4.0,5.0,468.0,3.0,3.0,0.0,0.0,0.0,,,,,,,,,,,,,,,,,,,,,,,,,,,,,,,,,,,,,,,,,,,,,,,,,,,,,,,,
cpl::Football_Player::1eb98b2bea804d4d8d782dc585fc4124,T. Farago,Valour,Goalkeeper,2021,goalkeeper,4,360,0,0,0,0,0,0,0,0,1,0,0,0,0,62.0,1,0.25,0,0,0,0,0,0,0,0,0,0,0,0,0,0,0,0,0,0,0,0,0,0,0,0,0,360.0,154.0,5.0,,,4.0,,1.0,,111.0,1.0,39.0,2.0,45.0,12.0,18.0,50.0,13.0,,4.0,36.0,3.0,2.0,11.0,3.0,1.0,,,43.0,1.0,4.0,68.0,,8.0,12.0,1.0,13.0,70.0,,,,28.0,,4.0,3.0,,,42.0,32.0,,56.0,10.0,1.0,1.0,43.0,,1.0,59.0,,1.0,0.0,0.0,0.0,,,,,,,,,,,,,,,,,,,,,,,,,,,,,,,,,,,,,,,,,,,,,,,,,,,,,,,,
cpl::Football_Player::f7b3dd095e88450ca085f9cf8a12f3b0,K. Baskett,Wanderers,Goalkeeper,2021,goalkeeper,10,900,0,0,0,0,0,0,0,0,3,0,2,0,100,64.0,11,1.1,0,0,0,0,0,0,0,0,0,0,0,0,0,0,0,0,0,0,0,0,0,0,0,0,0,900.0,330.0,12.0,2.0,,10.0,5.0,7.0,,236.0,1.0,70.0,5.0,90.0,28.0,40.0,110.0,37.0,1.0,10.0,79.0,4.0,4.0,21.0,14.0,3.0,1.0,,86.0,7.0,10.0,150.0,3.0,26.0,23.0,8.0,47.0,146.0,,,2.0,43.0,,8.0,7.0,,,79.0,65.0,5.0,127.0,10.0,1.0,2.0,113.0,,7.0,97.0,,2.0,0.0,0.0,0.0,1.0,1.0,1.0,,,,,,,,,,,,,,,,,,,,,,,,,,,,,,,,,,,,,,,,,,,,,,,,,,,,,
cpl::Football_Player::d3eccdc138364416ab9dd2b141d41e76,J. Holliday,Cavalry,Goalkeeper,2021,goalkeeper,0,0,0,0,0,0,0,0,0,0,0,0,0,0,0,,0,,0,0,0,0,0,0,0,0,0,0,0,0,0,0,0,0,0,0,0,0,0,0,0,0,0,,,,,,,,,,,,,,,,,,,,,,,,,,,,,,,,,,,,,,,,,,,,,,,,,,,,,,,,,,,,,,,,,,,,,,,,,,,,,,,,,,,,,,,,,,,,,,,,,,,,,,,,,,,,,,,,,,,,,,,
cpl::Football_Player::72e65d5165df41d198c80f48acb6e327,D. Murasiranwa,Valour,Goalkeeper,2021,goalkeeper,5,431,0,0,0,0,0,0,0,1,0,0,0,0,100,47.0,5,1.04,0,0,0,0,0,0,0,0,0,0,0,0,0,0,0,0,0,0,0,0,0,0,0,0,0,431.0,143.0,2.0,3.0,,5.0,2.0,6.0,,83.0,2.0,22.0,4.0,46.0,14.0,18.0,21.0,23.0,,5.0,41.0,1.0,8.0,13.0,12.0,,1.0,1.0,44.0,4.0,5.0,39.0,1.0,14.0,10.0,4.0,8.0,65.0,1.0,,,10.0,,6.0,4.0,,2.0,44.0,31.0,2.0,29.0,10.0,,4.0,44.0,1.0,,35.0,2.0,2.0,0.0,0.0,0.0,,,,1.0,,,,,,,,,,,,,,,,,,,,,,,,,,,,,,,,,,,,,,,,,,,,,,,,,,,,
cpl::Football_Player::7c054612559b45f2a7ef690616b61862,T. Henry,Forge,Goalkeeper,2021,goalkeeper,24,2160,0,0,0,0,0,0,0,1,11,0,5,0,90,80.0,22,0.92,0,0,0,0,0,0,0,0,0,0,0,0,0,0,0,0,0,0,0,0,0,0,0,0,0,2160.0,788.0,29.0,6.0,,24.0,9.0,20.0,,523.0,6.0,218.0,17.0,113.0,41.0,62.0,354.0,32.0,,24.0,234.0,8.0,16.0,28.0,26.0,11.0,2.0,,107.0,18.0,24.0,416.0,3.0,55.0,29.0,19.0,128.0,225.0,1.0,,5.0,170.0,,19.0,12.0,,2.0,104.0,79.0,10.0,387.0,10.0,2.0,10.0,288.0,1.0,3.0,261.0,1.0,9.0,,,0.0,,,1.0,,1.0,1.0,1.0,1.0,,,,,,,,,,,,,,,,,,,,,,,,,,,,,,,,,,,,,,,,,,,,,,,,
cpl::Football_Player::c838c44902a6469485723a328e0d5531,M. Silva,York,Goalkeeper,2021,goalkeeper,4,360,0,0,0,0,0,0,0,0,2,0,0,0,100,66.0,5,1.25,0,0,0,0,0,0,0,0,0,0,0,0,0,0,0,0,0,0,0,0,0,0,0,0,0,360.0,163.0,5.0,,,4.0,1.0,3.0,,121.0,,44.0,2.0,44.0,17.0,22.0,57.0,15.0,1.0,4.0,32.0,1.0,,13.0,9.0,2.0,,,42.0,3.0,4.0,79.0,1.0,14.0,8.0,4.0,31.0,62.0,,,,28.0,,5.0,2.0,,,42.0,29.0,1.0,71.0,10.0,1.0,2.0,49.0,,,68.0,,2.0,0.0,0.0,0.0,,,,,,,,1.0,,,,,,,,,,,,,,,,,,,,,,,,,,,,,,,,,,,,,,,,,,,,,,,,
cpl::Football_Player::364352c812a14e868234e4883c9bd4e0,N. Ingham,Atlético,Goalkeeper,2021,goalkeeper,22,1900,0,0,0,0,0,0,1,0,3,0,0,0,100,66.0,27,1.28,0,0,0,0,0,0,0,0,0,0,0,0,0,0,0,0,0,0,0,0,0,0,0,0,0,1900.0,810.0,21.0,7.0,,22.0,5.0,9.0,1.0,574.0,4.0,189.0,4.0,207.0,77.0,114.0,262.0,70.0,3.0,22.0,196.0,5.0,15.0,53.0,52.0,3.0,6.0,,198.0,9.0,22.0,376.0,2.0,74.0,65.0,25.0,79.0,377.0,,,,118.0,,21.0,19.0,,,194.0,145.0,5.0,311.0,10.0,2.0,4.0,240.0,3.0,4.0,269.0,,4.0,,,0.0,2.0,2.0,,2.0,,,1.0,,1.0,1.0,,,,,,,,,,,,,,,,,,,,,,,,,,,,,,,,,,,,,,,,,,,,,,
cpl::Football_Player::ed6b655ed6bb4c7baedb0fe8fc42495d,C. Irving,Vancouver FC,Goalkeeper,2021,goalkeeper,27,2446,0,0,0,0,0,0,2,1,3,0,0,1,90,71.0,29,1.07,0,0,0,0,0,0,0,0,0,0,0,0,0,0,0,0,0,0,0,0,0,0,0,0,0,2446.0,1082.0,24.0,10.0,,27.0,9.0,14.0,2.0,824.0,2.0,412.0,19.0,245.0,77.0,188.0,397.0,65.0,3.0,27.0,234.0,8.0,27.0,51.0,47.0,3.0,4.0,,239.0,13.0,27.0,585.0,4.0,71.0,75.0,25.0,172.0,411.0,1.0,,,241.0,,16.0,31.0,,1.0,234.0,188.0,10.0,510.0,10.0,4.0,4.0,250.0,4.0,5.0,531.0,,4.0,0.0,0.0,0.0,,,,,1.0,1.0,,,2.0,,1.0,1.0,,,,,,,,,,,,,,,,,,,,,,,,,,,,,,,,,,,,,,,,,,,,
cpl::Football_Player::f93dee067b364c69b3a231cfb723817f,B. Maan,Valour,Goalkeeper,2021,goalkeeper,6,540,0,0,0,0,0,0,0,1,1,0,1,0,100,82.0,4,0.67,0,0,0,0,0,0,0,0,0,0,0,0,0,0,0,0,0,0,0,0,0,0,0,0,0,540.0,181.0,2.0,1.0,,6.0,1.0,3.0,,122.0,1.0,57.0,3.0,22.0,13.0,19.0,81.0,2.0,,6.0,51.0,3.0,4.0,7.0,9.0,1.0,,,22.0,2.0,6.0,100.0,1.0,11.0,5.0,3.0,32.0,55.0,1.0,,1.0,35.0,,4.0,5.0,,1.0,20.0,15.0,1.0,95.0,10.0,1.0,2.0,69.0,,2.0,74.0,1.0,1.0,,,0.0,,,,,1.0,,1.0,1.0,,,,,1.0,1.0,,,,,,,,,,,,,,,,,,,,,,,,,,,,,,,,,,,,,,,,,,
cpl::Football_Player::655a241e039a4965b7f38990c3f8d981,E. Himaras,Valour,Goalkeeper,2021,goalkeeper,0,0,0,0,0,0,0,0,0,0,0,0,0,0,0,,0,,0,0,0,0,0,0,0,0,0,0,0,0,0,0,0,0,0,0,0,0,0,0,0,0,0,,,,,,,,,,,,,,,,,,,,,,,,,,,,,,,,,,,,,,,,,,,,,,,,,,,,,,,,,,,,,,,,,,,,,,,,,,,,,,,,,,,,,,,,,,,,,,,,,,,,,,,,,,,,,,,,,,,,,,,
cpl::Football_Player::2780a63e2bc74d368e239e9e42851d4c,J. Sirois,Montréal,Goalkeeper,2021,goalkeeper,24,2160,0,0,0,0,0,0,0,0,7,0,1,0,78,75.0,31,1.29,0,0,0,0,0,0,0,0,0,0,0,0,0,0,0,0,0,0,0,0,0,0,0,0,0,2160.0,964.0,45.0,11.0,,24.0,11.0,20.0,2.0,653.0,3.0,301.0,20.0,173.0,54.0,92.0,392.0,64.0,5.0,24.0,226.0,9.0,15.0,54.0,49.0,7.0,3.0,,169.0,17.0,24.0,484.0,3.0,94.0,33.0,28.0,171.0,337.0,,,1.0,145.0,,27.0,14.0,2.0,3.0,161.0,115.0,14.0,451.0,10.0,1.0,6.0,315.0,1.0,8.0,377.0,,6.0,0.0,0.0,0.0,2.0,2.0,,,,3.0,1.0,2.0,,,,,1.0,1.0,,,,,,,,,,,,,,,,,,,,,,,,,,,,,,,,,,,,,,,,,,
cpl::Football_Player::0a71cc5786ac4cb6a42caa6d849c2129,C. Kalongo,Forge,Goalkeeper,2021,goalkeeper,0,0,0,0,0,0,0,0,0,0,0,0,0,0,0,,0,,0,0,0,0,0,0,0,0,0,0,0,0,0,0,0,0,0,0,0,0,0,0,0,0,0,,,,,,,,,,,,,,,,,,,,,,,,,,,,,,,,,,,,,,,,,,,,,,,,,,,,,,,,,,,,,,,,,,,,,,,,,,,,,,,,,,,,,,,,,,,,,,,,,,,,,,,,,,,,,,,,,,,,,,,
cpl::Football_Player::16b384ec036b4bccb9be3e98bf2b8088,M. Village,Pacific,Goalkeeper,2021,goalkeeper,0,0,0,0,0,0,0,0,0,0,0,0,0,0,0,,0,,0,0,0,0,0,0,0,0,0,0,0,0,0,0,0,0,0,0,0,0,0,0,0,0,0,,,,,,,,,,,,,,,,,,,,,,,,,,,,,,,,,,,,,,,,,,,,,,,,,,,,,,,,,,,,,,,,,,,,,,,,,,,,,,,,,,,,,,,,,,,,,,,,,,,,,,,,,,,,,,,,,,,,,,,
cpl::Football_Player::7517829ba9bc4c5f89f19a60bcaa4cc8,D. Powley,Edmonton,Goalkeeper,2021,goalkeeper,26,2340,0,0,0,0,0,0,0,1,2,0,1,0,91,63.0,43,1.65,0,0,0,0,0,0,0,0,0,0,0,0,0,0,0,0,0,0,0,0,0,0,0,0,0,2340.0,1138.0,37.0,7.0,,26.0,11.0,16.0,,825.0,3.0,307.0,22.0,316.0,95.0,207.0,309.0,98.0,5.0,26.0,267.0,3.0,20.0,100.0,55.0,2.0,11.0,1.0,309.0,13.0,26.0,516.0,1.0,93.0,87.0,42.0,166.0,514.0,1.0,1.0,1.0,145.0,,14.0,34.0,,3.0,301.0,209.0,12.0,429.0,10.0,2.0,4.0,298.0,10.0,8.0,440.0,2.0,2.0,0.0,0.0,0.0,1.0,1.0,,,,1.0,2.0,,,,,,1.0,3.0,1.0,,,,,,,,,,,,,,,,,,,,,,,,,,,,,,,,,,,,,,,,,
cpl::Football_Player::d7a3107cbc0c426399a5c65c18e39d14,N. Giantsopoulos,Vancouver FC,Goalkeeper,2021,goalkeeper,9,710,0,0,0,0,0,0,0,0,1,0,3,0,100,75.0,15,1.9,0,0,0,0,0,0,0,0,0,0,0,0,0,0,0,0,0,0,0,0,0,0,0,0,0,710.0,288.0,12.0,8.0,,9.0,5.0,6.0,,182.0,2.0,63.0,5.0,49.0,16.0,27.0,108.0,21.0,1.0,7.0,69.0,,12.0,10.0,17.0,1.0,,,47.0,5.0,9.0,135.0,2.0,31.0,14.0,13.0,43.0,98.0,,,3.0,41.0,,8.0,5.0,,1.0,45.0,37.0,5.0,121.0,10.0,,1.0,113.0,,2.0,79.0,1.0,,,,0.0,,,,,,,,,,,,,,,,2.0,1.0,,,,,,,,,,,,,,,,,,,,,,,,,,,,,,,,,,,,,,,
cpl::Football_Player::0665c6ea0ce84bd49b9ebba2cf80c8e2,N. Wirth,Pacific,Goalkeeper,2021,goalkeeper,3,193,0,0,0,0,0,0,0,0,0,0,0,0,0,80.0,4,1.87,0,0,0,0,0,0,0,0,0,0,0,0,0,0,0,0,0,0,0,0,0,0,0,0,0,193.0,55.0,,,,3.0,,1.0,,40.0,,20.0,2.0,8.0,3.0,7.0,25.0,,,2.0,13.0,,1.0,3.0,3.0,,,,8.0,,3.0,32.0,1.0,3.0,5.0,3.0,12.0,17.0,,,,11.0,,,1.0,,1.0,7.0,5.0,,27.0,10.0,,1.0,18.0,,1.0,26.0,1.0,,0.0,0.0,0.0,,,,,,,,,,,,,,,,1.0,,,,,,,,,,,,,,,,,,,,,,,,,,,,,,,,,,,,,,,,
cpl::Football_Player::f2d1b3fafee545dc870861f57e84af06,I. Boehmer,Whitecaps,Goalkeeper,2021,goalkeeper,1,90,0,0,0,0,0,0,0,0,0,0,0,0,0,87.0,2,2.0,0,0,0,0,0,0,0,0,0,0,0,0,0,0,0,0,0,0,0,0,0,0,0,0,0,90.0,25.0,2.0,,,1.0,,,,15.0,,8.0,,2.0,2.0,2.0,11.0,,,1.0,10.0,,,1.0,,,,,2.0,,1.0,13.0,,2.0,1.0,2.0,3.0,5.0,,,,7.0,,1.0,,,,2.0,1.0,,12.0,10.0,,,13.0,,,10.0,,,0.0,0.0,0.0,,,,,,,,,,,,,,1.0,,,,,,,,,,,,,,,,,,,,,,,,,,,,,,,,,,,,,,,,,,
cpl::Football_Player::fbb6f03bfc41445c8f91b34b2f4658e7,T.Obadal,Atlético,Goalkeeper,2021,goalkeeper,2,180,0,0,0,0,0,0,0,0,2,0,0,0,0,68.0,4,2.0,0,0,0,0,0,0,0,0,0,0,0,0,0,0,0,0,0,0,0,0,0,0,0,0,0,180.0,64.0,1.0,,,2.0,,2.0,,46.0,,22.0,,15.0,1.0,5.0,26.0,4.0,,2.0,17.0,,,4.0,6.0,2.0,1.0,,15.0,2.0,2.0,31.0,,7.0,2.0,4.0,12.0,23.0,,,,11.0,,1.0,,,,13.0,11.0,,29.0,10.0,,2.0,16.0,1.0,2.0,28.0,,2.0,0.0,0.0,0.0,,,,,,,,,,,,,,,,,,,,,,,,,,,,,,,,,,,,,,,,,,,,,,,,,,,,,,,,
cpl::Football_Player::91fa3243affb434d91d89ae9820791de,N. Apostol,TSS Rovers,Defender,2021,defender,7,301,0,1,1,0,0,1,10,10,9,1,1,0,42,72.0,4,1.2,0,0,0,0,0,0,0,0,0,0,0,0,0,0,0,0,0,0,0,0,0,0,0,0,0,301.0,201.0,,,3.0,7.0,3.0,51.0,13.0,114.0,,80.0,,48.0,7.0,8.0,74.0,,,3.0,11.0,1.0,4.0,10.0,,9.0,,,32.0,28.0,7.0,82.0,,,26.0,4.0,1.0,53.0,10.0,9.0,1.0,33.0,,,2.0,3.0,23.0,15.0,27.0,7.0,57.0,10.0,,44.0,,,17.0,112.0,19.0,25.0,0.0,0.0,0.0,,,2.0,2.0,,4.0,3.0,,10.0,1.0,,,4.0,7.0,,4.0,4.0,3.0,5.0,1.0,5.0,1.0,1.0,1.0,1.0,1.0,27.0,3.0,1.0,1.0,24.0,5.0,,,,,,,,,,,,,,,,,,,,,,,,
cpl::Football_Player::c314ef65be194ced895c50a72967def8,D. Klomp,Cavalry,Defender,2021,defender,24,2176,3,0,14,0,6,0,31,27,14,0,4,0,62,83.0,27,1.12,0,0,1,0,0,0,0,0,0,0,0,0,0,0,0,0,0,0,0,0,0,0,0,0,0,2176.0,1856.0,,,15.0,24.0,61.0,239.0,50.0,1404.0,,1113.0,,329.0,33.0,100.0,1061.0,,,24.0,162.0,6.0,67.0,75.0,,14.0,,,243.0,140.0,24.0,1161.0,2.0,,424.0,25.0,178.0,604.0,27.0,11.0,4.0,524.0,,,10.0,19.0,99.0,105.0,179.0,98.0,739.0,10.0,,141.0,,4.0,138.0,1350.0,62.0,79.0,2.0,1.0,2.0,,,13.0,1.0,2.0,37.0,53.0,,31.0,7.0,,,17.0,30.0,,,21.0,9.0,24.0,8.0,11.0,14.0,,2.0,,2.0,98.0,36.0,2.0,,85.0,11.0,16.0,3.0,1.0,3.0,6.0,3.0,2.0,,,,,,,,,,,,,,,,,
cpl::Football_Player::04974dd93657419b8440025eca4e2ef0,T. Field,Cavalry,Defender,2021,defender,12,587,0,1,0,0,0,1,15,3,2,0,0,0,55,75.0,7,1.07,4,0,0,0,0,0,0,0,0,0,0,0,0,0,0,0,0,0,0,0,0,0,0,0,0,587.0,453.0,,,5.0,12.0,10.0,75.0,33.0,268.0,,193.0,,109.0,11.0,8.0,191.0,,,8.0,35.0,1.0,12.0,27.0,,2.0,,,69.0,50.0,12.0,199.0,,,102.0,7.0,90.0,125.0,3.0,3.0,,10.0,,,3.0,18.0,25.0,23.0,59.0,18.0,102.0,10.0,,57.0,,,46.0,261.0,17.0,40.0,0.0,0.0,0.0,,,3.0,7.0,,8.0,11.0,,15.0,2.0,,,5.0,14.0,,4.0,5.0,4.0,7.0,,17.0,,1.0,4.0,1.0,,43.0,,5.0,,56.0,13.0,4.0,,,,,,,1.0,4.0,3.0,1.0,,,,,,,,,,,,,
cpl::Football_Player::29e56c09baf549469b4a5934262e3dbf,J. Ruby,Wanderers,Defender,2021,defender,16,1246,1,1,4,0,2,1,35,9,12,1,2,0,61,86.0,18,1.3,0,0,0,0,0,0,0,0,0,0,0,0,0,0,0,0,0,0,0,0,0,0,0,0,0,1246.0,829.0,,,9.0,16.0,22.0,133.0,41.0,509.0,,424.0,,137.0,8.0,22.0,411.0,,,14.0,81.0,3.0,36.0,32.0,,12.0,,,76.0,84.0,16.0,433.0,4.0,,181.0,14.0,146.0,180.0,9.0,7.0,2.0,89.0,,,4.0,6.0,49.0,15.0,55.0,36.0,252.0,10.0,,97.0,,,61.0,499.0,35.0,62.0,1.0,0.0,0.0,,,6.0,3.0,1.0,14.0,34.0,,35.0,13.0,,,13.0,23.0,,2.0,15.0,5.0,11.0,2.0,11.0,4.0,1.0,,1.0,3.0,94.0,18.0,,1.0,83.0,11.0,5.0,1.0,,2.0,2.0,1.0,1.0,,,,,,,,,,,,,,,,,
cpl::Football_Player::f3ffebc2701c4e608f9f5055198c5ec9,D. Norman,Vancouver FC,Defender,2021,defender,24,1804,1,1,11,0,6,1,31,25,17,0,7,0,50,81.0,25,1.25,2,0,1,0,0,0,0,0,0,0,0,0,0,0,0,0,0,0,0,0,0,0,0,0,0,1804.0,1431.0,,,5.0,24.0,33.0,179.0,42.0,1158.0,,888.0,,263.0,46.0,111.0,825.0,,,20.0,115.0,5.0,41.0,65.0,,17.0,,,222.0,97.0,24.0,936.0,3.0,,296.0,22.0,398.0,473.0,25.0,15.0,7.0,199.0,,,12.0,11.0,82.0,126.0,167.0,66.0,643.0,10.0,,113.0,3.0,4.0,96.0,1102.0,49.0,64.0,1.0,0.0,1.0,,,5.0,5.0,,33.0,28.0,,31.0,5.0,,,11.0,21.0,2.0,4.0,7.0,4.0,2.0,5.0,10.0,11.0,1.0,1.0,1.0,,88.0,10.0,3.0,,21.0,4.0,9.0,,,2.0,6.0,1.0,,,2.0,1.0,1.0,1.0,1.0,1.0,7.0,2.0,,,,,,,,
cpl::Football_Player::41f23e52e26541bca62d8378fafc1953,F. Aird,Cavalry,Defender,2021,defender,28,2206,5,5,27,0,11,5,33,33,11,2,3,0,36,69.0,36,1.47,100,0,1,3,3,0,0,0,0,0,0,0,0,0,0,0,0,0,0,0,0,0,0,0,0,2206.0,1745.0,,,24.0,28.0,8.0,195.0,60.0,999.0,,645.0,,584.0,73.0,115.0,571.0,,,24.0,139.0,3.0,37.0,74.0,,11.0,,1.0,313.0,103.0,28.0,686.0,6.0,,469.0,30.0,83.0,549.0,33.0,18.0,3.0,245.0,,,14.0,27.0,92.0,154.0,401.0,22.0,291.0,10.0,,173.0,,3.0,159.0,937.0,78.0,95.0,2.0,3.0,0.0,,,17.0,6.0,4.0,14.0,24.0,,33.0,50.0,,,14.0,46.0,,4.0,26.0,19.0,42.0,16.0,162.0,27.0,5.0,24.0,5.0,4.0,122.0,27.0,74.0,2.0,160.0,82.0,6.0,3.0,5.0,5.0,11.0,5.0,,,100.0,56.0,36.0,,,2.0,8.0,5.0,3.0,3.0,,,,,,
cpl::Football_Player::00cb81880a254ba7957fdb6ee6eec8a8,M. Trafford,Cavalry,Defender,2021,defender,14,1182,0,0,7,0,1,0,7,9,9,1,3,0,56,84.0,10,0.76,0,0,0,0,0,0,0,0,0,0,0,0,0,0,0,0,0,0,0,0,0,0,0,0,0,1182.0,939.0,,,1.0,14.0,21.0,75.0,16.0,805.0,,653.0,,137.0,23.0,73.0,603.0,,,14.0,49.0,6.0,40.0,31.0,,9.0,,,129.0,47.0,14.0,676.0,3.0,,142.0,7.0,308.0,309.0,9.0,4.0,3.0,137.0,,,9.0,9.0,28.0,81.0,99.0,37.0,534.0,10.0,,38.0,5.0,,48.0,772.0,12.0,26.0,0.0,0.0,0.0,,,,2.0,1.0,16.0,18.0,,7.0,1.0,,,5.0,6.0,,,3.0,3.0,,6.0,1.0,7.0,,,,,51.0,12.0,,1.0,9.0,1.0,9.0,,,1.0,1.0,,,,,,,,,,,,,,,,,,,
cpl::Football_Player::b131e479cff24c5f99ea9187ee25f527,Eriks Santos,Wanderers,Defender,2021,defender,18,1427,0,0,4,0,1,0,22,21,9,0,2,1,70,80.0,21,1.32,0,0,0,0,0,0,0,0,0,0,0,0,0,0,0,0,0,0,0,0,0,0,0,0,0,1427.0,916.0,,,4.0,18.0,24.0,126.0,36.0,705.0,,536.0,,178.0,18.0,35.0,524.0,,,16.0,103.0,5.0,43.0,57.0,,9.0,,1.0,146.0,73.0,18.0,559.0,5.0,,176.0,16.0,230.0,353.0,21.0,15.0,2.0,85.0,,,5.0,14.0,53.0,63.0,92.0,34.0,383.0,10.0,,92.0,,,83.0,679.0,43.0,49.0,0.0,0.0,0.0,,,3.0,3.0,1.0,10.0,23.0,,22.0,1.0,1.0,1.0,8.0,16.0,,2.0,4.0,2.0,6.0,3.0,3.0,4.0,,,,1.0,37.0,8.0,,,16.0,3.0,6.0,,,1.0,1.0,,,,,,,,,,,,,,1.0,,,,,
cpl::Football_Player::3d491de2b55343c2990181e2b04da353,M. Doner,York,Defender,2021,defender,20,1776,0,3,5,0,4,3,21,9,49,1,3,0,55,87.0,26,1.32,2,0,1,0,0,0,0,0,0,0,0,0,0,0,0,0,0,0,0,0,0,0,0,0,0,1776.0,1336.0,,,33.0,20.0,16.0,196.0,25.0,783.0,,661.0,,255.0,9.0,51.0,627.0,,,20.0,128.0,5.0,19.0,49.0,,49.0,,,105.0,123.0,20.0,678.0,6.0,,345.0,20.0,18.0,214.0,9.0,5.0,3.0,334.0,,,4.0,4.0,73.0,21.0,108.0,29.0,354.0,10.0,,167.0,,1.0,84.0,763.0,60.0,107.0,0.0,0.0,0.0,,,20.0,2.0,,13.0,16.0,,21.0,17.0,,,14.0,44.0,,,36.0,24.0,13.0,1.0,52.0,5.0,3.0,21.0,2.0,,217.0,26.0,21.0,1.0,169.0,50.0,9.0,,,,4.0,,,,2.0,2.0,,,,,,,,,,,,,,
cpl::Football_Player::9872d0a42804454098f50f548fd3f290,P. Schaale,Wanderers,Defender,2021,defender,21,1679,1,1,17,0,6,1,9,18,3,4,4,0,63,75.0,24,1.29,0,0,0,0,0,0,0,0,0,0,0,0,0,0,0,0,0,0,0,0,0,0,0,0,0,1679.0,1112.0,,,2.0,21.0,40.0,127.0,26.0,866.0,,614.0,,242.0,33.0,91.0,558.0,,,18.0,72.0,6.0,87.0,50.0,,3.0,,,217.0,71.0,21.0,649.0,7.0,,227.0,17.0,115.0,442.0,18.0,10.0,4.0,278.0,,,3.0,17.0,56.0,139.0,168.0,63.0,422.0,10.0,,64.0,,1.0,78.0,820.0,33.0,31.0,1.0,0.0,0.0,,,2.0,1.0,,23.0,26.0,,9.0,6.0,,,9.0,16.0,,3.0,6.0,3.0,,11.0,1.0,17.0,1.0,,1.0,2.0,31.0,19.0,,4.0,1.0,1.0,21.0,1.0,,1.0,6.0,1.0,1.0,,,,,,,,3.0,,,,1.0,,,,,
cpl::Football_Player::7efa8b85b3504cb88554fb705dcc5e4a,M. Farsi,Columbus,Defender,2021,defender,26,2257,1,2,14,0,7,2,28,27,36,8,6,0,32,81.0,28,1.12,2,0,0,0,0,0,0,0,0,0,0,0,0,0,0,0,0,0,0,0,0,0,0,0,0,2257.0,1662.0,,,30.0,26.0,15.0,252.0,42.0,1033.0,,803.0,,402.0,20.0,38.0,791.0,,,24.0,132.0,7.0,25.0,61.0,,36.0,,,204.0,123.0,26.0,829.0,2.0,,470.0,26.0,55.0,319.0,27.0,16.0,6.0,379.0,,,2.0,14.0,129.0,45.0,203.0,46.0,376.0,10.0,,206.0,,4.0,159.0,1003.0,98.0,108.0,1.0,0.0,1.0,,,27.0,1.0,1.0,31.0,19.0,,28.0,24.0,,,21.0,45.0,2.0,2.0,52.0,29.0,14.0,7.0,60.0,14.0,2.0,16.0,2.0,1.0,280.0,78.0,17.0,8.0,162.0,58.0,1.0,1.0,1.0,7.0,7.0,1.0,,,2.0,1.0,,,,,,,,,1.0,1.0,,,,
cpl::Football_Player::a766cd1734d84307a9ace241b64d8ed2,J. Esua,Edmonton,Defender,2021,defender,19,1101,1,0,9,0,4,0,10,7,7,2,1,1,72,79.0,16,1.31,0,0,0,0,0,0,0,0,0,0,0,0,0,0,0,0,0,0,0,0,0,0,0,0,0,1101.0,650.0,,,18.0,19.0,13.0,85.0,11.0,355.0,,277.0,,184.0,11.0,31.0,247.0,,,8.0,77.0,,21.0,23.0,,7.0,,,77.0,49.0,19.0,278.0,2.0,,161.0,14.0,27.0,96.0,7.0,4.0,1.0,141.0,,,7.0,1.0,36.0,20.0,99.0,18.0,129.0,10.0,,67.0,,,57.0,353.0,31.0,36.0,1.0,0.0,0.0,,,10.0,2.0,,5.0,14.0,,10.0,11.0,1.0,1.0,9.0,25.0,,11.0,18.0,15.0,17.0,5.0,45.0,9.0,,12.0,,,91.0,19.0,12.0,2.0,63.0,45.0,1.0,,1.0,1.0,4.0,1.0,,,,,,,,1.0,,,,,,,,,,
cpl::Football_Player::4da84a61c12443e48f9c5d0dd8f2f3ae,K. Dada-Luke,Vancouver FC,Defender,2021,defender,21,971,0,2,2,0,1,2,17,11,25,0,2,0,50,81.0,13,1.2,1,0,0,0,0,0,0,0,0,0,0,0,0,0,0,0,0,0,0,0,0,0,0,0,0,971.0,754.0,,,32.0,21.0,14.0,172.0,30.0,395.0,,312.0,,192.0,4.0,14.0,305.0,,,10.0,63.0,,17.0,16.0,,25.0,,,76.0,100.0,21.0,319.0,,,185.0,13.0,14.0,107.0,11.0,7.0,2.0,163.0,,,2.0,13.0,72.0,12.0,83.0,28.0,141.0,10.0,,144.0,,2.0,64.0,388.0,58.0,86.0,0.0,0.0,0.0,,,8.0,5.0,1.0,14.0,20.0,,17.0,9.0,,,12.0,17.0,,11.0,36.0,17.0,16.0,1.0,23.0,2.0,2.0,7.0,2.0,,111.0,24.0,7.0,,69.0,23.0,1.0,,,1.0,1.0,,,,1.0,,,,,,,,,,,1.0,,,,
cpl::Football_Player::edf6ef9ee973485dbbf8b5123cf83a94,K. Chung,Pacific,Defender,2021,defender,26,2279,1,1,4,0,2,1,40,26,18,0,3,0,33,88.0,27,1.07,2,0,0,0,0,0,0,0,0,0,0,0,0,0,0,0,0,0,0,0,0,0,0,0,0,2279.0,1882.0,,,24.0,26.0,11.0,222.0,68.0,1190.0,,1022.0,,317.0,18.0,109.0,927.0,,,25.0,150.0,8.0,39.0,52.0,,18.0,,,154.0,121.0,26.0,1036.0,5.0,,445.0,22.0,142.0,361.0,26.0,17.0,3.0,381.0,,,5.0,28.0,101.0,63.0,147.0,33.0,608.0,10.0,,189.0,,4.0,91.0,1175.0,79.0,110.0,0.0,1.0,1.0,,,11.0,1.0,,22.0,53.0,,40.0,20.0,,,12.0,22.0,,1.0,33.0,20.0,42.0,2.0,45.0,4.0,1.0,16.0,1.0,1.0,306.0,4.0,17.0,,230.0,44.0,2.0,,1.0,1.0,2.0,1.0,,,2.0,1.0,1.0,,,1.0,,4.0,,,,,,,,
cpl::Football_Player::340468323f3841eb8a68a4adfc0f1a9f,J. Geffrard,Wanderers,Defender,2021,defender,11,990,0,0,0,0,0,0,9,6,7,0,2,0,53,89.0,17,1.55,0,0,0,0,0,0,0,0,0,0,0,0,0,0,0,0,0,0,0,0,0,0,0,0,0,990.0,590.0,,,,11.0,8.0,45.0,13.0,483.0,,408.0,,62.0,7.0,27.0,400.0,,,11.0,51.0,3.0,32.0,30.0,,7.0,,,56.0,28.0,11.0,427.0,5.0,,90.0,12.0,175.0,187.0,6.0,2.0,2.0,107.0,,,3.0,4.0,17.0,22.0,26.0,15.0,337.0,10.0,,30.0,1.0,1.0,34.0,459.0,10.0,20.0,0.0,0.0,0.0,,,1.0,,,7.0,12.0,,9.0,,,,10.0,15.0,,,,,,,,,,,,,14.0,4.0,,,2.0,,11.0,,,1.0,,,,,,,,,,,,,,,,,,,,
cpl::Football_Player::5083b85e1cfb4d958a5c46dac093d7be,S. Mabussi,Edmonton,Defender,2021,defender,11,474,0,0,1,0,1,0,7,12,2,3,4,0,76,80.0,5,0.95,0,0,0,0,0,0,0,0,0,0,0,0,0,0,0,0,0,0,0,0,0,0,0,0,0,474.0,322.0,,,7.0,11.0,10.0,55.0,11.0,197.0,,150.0,,76.0,4.0,3.0,153.0,,,9.0,24.0,,12.0,9.0,,2.0,,,41.0,30.0,11.0,156.0,,,83.0,5.0,83.0,71.0,12.0,6.0,4.0,7.0,,,,4.0,25.0,10.0,49.0,13.0,76.0,10.0,,42.0,,,31.0,190.0,22.0,20.0,0.0,0.0,0.0,,,7.0,9.0,,3.0,13.0,,7.0,3.0,,,,4.0,,2.0,5.0,4.0,4.0,,17.0,1.0,,3.0,,,36.0,6.0,3.0,3.0,32.0,17.0,1.0,,,,1.0,,,,,,,,,,,,,,,,,,,
cpl::Football_Player::ecffbc0545a44299817cde31dc6d3aa8,D. Kaiser,Cavalry,Defender,2021,defender,11,492,0,0,0,0,0,0,4,5,3,0,1,0,52,80.0,4,0.73,0,0,0,0,0,0,0,0,0,0,0,0,0,0,0,0,0,0,0,0,0,0,0,0,0,492.0,353.0,,,2.0,11.0,10.0,40.0,6.0,229.0,,174.0,,79.0,5.0,12.0,170.0,,,5.0,20.0,,11.0,12.0,,3.0,,,47.0,21.0,11.0,182.0,,,97.0,4.0,48.0,98.0,5.0,4.0,1.0,35.0,,,,2.0,19.0,11.0,44.0,19.0,88.0,10.0,,21.0,,,36.0,219.0,10.0,11.0,0.0,0.0,0.0,,,3.0,4.0,1.0,9.0,8.0,,4.0,3.0,,,1.0,8.0,1.0,6.0,1.0,,15.0,,9.0,,,3.0,,,48.0,2.0,3.0,,44.0,9.0,3.0,,,1.0,,,,1.0,,,,,,,,1.0,,,,,,,,
cpl::Football_Player::64d83d0e50144cfa8a37d01e8c3108b5,H. Gorskie,Edmonton,Defender,2021,defender,25,2045,0,1,7,0,2,1,17,37,38,0,4,0,66,83.0,34,1.5,0,0,2,0,0,0,0,0,0,0,0,0,0,0,0,0,0,0,0,0,0,0,0,0,0,2045.0,1301.0,,,7.0,25.0,43.0,201.0,30.0,1057.0,,840.0,,215.0,24.0,130.0,743.0,,,23.0,129.0,4.0,29.0,56.0,,38.0,,,184.0,116.0,25.0,873.0,4.0,,408.0,30.0,272.0,437.0,37.0,15.0,4.0,230.0,,,9.0,13.0,85.0,81.0,135.0,65.0,465.0,10.0,,136.0,,1.0,103.0,1019.0,63.0,73.0,0.0,0.0,0.0,,,1.0,6.0,,22.0,25.0,,17.0,12.0,,,10.0,27.0,,2.0,11.0,,2.0,5.0,7.0,7.0,1.0,,,,118.0,14.0,,,11.0,7.0,16.0,,,,2.0,,,,,,,,,,,3.0,,,,1.0,,,,
cpl::Football_Player::d1f7a45d1b0d48fa84ac505abc9a8a91,M. Temguia,Edmonton,Defender,2021,defender,21,1409,0,0,4,0,2,0,26,30,9,0,4,0,66,83.0,20,1.28,0,0,0,0,0,0,0,0,0,0,0,0,0,0,0,0,0,0,0,0,0,0,0,0,0,1409.0,840.0,,,6.0,21.0,16.0,126.0,37.0,660.0,,530.0,,139.0,22.0,58.0,488.0,,,16.0,107.0,2.0,36.0,47.0,,9.0,,1.0,114.0,68.0,21.0,546.0,2.0,,120.0,18.0,224.0,256.0,30.0,16.0,4.0,147.0,,,8.0,11.0,58.0,68.0,67.0,24.0,426.0,10.0,,102.0,,2.0,46.0,639.0,50.0,52.0,0.0,0.0,0.0,,,2.0,1.0,2.0,8.0,24.0,,26.0,,,,9.0,12.0,,5.0,11.0,2.0,,2.0,,4.0,,,,,33.0,9.0,,,2.0,,10.0,,,2.0,2.0,,,,,,,,,,,,,,,,,,,
cpl::Football_Player::14ffd419a4894388b826c6cdf1faa89a,D. Jaković,Forge,Defender,2021,defender,5,403,0,0,1,0,0,0,1,5,4,0,2,0,72,84.0,3,0.67,0,0,0,0,0,0,0,0,0,0,0,0,0,0,0,0,0,0,0,0,0,0,0,0,0,403.0,250.0,,,1.0,5.0,8.0,31.0,6.0,211.0,,166.0,,38.0,3.0,9.0,167.0,,,5.0,26.0,2.0,11.0,16.0,,4.0,,1.0,35.0,19.0,5.0,176.0,1.0,,56.0,2.0,38.0,84.0,5.0,3.0,2.0,78.0,,,,5.0,12.0,8.0,19.0,11.0,120.0,10.0,,20.0,,1.0,27.0,199.0,9.0,11.0,,,0.0,,,,2.0,,3.0,3.0,,1.0,1.0,,,1.0,3.0,,,1.0,1.0,,1.0,,1.0,,,,,11.0,2.0,,,,,5.0,,,,,,,,,,,,,,,,,,,,,,,
cpl::Football_Player::8d7834c08c834b28a4daef064d1e6041,D. Krutzen,Forge,Defender,2021,defender,20,1695,3,1,12,0,6,1,22,14,5,1,2,0,61,86.0,18,0.96,1,0,0,1,1,0,0,0,0,0,0,0,0,0,0,0,0,0,0,0,0,0,0,0,0,1695.0,1507.0,,,4.0,20.0,26.0,118.0,37.0,1278.0,,1051.0,,206.0,26.0,133.0,965.0,,,19.0,123.0,6.0,34.0,52.0,,5.0,,,180.0,72.0,20.0,1098.0,3.0,,449.0,15.0,414.0,573.0,14.0,11.0,2.0,220.0,,,2.0,15.0,46.0,92.0,133.0,42.0,650.0,10.0,,76.0,,1.0,88.0,1230.0,30.0,46.0,1.0,2.0,2.0,,,6.0,1.0,,16.0,43.0,,22.0,6.0,,,12.0,15.0,,1.0,3.0,1.0,,6.0,5.0,12.0,1.0,1.0,,,71.0,23.0,1.0,1.0,12.0,4.0,10.0,3.0,,4.0,6.0,3.0,,,1.0,,,2.0,,,3.0,1.0,1.0,1.0,,,1.0,,,
cpl::Football_Player::91a17f348e28482898c8dbc5480ad503,P. Amedume,Pacific,Defender,2021,defender,2,18,0,0,0,0,0,0,0,1,0,0,0,0,0,63.0,1,5.0,0,0,0,0,0,0,0,0,0,0,0,0,0,0,0,0,0,0,0,0,0,0,0,0,0,18.0,11.0,,,,2.0,,1.0,,8.0,,5.0,,3.0,2.0,,5.0,,,,1.0,,1.0,1.0,,,,,3.0,,2.0,5.0,,,,1.0,4.0,2.0,1.0,1.0,,2.0,,,,,1.0,3.0,2.0,,5.0,10.0,,1.0,,1.0,,8.0,1.0,,0.0,0.0,0.0,,,1.0,,,,,,,,,,,,,2.0,,,,,,,,,,,,,,,,,2.0,,,,,,,,,,,,,,,,,,,,,,,
cpl::Football_Player::870c9f9099fd40cab60d803b7adf2827,R. Reyes,Valour,Defender,2021,defender,17,1086,0,0,6,0,1,0,20,10,7,1,3,0,73,88.0,17,1.41,0,0,0,0,0,0,0,0,0,0,0,0,0,0,0,0,0,0,0,0,0,0,0,0,0,1086.0,778.0,,,9.0,17.0,31.0,120.0,37.0,607.0,,510.0,,94.0,12.0,36.0,497.0,,,12.0,51.0,2.0,37.0,41.0,,7.0,,,74.0,84.0,17.0,533.0,3.0,,114.0,14.0,212.0,190.0,10.0,7.0,3.0,159.0,,,2.0,17.0,36.0,30.0,33.0,42.0,419.0,10.0,,78.0,,,44.0,583.0,25.0,53.0,0.0,0.0,0.0,,,2.0,1.0,1.0,11.0,16.0,,20.0,1.0,,,,1.0,,5.0,9.0,5.0,,5.0,,6.0,,,,,46.0,10.0,,1.0,2.0,,14.0,,,2.0,1.0,,,,,,,,,,,,,,,,,1.0,,
cpl::Football_Player::aafb864d45ab43e8849d3cff096d5c07,J. Dixon,Ottawa Fury,Defender,2021,defender,26,1927,0,0,4,0,1,0,31,56,13,0,6,1,56,86.0,24,1.12,0,0,0,0,0,0,0,0,0,0,0,0,0,0,0,0,0,0,0,0,0,0,0,0,0,1927.0,1118.0,,,16.0,26.0,25.0,233.0,52.0,865.0,,731.0,,189.0,12.0,65.0,672.0,,,24.0,117.0,2.0,32.0,32.0,,13.0,,,128.0,106.0,26.0,737.0,3.0,,379.0,21.0,178.0,215.0,56.0,30.0,6.0,275.0,,,1.0,21.0,127.0,44.0,100.0,44.0,358.0,10.0,,189.0,,1.0,84.0,858.0,108.0,81.0,0.0,0.0,0.0,,,2.0,13.0,3.0,19.0,9.0,,31.0,19.0,,1.0,12.0,24.0,1.0,2.0,28.0,8.0,,3.0,4.0,4.0,,,,,197.0,11.0,,,6.0,4.0,9.0,,,2.0,1.0,,,1.0,,,,,,,,8.0,,,,,,,1.0,
cpl::Football_Player::efac3c458eb94aa3aa05a38036da1ee7,C. Lee,Pacific,Defender,2021,defender,3,237,0,0,0,0,0,0,3,3,0,0,1,0,50,82.0,2,0.76,6,0,0,0,0,0,0,0,0,0,0,0,0,0,0,0,0,0,0,0,0,0,0,0,0,237.0,240.0,,,,3.0,1.0,18.0,7.0,176.0,,140.0,,47.0,3.0,5.0,139.0,,,3.0,19.0,1.0,5.0,5.0,,,,,32.0,8.0,3.0,144.0,,,58.0,2.0,70.0,58.0,3.0,2.0,1.0,4.0,,,,4.0,10.0,9.0,35.0,2.0,88.0,10.0,,16.0,,,23.0,170.0,9.0,7.0,0.0,0.0,0.0,,,,2.0,,1.0,5.0,,3.0,2.0,,,3.0,5.0,,,3.0,1.0,3.0,,8.0,,,1.0,,,44.0,,2.0,,21.0,3.0,,,,,,,,,6.0,5.0,1.0,,,,,,,,,,,,,
cpl::Football_Player::dbae960e1a0c4c7ba2104c9a904d6ab5,K. Awuah,Forge,Defender,2021,defender,26,2177,1,3,5,0,2,3,30,32,57,4,4,0,60,80.0,21,0.87,0,0,0,0,0,0,0,0,0,0,0,0,0,0,0,0,0,0,0,0,0,0,0,0,0,2177.0,1942.0,,,19.0,26.0,18.0,259.0,49.0,1309.0,,994.0,,446.0,22.0,56.0,986.0,,,25.0,163.0,6.0,16.0,63.0,,57.0,,,267.0,143.0,26.0,1042.0,4.0,,622.0,17.0,449.0,495.0,32.0,16.0,4.0,93.0,,,6.0,19.0,116.0,74.0,244.0,30.0,433.0,10.0,,229.0,,1.0,193.0,1255.0,104.0,125.0,1.0,0.0,0.0,,,14.0,4.0,1.0,12.0,30.0,,30.0,14.0,,,9.0,43.0,,1.0,57.0,20.0,25.0,3.0,40.0,5.0,3.0,13.0,3.0,,272.0,42.0,13.0,4.0,207.0,39.0,5.0,,,2.0,2.0,1.0,,,,,,1.0,,1.0,,1.0,,,,,,,,
cpl::Football_Player::b43d9617e62047d7aa28b50e96d6379b,D. Beckie,Atlético,Defender,2021,defender,18,1589,1,1,8,0,4,1,22,16,15,1,8,0,57,84.0,30,1.7,0,0,0,0,0,0,0,0,0,0,0,0,0,0,0,0,0,0,0,0,0,0,0,0,0,1589.0,1124.0,,,5.0,18.0,27.0,137.0,35.0,861.0,,690.0,,177.0,20.0,56.0,666.0,3.0,,18.0,82.0,2.0,61.0,59.0,,15.0,,,139.0,82.0,18.0,722.0,1.0,,202.0,29.0,211.0,321.0,16.0,8.0,8.0,243.0,,,4.0,13.0,55.0,53.0,88.0,47.0,520.0,10.0,,90.0,2.0,7.0,86.0,819.0,35.0,55.0,1.0,0.0,0.0,,,2.0,2.0,1.0,20.0,24.0,,22.0,,,,12.0,23.0,,,9.0,4.0,5.0,4.0,8.0,8.0,1.0,,1.0,1.0,86.0,23.0,,1.0,35.0,8.0,12.0,1.0,1.0,,4.0,1.0,,,,,,,,,,,,,,,,,,
cpl::Football_Player::9fa7232743934bf2a022c4fe6a62c1b6,J. Haynes,Valour,Defender,2021,defender,26,1938,0,1,2,0,1,1,37,34,26,0,4,0,50,76.0,25,1.16,0,0,0,0,0,0,0,0,0,0,0,0,0,0,0,0,0,0,0,0,0,0,0,0,0,1938.0,1553.0,,,6.0,26.0,29.0,211.0,50.0,1057.0,,778.0,,350.0,48.0,74.0,729.0,,,20.0,144.0,5.0,36.0,89.0,,26.0,,3.0,254.0,110.0,26.0,803.0,5.0,,348.0,20.0,401.0,488.0,34.0,16.0,4.0,22.0,,,10.0,13.0,101.0,113.0,188.0,57.0,463.0,10.0,,154.0,,3.0,141.0,1026.0,73.0,81.0,0.0,0.0,0.0,,,1.0,2.0,5.0,28.0,25.0,,37.0,5.0,,,19.0,52.0,,6.0,16.0,10.0,26.0,1.0,23.0,2.0,1.0,8.0,1.0,,146.0,3.0,8.0,,181.0,23.0,1.0,,,1.0,1.0,,,,,,,,,,,1.0,,,,,,,,
cpl::Football_Player::1669b606345b4345b00d59de89c1c7eb,D. Abzi,Blainville,Defender,2021,defender,26,2307,6,3,33,0,16,3,35,28,39,3,9,0,44,74.0,40,1.56,1,0,1,0,0,0,0,0,0,0,0,0,0,0,0,0,0,0,0,0,0,0,0,0,0,2307.0,1659.0,,,60.0,26.0,19.0,326.0,46.0,881.0,,629.0,,482.0,26.0,50.0,600.0,,,26.0,161.0,3.0,38.0,65.0,,39.0,,,231.0,164.0,26.0,650.0,3.0,,327.0,37.0,338.0,355.0,28.0,22.0,9.0,48.0,1.0,,4.0,11.0,162.0,78.0,252.0,43.0,350.0,10.0,,283.0,,3.0,153.0,855.0,138.0,145.0,3.0,3.0,1.0,,,26.0,5.0,,24.0,36.0,,35.0,30.0,,,25.0,53.0,2.0,,72.0,49.0,16.0,17.0,86.0,33.0,3.0,24.0,3.0,1.0,140.0,77.0,27.0,3.0,136.0,78.0,10.0,4.0,,7.0,16.0,6.0,1.0,,1.0,1.0,,5.0,1.0,2.0,9.0,1.0,,,1.0,1.0,,,,
cpl::Football_Player::b6597676a5e34edf998b3ef92a3c14d0,M. Campagna,Vancouver FC,Defender,2021,defender,5,288,0,0,0,0,0,0,3,4,3,0,1,0,75,86.0,6,1.88,0,0,0,0,0,0,0,0,0,0,0,0,0,0,0,0,0,0,0,0,0,0,0,0,0,288.0,181.0,,,,5.0,3.0,22.0,5.0,143.0,,114.0,,25.0,5.0,6.0,116.0,,,3.0,20.0,,7.0,8.0,,3.0,,1.0,21.0,11.0,5.0,122.0,2.0,,43.0,4.0,18.0,67.0,4.0,2.0,1.0,48.0,,,1.0,2.0,11.0,12.0,13.0,4.0,79.0,10.0,,18.0,,,9.0,134.0,10.0,8.0,,,0.0,,,,,,1.0,7.0,,3.0,,,,,,,2.0,1.0,,,,,,,,,,10.0,1.0,,,,,3.0,,,,,,,,,,,,,,,,,,,,,,,
cpl::Football_Player::1ada73d8bf034890ab66cfbd681d0f7c,C. N'Sa,Wanderers,Defender,2021,defender,27,2354,1,0,15,0,3,0,39,42,53,2,7,0,50,84.0,37,1.41,1,0,2,0,0,0,0,0,0,0,0,0,0,0,0,0,0,0,0,0,0,0,0,0,0,2354.0,1372.0,,,23.0,27.0,28.0,278.0,59.0,782.0,,621.0,,260.0,15.0,27.0,629.0,,,26.0,148.0,6.0,58.0,48.0,,53.0,,1.0,126.0,163.0,27.0,656.0,4.0,,281.0,33.0,61.0,281.0,42.0,26.0,7.0,303.0,2.0,,8.0,20.0,115.0,37.0,92.0,56.0,387.0,10.0,,222.0,,3.0,89.0,742.0,87.0,135.0,0.0,1.0,0.0,,,8.0,2.0,4.0,28.0,34.0,,39.0,11.0,,,20.0,38.0,,1.0,30.0,13.0,39.0,12.0,14.0,15.0,,12.0,,3.0,137.0,53.0,12.0,2.0,115.0,14.0,11.0,1.0,,8.0,3.0,1.0,1.0,,1.0,,,,,,,,,,1.0,,,,,
cpl::Football_Player::44afcd7647a14ba2bf6a8e37869641fe,Anthony Mikhael,Valour,Defender,2021,defender,12,562,0,0,1,0,0,0,7,5,4,0,3,0,68,79.0,9,1.44,0,0,0,0,0,0,0,0,0,0,0,0,0,0,0,0,0,0,0,0,0,0,0,0,0,562.0,427.0,,,4.0,12.0,13.0,55.0,13.0,337.0,,256.0,,83.0,15.0,29.0,237.0,,,6.0,37.0,1.0,17.0,28.0,,4.0,,,71.0,34.0,12.0,266.0,,,69.0,9.0,101.0,162.0,5.0,4.0,3.0,52.0,,,2.0,6.0,21.0,38.0,43.0,19.0,197.0,10.0,,36.0,,,33.0,325.0,15.0,21.0,0.0,0.0,0.0,,,,3.0,,6.0,13.0,,7.0,,,,4.0,7.0,,6.0,7.0,4.0,,1.0,,1.0,,,,,22.0,1.0,,,9.0,,2.0,,,,,,,,,,,,,,,,,,,,,,,
cpl::Football_Player::1d6aeac7e2534a41a2bc992852faaf23,A. Soto,Valour,Defender,2021,defender,5,286,0,0,0,0,0,0,2,4,0,0,1,0,55,83.0,4,1.26,0,0,0,0,0,0,0,0,0,0,0,0,0,0,0,0,0,0,0,0,0,0,0,0,0,286.0,156.0,,,,5.0,5.0,25.0,8.0,133.0,,109.0,,24.0,5.0,9.0,101.0,,,4.0,8.0,1.0,9.0,9.0,,,,,23.0,13.0,5.0,110.0,,,15.0,4.0,33.0,49.0,4.0,2.0,1.0,48.0,,,3.0,6.0,12.0,13.0,14.0,9.0,95.0,10.0,,16.0,,,10.0,132.0,8.0,8.0,0.0,0.0,0.0,,,,2.0,,4.0,2.0,,2.0,,,,1.0,1.0,,1.0,1.0,1.0,,,,,,,,,3.0,,,,,,1.0,,,,,,,,,,,,,,,,,,,,,,,
cpl::Football_Player::0437038bc2254a4a93d8d74d4278c768,M. Mohsen,Forge,Defender,2021,defender,8,230,0,0,1,0,0,0,2,3,1,0,0,0,16,77.0,2,0.78,3,0,0,0,0,0,0,0,0,0,0,0,0,0,0,0,0,0,0,0,0,0,0,0,0,230.0,120.0,,,4.0,8.0,1.0,34.0,5.0,64.0,,48.0,,39.0,1.0,2.0,47.0,,,2.0,8.0,,1.0,5.0,,1.0,,,15.0,11.0,8.0,49.0,,,31.0,2.0,20.0,19.0,3.0,1.0,,5.0,,,,3.0,23.0,3.0,16.0,6.0,19.0,10.0,,28.0,,,12.0,62.0,18.0,10.0,,,0.0,,,2.0,2.0,,5.0,3.0,,2.0,,,,3.0,4.0,,6.0,9.0,5.0,1.0,1.0,6.0,1.0,,1.0,,,20.0,5.0,1.0,,7.0,4.0,,,,,,,,,3.0,2.0,,,,,,,,,,,,,,
cpl::Football_Player::fd9ddb9946a84feeb1b5e9a8dd531160,A. Samaké,Valour,Defender,2021,defender,25,2169,0,1,7,0,2,1,22,25,13,1,3,0,53,89.0,28,1.16,0,0,0,0,0,0,0,0,0,0,0,0,0,0,0,0,0,0,0,0,0,0,0,0,0,2169.0,1885.0,,,2.0,25.0,45.0,165.0,35.0,1651.0,,1437.0,,208.0,37.0,150.0,1309.0,,,25.0,129.0,5.0,61.0,71.0,,13.0,,,192.0,95.0,25.0,1459.0,4.0,,392.0,24.0,604.0,634.0,25.0,10.0,3.0,365.0,1.0,,6.0,13.0,70.0,93.0,121.0,84.0,1067.0,10.0,,81.0,,2.0,99.0,1622.0,31.0,50.0,0.0,0.0,0.0,,,2.0,4.0,1.0,39.0,35.0,,22.0,5.0,,,8.0,15.0,,,2.0,,,5.0,,7.0,1.0,,,,48.0,17.0,,1.0,4.0,,13.0,,,3.0,2.0,,,,,,,,,,,,,,,,,1.0,,
cpl::Football_Player::270eb17b99df4a3ea3a65d918a9c385e,A. Bouka,Valour,Defender,2021,defender,14,1007,0,0,1,0,0,0,11,11,17,1,1,0,53,76.0,18,1.61,0,0,0,0,0,0,0,0,0,0,0,0,0,0,0,0,0,0,0,0,0,0,0,0,0,1007.0,781.0,,,13.0,14.0,17.0,113.0,19.0,493.0,,356.0,,197.0,22.0,18.0,353.0,,,11.0,65.0,2.0,20.0,56.0,,17.0,,,122.0,66.0,14.0,371.0,2.0,,171.0,16.0,150.0,235.0,11.0,6.0,1.0,18.0,,,2.0,8.0,47.0,39.0,85.0,32.0,204.0,10.0,,81.0,,1.0,83.0,474.0,32.0,49.0,0.0,0.0,0.0,,,5.0,2.0,2.0,15.0,10.0,,11.0,3.0,,,14.0,31.0,,3.0,16.0,11.0,22.0,1.0,19.0,1.0,,4.0,,,90.0,5.0,4.0,1.0,84.0,19.0,2.0,,,,,,,,,,,,,,,,,,,,,,,
cpl::Football_Player::5dd63e2f035e4b68a7987b7a747ecd51,L. MacNaughton,,Defender,2021,defender,26,2340,2,1,18,0,6,1,10,22,18,2,8,0,71,86.0,30,1.15,0,0,1,1,0,0,0,0,0,0,0,0,0,0,0,0,0,0,0,0,0,0,0,0,0,2340.0,2209.0,,,8.0,26.0,75.0,188.0,21.0,1931.0,,1618.0,,295.0,44.0,179.0,1481.0,,,26.0,177.0,8.0,72.0,90.0,,18.0,,,271.0,121.0,26.0,1660.0,5.0,,522.0,25.0,338.0,753.0,22.0,8.0,8.0,740.0,,,22.0,11.0,67.0,135.0,185.0,105.0,1140.0,10.0,,83.0,,4.0,136.0,1880.0,37.0,46.0,1.0,1.0,0.0,,,9.0,,,30.0,49.0,,10.0,9.0,,,3.0,10.0,,,6.0,2.0,,12.0,4.0,18.0,1.0,2.0,,1.0,100.0,36.0,2.0,2.0,11.0,4.0,17.0,1.0,2.0,6.0,6.0,2.0,,,,,,,,1.0,,,,1.0,1.0,,,,,
cpl::Football_Player::6085b5eefe2b42e6810a6fd5a6b07c43,M. Restrepo,Wanderers,Defender,2021,defender,12,877,0,0,0,0,0,0,8,10,3,0,2,0,61,85.0,11,1.13,0,0,0,0,0,0,0,0,0,0,0,0,0,0,0,0,0,0,0,0,0,0,0,0,0,877.0,632.0,,,2.0,12.0,16.0,71.0,21.0,513.0,,414.0,,86.0,8.0,31.0,403.0,,,11.0,43.0,2.0,29.0,24.0,,3.0,,,79.0,42.0,12.0,434.0,3.0,,124.0,8.0,93.0,221.0,10.0,7.0,2.0,162.0,,,9.0,13.0,29.0,40.0,56.0,26.0,310.0,10.0,,45.0,,,39.0,491.0,19.0,26.0,0.0,0.0,0.0,,,3.0,3.0,,10.0,25.0,,8.0,1.0,,,5.0,10.0,,1.0,1.0,1.0,,,1.0,,,,,1.0,37.0,3.0,,,8.0,1.0,7.0,,,1.0,,,,,,,,,,,,,,,,,,,,
cpl::Football_Player::dbd655d062324c56adb1ab7d3e8ef373,M. Arnone,Atlético,Defender,2021,defender,14,1146,1,0,5,0,1,0,9,6,5,0,0,1,50,90.0,21,1.65,0,0,0,0,0,0,0,0,0,0,0,0,0,0,0,0,0,0,0,0,0,0,0,0,0,1146.0,770.0,,,1.0,14.0,13.0,60.0,15.0,637.0,,559.0,,75.0,7.0,30.0,543.0,,,13.0,38.0,,51.0,35.0,,5.0,,,64.0,34.0,14.0,573.0,1.0,,115.0,20.0,244.0,239.0,6.0,5.0,,95.0,,,3.0,6.0,26.0,26.0,29.0,26.0,458.0,10.0,,34.0,,6.0,38.0,622.0,13.0,21.0,0.0,1.0,0.0,,,,6.0,,13.0,11.0,,9.0,1.0,,1.0,8.0,11.0,,1.0,5.0,1.0,1.0,4.0,,5.0,,,,,59.0,10.0,,,,,6.0,1.0,,1.0,1.0,1.0,1.0,,,,,,,,,,,,1.0,,,,1.0,
cpl::Football_Player::b7be868af7ae4f3580a90e50f070a34d,S. Frias,Forge,Defender,2021,defender,2,20,0,0,0,0,0,0,0,1,1,0,0,0,33,82.0,0,0.0,0,0,0,0,0,0,0,0,0,0,0,0,0,0,0,0,0,0,0,0,0,0,0,0,0,20.0,23.0,,,,2.0,1.0,8.0,2.0,16.0,,12.0,,3.0,,1.0,12.0,,,,2.0,,,2.0,,1.0,,,3.0,4.0,2.0,13.0,,,3.0,,5.0,6.0,1.0,1.0,,5.0,,,,2.0,4.0,,1.0,3.0,10.0,10.0,,5.0,,,3.0,15.0,2.0,3.0,,,0.0,,,,,,2.0,1.0,,,,,,2.0,3.0,,2.0,,,,,,,,,,,,,,,,,,,,,,,,,,,,,,,,,,,,,,,,
cpl::Football_Player::641f7b9c46174788a95afabcf0167f13,M. Cornwall,Atlético,Defender,2021,defender,2,58,0,0,1,0,1,0,0,1,0,0,0,0,0,68.0,2,3.1,0,0,0,0,0,0,0,0,0,0,0,0,0,0,0,0,0,0,0,0,0,0,0,0,0,58.0,38.0,,,,2.0,,2.0,,28.0,,18.0,,14.0,,2.0,17.0,,,1.0,3.0,,,1.0,,,,,9.0,,2.0,19.0,,,6.0,2.0,7.0,11.0,1.0,1.0,,3.0,,,,,2.0,2.0,11.0,1.0,13.0,10.0,,1.0,,1.0,7.0,27.0,1.0,,0.0,0.0,0.0,,,1.0,1.0,,1.0,,,,,,,,1.0,,1.0,,,,,3.0,1.0,,,,,7.0,1.0,,,4.0,3.0,,,,,1.0,,,,,,,,,,,,,,,,,,,
cpl::Football_Player::a742bcbb546f417d9003cfe9bf5e3676,N. Higgins,York,Defender,2021,defender,8,458,0,0,1,0,0,0,4,7,1,0,1,1,40,90.0,9,1.77,0,0,0,0,0,0,0,0,0,0,0,0,0,0,0,0,0,0,0,0,0,0,0,0,0,458.0,312.0,,,,8.0,4.0,26.0,7.0,261.0,,227.0,,29.0,10.0,14.0,219.0,,,5.0,20.0,,21.0,15.0,,1.0,,1.0,28.0,12.0,8.0,233.0,,,53.0,9.0,97.0,71.0,7.0,4.0,1.0,72.0,,,1.0,3.0,14.0,19.0,13.0,10.0,180.0,10.0,,16.0,,2.0,9.0,254.0,8.0,8.0,0.0,0.0,0.0,,,1.0,1.0,1.0,6.0,6.0,,4.0,,,1.0,5.0,6.0,,3.0,,,,1.0,,1.0,,,,,21.0,1.0,,,1.0,,5.0,,,,,,,,,,,,,,,,,,,,,,1.0,
cpl::Football_Player::242992e119ea4cf3b76878a2029dddac,P. Gee,Vancouver FC,Defender,2021,defender,27,2016,0,0,15,0,6,0,42,31,22,3,3,0,65,77.0,28,1.25,1,0,0,0,0,0,0,0,0,0,0,0,0,0,0,0,0,0,0,0,0,0,0,0,0,2016.0,1425.0,,,25.0,27.0,21.0,233.0,58.0,838.0,,617.0,,363.0,28.0,59.0,578.0,,,22.0,136.0,5.0,36.0,64.0,,22.0,,,201.0,126.0,27.0,637.0,3.0,,369.0,25.0,300.0,345.0,31.0,19.0,3.0,63.0,,,7.0,16.0,107.0,68.0,194.0,32.0,291.0,10.0,,201.0,,3.0,133.0,815.0,96.0,105.0,0.0,0.0,0.0,,,10.0,7.0,,11.0,25.0,,42.0,27.0,,,11.0,29.0,,5.0,43.0,34.0,20.0,9.0,57.0,15.0,,23.0,,1.0,130.0,15.0,23.0,3.0,169.0,57.0,4.0,,,3.0,6.0,,,,1.0,,,,,,,,,,,,,,,
cpl::Football_Player::5a3736a2d77f4ba6b4815db18ecee270,V. Neufville,Atlético,Defender,2021,defender,13,785,0,1,2,0,0,1,12,14,14,0,4,0,50,77.0,16,1.83,0,0,0,0,0,0,0,0,0,0,0,0,0,0,0,0,0,0,0,0,0,0,0,0,0,785.0,510.0,,,14.0,13.0,3.0,98.0,20.0,270.0,,198.0,,135.0,13.0,21.0,185.0,,,10.0,52.0,1.0,16.0,24.0,,14.0,,2.0,64.0,51.0,13.0,206.0,1.0,,70.0,15.0,102.0,106.0,14.0,1.0,4.0,5.0,,,7.0,8.0,47.0,26.0,55.0,6.0,136.0,10.0,,92.0,,3.0,38.0,260.0,44.0,48.0,0.0,0.0,0.0,,,4.0,5.0,3.0,3.0,12.0,,12.0,1.0,,,10.0,17.0,,3.0,23.0,12.0,8.0,2.0,15.0,2.0,1.0,,1.0,1.0,57.0,10.0,,,65.0,13.0,3.0,,,,,,,,,,,,,,,,,,,1.0,,,,
cpl::Football_Player::3aaf25a2f090423584d5e9d492e5ca42,J. Grant,Atlético,Defender,2021,defender,19,1279,0,1,3,0,2,1,17,19,12,3,4,0,51,79.0,11,0.77,0,0,0,0,0,0,0,0,0,0,0,0,0,0,0,0,0,0,0,0,0,0,0,0,0,1279.0,1006.0,,,14.0,19.0,17.0,140.0,26.0,641.0,,489.0,,246.0,8.0,18.0,487.0,,,15.0,73.0,6.0,22.0,26.0,,12.0,,1.0,136.0,69.0,19.0,505.0,1.0,,328.0,10.0,48.0,255.0,19.0,10.0,4.0,186.0,,,,9.0,71.0,34.0,135.0,33.0,182.0,10.0,,107.0,,1.0,102.0,625.0,55.0,52.0,,,0.0,,,10.0,8.0,1.0,16.0,20.0,,17.0,4.0,,,9.0,28.0,,4.0,28.0,18.0,13.0,1.0,25.0,3.0,1.0,5.0,1.0,2.0,152.0,31.0,5.0,3.0,104.0,25.0,7.0,,,3.0,2.0,,,,,,,,,,,,,,,,,,,
cpl::Football_Player::9743204ff22741e9958a22019e709346,S. Cebara,Valour,Defender,2021,defender,26,2186,1,2,5,0,2,2,21,9,27,3,3,0,71,89.0,30,1.24,0,0,0,0,0,0,0,0,0,0,0,0,0,0,0,0,0,0,0,0,0,0,0,0,0,2186.0,1576.0,,,29.0,26.0,20.0,162.0,29.0,1189.0,,1017.0,,215.0,21.0,64.0,986.0,,,24.0,163.0,9.0,60.0,62.0,,27.0,,,139.0,104.0,26.0,1050.0,4.0,,262.0,26.0,189.0,414.0,9.0,4.0,3.0,458.0,,,12.0,8.0,58.0,47.0,82.0,28.0,791.0,10.0,,134.0,,1.0,92.0,1148.0,50.0,84.0,1.0,0.0,1.0,,,4.0,1.0,1.0,8.0,36.0,,21.0,7.0,,,7.0,14.0,,2.0,28.0,22.0,10.0,3.0,5.0,5.0,2.0,3.0,2.0,1.0,128.0,13.0,3.0,3.0,65.0,5.0,7.0,1.0,,1.0,2.0,1.0,1.0,,,,,,,,,1.0,,,,,,,,
cpl::Football_Player::907ea07d836b4d78a6fd1c95e7081ee6,D. Zator,Cavalry,Defender,2021,defender,25,2136,1,0,15,0,6,0,20,14,16,0,2,1,78,84.0,33,1.39,0,0,0,0,0,0,0,0,0,0,0,0,0,0,0,0,0,0,0,0,0,0,0,0,0,2136.0,1489.0,,,4.0,25.0,64.0,162.0,31.0,1186.0,,955.0,,222.0,43.0,70.0,917.0,,,24.0,142.0,4.0,94.0,75.0,,16.0,,,199.0,114.0,25.0,987.0,3.0,,193.0,30.0,400.0,444.0,14.0,5.0,2.0,274.0,,,6.0,11.0,48.0,103.0,125.0,82.0,795.0,10.0,,80.0,,3.0,96.0,1148.0,30.0,50.0,1.0,0.0,1.0,,,3.0,,,18.0,39.0,,20.0,9.0,1.0,1.0,16.0,23.0,,1.0,5.0,,,9.0,1.0,15.0,,1.0,,,68.0,29.0,1.0,,4.0,1.0,29.0,1.0,,5.0,6.0,1.0,1.0,,,,,,,,,,,,,,,,,
cpl::Football_Player::ddaa28ce30bc4ad8888405cb267a86cc,Miguel Acosta,Atlético,Defender,2021,defender,27,2430,2,1,5,0,2,1,41,24,19,2,7,0,50,77.0,46,1.7,1,0,1,0,0,0,0,0,0,0,0,0,0,0,0,0,0,0,0,0,0,0,0,0,0,2430.0,1643.0,,,24.0,27.0,13.0,251.0,75.0,988.0,,735.0,,398.0,45.0,48.0,707.0,,,27.0,133.0,3.0,59.0,98.0,,19.0,,1.0,233.0,130.0,27.0,755.0,1.0,,365.0,45.0,228.0,425.0,24.0,12.0,7.0,122.0,,,14.0,34.0,121.0,82.0,192.0,26.0,396.0,10.0,,225.0,,11.0,151.0,963.0,108.0,117.0,2.0,0.0,0.0,,,13.0,,4.0,13.0,22.0,,41.0,11.0,,,18.0,66.0,,,37.0,20.0,31.0,3.0,57.0,5.0,1.0,6.0,1.0,,213.0,17.0,6.0,2.0,204.0,57.0,7.0,2.0,1.0,3.0,2.0,2.0,,,1.0,,,1.0,,,,2.0,,,,,,,,
cpl::Football_Player::347018d8099042888a6076bd0cea0744,K. Çela,Forge,Defender,2021,defender,6,200,0,0,1,0,0,0,1,5,2,0,2,0,50,90.0,2,0.9,0,0,0,0,0,0,0,0,0,0,0,0,0,0,0,0,0,0,0,0,0,0,0,0,0,200.0,166.0,,,2.0,6.0,3.0,22.0,3.0,124.0,,106.0,,28.0,4.0,3.0,108.0,,,2.0,8.0,,5.0,4.0,,2.0,,,13.0,10.0,6.0,111.0,,,33.0,2.0,35.0,21.0,5.0,4.0,2.0,52.0,,,,2.0,12.0,5.0,16.0,6.0,79.0,10.0,,16.0,,,8.0,119.0,9.0,7.0,,,0.0,,,1.0,1.0,,3.0,1.0,,1.0,,,,,1.0,,4.0,2.0,1.0,,1.0,7.0,1.0,,1.0,,,16.0,4.0,1.0,,6.0,7.0,1.0,,,1.0,,,,,,,,,,,,,,,,,,,,
cpl::Football_Player::ebfeb9e972964148846658f57142a247,R. Thompson,York,Defender,2021,defender,9,546,0,0,3,0,0,0,8,5,0,1,1,0,59,85.0,8,1.32,0,0,0,0,0,0,0,0,0,0,0,0,0,0,0,0,0,0,0,0,0,0,0,0,0,546.0,392.0,,,,9.0,19.0,55.0,12.0,317.0,,260.0,,59.0,9.0,31.0,236.0,,,7.0,31.0,1.0,15.0,15.0,,,,,50.0,31.0,9.0,267.0,2.0,,83.0,6.0,93.0,158.0,5.0,3.0,1.0,57.0,,,1.0,4.0,24.0,27.0,35.0,32.0,184.0,10.0,,23.0,,,23.0,310.0,11.0,12.0,,,0.0,,,1.0,3.0,,13.0,14.0,,8.0,5.0,,,4.0,4.0,,2.0,3.0,,3.0,3.0,,3.0,,,,,9.0,4.0,,1.0,10.0,,2.0,,,,,,,,,,,,,,,,,,,,,,,
cpl::Football_Player::6981001867ad42d9b6d9bfc216cfab71,D. Samuel,Forge,Defender,2021,defender,28,2138,0,0,5,0,1,0,16,24,35,0,5,0,67,88.0,20,0.84,0,0,0,0,0,0,0,0,0,0,0,0,0,0,0,0,0,0,0,0,0,0,0,0,0,2138.0,1531.0,,,23.0,28.0,44.0,190.0,18.0,1278.0,,1073.0,,204.0,19.0,54.0,1065.0,,,23.0,141.0,9.0,38.0,60.0,,35.0,,,159.0,120.0,28.0,1119.0,3.0,,420.0,17.0,367.0,527.0,24.0,12.0,5.0,339.0,,,3.0,2.0,70.0,61.0,100.0,65.0,699.0,10.0,,125.0,,,98.0,1230.0,49.0,76.0,,,0.0,,,,2.0,,21.0,14.0,,16.0,2.0,,,7.0,21.0,,5.0,20.0,5.0,,4.0,1.0,5.0,,,,1.0,45.0,8.0,,,20.0,1.0,13.0,,,1.0,1.0,,,,,,,,,,,1.0,,,,,,,,
cpl::Football_Player::c182423a01294fc4a488163b7c07b7f4,G. Metusala,Forge,Defender,2021,defender,25,1861,2,0,8,0,3,0,28,18,14,1,1,0,58,83.0,20,0.97,0,0,0,0,0,0,0,0,0,0,0,0,0,0,0,0,0,0,0,0,0,0,0,0,0,1861.0,1384.0,,,14.0,25.0,29.0,172.0,42.0,1035.0,,836.0,,273.0,9.0,67.0,784.0,,,21.0,110.0,6.0,39.0,64.0,,14.0,,,184.0,99.0,25.0,851.0,3.0,,328.0,17.0,258.0,374.0,18.0,7.0,1.0,289.0,,,4.0,14.0,73.0,66.0,135.0,50.0,525.0,10.0,,122.0,,,118.0,1016.0,52.0,70.0,1.0,1.0,0.0,,,8.0,3.0,,21.0,23.0,,28.0,10.0,,,8.0,21.0,,4.0,14.0,5.0,35.0,5.0,15.0,8.0,,2.0,,,114.0,26.0,2.0,1.0,68.0,15.0,8.0,2.0,,4.0,3.0,2.0,1.0,,,,,1.0,,,,,,,,,,1.0,,
cpl::Football_Player::a22a6c20e107412398d843c4ab034577,R. Romeo,Valour,Defender,2021,defender,16,1439,2,0,10,0,4,0,13,19,3,2,6,1,69,86.0,26,1.63,0,0,0,0,0,0,0,0,0,0,0,0,0,0,0,0,0,0,0,0,0,0,0,0,0,1439.0,1048.0,,,2.0,16.0,37.0,108.0,20.0,873.0,,728.0,,138.0,24.0,93.0,654.0,,,16.0,85.0,4.0,68.0,47.0,,3.0,,2.0,126.0,62.0,16.0,747.0,3.0,,152.0,23.0,289.0,327.0,19.0,6.0,6.0,228.0,,,9.0,7.0,46.0,65.0,80.0,53.0,595.0,10.0,,55.0,,1.0,61.0,846.0,30.0,25.0,1.0,1.0,0.0,,,2.0,,1.0,16.0,16.0,,13.0,3.0,1.0,1.0,5.0,8.0,,,5.0,3.0,1.0,6.0,1.0,10.0,,,,,29.0,17.0,,2.0,3.0,1.0,11.0,2.0,1.0,2.0,4.0,2.0,1.0,,,,,,,,,,,,,,,,,
cpl::Football_Player::46e85b6f18f042fe837554290482828b,A. Đidić,Atlético,Defender,2021,defender,24,2084,3,1,21,0,8,1,19,19,6,0,4,0,72,81.0,35,1.51,0,0,0,0,0,0,0,0,0,0,0,0,0,0,0,0,0,0,0,0,0,0,0,0,0,2084.0,1396.0,,,4.0,24.0,63.0,158.0,28.0,1063.0,,837.0,,224.0,46.0,134.0,727.0,,,23.0,132.0,5.0,147.0,66.0,,6.0,,,202.0,101.0,24.0,861.0,6.0,,296.0,29.0,153.0,464.0,19.0,8.0,4.0,407.0,,,14.0,9.0,57.0,96.0,136.0,87.0,566.0,10.0,,71.0,,3.0,106.0,1034.0,33.0,38.0,3.0,0.0,0.0,,,3.0,,2.0,24.0,57.0,,19.0,6.0,,,9.0,19.0,,1.0,6.0,2.0,1.0,13.0,,21.0,1.0,1.0,,,39.0,34.0,1.0,,3.0,,15.0,3.0,,2.0,8.0,3.0,3.0,,,,,,,,1.0,,,,,,,,,
cpl::Football_Player::859df54960ef45ef98a04d967baa8d96,R. Boskovic,Ottawa Fury,Defender,2021,defender,5,195,0,0,0,0,0,0,4,5,2,0,0,0,75,80.0,4,1.85,0,0,0,0,0,0,0,0,0,0,0,0,0,0,0,0,0,0,0,0,0,0,0,0,0,195.0,180.0,,,1.0,5.0,3.0,21.0,4.0,143.0,,112.0,,37.0,3.0,14.0,100.0,,,3.0,9.0,,2.0,13.0,,2.0,,,29.0,10.0,5.0,114.0,,,48.0,4.0,56.0,68.0,5.0,4.0,,9.0,,,2.0,,11.0,11.0,16.0,4.0,66.0,10.0,,17.0,,,18.0,141.0,10.0,7.0,0.0,0.0,0.0,,,,3.0,,1.0,3.0,,4.0,,,,1.0,3.0,,2.0,1.0,1.0,3.0,,,,,,,,10.0,,,,12.0,,1.0,,,,,,,,,,,,,,,,,,,,,,,
cpl::Football_Player::8a6c8e7f553849f9a237ca5dd408e66d,B. Levis,Atlético,Defender,2021,defender,16,960,1,0,12,0,4,0,26,22,24,2,4,0,48,83.0,18,1.69,5,0,0,0,0,0,0,0,0,0,0,0,0,0,0,0,0,0,0,0,0,0,0,0,0,960.0,677.0,,,23.0,16.0,13.0,178.0,33.0,442.0,,357.0,,132.0,4.0,16.0,350.0,,,14.0,77.0,1.0,13.0,24.0,,24.0,,,76.0,93.0,16.0,366.0,4.0,,200.0,14.0,142.0,136.0,22.0,18.0,4.0,57.0,,,1.0,7.0,85.0,11.0,62.0,27.0,174.0,10.0,,151.0,,1.0,65.0,430.0,71.0,80.0,0.0,1.0,0.0,,,1.0,11.0,,14.0,7.0,,26.0,12.0,,,6.0,15.0,,2.0,25.0,14.0,7.0,8.0,10.0,12.0,,5.0,,1.0,107.0,12.0,8.0,2.0,24.0,6.0,2.0,1.0,1.0,2.0,4.0,1.0,,,5.0,2.0,3.0,,,,,,,,,,,,,
cpl::Football_Player::1b51a11201234c7ea6415ff935930a82,A. Baquero,Valour,Defender,2021,defender,23,1830,1,0,12,0,5,0,34,35,15,3,4,0,52,83.0,23,1.13,11,0,0,0,0,0,0,0,0,0,0,0,0,0,0,0,0,0,0,0,0,0,0,0,0,1830.0,1575.0,,,20.0,23.0,9.0,210.0,62.0,1082.0,,864.0,,307.0,23.0,78.0,814.0,,,19.0,138.0,5.0,33.0,60.0,,15.0,,,190.0,105.0,23.0,892.0,2.0,,390.0,21.0,72.0,410.0,35.0,23.0,4.0,436.0,,,2.0,28.0,105.0,57.0,155.0,17.0,510.0,10.0,,193.0,,1.0,133.0,1051.0,97.0,96.0,0.0,1.0,0.0,,,7.0,5.0,1.0,8.0,36.0,,34.0,15.0,,,14.0,40.0,,4.0,39.0,16.0,21.0,7.0,25.0,12.0,,4.0,,4.0,164.0,19.0,8.0,3.0,125.0,19.0,5.0,,1.0,8.0,5.0,1.0,,,11.0,5.0,4.0,,,1.0,1.0,1.0,,,,,,,,
cpl::Football_Player::d1433885dbb94149b5acefd04d818f56,B. John,Atlético,Defender,2021,defender,5,147,0,0,1,0,1,0,2,2,4,0,0,0,100,76.0,3,1.84,0,0,0,0,0,0,0,0,0,0,0,0,0,0,0,0,0,0,0,0,0,0,0,0,0,147.0,76.0,,,,5.0,1.0,8.0,2.0,65.0,,48.0,,17.0,2.0,5.0,44.0,,,2.0,4.0,,1.0,4.0,,4.0,,,16.0,6.0,5.0,49.0,,,11.0,3.0,12.0,19.0,2.0,1.0,,26.0,,,1.0,,2.0,9.0,12.0,1.0,38.0,10.0,,7.0,,1.0,7.0,64.0,2.0,5.0,0.0,0.0,0.0,,,,2.0,,,1.0,,2.0,1.0,,,,1.0,,3.0,,,1.0,,,1.0,,,,,8.0,1.0,,,,,,,,,1.0,,,,,,,,,,,,,,,,,,,
cpl::Football_Player::a75ac9bdd7fe4c87bd657f07db89d6e2,M. Kapor,Atlético,Defender,2021,defender,21,1756,0,0,3,0,0,0,7,17,6,0,4,0,43,88.0,28,1.44,0,0,0,0,0,0,0,0,0,0,0,0,0,0,0,0,0,0,0,0,0,0,0,0,0,1756.0,1096.0,,,2.0,21.0,23.0,103.0,17.0,919.0,,778.0,,125.0,20.0,94.0,707.0,2.0,,20.0,59.0,2.0,62.0,34.0,,6.0,,2.0,118.0,48.0,21.0,801.0,,,162.0,28.0,225.0,298.0,17.0,6.0,4.0,350.0,,,12.0,10.0,55.0,73.0,85.0,53.0,639.0,10.0,,50.0,,9.0,45.0,885.0,25.0,25.0,0.0,0.0,0.0,,,1.0,3.0,2.0,30.0,31.0,,7.0,1.0,,,7.0,10.0,,1.0,2.0,,,3.0,1.0,3.0,,,,,46.0,11.0,,,2.0,1.0,15.0,,,4.0,,,,1.0,,,,,,,,,,,,,,,,
cpl::Football_Player::3ebb1a23b8bf4400bf5519f616825cad,K. Sow,Wanderers,Defender,2021,defender,11,900,0,0,0,0,0,0,14,6,5,0,0,0,64,87.0,11,1.1,0,0,0,0,0,0,0,0,0,0,0,0,0,0,0,0,0,0,0,0,0,0,0,0,0,900.0,650.0,,,4.0,11.0,9.0,67.0,23.0,539.0,,450.0,,92.0,6.0,34.0,431.0,,,10.0,55.0,2.0,24.0,38.0,,5.0,,,74.0,41.0,11.0,465.0,2.0,,134.0,9.0,187.0,222.0,6.0,3.0,,90.0,,,1.0,9.0,26.0,31.0,38.0,14.0,333.0,10.0,,53.0,1.0,1.0,43.0,524.0,21.0,32.0,0.0,0.0,0.0,,,1.0,1.0,,5.0,11.0,,14.0,2.0,,,3.0,7.0,,1.0,4.0,1.0,,,2.0,,,2.0,,,40.0,3.0,2.0,,7.0,2.0,2.0,,,,,,,,,,,,,,,,,,,,,,,
cpl::Football_Player::d46e06f14e0d47e58d6f5f00e1eabfa9,T. Meilleur-Giguère,Wanderers,Defender,2021,defender,10,745,0,0,4,0,1,0,7,1,3,0,1,0,58,84.0,8,0.97,0,0,0,0,0,0,0,0,0,0,0,0,0,0,0,0,0,0,0,0,0,0,0,0,0,745.0,635.0,,,3.0,10.0,17.0,52.0,12.0,536.0,,440.0,,96.0,27.0,59.0,388.0,,,7.0,41.0,2.0,34.0,26.0,,3.0,,,89.0,34.0,10.0,447.0,,,107.0,8.0,161.0,195.0,1.0,,1.0,162.0,,,5.0,5.0,18.0,59.0,63.0,29.0,340.0,10.0,,23.0,,1.0,30.0,527.0,6.0,17.0,0.0,0.0,0.0,,,2.0,,,12.0,14.0,,7.0,1.0,,,7.0,9.0,,3.0,2.0,2.0,,3.0,,4.0,,,,,18.0,8.0,,,,,2.0,,,1.0,1.0,,,,,,,,,,,,,,,,,,,
cpl::Football_Player::88981199ee1c47cbb911a6b22266e324,M. Tissot,Atlético,Defender,2021,defender,13,547,0,1,6,0,1,1,2,10,10,1,3,0,58,86.0,3,0.49,5,0,1,0,0,0,0,0,0,0,0,0,0,0,0,0,0,0,0,0,0,0,0,0,0,547.0,379.0,,,3.0,13.0,7.0,45.0,7.0,313.0,,253.0,,55.0,7.0,32.0,235.0,,,4.0,30.0,1.0,11.0,13.0,,10.0,,,46.0,26.0,13.0,267.0,,,121.0,3.0,98.0,105.0,10.0,5.0,3.0,59.0,,,3.0,5.0,19.0,27.0,36.0,12.0,150.0,10.0,,33.0,,,19.0,299.0,14.0,19.0,,,0.0,,,2.0,2.0,,5.0,4.0,,2.0,1.0,,,3.0,10.0,,9.0,3.0,,,5.0,3.0,6.0,1.0,2.0,1.0,2.0,51.0,1.0,4.0,1.0,1.0,2.0,2.0,,,2.0,1.0,,,,5.0,1.0,2.0,,,,1.0,,,,,,,,,
cpl::Football_Player::d29736b5baf24409acfa96d3a52436e1,A. Jean-Baptiste,Valour,Defender,2021,defender,7,554,2,0,2,0,2,0,1,6,3,0,0,0,58,79.0,2,0.32,0,0,0,0,0,0,0,0,0,0,0,0,0,0,0,0,0,0,0,0,0,0,0,0,0,554.0,318.0,,,1.0,7.0,14.0,39.0,6.0,239.0,,181.0,,54.0,7.0,24.0,163.0,,,7.0,20.0,5.0,30.0,24.0,,3.0,,,52.0,24.0,7.0,187.0,,,38.0,2.0,67.0,107.0,6.0,4.0,,55.0,,,3.0,5.0,15.0,27.0,28.0,24.0,150.0,10.0,,15.0,,,25.0,231.0,5.0,10.0,1.0,1.0,1.0,,,1.0,1.0,,10.0,12.0,,1.0,1.0,,,2.0,4.0,,,,,1.0,,,2.0,,1.0,,,10.0,4.0,1.0,,3.0,,8.0,2.0,,2.0,2.0,2.0,2.0,,,,,,,,,,,,1.0,,,,,
cpl::Football_Player::025b3abb0a9541f29ad82d9cd2eb8335,J. Escalante,Cavalry,Midfielder,2021,midfielder,26,2089,1,3,17,0,7,3,31,32,46,5,9,0,53,72.0,26,1.12,45,0,2,0,0,0,0,0,0,0,0,0,0,0,0,0,0,0,0,0,0,0,0,0,0,2089.0,1350.0,,,23.0,26.0,15.0,251.0,46.0,727.0,,495.0,,428.0,33.0,53.0,464.0,,,24.0,135.0,6.0,20.0,63.0,,46.0,,2.0,210.0,130.0,26.0,517.0,3.0,,298.0,23.0,265.0,246.0,32.0,18.0,9.0,56.0,,,3.0,15.0,121.0,86.0,248.0,28.0,257.0,10.0,,223.0,,4.0,124.0,697.0,108.0,115.0,1.0,0.0,1.0,,,17.0,10.0,3.0,13.0,22.0,,31.0,27.0,,,17.0,45.0,,2.0,49.0,33.0,20.0,10.0,101.0,17.0,3.0,18.0,1.0,1.0,160.0,33.0,38.0,5.0,128.0,69.0,1.0,1.0,1.0,6.0,7.0,1.0,,1.0,45.0,20.0,16.0,,,,2.0,,,,,,,,,
cpl::Football_Player::316e45756fc44527ada7b1ea025918b0,J. Di Chiara,York,Midfielder,2021,midfielder,25,1519,1,3,20,0,9,3,26,33,46,2,4,1,43,84.0,26,1.54,1,0,0,0,0,0,0,0,0,0,0,0,0,0,0,0,0,0,0,0,0,0,0,0,0,1519.0,960.0,,,14.0,25.0,29.0,264.0,45.0,667.0,,541.0,,189.0,3.0,18.0,542.0,,,15.0,82.0,3.0,10.0,22.0,,46.0,,,107.0,133.0,25.0,560.0,3.0,,337.0,23.0,166.0,173.0,33.0,24.0,4.0,177.0,,,1.0,19.0,131.0,10.0,89.0,66.0,224.0,10.0,,198.0,,4.0,97.0,648.0,94.0,104.0,1.0,0.0,0.0,,,5.0,5.0,2.0,37.0,16.0,,26.0,14.0,,1.0,14.0,30.0,1.0,10.0,36.0,14.0,,11.0,4.0,20.0,3.0,,1.0,2.0,151.0,48.0,1.0,2.0,9.0,4.0,2.0,1.0,,8.0,9.0,1.0,,,1.0,,1.0,1.0,,,2.0,8.0,,,,,,,1.0,
cpl::Football_Player::9a6571b3737143b79989244b08fbd50d,S. Camargo,Cavalry,Midfielder,2021,midfielder,23,1313,4,2,21,0,13,2,4,13,23,5,3,0,50,79.0,17,1.17,3,0,0,1,0,0,0,0,0,0,0,0,0,0,0,0,0,0,0,0,0,0,0,0,0,1313.0,716.0,,,22.0,23.0,10.0,133.0,7.0,453.0,,327.0,,218.0,3.0,17.0,337.0,,,19.0,76.0,,1.0,12.0,,23.0,,,99.0,62.0,23.0,354.0,,,251.0,17.0,116.0,148.0,13.0,3.0,3.0,85.0,,,,3.0,71.0,15.0,99.0,20.0,108.0,10.0,,113.0,,1.0,84.0,426.0,61.0,52.0,3.0,1.0,0.0,,,17.0,18.0,2.0,10.0,5.0,,4.0,24.0,,,12.0,25.0,,4.0,42.0,24.0,3.0,8.0,12.0,21.0,2.0,4.0,2.0,4.0,104.0,68.0,5.0,5.0,8.0,11.0,,3.0,1.0,3.0,13.0,4.0,2.0,,3.0,1.0,1.0,1.0,,1.0,,6.0,,1.0,,1.0,,,,
cpl::Football_Player::9a58790e005543519bc2d1f7e0734a02,D. Reas-Do,Cavalry,Midfielder,2021,midfielder,0,0,0,0,0,0,0,0,0,0,0,0,0,0,0,,0,,0,0,0,0,0,0,0,0,0,0,0,0,0,0,0,0,0,0,0,0,0,0,0,0,0,,,,,,,,,,,,,,,,,,,,,,,,,,,,,,,,,,,,,,,,,,,,,,,,,,,,,,,,,,,,,,,,,,,,,,,,,,,,,,,,,,,,,,,,,,,,,,,,,,,,,,,,,,,,,,,,,,,,,,,
cpl::Football_Player::423863e33e8f4745b70e6092f11a184d,B. Fisk,Vancouver FC,Midfielder,2021,midfielder,18,1171,1,5,11,0,4,5,11,5,10,5,0,0,15,75.0,14,1.08,30,0,0,0,0,0,0,0,0,0,0,0,0,0,0,0,0,0,0,0,0,0,0,0,0,1171.0,609.0,,,15.0,18.0,3.0,116.0,17.0,355.0,,255.0,,216.0,1.0,21.0,242.0,,,14.0,53.0,1.0,5.0,21.0,,10.0,,,92.0,45.0,18.0,263.0,,,203.0,14.0,100.0,127.0,5.0,2.0,,49.0,,,,6.0,71.0,13.0,123.0,19.0,80.0,10.0,,97.0,,2.0,79.0,344.0,55.0,42.0,0.0,1.0,0.0,,,9.0,10.0,,16.0,3.0,,11.0,18.0,,,18.0,35.0,1.0,4.0,32.0,13.0,,7.0,52.0,11.0,5.0,5.0,4.0,4.0,79.0,26.0,20.0,5.0,5.0,31.0,1.0,1.0,1.0,11.0,4.0,1.0,,1.0,30.0,16.0,12.0,,,,,4.0,,,,,,,,
cpl::Football_Player::17728b7d96ed4d229e797e5ee1ba6fa8,T. Gardner,Edmonton,Midfielder,2021,midfielder,10,487,0,0,3,0,1,0,8,9,7,1,0,0,30,87.0,5,0.92,1,0,0,0,0,0,0,0,0,0,0,0,0,0,0,0,0,0,0,0,0,0,0,0,0,487.0,299.0,,,7.0,10.0,4.0,64.0,9.0,214.0,,183.0,,65.0,,3.0,182.0,,,5.0,26.0,,,3.0,,7.0,,,29.0,27.0,10.0,185.0,,,108.0,5.0,66.0,61.0,9.0,2.0,,36.0,,,,1.0,37.0,5.0,27.0,13.0,78.0,10.0,,51.0,,,24.0,212.0,28.0,23.0,0.0,0.0,0.0,,,3.0,5.0,1.0,9.0,4.0,,8.0,5.0,,,5.0,8.0,,5.0,13.0,4.0,,2.0,1.0,3.0,,1.0,,3.0,51.0,12.0,1.0,1.0,1.0,,,,,2.0,1.0,,,,1.0,1.0,,,,,,1.0,,,,,,,,
cpl::Football_Player::18e486a41b7241688feba37e02c26f4a,V. Loturi,Montréal,Midfielder,2021,midfielder,28,1745,2,1,6,0,4,1,31,25,23,0,5,0,32,87.0,22,1.13,8,0,0,0,0,0,0,0,0,0,0,0,0,0,0,0,0,0,0,0,0,0,0,0,0,1745.0,1165.0,,,25.0,28.0,14.0,214.0,48.0,864.0,,726.0,,189.0,7.0,30.0,714.0,,,16.0,155.0,4.0,10.0,24.0,,23.0,,,120.0,110.0,28.0,744.0,2.0,,329.0,20.0,238.0,260.0,25.0,15.0,5.0,154.0,,,,17.0,104.0,28.0,105.0,43.0,421.0,10.0,,171.0,,3.0,92.0,846.0,75.0,96.0,0.0,2.0,0.0,,,3.0,5.0,3.0,29.0,36.0,,31.0,19.0,,,20.0,30.0,,12.0,30.0,12.0,,2.0,9.0,6.0,1.0,1.0,1.0,3.0,212.0,21.0,6.0,,3.0,5.0,4.0,2.0,1.0,9.0,4.0,2.0,,,8.0,3.0,5.0,1.0,,,,7.0,,,,,,,,
cpl::Football_Player::3f9fd29f429f4cf7838256806a93e993,N. Ledgerwood,Cavalry,Midfielder,2021,midfielder,20,1327,1,0,8,0,4,0,24,34,22,0,7,0,54,72.0,14,0.95,43,0,0,0,0,0,0,0,0,0,0,0,0,0,0,0,0,0,0,0,0,0,0,0,0,1327.0,776.0,,,2.0,20.0,12.0,154.0,37.0,547.0,,357.0,,225.0,15.0,45.0,346.0,,,18.0,89.0,2.0,6.0,30.0,,22.0,,1.0,156.0,71.0,20.0,391.0,2.0,,227.0,12.0,112.0,206.0,34.0,25.0,7.0,135.0,,,5.0,13.0,83.0,41.0,161.0,22.0,191.0,10.0,,132.0,,2.0,115.0,505.0,73.0,59.0,0.0,1.0,0.0,,,14.0,11.0,1.0,10.0,13.0,,24.0,18.0,,,12.0,24.0,,2.0,12.0,5.0,2.0,4.0,35.0,8.0,,4.0,,2.0,94.0,15.0,27.0,,3.0,11.0,3.0,,1.0,8.0,4.0,1.0,,1.0,43.0,18.0,17.0,,1.0,1.0,3.0,4.0,,,,,,,,
cpl::Football_Player::f52a8b692a56475c9c08c17236a42e86,S. Shome,Cavalry,Midfielder,2021,midfielder,27,2186,0,2,14,0,4,2,34,43,17,3,2,0,59,81.0,36,1.48,0,0,1,0,0,0,0,0,0,0,0,0,0,0,0,0,0,0,0,0,0,0,0,0,0,2186.0,1138.0,,,12.0,27.0,37.0,263.0,57.0,805.0,,631.0,,262.0,5.0,28.0,617.0,,,25.0,124.0,4.0,14.0,39.0,,17.0,,,160.0,123.0,27.0,645.0,4.0,,399.0,32.0,206.0,307.0,43.0,22.0,2.0,165.0,,,1.0,23.0,140.0,21.0,131.0,62.0,248.0,10.0,,201.0,,4.0,139.0,790.0,115.0,86.0,0.0,0.0,0.0,,,6.0,11.0,6.0,25.0,24.0,,34.0,18.0,,,31.0,49.0,1.0,2.0,35.0,21.0,,10.0,10.0,14.0,2.0,2.0,1.0,3.0,127.0,40.0,2.0,3.0,6.0,10.0,7.0,,,9.0,4.0,,,,,,,,,,,13.0,,,,,,,,
cpl::Football_Player::888d5cd82ec54bbf84b6a4a2e2134a86,M. Durrans,Edmonton,Midfielder,2021,midfielder,16,321,0,1,11,0,6,1,4,7,6,3,0,0,16,67.0,7,1.96,0,0,1,0,0,0,0,0,0,0,0,0,0,0,0,0,0,0,0,0,0,0,0,0,0,321.0,135.0,,,4.0,16.0,3.0,49.0,6.0,74.0,,44.0,,44.0,,3.0,46.0,,,2.0,12.0,,1.0,5.0,,6.0,,,25.0,19.0,16.0,49.0,1.0,,33.0,6.0,10.0,19.0,7.0,3.0,,20.0,,,,2.0,30.0,2.0,21.0,18.0,16.0,10.0,,31.0,,1.0,23.0,69.0,15.0,16.0,0.0,0.0,0.0,,,4.0,1.0,1.0,15.0,1.0,,4.0,6.0,,,2.0,5.0,,14.0,6.0,2.0,,5.0,1.0,11.0,1.0,,,,25.0,23.0,,3.0,,1.0,,,,5.0,6.0,,,,,,,,,,,,,,,,,,,
cpl::Football_Player::4a6d5e39917444859fc535fdf684b690,Adam Najem,Edmonton,Midfielder,2021,midfielder,16,1211,1,2,13,0,6,2,21,13,12,0,4,0,26,83.0,27,2.01,2,0,1,0,0,0,0,0,0,0,0,0,0,0,0,0,0,0,0,0,0,0,0,0,0,1211.0,680.0,,,3.0,16.0,5.0,124.0,33.0,520.0,,418.0,,133.0,9.0,24.0,404.0,,,14.0,78.0,,3.0,23.0,,12.0,,,92.0,53.0,16.0,428.0,4.0,,262.0,23.0,168.0,136.0,13.0,12.0,4.0,101.0,,,2.0,12.0,71.0,21.0,76.0,19.0,167.0,10.0,,105.0,,2.0,71.0,510.0,57.0,48.0,1.0,0.0,0.0,,,4.0,9.0,1.0,14.0,12.0,,21.0,16.0,,,12.0,27.0,2.0,2.0,21.0,8.0,1.0,7.0,7.0,13.0,2.0,1.0,2.0,1.0,115.0,26.0,1.0,,8.0,4.0,,1.0,1.0,1.0,6.0,1.0,,,2.0,1.0,1.0,,,,,3.0,,,,,,,,
cpl::Football_Player::06a2eff249fd4320a2c4753d25ea5f0f,M. Polisi,Valour,Midfielder,2021,midfielder,15,1013,0,0,5,0,1,0,17,21,14,0,3,0,45,88.0,15,1.33,0,0,0,0,0,0,0,0,0,0,0,0,0,0,0,0,0,0,0,0,0,0,0,0,0,1013.0,855.0,,,13.0,15.0,5.0,134.0,38.0,701.0,,607.0,,112.0,11.0,40.0,576.0,,,11.0,76.0,3.0,14.0,34.0,,14.0,,,85.0,70.0,15.0,616.0,4.0,,247.0,11.0,202.0,184.0,21.0,12.0,3.0,219.0,,,1.0,21.0,64.0,33.0,52.0,11.0,369.0,10.0,,123.0,,1.0,52.0,691.0,58.0,65.0,0.0,0.0,0.0,,,,3.0,2.0,6.0,10.0,,17.0,3.0,,,10.0,17.0,,4.0,9.0,2.0,,4.0,1.0,5.0,,,,1.0,96.0,2.0,,,3.0,1.0,1.0,,,,1.0,,,,,,,,,,,3.0,,,,,,,,
cpl::Football_Player::6bda12878690489697b20b110e311ad1,E. Simmons,Vancouver FC,Midfielder,2021,midfielder,25,1568,1,0,4,0,2,0,32,22,8,0,3,0,48,85.0,16,0.92,11,0,0,0,0,0,0,0,0,0,0,0,0,0,0,0,0,0,0,0,0,0,0,0,0,1568.0,1134.0,,,9.0,25.0,13.0,161.0,47.0,894.0,,743.0,,206.0,10.0,37.0,716.0,,,17.0,125.0,7.0,18.0,43.0,,8.0,,,141.0,76.0,25.0,753.0,1.0,,344.0,15.0,229.0,312.0,22.0,15.0,3.0,241.0,,,2.0,15.0,85.0,24.0,107.0,27.0,413.0,10.0,,134.0,,3.0,117.0,884.0,71.0,63.0,0.0,1.0,0.0,,,2.0,5.0,,14.0,23.0,,32.0,15.0,,,21.0,39.0,,8.0,24.0,8.0,,2.0,9.0,4.0,,1.0,,,112.0,11.0,4.0,,2.0,2.0,5.0,1.0,1.0,3.0,2.0,1.0,,,11.0,7.0,3.0,,,,,3.0,,,,,,,,
cpl::Football_Player::ea993e84d28d42ad8bdef8cff90110c3,J. Gagnon-Laparé,Wanderers,Midfielder,2021,midfielder,22,1838,0,3,11,0,3,3,41,28,33,1,3,0,57,87.0,23,1.13,50,0,1,0,0,0,0,0,0,0,0,0,0,0,0,0,0,0,0,0,0,0,0,0,0,1838.0,1559.0,,,18.0,22.0,15.0,202.0,52.0,1118.0,,930.0,,277.0,17.0,80.0,885.0,,,20.0,128.0,7.0,20.0,44.0,,33.0,,,153.0,118.0,22.0,965.0,7.0,,521.0,16.0,436.0,323.0,28.0,10.0,3.0,143.0,,,7.0,11.0,84.0,48.0,178.0,26.0,464.0,10.0,,176.0,,1.0,105.0,1078.0,73.0,103.0,0.0,0.0,0.0,,,9.0,,5.0,11.0,19.0,,41.0,29.0,,,16.0,35.0,1.0,2.0,22.0,5.0,5.0,8.0,69.0,11.0,3.0,7.0,3.0,2.0,216.0,31.0,20.0,1.0,81.0,17.0,5.0,,,6.0,3.0,,,,50.0,41.0,7.0,,,,2.0,9.0,,,,,,,,
cpl::Football_Player::6f0bf504d0ed4e47b885d8b0f7634541,A. González,Edmonton,Midfielder,2021,midfielder,16,1094,5,3,25,0,16,3,14,7,24,8,1,0,50,79.0,17,1.4,0,0,1,0,0,0,0,0,0,0,0,0,0,0,0,0,0,0,0,0,0,0,0,0,0,1094.0,559.0,,,8.0,16.0,4.0,107.0,19.0,377.0,,279.0,,146.0,4.0,17.0,279.0,,,13.0,60.0,1.0,1.0,26.0,,24.0,,,81.0,55.0,16.0,296.0,2.0,,191.0,15.0,88.0,103.0,7.0,3.0,1.0,39.0,,,,5.0,52.0,15.0,66.0,8.0,106.0,10.0,,99.0,,2.0,66.0,360.0,48.0,51.0,3.0,2.0,0.0,,,9.0,8.0,,4.0,6.0,,14.0,14.0,,,10.0,19.0,,3.0,26.0,13.0,,9.0,11.0,25.0,3.0,1.0,2.0,2.0,147.0,47.0,1.0,8.0,5.0,11.0,,5.0,2.0,8.0,16.0,5.0,1.0,,,,,2.0,,,,6.0,,,,,,,,
cpl::Football_Player::c3a357530ca345ee801114eea7ffc636,Soria,Edmonton,Midfielder,2021,midfielder,26,2112,1,1,11,0,4,1,18,10,9,0,2,0,57,82.0,36,1.53,1,0,0,0,0,0,0,0,0,0,0,0,0,0,0,0,0,0,0,0,0,0,0,0,0,2112.0,1225.0,,,3.0,26.0,28.0,131.0,37.0,1022.0,,804.0,,223.0,37.0,72.0,763.0,,,23.0,118.0,3.0,34.0,64.0,,9.0,,,187.0,77.0,26.0,835.0,6.0,,334.0,30.0,292.0,437.0,10.0,6.0,2.0,186.0,,,11.0,19.0,54.0,86.0,130.0,49.0,501.0,10.0,,82.0,,3.0,101.0,982.0,33.0,49.0,1.0,0.0,1.0,,,3.0,3.0,,21.0,28.0,,18.0,4.0,,,8.0,18.0,,3.0,5.0,1.0,1.0,7.0,7.0,11.0,1.0,,1.0,1.0,107.0,13.0,,,2.0,5.0,7.0,1.0,,2.0,4.0,1.0,,,1.0,1.0,,1.0,,,,5.0,,,,,,,,
cpl::Football_Player::f77e3806065040479a624ed8a41a3971,S. Firth,Wanderers,Midfielder,2021,midfielder,10,504,0,0,1,0,0,0,8,9,1,0,1,0,41,82.0,6,1.07,1,0,0,0,0,0,0,0,0,0,0,0,0,0,0,0,0,0,0,0,0,0,0,0,0,504.0,263.0,,,2.0,10.0,5.0,45.0,11.0,208.0,,169.0,,54.0,2.0,7.0,162.0,,,7.0,25.0,,2.0,16.0,,1.0,,,39.0,19.0,10.0,169.0,2.0,,77.0,4.0,55.0,57.0,9.0,6.0,1.0,49.0,,,1.0,3.0,26.0,12.0,24.0,12.0,92.0,10.0,,33.0,,,27.0,208.0,19.0,14.0,0.0,0.0,0.0,,,,6.0,1.0,7.0,8.0,,8.0,2.0,,,5.0,9.0,1.0,3.0,2.0,1.0,,1.0,1.0,1.0,,,,,47.0,,,,,,1.0,,,1.0,,,,,1.0,1.0,,,,,1.0,4.0,,,,,,,,
cpl::Football_Player::eae44bc0cb2c42dd86f566cebebbf690,O. Bassett,Atlético,Midfielder,2021,midfielder,20,1304,2,3,15,0,7,3,20,23,13,2,3,0,50,89.0,16,1.1,49,0,1,0,0,0,0,0,0,0,0,0,0,0,0,0,0,0,0,0,0,0,0,0,0,1304.0,1062.0,,,16.0,20.0,8.0,153.0,27.0,801.0,,692.0,,200.0,4.0,40.0,670.0,,,15.0,87.0,2.0,4.0,22.0,,13.0,,,91.0,63.0,20.0,710.0,3.0,,427.0,13.0,213.0,214.0,23.0,16.0,3.0,176.0,,,1.0,7.0,90.0,17.0,108.0,16.0,302.0,10.0,,137.0,,1.0,74.0,779.0,82.0,55.0,2.0,0.0,1.0,,,7.0,10.0,,8.0,10.0,,20.0,17.0,,,12.0,20.0,,5.0,38.0,22.0,1.0,8.0,39.0,15.0,3.0,,3.0,1.0,198.0,15.0,19.0,2.0,7.0,8.0,1.0,1.0,2.0,7.0,7.0,2.0,,,49.0,25.0,16.0,,,1.0,4.0,2.0,,,,,,,,
cpl::Football_Player::1c8d4e6412fa41c1891f61750aac16c1,A. Portal,Simcoe County,Midfielder,2021,midfielder,10,808,0,0,1,0,1,0,21,16,6,0,2,0,25,87.0,7,0.78,0,0,0,0,0,0,0,0,0,0,0,0,0,0,0,0,0,0,0,0,0,0,0,0,0,808.0,551.0,,,10.0,10.0,2.0,94.0,30.0,361.0,,307.0,,94.0,6.0,9.0,302.0,,,9.0,63.0,5.0,12.0,23.0,,6.0,,,50.0,48.0,10.0,311.0,1.0,,117.0,6.0,67.0,136.0,16.0,9.0,2.0,101.0,,,4.0,9.0,46.0,16.0,39.0,8.0,195.0,10.0,,86.0,,,34.0,357.0,40.0,46.0,0.0,0.0,0.0,,,2.0,1.0,2.0,6.0,7.0,,21.0,1.0,,,5.0,9.0,1.0,1.0,6.0,2.0,6.0,,12.0,1.0,,1.0,,,57.0,8.0,1.0,,56.0,12.0,,,,1.0,1.0,,,,,,,,,,,,,,,,,,,
cpl::Football_Player::3e29f3a4fcaa401fb6b92e75b6a94f42,M. Piepgrass,Cavalry,Midfielder,2021,midfielder,2,22,0,0,0,0,0,0,0,0,0,0,0,0,0,100.0,0,0.0,0,0,0,0,0,0,0,0,0,0,0,0,0,0,0,0,0,0,0,0,0,0,0,0,0,22.0,8.0,,,,2.0,,,,7.0,,7.0,,,,,7.0,,,,1.0,,,,,,,,,,2.0,7.0,,,1.0,,1.0,1.0,,,,2.0,,,,,,,,,6.0,10.0,,,,,,7.0,,,0.0,0.0,0.0,,,,,,,,,,,,,,,,2.0,,,,,,,,,,,3.0,,,,,,,,,,,,,,,,,,,,,,,,,,,,,
cpl::Football_Player::59f1720a6c014b7d996e9f3c63ebfaca,A. Yıldız,Scottish,Midfielder,2021,midfielder,0,0,0,0,0,0,0,0,0,0,0,0,0,0,0,,0,,0,0,0,0,0,0,0,0,0,0,0,0,0,0,0,0,0,0,0,0,0,0,0,0,0,,,,,,,,,,,,,,,,,,,,,,,,,,,,,,,,,,,,,,,,,,,,,,,,,,,,,,,,,,,,,,,,,,,,,,,,,,,,,,,,,,,,,,,,,,,,,,,,,,,,,,,,,,,,,,,,,,,,,,,
cpl::Football_Player::52d99817ceb0499ead24ec2a7544f687,M. Camara,Wanderers,Midfielder,2021,midfielder,10,434,1,0,5,0,1,0,6,9,4,2,3,0,41,78.0,6,1.24,0,0,1,0,0,0,0,0,0,0,0,0,0,0,0,0,0,0,0,0,0,0,0,0,0,434.0,161.0,,,5.0,10.0,7.0,53.0,10.0,94.0,,65.0,,45.0,,1.0,72.0,,,5.0,8.0,1.0,1.0,3.0,,4.0,,,21.0,26.0,10.0,73.0,1.0,,42.0,5.0,24.0,19.0,9.0,4.0,3.0,19.0,,,,4.0,27.0,2.0,19.0,17.0,31.0,10.0,,36.0,,,19.0,86.0,17.0,19.0,0.0,1.0,0.0,,,2.0,4.0,2.0,10.0,3.0,,6.0,2.0,,,3.0,3.0,,5.0,5.0,2.0,,4.0,1.0,5.0,,,,1.0,32.0,24.0,,2.0,,1.0,,1.0,,1.0,1.0,1.0,,,,,,1.0,,,,3.0,,,,,,,,
cpl::Football_Player::cf6994b565344d65880882873de4ede4,J. Wilson,York,Midfielder,2021,midfielder,26,2156,2,0,9,0,4,0,26,39,38,0,8,0,57,84.0,37,1.54,0,0,1,0,0,0,0,0,0,0,0,0,0,0,0,0,0,0,0,0,0,0,0,0,0,2156.0,1290.0,,,17.0,26.0,28.0,212.0,46.0,1012.0,,805.0,,193.0,27.0,62.0,784.0,,,24.0,121.0,5.0,47.0,55.0,,38.0,,2.0,166.0,129.0,26.0,846.0,3.0,,215.0,34.0,194.0,426.0,39.0,21.0,8.0,339.0,,,7.0,20.0,83.0,86.0,112.0,49.0,632.0,10.0,,163.0,,3.0,80.0,964.0,62.0,101.0,2.0,0.0,0.0,,,1.0,2.0,3.0,21.0,32.0,,26.0,6.0,,,9.0,13.0,,2.0,10.0,4.0,,5.0,1.0,9.0,,1.0,,,53.0,15.0,1.0,,,1.0,20.0,2.0,,1.0,4.0,2.0,2.0,,,,,,,,,,,,,1.0,,,,
cpl::Football_Player::ce3fbd6fe22a4e729054951b2effe079,M. Kacher,Valour,Midfielder,2021,midfielder,11,305,0,0,6,0,2,0,2,7,1,0,1,0,50,80.0,2,0.59,6,0,0,0,0,0,0,0,0,0,0,0,0,0,0,0,0,0,0,0,0,0,0,0,0,305.0,155.0,,,2.0,11.0,3.0,28.0,3.0,110.0,,85.0,,44.0,,5.0,83.0,,,2.0,9.0,,1.0,2.0,,1.0,,,22.0,9.0,11.0,88.0,,,61.0,2.0,36.0,29.0,7.0,3.0,1.0,23.0,,,,1.0,19.0,1.0,25.0,6.0,28.0,10.0,,22.0,,,21.0,107.0,16.0,6.0,0.0,0.0,0.0,,,3.0,2.0,,3.0,,,2.0,3.0,,,2.0,4.0,,9.0,4.0,2.0,,4.0,5.0,6.0,,1.0,,,22.0,11.0,1.0,,,1.0,,,,2.0,2.0,,,,6.0,4.0,,,,,,,,,,,,,,
cpl::Football_Player::03b82a7bcff7496e991befe586fcc2c9,S. Young,Pacific,Midfielder,2021,midfielder,26,1104,1,0,12,0,5,0,22,34,11,1,4,0,54,85.0,18,1.47,2,0,1,0,0,0,0,0,0,0,0,0,0,0,0,0,0,0,0,0,0,0,0,0,0,1104.0,855.0,,,12.0,26.0,18.0,170.0,37.0,623.0,,514.0,,162.0,7.0,49.0,475.0,,,11.0,89.0,1.0,13.0,29.0,,11.0,,,99.0,78.0,26.0,524.0,2.0,,251.0,16.0,148.0,166.0,34.0,19.0,4.0,210.0,,,1.0,15.0,92.0,21.0,78.0,33.0,274.0,10.0,,137.0,,3.0,78.0,613.0,77.0,60.0,0.0,1.0,0.0,,,6.0,5.0,4.0,15.0,21.0,,22.0,8.0,,,11.0,31.0,,15.0,25.0,7.0,,7.0,8.0,12.0,,1.0,,1.0,99.0,32.0,1.0,1.0,3.0,7.0,3.0,1.0,1.0,7.0,5.0,1.0,,,2.0,1.0,,,,,,4.0,,,,,,,,
cpl::Football_Player::edcf64e77c8c4771af573d1d441cc470,C. Toussaint,Pacific,Midfielder,2021,midfielder,24,1470,0,0,4,0,0,0,32,32,23,0,8,0,48,86.0,20,1.22,0,0,0,0,0,0,0,0,0,0,0,0,0,0,0,0,0,0,0,0,0,0,0,0,0,1470.0,1075.0,,,16.0,24.0,14.0,207.0,52.0,830.0,,693.0,,177.0,9.0,42.0,665.0,,,16.0,107.0,2.0,28.0,32.0,,23.0,,1.0,123.0,105.0,24.0,707.0,1.0,,390.0,19.0,211.0,335.0,32.0,26.0,8.0,201.0,,,2.0,20.0,102.0,31.0,95.0,29.0,321.0,10.0,,178.0,,1.0,92.0,816.0,87.0,91.0,,,0.0,,,2.0,5.0,1.0,15.0,18.0,,32.0,23.0,,,12.0,30.0,1.0,8.0,20.0,9.0,1.0,4.0,4.0,4.0,,4.0,,5.0,83.0,9.0,4.0,,3.0,4.0,5.0,,,4.0,,,,,,,,,,,,3.0,,,,,,,,
cpl::Football_Player::33b0cf3a477d454f96fe4f14c3b6125c,A. Achinioti-Jönsson,Forge,Midfielder,2021,midfielder,27,2183,1,1,8,0,2,1,23,25,34,1,2,0,62,90.0,22,0.91,0,0,0,0,0,0,0,0,0,0,0,0,0,0,0,0,0,0,0,0,0,0,0,0,0,2183.0,1501.0,,,13.0,27.0,38.0,206.0,40.0,1234.0,,1074.0,,164.0,7.0,73.0,1030.0,,,25.0,108.0,9.0,33.0,39.0,,34.0,,,131.0,122.0,27.0,1103.0,3.0,,475.0,19.0,305.0,349.0,25.0,15.0,2.0,471.0,,,8.0,17.0,84.0,40.0,94.0,61.0,628.0,10.0,,145.0,,1.0,91.0,1203.0,61.0,84.0,0.0,1.0,0.0,,,3.0,5.0,,23.0,42.0,,23.0,6.0,,,11.0,21.0,,2.0,11.0,5.0,,6.0,2.0,8.0,1.0,,1.0,2.0,109.0,22.0,,1.0,4.0,2.0,10.0,1.0,,3.0,2.0,1.0,1.0,,,,,,,,,,,,,,,,,
cpl::Football_Player::b88aa9288a38438a8801e10a74326f88,J. Faria,Valour,Midfielder,2021,midfielder,12,319,1,0,3,0,1,0,2,2,4,0,0,0,33,87.0,8,2.26,3,0,0,0,0,0,0,0,0,0,0,0,0,0,0,0,0,0,0,0,0,0,0,0,0,319.0,155.0,,,4.0,12.0,1.0,39.0,5.0,82.0,,71.0,,51.0,1.0,1.0,70.0,,,3.0,10.0,,,3.0,,4.0,,,11.0,14.0,12.0,71.0,2.0,,53.0,6.0,12.0,15.0,2.0,1.0,,22.0,,,1.0,3.0,25.0,1.0,23.0,3.0,21.0,10.0,,36.0,,,10.0,82.0,23.0,13.0,1.0,0.0,0.0,,,3.0,2.0,,2.0,1.0,,2.0,4.0,,,2.0,3.0,,9.0,18.0,12.0,,2.0,15.0,3.0,,1.0,,1.0,33.0,16.0,3.0,,1.0,12.0,,1.0,1.0,3.0,1.0,1.0,,,3.0,2.0,1.0,,,,,2.0,,,,,,,,
cpl::Football_Player::63a938dd7b28476b9c5483ecb3f753e0,Rafael Galhardo,Valour,Midfielder,2021,midfielder,23,1374,2,3,25,0,7,3,5,17,30,3,2,0,22,79.0,22,1.44,50,0,0,0,0,0,0,0,0,0,0,0,0,0,0,0,0,0,0,0,0,0,0,0,0,1374.0,828.0,,,7.0,23.0,2.0,112.0,14.0,561.0,,408.0,,236.0,3.0,44.0,398.0,,,14.0,54.0,2.0,3.0,32.0,,30.0,,,119.0,53.0,23.0,442.0,3.0,,301.0,19.0,145.0,168.0,17.0,14.0,2.0,133.0,,,,9.0,59.0,22.0,139.0,9.0,164.0,10.0,,103.0,,,97.0,520.0,52.0,51.0,2.0,0.0,0.0,,,14.0,7.0,,7.0,6.0,,5.0,36.0,,,4.0,25.0,,9.0,22.0,10.0,1.0,18.0,52.0,25.0,3.0,5.0,1.0,3.0,115.0,24.0,23.0,3.0,11.0,7.0,,1.0,2.0,9.0,7.0,2.0,,1.0,50.0,32.0,12.0,,,1.0,12.0,5.0,,,,,,,,
cpl::Football_Player::88ac022bf06149f1be2ce2ab7f3c087c,Z. Verhoven,Vancouver FC,Midfielder,2021,midfielder,25,1540,1,5,18,0,7,5,43,39,11,4,5,0,28,78.0,27,1.58,0,0,0,0,0,0,0,0,0,0,0,0,0,0,0,0,0,0,0,0,0,0,0,0,0,1540.0,1082.0,,,36.0,25.0,6.0,265.0,70.0,566.0,,432.0,,285.0,22.0,24.0,415.0,,,16.0,137.0,2.0,21.0,57.0,,11.0,,,127.0,121.0,25.0,439.0,,,220.0,27.0,33.0,208.0,39.0,23.0,5.0,197.0,,,4.0,27.0,144.0,32.0,102.0,21.0,231.0,10.0,,244.0,,5.0,95.0,559.0,129.0,115.0,1.0,0.0,0.0,,,13.0,5.0,3.0,15.0,26.0,,43.0,15.0,,,22.0,49.0,,9.0,53.0,23.0,21.0,11.0,32.0,18.0,5.0,12.0,4.0,1.0,128.0,44.0,12.0,4.0,93.0,32.0,3.0,1.0,,2.0,7.0,1.0,,,,,,1.0,,,,3.0,,,,,,,,
cpl::Football_Player::912c118fc40b47b88b4d8f2432e87ef7,M. Ba,Atlético,Midfielder,2021,midfielder,0,0,0,0,0,0,0,0,0,0,0,0,0,0,0,,0,,0,0,0,0,0,0,0,0,0,0,0,0,0,0,0,0,0,0,0,0,0,0,0,0,0,,,,,,,,,,,,,,,,,,,,,,,,,,,,,,,,,,,,,,,,,,,,,,,,,,,,,,,,,,,,,,,,,,,,,,,,,,,,,,,,,,,,,,,,,,,,,,,,,,,,,,,,,,,,,,,,,,,,,,,
cpl::Football_Player::99fb51782c7f43acaad20909bd048f31,S. Gutiérrez,York,Midfielder,2021,midfielder,13,456,1,0,14,0,5,0,5,13,11,0,1,0,33,71.0,6,1.18,8,0,1,0,0,0,0,0,0,0,0,0,0,0,0,0,0,0,0,0,0,0,0,0,0,456.0,317.0,,,11.0,13.0,1.0,75.0,11.0,187.0,,128.0,,110.0,1.0,6.0,125.0,,,5.0,24.0,,,3.0,,11.0,,,56.0,34.0,13.0,131.0,1.0,,88.0,5.0,50.0,64.0,13.0,9.0,1.0,45.0,,,,6.0,41.0,10.0,61.0,3.0,45.0,10.0,,72.0,,1.0,46.0,184.0,39.0,33.0,1.0,0.0,0.0,,,5.0,6.0,2.0,2.0,4.0,,5.0,10.0,,,6.0,11.0,,8.0,19.0,9.0,,9.0,8.0,14.0,,1.0,,3.0,28.0,20.0,2.0,,,1.0,,1.0,1.0,5.0,5.0,1.0,,,8.0,6.0,1.0,,,,1.0,4.0,,,,,,,,
cpl::Football_Player::2cd94cfd258f403c8a7410d648583b11,J. Son,Forge,Midfielder,2021,midfielder,6,61,0,0,0,0,0,0,0,2,2,1,1,0,100,70.0,1,1.48,0,0,0,0,0,0,0,0,0,0,0,0,0,0,0,0,0,0,0,0,0,0,0,0,0,61.0,43.0,,,,6.0,2.0,10.0,,33.0,,23.0,,13.0,,1.0,22.0,,,,2.0,,,4.0,,2.0,,,10.0,4.0,6.0,23.0,,,14.0,1.0,12.0,10.0,2.0,2.0,1.0,8.0,,,,,6.0,,6.0,2.0,9.0,10.0,,8.0,,,10.0,33.0,6.0,2.0,,,0.0,,,,,,,,,,,,,,3.0,,6.0,3.0,1.0,,,,,,,,,3.0,4.0,,1.0,,,1.0,,,,,,,,,,,,,,,,,,,,,,,
cpl::Football_Player::c6576ae66ba14806983c2572f24851a7,M. Polisi,TSS Rovers,Midfielder,2021,midfielder,22,746,3,1,8,0,5,1,12,18,14,0,3,0,35,85.0,10,1.21,6,0,0,0,0,0,0,0,0,0,0,0,0,0,0,0,0,0,0,0,0,0,0,0,0,746.0,460.0,,,17.0,22.0,6.0,126.0,16.0,305.0,,255.0,,109.0,5.0,17.0,241.0,,,8.0,34.0,1.0,4.0,13.0,,14.0,,,47.0,53.0,22.0,258.0,2.0,,156.0,8.0,68.0,75.0,18.0,8.0,3.0,88.0,,,2.0,4.0,73.0,10.0,43.0,17.0,105.0,10.0,,109.0,,2.0,37.0,302.0,62.0,47.0,3.0,0.0,1.0,,,7.0,7.0,,11.0,5.0,,12.0,6.0,,,11.0,15.0,,14.0,28.0,9.0,,3.0,9.0,8.0,1.0,1.0,,,74.0,28.0,3.0,,,6.0,1.0,3.0,2.0,3.0,5.0,3.0,,,6.0,3.0,2.0,1.0,,,,3.0,,,,,,,,
cpl::Football_Player::bab7421be1524ee7869d7eb277c88bb8,O. Kreim,Blainville,Midfielder,2021,midfielder,7,202,0,0,0,0,0,0,4,3,6,0,1,0,0,75.0,2,0.89,0,0,1,0,0,0,0,0,0,0,0,0,0,0,0,0,0,0,0,0,0,0,0,0,0,202.0,92.0,,,2.0,7.0,,38.0,9.0,56.0,,40.0,,27.0,,,42.0,,,2.0,8.0,,,3.0,,6.0,,,14.0,17.0,7.0,42.0,,,27.0,2.0,14.0,15.0,3.0,2.0,1.0,9.0,,,,5.0,21.0,1.0,14.0,5.0,15.0,10.0,,33.0,,,13.0,54.0,16.0,17.0,0.0,0.0,0.0,,,2.0,2.0,,5.0,1.0,,4.0,,,,1.0,4.0,,5.0,5.0,2.0,,,3.0,,,,,,18.0,,,,,3.0,1.0,,,1.0,,,,,,,,,,,,,,,,,,,,
cpl::Football_Player::a6791d2b4f234c909ee73477f73f6887,C. Tomy,Valour,Midfielder,2021,midfielder,4,33,0,0,0,0,0,0,0,2,1,0,0,0,0,95.0,0,0.0,0,0,0,0,0,0,0,0,0,0,0,0,0,0,0,0,0,0,0,0,0,0,0,0,0,33.0,25.0,,,,4.0,,4.0,,17.0,,15.0,,3.0,,1.0,15.0,,,,2.0,,,,,1.0,,,1.0,1.0,4.0,16.0,,,5.0,,3.0,2.0,2.0,2.0,,11.0,,,,,3.0,,1.0,,11.0,10.0,,4.0,,,1.0,16.0,3.0,1.0,0.0,0.0,0.0,,,,,,,1.0,,,1.0,,,,,,4.0,1.0,1.0,1.0,,,,,,,,1.0,3.0,,,1.0,,,,,1.0,,,,,,,,,,,,,,,,,,,,
cpl::Football_Player::33a38df225e24270b44c1fdfde2eb7a9,C. Mannella,Ottawa Fury,Midfielder,2021,midfielder,19,959,0,2,5,0,3,2,12,16,8,1,4,0,42,88.0,12,1.13,2,0,0,0,0,0,0,0,0,0,0,0,0,0,0,0,0,0,0,0,0,0,0,0,0,959.0,572.0,,,,19.0,3.0,77.0,21.0,458.0,,385.0,,80.0,7.0,21.0,382.0,,,10.0,57.0,,8.0,23.0,,8.0,,,55.0,32.0,19.0,403.0,1.0,,151.0,11.0,117.0,102.0,16.0,5.0,4.0,134.0,,,,9.0,45.0,21.0,34.0,7.0,254.0,10.0,,70.0,,2.0,34.0,437.0,41.0,29.0,0.0,0.0,0.0,,,,7.0,4.0,4.0,14.0,,12.0,6.0,,,8.0,12.0,,9.0,12.0,3.0,,2.0,2.0,5.0,2.0,,1.0,,105.0,9.0,2.0,1.0,4.0,1.0,1.0,,,2.0,3.0,,,,2.0,1.0,1.0,,,,,2.0,,,,,,,,
cpl::Football_Player::5ce4b7ace82243faa7b342751ac3a642,K. Alemán,Scrosoppi,Midfielder,2021,midfielder,24,1388,3,3,20,0,11,3,24,20,42,3,3,0,26,87.0,20,1.3,21,0,0,1,1,0,0,0,0,0,0,0,0,0,0,0,0,0,0,0,0,0,0,0,0,1388.0,928.0,,,44.0,24.0,5.0,227.0,33.0,561.0,,465.0,,230.0,1.0,44.0,439.0,,,16.0,74.0,1.0,1.0,11.0,,42.0,,,78.0,124.0,24.0,483.0,2.0,,302.0,18.0,140.0,135.0,20.0,10.0,3.0,145.0,,,2.0,9.0,103.0,20.0,93.0,19.0,193.0,10.0,,208.0,,1.0,58.0,541.0,89.0,119.0,1.0,2.0,0.0,,,9.0,12.0,1.0,14.0,14.0,,24.0,26.0,,,13.0,20.0,2.0,8.0,62.0,30.0,,9.0,26.0,20.0,3.0,3.0,2.0,10.0,141.0,22.0,12.0,3.0,5.0,8.0,1.0,2.0,,5.0,11.0,3.0,,,21.0,11.0,7.0,3.0,,1.0,4.0,5.0,1.0,1.0,,1.0,,1.0,,
cpl::Football_Player::0e2b6aa5fbdf49f399441b22b356d14c,K. Bekker,Forge,Midfielder,2021,midfielder,28,2207,3,1,23,0,11,1,19,23,9,3,7,0,37,85.0,23,0.94,56,0,0,0,0,0,0,0,0,0,0,0,0,0,0,0,0,0,0,0,0,0,0,0,0,2207.0,1628.0,,,11.0,28.0,9.0,155.0,29.0,1334.0,,1066.0,,321.0,5.0,85.0,1041.0,,,25.0,161.0,6.0,12.0,41.0,,9.0,,,208.0,58.0,28.0,1126.0,3.0,,718.0,20.0,363.0,411.0,23.0,12.0,7.0,314.0,,,2.0,10.0,97.0,51.0,226.0,24.0,423.0,10.0,,131.0,,1.0,157.0,1267.0,82.0,49.0,0.0,3.0,2.0,,,13.0,7.0,,15.0,17.0,,19.0,32.0,,,12.0,36.0,1.0,3.0,20.0,8.0,1.0,12.0,59.0,23.0,1.0,5.0,,6.0,246.0,30.0,15.0,3.0,10.0,24.0,2.0,2.0,3.0,6.0,11.0,3.0,,,56.0,25.0,8.0,,,1.0,9.0,7.0,,,,,,,,
cpl::Football_Player::6a778700603244eeabcce04c59c6ccc0,A. Hojabrpour,Forge,Midfielder,2021,midfielder,26,1899,2,2,13,0,3,2,29,29,17,0,9,0,61,86.0,23,1.09,0,0,0,0,0,0,0,0,0,0,0,0,0,0,0,0,0,0,0,0,0,0,0,0,0,1899.0,1342.0,,,18.0,26.0,19.0,179.0,47.0,1072.0,,886.0,,198.0,15.0,99.0,816.0,,,20.0,125.0,2.0,38.0,40.0,,17.0,,,157.0,100.0,26.0,915.0,4.0,,404.0,19.0,359.0,299.0,29.0,20.0,9.0,248.0,,,7.0,18.0,79.0,56.0,122.0,31.0,512.0,10.0,,148.0,,3.0,101.0,1043.0,67.0,81.0,0.0,2.0,1.0,,,1.0,6.0,,12.0,39.0,,29.0,6.0,,,18.0,25.0,,6.0,9.0,5.0,,10.0,5.0,13.0,2.0,1.0,1.0,,166.0,7.0,1.0,,1.0,4.0,6.0,1.0,1.0,1.0,3.0,2.0,1.0,,,,,,,1.0,,3.0,,,,,,,,
cpl::Football_Player::0193e9b2803b43938a676ad9232cede8,N. Verhoeven,Atlético,Midfielder,2021,midfielder,27,2099,0,3,8,0,6,3,17,13,14,2,3,0,9,86.0,34,1.46,38,0,0,0,0,0,0,0,0,0,0,0,0,0,0,0,0,0,0,0,0,0,0,0,0,2099.0,1233.0,,,19.0,27.0,1.0,158.0,29.0,962.0,,785.0,,251.0,12.0,34.0,788.0,,,25.0,118.0,4.0,7.0,27.0,,14.0,,,140.0,63.0,27.0,822.0,3.0,,502.0,31.0,236.0,353.0,13.0,8.0,3.0,247.0,1.0,,3.0,12.0,95.0,48.0,160.0,11.0,343.0,10.0,,147.0,,3.0,92.0,919.0,85.0,62.0,,,0.0,,,7.0,10.0,1.0,10.0,10.0,,17.0,23.0,,,10.0,19.0,1.0,2.0,32.0,13.0,1.0,2.0,47.0,8.0,3.0,6.0,2.0,3.0,126.0,12.0,23.0,2.0,8.0,8.0,,,,5.0,6.0,,,,38.0,25.0,12.0,,,,3.0,2.0,,,,,,,,
cpl::Football_Player::9530e64bf7744102b3eeecd7fcf46c34,E. Cissé,Forge,Midfielder,2021,midfielder,28,2218,1,2,15,0,6,2,56,37,20,5,4,0,45,86.0,22,0.89,22,0,1,0,0,0,0,0,0,0,0,0,0,0,0,0,0,0,0,0,0,0,0,0,0,2218.0,1783.0,,,37.0,28.0,19.0,304.0,84.0,1230.0,,989.0,,330.0,16.0,70.0,983.0,,,23.0,164.0,6.0,29.0,53.0,,20.0,,,177.0,160.0,28.0,1053.0,4.0,,609.0,18.0,224.0,413.0,37.0,28.0,4.0,372.0,,,2.0,28.0,144.0,34.0,151.0,42.0,453.0,10.0,,262.0,,,143.0,1166.0,121.0,141.0,1.0,0.0,0.0,,,17.0,3.0,1.0,23.0,37.0,,56.0,21.0,,,14.0,46.0,2.0,5.0,55.0,23.0,12.0,9.0,27.0,15.0,2.0,5.0,2.0,6.0,221.0,56.0,9.0,5.0,89.0,23.0,1.0,1.0,1.0,9.0,6.0,1.0,,,22.0,4.0,5.0,,,,,4.0,,,,,,,,
cpl::Football_Player::3f6a675727214bcc96972b28a2e3dbf8,José Galán,Valour,Midfielder,2021,midfielder,11,285,0,1,2,0,0,1,4,9,4,0,4,0,62,88.0,2,0.63,0,0,0,0,0,0,0,0,0,0,0,0,0,0,0,0,0,0,0,0,0,0,0,0,0,285.0,258.0,,,,11.0,5.0,30.0,6.0,206.0,,173.0,,40.0,1.0,10.0,171.0,,,2.0,21.0,,5.0,10.0,,4.0,,,25.0,15.0,11.0,181.0,,,96.0,2.0,59.0,56.0,9.0,4.0,4.0,53.0,,,1.0,2.0,15.0,5.0,19.0,8.0,89.0,10.0,,22.0,,,20.0,198.0,12.0,10.0,0.0,0.0,0.0,,,1.0,2.0,1.0,3.0,6.0,,4.0,3.0,,,2.0,5.0,,9.0,1.0,,,2.0,4.0,2.0,1.0,3.0,1.0,1.0,38.0,2.0,4.0,,1.0,2.0,,,,,,,,,,,,,,,,3.0,,,,,,,,
cpl::Football_Player::b38a140a30ab499ba3bc6aa4ad4d07a1,Viti Martínez,Atlético,Midfielder,2021,midfielder,13,1000,1,2,5,0,1,2,14,11,9,0,1,1,58,85.0,19,1.71,0,0,0,0,0,0,0,0,0,0,0,0,0,0,0,0,0,0,0,0,0,0,0,0,0,1000.0,591.0,,,10.0,13.0,7.0,80.0,19.0,465.0,,381.0,,98.0,8.0,47.0,346.0,,,11.0,60.0,2.0,20.0,16.0,,9.0,,,72.0,45.0,13.0,393.0,,,163.0,19.0,113.0,133.0,11.0,5.0,1.0,189.0,,,2.0,5.0,35.0,36.0,58.0,12.0,232.0,10.0,,68.0,,5.0,36.0,451.0,30.0,38.0,0.0,1.0,1.0,,,1.0,3.0,1.0,5.0,13.0,,14.0,6.0,,1.0,4.0,9.0,,2.0,13.0,5.0,,4.0,2.0,5.0,2.0,2.0,2.0,,30.0,6.0,2.0,,,2.0,3.0,,,3.0,1.0,1.0,,,,,,1.0,,1.0,,1.0,,,,,,,1.0,
cpl::Football_Player::8b3bce6c12a8410c97766fbccc51d981,A. Coupland,Whitecaps,Midfielder,2021,midfielder,15,513,2,0,9,0,7,0,4,11,18,0,0,0,21,86.0,9,1.58,0,0,0,0,0,0,0,0,0,0,0,0,0,0,0,0,0,0,0,0,0,0,0,0,0,513.0,288.0,,,9.0,15.0,3.0,81.0,9.0,169.0,,137.0,,67.0,,6.0,139.0,,,7.0,34.0,,3.0,4.0,,18.0,,,24.0,39.0,15.0,145.0,1.0,,79.0,8.0,34.0,43.0,11.0,6.0,,51.0,,,,5.0,42.0,4.0,21.0,14.0,66.0,10.0,,67.0,,1.0,20.0,161.0,31.0,36.0,1.0,1.0,0.0,,,2.0,7.0,1.0,11.0,4.0,,4.0,5.0,,,8.0,12.0,,8.0,17.0,6.0,,2.0,1.0,9.0,,,,1.0,41.0,9.0,,,,1.0,,1.0,,,7.0,2.0,,,,,,2.0,,1.0,,1.0,,,,,,,,
cpl::Football_Player::e1db549c457e40859db567305d65609d,J. Navarro,Alajuelense,Midfielder,2021,midfielder,22,1053,3,0,20,0,7,0,16,23,25,4,5,0,44,83.0,13,1.11,0,0,1,0,0,0,0,0,0,0,0,0,0,0,0,0,0,0,0,0,0,0,0,0,0,1053.0,615.0,,,18.0,22.0,12.0,185.0,28.0,335.0,,273.0,,173.0,1.0,4.0,271.0,,,12.0,55.0,,7.0,9.0,,25.0,,,60.0,83.0,22.0,275.0,2.0,,188.0,11.0,87.0,58.0,23.0,7.0,5.0,56.0,,,,12.0,102.0,4.0,62.0,27.0,89.0,10.0,,158.0,,,56.0,333.0,87.0,71.0,3.0,0.0,2.0,,,6.0,10.0,1.0,15.0,8.0,,16.0,7.0,,,9.0,20.0,1.0,10.0,49.0,25.0,2.0,13.0,11.0,20.0,,2.0,,2.0,134.0,65.0,2.0,4.0,6.0,11.0,1.0,3.0,1.0,8.0,7.0,3.0,,,,,,2.0,,,,2.0,,,,,,,,
cpl::Football_Player::0225a160a7df42c2a36c192a4c4c8d5a,T. Shaw,Atlético,Midfielder,2021,midfielder,17,807,0,1,4,0,3,1,23,26,11,0,7,0,50,84.0,21,2.34,1,0,0,0,0,0,0,0,0,0,0,0,0,0,0,0,0,0,0,0,0,0,0,0,0,807.0,532.0,,,5.0,17.0,21.0,142.0,40.0,377.0,,304.0,,85.0,7.0,20.0,294.0,,,8.0,55.0,,21.0,22.0,,11.0,,2.0,63.0,77.0,17.0,314.0,,,102.0,21.0,101.0,91.0,26.0,22.0,7.0,122.0,,,2.0,17.0,65.0,15.0,43.0,42.0,212.0,10.0,,100.0,,3.0,48.0,367.0,44.0,56.0,0.0,0.0,0.0,,,1.0,4.0,1.0,21.0,20.0,,23.0,3.0,,,7.0,14.0,,9.0,10.0,4.0,,1.0,2.0,4.0,1.0,,,1.0,63.0,11.0,,,,2.0,3.0,,,2.0,3.0,,,,1.0,,,,,,,,,,,,,,,
cpl::Football_Player::4b6c1da63a144cfeb39e765ea2e3039c,B. McKendry,Atlético,Midfielder,2021,midfielder,25,2132,1,1,10,0,7,1,35,39,34,1,7,1,69,88.0,36,1.52,49,0,1,0,0,0,0,0,0,0,0,0,0,0,0,0,0,0,0,0,0,0,0,0,0,2132.0,1607.0,,,23.0,25.0,16.0,253.0,59.0,1197.0,,981.0,,266.0,13.0,82.0,962.0,,,25.0,168.0,2.0,28.0,46.0,,34.0,,1.0,153.0,130.0,25.0,1044.0,1.0,,409.0,35.0,379.0,326.0,39.0,23.0,7.0,267.0,,,4.0,24.0,123.0,52.0,156.0,23.0,653.0,10.0,,230.0,,9.0,101.0,1125.0,116.0,114.0,0.0,1.0,0.0,,,4.0,5.0,1.0,7.0,34.0,,35.0,29.0,1.0,1.0,30.0,49.0,,,22.0,5.0,2.0,3.0,49.0,10.0,1.0,2.0,,1.0,225.0,15.0,18.0,1.0,5.0,11.0,11.0,1.0,1.0,3.0,7.0,1.0,,,49.0,29.0,16.0,,,,1.0,7.0,,,,,,,,
cpl::Football_Player::b631f78036324d79a97a6c1cfe650d2a,P. Lamothe,Pacific,Midfielder,2021,midfielder,24,1234,1,0,18,0,7,0,27,27,10,0,2,0,27,88.0,18,1.31,12,0,0,0,0,0,0,0,0,0,0,0,0,0,0,0,0,0,0,0,0,0,0,0,0,1234.0,905.0,,,10.0,24.0,5.0,160.0,34.0,678.0,,587.0,,172.0,,20.0,570.0,,,12.0,80.0,1.0,8.0,20.0,,10.0,,,88.0,59.0,24.0,590.0,3.0,,323.0,15.0,193.0,165.0,27.0,20.0,2.0,171.0,,,1.0,7.0,101.0,11.0,79.0,18.0,273.0,10.0,,142.0,,1.0,77.0,673.0,88.0,54.0,1.0,0.0,1.0,,,4.0,6.0,,13.0,10.0,,27.0,13.0,,,15.0,19.0,1.0,12.0,31.0,7.0,,11.0,11.0,18.0,,1.0,,2.0,149.0,14.0,6.0,,,1.0,3.0,1.0,1.0,3.0,7.0,1.0,,,12.0,7.0,5.0,,,,,8.0,,,,1.0,,,,
cpl::Football_Player::82ff8e880ba54f74a34fe1f8165f3b46,Matthew Baldisimo,York,Midfielder,2021,midfielder,6,161,0,0,0,0,0,0,2,4,1,0,1,0,100,75.0,2,1.12,0,0,0,0,0,0,0,0,0,0,0,0,0,0,0,0,0,0,0,0,0,0,0,0,0,161.0,108.0,,,,6.0,2.0,16.0,4.0,79.0,,55.0,,26.0,5.0,8.0,51.0,,,1.0,9.0,,7.0,2.0,,1.0,,,20.0,7.0,6.0,59.0,,,28.0,2.0,9.0,35.0,4.0,3.0,1.0,25.0,,,,2.0,9.0,13.0,19.0,2.0,31.0,10.0,,14.0,,,7.0,75.0,9.0,5.0,0.0,0.0,0.0,,,,,,,5.0,,2.0,2.0,,,1.0,1.0,,5.0,3.0,1.0,,,1.0,,,,,,10.0,,,,1.0,1.0,2.0,,,,,,,,,,,,,,,,,,,,,,,
cpl::Football_Player::5e944a82a82b42b483bed288bb7633a8,M. Aparicio,Atlético,Midfielder,2021,midfielder,22,1473,3,3,24,0,10,3,28,49,12,2,7,0,57,76.0,17,1.04,30,0,0,0,0,0,0,0,0,0,0,0,0,0,0,0,0,0,0,0,0,0,0,0,0,1473.0,1023.0,,,36.0,22.0,16.0,260.0,47.0,650.0,,469.0,,296.0,6.0,40.0,453.0,,,17.0,107.0,3.0,9.0,24.0,,12.0,,,157.0,111.0,22.0,493.0,2.0,,316.0,15.0,174.0,214.0,49.0,31.0,7.0,113.0,,,3.0,19.0,149.0,40.0,167.0,28.0,193.0,10.0,,232.0,,2.0,117.0,625.0,137.0,95.0,3.0,0.0,1.0,,,11.0,9.0,2.0,12.0,21.0,,28.0,23.0,,,20.0,35.0,,5.0,54.0,33.0,,14.0,34.0,24.0,3.0,3.0,2.0,4.0,149.0,30.0,16.0,2.0,6.0,12.0,1.0,1.0,2.0,6.0,10.0,3.0,1.0,,30.0,17.0,10.0,,,2.0,4.0,13.0,,,,,,,,
cpl::Football_Player::03de711cdab34e3498373311f6882bee,O. Browne,Montréal,Midfielder,2021,midfielder,9,555,2,2,11,0,3,2,9,15,21,3,1,1,0,80.0,4,0.65,2,0,0,0,0,0,0,0,0,0,0,0,0,0,0,0,0,0,0,0,0,0,0,0,0,555.0,410.0,,,18.0,9.0,,114.0,16.0,250.0,,195.0,,118.0,,17.0,183.0,,,5.0,35.0,,1.0,4.0,,21.0,,,50.0,55.0,9.0,200.0,1.0,,148.0,3.0,19.0,57.0,15.0,10.0,1.0,115.0,,,,7.0,59.0,4.0,53.0,1.0,56.0,10.0,,113.0,,,46.0,243.0,58.0,55.0,2.0,0.0,2.0,,,8.0,4.0,1.0,1.0,3.0,,9.0,10.0,,1.0,2.0,7.0,,4.0,35.0,23.0,,8.0,7.0,11.0,2.0,4.0,2.0,1.0,59.0,35.0,4.0,3.0,4.0,5.0,,2.0,,3.0,3.0,2.0,,,2.0,2.0,,2.0,,,1.0,1.0,,,,,,,1.0,
cpl::Football_Player::4a036a600cf6423993b2f2925ec04317,G. Lavergne,York,Midfielder,2021,midfielder,6,90,0,0,0,0,0,0,0,0,0,0,0,0,0,87.0,1,1.0,0,0,0,0,0,0,0,0,0,0,0,0,0,0,0,0,0,0,0,0,0,0,0,0,0,90.0,49.0,,,,6.0,,7.0,,38.0,,32.0,,8.0,1.0,2.0,31.0,,,,6.0,,1.0,3.0,,,,,5.0,,6.0,33.0,1.0,,11.0,,13.0,10.0,,,,9.0,,,,,7.0,1.0,2.0,,22.0,10.0,,7.0,,,4.0,37.0,7.0,,,,0.0,,,,,,,3.0,,,1.0,,,1.0,2.0,,6.0,1.0,,,,,,,,,,6.0,,,,,,,,,,,,,,,,,,,,,,,,,,,,,
cpl::Football_Player::3a7dc673383b4fbaaa17e447a0733946,Alberto Soto,Atlético,Midfielder,2021,midfielder,19,1584,2,2,21,0,10,2,27,16,33,1,3,0,29,86.0,34,1.93,24,0,1,0,0,0,0,0,0,0,0,0,0,0,0,0,0,0,0,0,0,0,0,0,0,1584.0,1114.0,,,44.0,19.0,5.0,260.0,47.0,751.0,,622.0,,242.0,4.0,45.0,595.0,,,17.0,90.0,,5.0,22.0,,33.0,,,111.0,128.0,19.0,640.0,,,374.0,34.0,190.0,254.0,16.0,6.0,3.0,225.0,,,,20.0,132.0,18.0,114.0,17.0,277.0,10.0,,243.0,,8.0,93.0,732.0,120.0,123.0,1.0,1.0,1.0,,,16.0,3.0,1.0,12.0,15.0,,27.0,28.0,,,9.0,15.0,1.0,2.0,64.0,33.0,,11.0,25.0,21.0,2.0,3.0,2.0,10.0,82.0,51.0,11.0,1.0,1.0,4.0,3.0,,,11.0,10.0,2.0,,,24.0,14.0,5.0,2.0,,2.0,2.0,3.0,,,,,,,,
cpl::Football_Player::01e4dc8e491d40f5aa24f147fe23b6e1,Oliver Minatel,Cavalry,Forward,2021,forward,3,121,0,0,1,0,0,0,0,3,5,0,1,0,50,75.0,2,1.49,1,0,0,0,0,0,0,0,0,0,0,0,0,0,0,0,0,0,0,0,0,0,0,0,0,121.0,68.0,,,,3.0,5.0,22.0,,47.0,,33.0,,18.0,1.0,,35.0,,,1.0,11.0,,,6.0,,5.0,,,12.0,10.0,3.0,35.0,,,19.0,2.0,15.0,6.0,3.0,2.0,1.0,12.0,,,,,12.0,1.0,6.0,10.0,17.0,10.0,,12.0,,,11.0,45.0,7.0,5.0,0.0,0.0,0.0,,,,1.0,,5.0,1.0,,,2.0,,,2.0,4.0,,2.0,2.0,1.0,,1.0,,1.0,,,,,14.0,6.0,1.0,,,,,,,,,,,,1.0,,1.0,,,,,2.0,,,,,,,,
cpl::Football_Player::b080433050c64c398039e681629cfdeb,R. Davis,Wanderers,Forward,2021,forward,0,0,0,0,0,0,0,0,0,0,0,0,0,0,0,,0,,0,0,0,0,0,0,0,0,0,0,0,0,0,0,0,0,0,0,0,0,0,0,0,0,0,,,,,,,,,,,,,,,,,,,,,,,,,,,,,,,,,,,,,,,,,,,,,,,,,,,,,,,,,,,,,,,,,,,,,,,,,,,,,,,,,,,,,,,,,,,,,,,,,,,,,,,,,,,,,,,,,,,,,,,
cpl::Football_Player::4bc03a5de42b4871860e6f88fe33f12b,Richard Luca,Cavalry,Forward,2021,forward,18,798,1,0,18,0,5,0,12,10,25,1,1,0,0,68.0,9,1.02,4,0,1,0,0,0,0,0,0,0,0,0,0,0,0,0,0,0,0,0,0,0,0,0,0,798.0,495.0,,,32.0,18.0,,165.0,26.0,218.0,,144.0,,189.0,2.0,5.0,142.0,,,7.0,54.0,,1.0,7.0,,25.0,,,71.0,83.0,18.0,147.0,1.0,,106.0,8.0,38.0,67.0,10.0,4.0,1.0,50.0,,,,14.0,82.0,9.0,94.0,8.0,49.0,10.0,,157.0,,1.0,62.0,215.0,74.0,83.0,1.0,0.0,0.0,,,9.0,9.0,,8.0,14.0,,12.0,5.0,,,9.0,20.0,,11.0,46.0,28.0,,13.0,30.0,18.0,,7.0,,1.0,63.0,38.0,8.0,1.0,7.0,28.0,,1.0,,3.0,5.0,1.0,1.0,,4.0,1.0,1.0,,,,1.0,2.0,,,,,,,,
cpl::Football_Player::c49f24c9d41145ed9c4bf9758b0ed6f9,J. Mason,Cavalry,Forward,2021,forward,15,1088,7,0,32,0,22,0,5,23,8,19,2,0,28,80.0,16,1.32,1,0,1,2,0,0,0,0,0,0,0,0,0,0,0,0,0,0,0,0,0,0,0,0,0,1088.0,372.0,,,18.0,15.0,14.0,127.0,6.0,194.0,,144.0,,115.0,,2.0,152.0,,,11.0,37.0,1.0,2.0,3.0,,8.0,,,40.0,46.0,15.0,154.0,1.0,,118.0,15.0,58.0,31.0,23.0,4.0,2.0,46.0,,,,1.0,81.0,1.0,45.0,49.0,36.0,10.0,,78.0,,2.0,39.0,184.0,46.0,32.0,4.0,3.0,3.0,,,16.0,4.0,5.0,35.0,4.0,,5.0,9.0,,,3.0,7.0,1.0,4.0,17.0,10.0,,10.0,8.0,32.0,,,,,59.0,84.0,,19.0,,8.0,,7.0,6.0,4.0,22.0,7.0,1.0,,1.0,,,,,,,4.0,,2.0,,,,,,
cpl::Football_Player::337fb1e9243f40eeacf44fe5123d4089,A. Novak,Forge,Forward,2021,forward,25,1320,4,2,25,0,15,2,4,12,16,11,6,0,26,75.0,12,0.82,0,0,0,0,0,0,0,0,0,0,0,0,0,0,0,0,0,0,0,0,0,0,0,0,0,1320.0,515.0,,,18.0,25.0,23.0,194.0,9.0,270.0,,186.0,,182.0,1.0,3.0,197.0,,,15.0,46.0,2.0,17.0,9.0,,16.0,,,70.0,66.0,25.0,200.0,3.0,,139.0,9.0,66.0,63.0,12.0,6.0,6.0,47.0,,,,5.0,128.0,4.0,63.0,88.0,62.0,10.0,,106.0,,1.0,66.0,256.0,63.0,43.0,0.0,4.0,2.0,,,3.0,12.0,1.0,65.0,1.0,,4.0,18.0,,,8.0,12.0,5.0,10.0,46.0,15.0,,10.0,2.0,25.0,2.0,1.0,1.0,2.0,94.0,60.0,1.0,11.0,,2.0,,4.0,4.0,3.0,15.0,4.0,,,,,,,,,,14.0,,,,,,,,
cpl::Football_Player::a0c39d4aadea4642ba22743b4c68b23a,E. Ongaro,Edmonton,Forward,2021,forward,27,1920,12,2,43,0,28,2,6,29,14,11,2,0,39,69.0,32,1.5,0,0,2,1,0,0,0,0,0,0,0,0,0,0,0,0,0,0,0,0,0,0,0,0,0,1920.0,687.0,,,19.0,27.0,55.0,285.0,18.0,379.0,,238.0,,251.0,3.0,3.0,257.0,,,23.0,54.0,2.0,8.0,11.0,,14.0,,,119.0,105.0,27.0,260.0,5.0,,200.0,27.0,81.0,83.0,29.0,7.0,2.0,96.0,,,,12.0,180.0,7.0,114.0,139.0,60.0,10.0,,146.0,,3.0,112.0,356.0,96.0,50.0,7.0,5.0,3.0,,,9.0,14.0,4.0,84.0,2.0,,6.0,22.0,,,12.0,26.0,5.0,4.0,55.0,29.0,,15.0,6.0,43.0,2.0,,2.0,2.0,119.0,122.0,,11.0,,6.0,2.0,12.0,1.0,13.0,28.0,12.0,1.0,,,,,9.0,,,,22.0,,1.0,,,1.0,,,1.0
cpl::Football_Player::a3da6283599541849144b5b108dbc67b,K. Porter,Ottawa Fury,Forward,2021,forward,19,652,1,0,7,0,4,0,7,8,11,1,0,0,53,74.0,9,1.24,12,0,0,0,0,0,0,0,0,0,0,0,0,0,0,0,0,0,0,0,0,0,0,0,0,652.0,365.0,,,9.0,19.0,16.0,94.0,10.0,240.0,,166.0,,109.0,2.0,10.0,167.0,,,6.0,29.0,,6.0,12.0,,11.0,,,63.0,46.0,19.0,177.0,2.0,,109.0,7.0,67.0,80.0,8.0,5.0,,49.0,,,1.0,3.0,48.0,14.0,68.0,30.0,72.0,10.0,,64.0,,2.0,49.0,227.0,34.0,30.0,0.0,1.0,0.0,,,7.0,5.0,1.0,14.0,5.0,,7.0,7.0,,,6.0,12.0,,13.0,14.0,7.0,,3.0,17.0,7.0,,,,,44.0,15.0,4.0,1.0,1.0,6.0,,1.0,,7.0,4.0,1.0,,,12.0,8.0,3.0,1.0,,,3.0,2.0,,,,,,,,
cpl::Football_Player::91a915f684dc4b769c0cf45719f2a87e,M. Bustos,Pacific,Forward,2021,forward,17,1352,7,6,33,0,19,6,14,19,35,5,3,0,30,87.0,15,1.0,29,0,2,1,1,0,0,0,0,0,0,0,0,0,0,0,0,0,0,0,0,0,0,0,0,1352.0,933.0,,,46.0,17.0,3.0,208.0,19.0,579.0,,485.0,,226.0,3.0,35.0,468.0,,,15.0,79.0,5.0,2.0,7.0,,35.0,,1.0,76.0,103.0,17.0,503.0,3.0,,363.0,12.0,87.0,115.0,19.0,7.0,3.0,171.0,,,1.0,5.0,105.0,13.0,110.0,10.0,158.0,10.0,,198.0,,3.0,63.0,561.0,98.0,100.0,7.0,0.0,3.0,,,18.0,4.0,2.0,7.0,4.0,,14.0,24.0,,,13.0,19.0,1.0,2.0,59.0,33.0,,14.0,41.0,33.0,6.0,5.0,6.0,4.0,206.0,70.0,18.0,5.0,8.0,16.0,1.0,7.0,1.0,4.0,19.0,7.0,1.0,,29.0,13.0,9.0,5.0,,,1.0,5.0,1.0,1.0,,2.0,,,,
cpl::Football_Player::982a96a792e04404805090a131cb95df,T. Campbell,Vancouver FC,Forward,2021,forward,28,1837,11,5,39,0,18,5,22,24,17,9,3,0,41,74.0,24,1.18,0,0,5,1,1,0,0,0,0,0,0,0,0,0,0,0,0,0,0,0,0,0,0,0,0,1837.0,864.0,,,24.0,28.0,28.0,251.0,32.0,467.0,,331.0,,303.0,4.0,11.0,330.0,,,21.0,70.0,1.0,7.0,16.0,,17.0,,,126.0,101.0,28.0,341.0,3.0,,235.0,21.0,78.0,104.0,24.0,12.0,3.0,131.0,,,3.0,10.0,150.0,12.0,130.0,68.0,114.0,10.0,,183.0,,1.0,114.0,457.0,110.0,73.0,9.0,2.0,2.0,,,13.0,12.0,,40.0,10.0,,22.0,19.0,,,12.0,33.0,2.0,7.0,76.0,36.0,,21.0,20.0,39.0,5.0,8.0,3.0,1.0,154.0,92.0,8.0,9.0,6.0,20.0,1.0,11.0,2.0,11.0,18.0,11.0,3.0,,,,,6.0,,,,7.0,1.0,1.0,,,,,,
cpl::Football_Player::2d8cec65b1bb4b20872a91ac73584d29,A. Musse,Cavalry,Forward,2021,forward,9,389,2,0,14,0,5,0,6,7,8,0,0,0,33,78.0,3,0.69,10,0,0,0,0,0,0,0,0,0,0,0,0,0,0,0,0,0,0,0,0,0,0,0,0,389.0,225.0,,,18.0,9.0,1.0,70.0,7.0,105.0,,78.0,,76.0,2.0,6.0,75.0,,,4.0,24.0,,,4.0,,8.0,,,24.0,34.0,9.0,81.0,,,60.0,3.0,20.0,20.0,7.0,4.0,,37.0,,,,1.0,36.0,3.0,31.0,3.0,25.0,10.0,,67.0,,,21.0,102.0,34.0,33.0,0.0,2.0,2.0,,,8.0,3.0,1.0,2.0,2.0,,6.0,7.0,,,3.0,7.0,,5.0,22.0,8.0,,9.0,11.0,14.0,,1.0,,1.0,28.0,15.0,4.0,,2.0,1.0,,2.0,1.0,1.0,5.0,2.0,,,10.0,8.0,1.0,1.0,,,1.0,2.0,,,,,,,,
cpl::Football_Player::32ac22e018504c2f98dc4d3c64e42803,J. Hernández,Scottish,Forward,2021,forward,17,413,0,0,10,0,4,0,3,9,14,1,1,0,62,76.0,3,0.65,1,0,0,0,0,0,0,0,0,0,0,0,0,0,0,0,0,0,0,0,0,0,0,0,0,413.0,271.0,,,19.0,17.0,5.0,85.0,9.0,131.0,,96.0,,85.0,,10.0,89.0,,,2.0,17.0,,4.0,9.0,,14.0,,,32.0,47.0,17.0,99.0,,,63.0,3.0,30.0,31.0,9.0,5.0,1.0,24.0,,,1.0,6.0,38.0,2.0,29.0,8.0,36.0,10.0,,77.0,,,30.0,128.0,35.0,42.0,0.0,0.0,0.0,,,4.0,3.0,,3.0,3.0,,3.0,6.0,,,3.0,7.0,,15.0,23.0,16.0,,6.0,6.0,10.0,,,,,46.0,27.0,,1.0,9.0,6.0,1.0,,,2.0,4.0,,,,1.0,,,,,,,1.0,,,,,,,,
cpl::Football_Player::4a3790eed104423781b21001cbce69e9,A. García,Wanderers,Forward,2021,forward,22,1063,2,1,15,0,6,1,2,13,16,20,3,0,30,87.0,18,1.52,0,0,1,1,1,0,0,0,0,0,0,0,0,0,0,0,0,0,0,0,0,0,0,0,0,1063.0,260.0,,,2.0,22.0,6.0,77.0,5.0,144.0,,100.0,,74.0,,3.0,122.0,,,13.0,22.0,,,7.0,,16.0,,,19.0,29.0,22.0,125.0,5.0,,71.0,13.0,41.0,13.0,13.0,1.0,3.0,37.0,,,,3.0,48.0,,12.0,20.0,55.0,10.0,,57.0,,,19.0,119.0,34.0,23.0,0.0,2.0,0.0,,,3.0,12.0,2.0,14.0,3.0,,2.0,5.0,,,2.0,4.0,3.0,9.0,20.0,9.0,,9.0,,15.0,1.0,1.0,,,53.0,46.0,1.0,20.0,,,1.0,2.0,2.0,4.0,6.0,2.0,,,,,,,,,,4.0,1.0,1.0,,1.0,,,,
cpl::Football_Player::751e68a27d374a64b9646c08102f6daf,João Morelli,Wanderers,Forward,2021,forward,21,1470,14,0,49,0,31,0,9,19,24,6,6,0,38,82.0,19,1.16,41,0,4,5,5,0,0,0,0,0,0,0,0,0,0,0,0,0,0,0,0,0,0,0,0,1470.0,831.0,,,23.0,21.0,8.0,142.0,12.0,534.0,,408.0,,209.0,,25.0,411.0,,,16.0,64.0,1.0,1.0,7.0,,24.0,,,98.0,67.0,21.0,436.0,5.0,,308.0,14.0,152.0,156.0,19.0,10.0,6.0,99.0,,,,3.0,75.0,14.0,125.0,21.0,140.0,10.0,,121.0,,1.0,84.0,504.0,62.0,59.0,10.0,4.0,5.0,,,14.0,7.0,,13.0,14.0,,9.0,24.0,,,11.0,24.0,2.0,5.0,29.0,16.0,,18.0,34.0,49.0,,1.0,,9.0,127.0,51.0,12.0,6.0,4.0,6.0,,13.0,11.0,16.0,31.0,14.0,,,41.0,24.0,10.0,3.0,,1.0,8.0,9.0,5.0,5.0,,,,,,
cpl::Football_Player::a96eb3025e23467ca33277ae9c86f369,S. Salter,Atlético,Forward,2021,forward,21,811,3,1,16,0,11,1,7,15,8,3,0,0,41,74.0,9,1.0,0,0,0,0,0,0,0,0,0,0,0,0,0,0,0,0,0,0,0,0,0,0,0,0,0,811.0,385.0,,,8.0,21.0,19.0,128.0,12.0,249.0,,177.0,,124.0,1.0,3.0,179.0,,,8.0,28.0,1.0,4.0,13.0,,8.0,,,67.0,47.0,21.0,182.0,2.0,,120.0,7.0,69.0,42.0,15.0,5.0,,65.0,,,,5.0,81.0,3.0,56.0,46.0,62.0,10.0,,82.0,,,64.0,243.0,54.0,28.0,2.0,1.0,0.0,,,5.0,7.0,,27.0,2.0,,7.0,10.0,,,2.0,10.0,4.0,13.0,29.0,14.0,,5.0,2.0,16.0,1.0,,1.0,,73.0,53.0,,3.0,1.0,2.0,3.0,3.0,1.0,5.0,11.0,3.0,,,,,,2.0,,,,6.0,,,,,,,,
cpl::Football_Player::6a7b9320483e458792ebd1f94a00baf0,C. Bent,Wanderers,Forward,2021,forward,19,1188,0,3,12,0,5,3,15,14,29,9,3,0,50,78.0,15,1.14,9,0,0,0,0,0,0,0,0,0,0,0,0,0,0,0,0,0,0,0,0,0,0,0,0,1188.0,658.0,,,21.0,19.0,5.0,158.0,25.0,344.0,,261.0,,215.0,9.0,12.0,254.0,,,14.0,70.0,2.0,7.0,21.0,,29.0,,,78.0,80.0,19.0,266.0,6.0,,160.0,9.0,65.0,113.0,14.0,8.0,3.0,82.0,,,1.0,10.0,78.0,20.0,95.0,10.0,119.0,10.0,,148.0,,,58.0,338.0,73.0,75.0,0.0,0.0,0.0,,,11.0,9.0,1.0,5.0,16.0,,15.0,13.0,,,9.0,23.0,,5.0,47.0,29.0,8.0,7.0,38.0,12.0,3.0,8.0,3.0,4.0,84.0,26.0,13.0,9.0,19.0,24.0,2.0,,,1.0,5.0,,,1.0,9.0,8.0,1.0,,,,2.0,5.0,,,2.0,1.0,,,,
cpl::Football_Player::6b48ced0357d4fd4a50e8ba77b6784d8,T. Warschewski,Cavalry,Forward,2021,forward,26,1901,4,7,38,0,15,7,17,25,66,6,1,0,53,78.0,31,1.47,6,0,1,0,0,0,0,0,0,0,0,0,0,0,0,0,0,0,0,0,0,0,0,0,0,1901.0,1157.0,,,62.0,26.0,45.0,409.0,29.0,567.0,,429.0,,399.0,2.0,31.0,410.0,,,21.0,88.0,1.0,6.0,25.0,,66.0,,,126.0,201.0,26.0,441.0,5.0,,339.0,26.0,127.0,148.0,25.0,12.0,1.0,116.0,,,1.0,12.0,208.0,16.0,135.0,84.0,116.0,10.0,,325.0,,2.0,110.0,552.0,169.0,156.0,2.0,2.0,2.0,,,20.0,8.0,4.0,39.0,12.0,,17.0,20.0,,,13.0,37.0,3.0,5.0,126.0,55.0,,23.0,34.0,38.0,7.0,12.0,6.0,1.0,176.0,79.0,14.0,6.0,9.0,29.0,2.0,4.0,4.0,9.0,15.0,4.0,,,6.0,3.0,2.0,,,,4.0,17.0,,,,1.0,,,,
cpl::Football_Player::cd1e9f98817545a8904ffd9556963f44,A. Díaz,Vancouver FC,Forward,2021,forward,28,2005,10,4,40,0,20,4,2,24,14,18,1,0,45,72.0,28,1.26,1,0,2,2,2,0,0,0,0,0,0,0,0,0,0,0,0,0,0,0,0,0,0,0,0,2005.0,705.0,,,17.0,28.0,28.0,169.0,6.0,449.0,,274.0,,246.0,2.0,5.0,318.0,,,23.0,63.0,1.0,7.0,18.0,,14.0,,,126.0,64.0,28.0,323.0,5.0,,218.0,23.0,87.0,104.0,24.0,16.0,1.0,95.0,,,,4.0,105.0,11.0,116.0,62.0,107.0,10.0,,107.0,,3.0,115.0,400.0,71.0,36.0,5.0,5.0,3.0,,,12.0,17.0,2.0,34.0,,,2.0,18.0,,,8.0,28.0,5.0,5.0,42.0,11.0,1.0,20.0,8.0,40.0,4.0,2.0,3.0,3.0,163.0,76.0,2.0,18.0,3.0,8.0,2.0,10.0,6.0,11.0,20.0,10.0,3.0,,1.0,,,1.0,,,1.0,22.0,2.0,2.0,,1.0,,,,
cpl::Football_Player::52ee822ec2ea43bc844f27d96e16334b,Víctor Blasco,Pacific,Forward,2021,forward,14,555,1,1,24,0,10,1,3,14,15,0,2,0,20,78.0,9,1.46,13,0,1,0,0,0,0,0,0,0,0,0,0,0,0,0,0,0,0,0,0,0,0,0,0,555.0,377.0,,,16.0,14.0,2.0,105.0,8.0,193.0,,146.0,,125.0,2.0,6.0,143.0,,,5.0,28.0,,,7.0,,15.0,,,44.0,41.0,14.0,149.0,,,113.0,9.0,69.0,51.0,14.0,6.0,2.0,10.0,,,,5.0,64.0,10.0,55.0,10.0,43.0,10.0,,95.0,,1.0,34.0,185.0,56.0,39.0,0.0,1.0,0.0,,,6.0,4.0,,8.0,2.0,,3.0,13.0,,,6.0,14.0,,9.0,28.0,18.0,,14.0,18.0,24.0,1.0,1.0,,2.0,63.0,32.0,7.0,,6.0,5.0,1.0,,1.0,,10.0,1.0,,,13.0,7.0,4.0,,,1.0,8.0,1.0,,,,,,,,
cpl::Football_Player::c693d6bdd4234e0b8a91e6eb2480623b,S. Karajovanovic,Wanderers,Forward,2021,forward,26,1506,1,2,34,0,21,2,13,14,19,13,3,0,21,70.0,17,1.02,3,0,2,0,0,0,0,0,0,0,0,0,0,0,0,0,0,0,0,0,0,0,0,0,0,1506.0,781.0,,,31.0,26.0,8.0,225.0,19.0,399.0,,267.0,,300.0,4.0,12.0,267.0,,,14.0,65.0,2.0,7.0,19.0,,19.0,,,120.0,77.0,26.0,279.0,7.0,,184.0,10.0,140.0,93.0,14.0,7.0,3.0,43.0,,,,6.0,148.0,13.0,138.0,38.0,104.0,10.0,,187.0,,1.0,107.0,387.0,118.0,69.0,1.0,0.0,1.0,,,30.0,10.0,2.0,30.0,10.0,,13.0,18.0,,,19.0,44.0,4.0,12.0,76.0,48.0,,13.0,37.0,34.0,2.0,9.0,1.0,1.0,123.0,124.0,9.0,13.0,9.0,34.0,3.0,1.0,1.0,8.0,21.0,1.0,,,3.0,3.0,,,,,,12.0,,,1.0,3.0,,,,
cpl::Football_Player::c8dce536cf5f4f02be8d2f7ba48e6929,A. Riggi,Wanderers,Forward,2021,forward,16,621,0,0,6,0,5,0,5,12,13,4,3,0,42,76.0,11,1.59,1,0,0,0,0,0,0,0,0,0,0,0,0,0,0,0,0,0,0,0,0,0,0,0,0,621.0,375.0,,,17.0,16.0,3.0,93.0,6.0,237.0,,175.0,,122.0,,7.0,171.0,,,8.0,37.0,,1.0,14.0,,13.0,,,59.0,39.0,16.0,178.0,2.0,,122.0,9.0,79.0,72.0,12.0,10.0,3.0,27.0,,,2.0,1.0,54.0,7.0,54.0,7.0,61.0,10.0,,86.0,,,52.0,233.0,50.0,36.0,0.0,0.0,0.0,,,3.0,8.0,,4.0,4.0,,5.0,9.0,,,5.0,12.0,2.0,8.0,31.0,14.0,,1.0,9.0,6.0,,4.0,,4.0,59.0,22.0,5.0,4.0,3.0,9.0,,,,1.0,5.0,,,,1.0,,1.0,,,,,5.0,,,,,,,,
cpl::Football_Player::3b722a31cec745c3be4c298eeeee5dbc,A. Marshsall,Wanderers,Forward,2021,forward,22,1220,2,1,22,0,11,1,23,27,20,0,1,0,61,77.0,14,1.03,10,0,1,0,0,0,0,0,0,0,0,0,0,0,0,0,0,0,0,0,0,0,0,0,0,1220.0,743.0,,,43.0,22.0,13.0,204.0,32.0,426.0,,325.0,,221.0,2.0,18.0,310.0,,,14.0,85.0,3.0,3.0,12.0,,20.0,,,98.0,108.0,22.0,328.0,4.0,,223.0,10.0,56.0,154.0,27.0,15.0,1.0,132.0,,,,9.0,96.0,24.0,105.0,21.0,113.0,10.0,,183.0,,,74.0,423.0,88.0,95.0,0.0,2.0,0.0,,,6.0,11.0,3.0,8.0,10.0,,23.0,17.0,,,11.0,24.0,2.0,8.0,51.0,20.0,2.0,11.0,19.0,22.0,1.0,6.0,,11.0,84.0,28.0,8.0,,6.0,10.0,,1.0,,5.0,11.0,2.0,,,10.0,8.0,2.0,2.0,,1.0,1.0,7.0,,,,,,,,
cpl::Football_Player::0d635e29400f481397a6663825364631,S. Castello,Forge,Forward,2021,forward,6,98,1,0,1,0,1,0,3,4,4,0,0,0,0,63.0,0,0.0,0,0,0,0,0,0,0,0,0,0,0,0,0,0,0,0,0,0,0,0,0,0,0,0,0,98.0,51.0,,,1.0,6.0,,16.0,3.0,29.0,,17.0,,19.0,,1.0,17.0,,,1.0,4.0,,,2.0,,4.0,,,11.0,8.0,6.0,18.0,,,11.0,,10.0,8.0,4.0,2.0,,3.0,,,,,8.0,3.0,14.0,,7.0,10.0,,16.0,,,8.0,28.0,8.0,8.0,1.0,0.0,0.0,,,,1.0,,,1.0,,3.0,,,,2.0,2.0,,5.0,1.0,1.0,,,5.0,1.0,,,,,8.0,4.0,,,1.0,5.0,,1.0,,,1.0,1.0,,,,,,1.0,,,,,,,,,,,,
cpl::Football_Player::b65c33938a67445fa2637462ffcf71e2,P. Sabak,Forge,Forward,2021,forward,23,1330,1,2,14,0,8,2,12,20,37,2,5,0,12,81.0,15,1.02,15,0,1,1,1,0,0,0,0,0,0,0,0,0,0,0,0,0,0,0,0,0,0,0,0,1330.0,876.0,,,22.0,23.0,1.0,166.0,16.0,614.0,,463.0,,236.0,3.0,47.0,445.0,,,16.0,83.0,,2.0,23.0,,37.0,,,122.0,76.0,23.0,492.0,3.0,,334.0,12.0,190.0,189.0,20.0,7.0,5.0,111.0,,,1.0,4.0,90.0,16.0,125.0,8.0,166.0,10.0,,158.0,,1.0,106.0,582.0,83.0,75.0,0.0,1.0,0.0,,,5.0,15.0,1.0,7.0,6.0,,12.0,19.0,,,6.0,19.0,2.0,7.0,44.0,12.0,,6.0,26.0,14.0,2.0,6.0,1.0,7.0,124.0,34.0,8.0,2.0,9.0,21.0,,1.0,1.0,6.0,8.0,1.0,,,15.0,5.0,2.0,,,,1.0,6.0,1.0,1.0,,,,,,
cpl::Football_Player::6a1013ca271947ac875aac6bfbc1af8c,G. Boakye,Edmonton,Forward,2021,forward,7,154,0,0,0,0,0,0,3,3,4,0,0,0,0,59.0,3,1.75,0,0,0,0,0,0,0,0,0,0,0,0,0,0,0,0,0,0,0,0,0,0,0,0,0,154.0,83.0,,,2.0,7.0,,27.0,4.0,36.0,,20.0,,29.0,2.0,2.0,19.0,,,2.0,8.0,,4.0,5.0,,4.0,,,15.0,10.0,7.0,21.0,,,7.0,3.0,3.0,20.0,3.0,,,2.0,,,1.0,1.0,17.0,3.0,15.0,6.0,14.0,10.0,,21.0,,1.0,12.0,35.0,11.0,10.0,0.0,0.0,0.0,,,1.0,2.0,,6.0,1.0,,3.0,,,,2.0,5.0,,5.0,2.0,1.0,2.0,,5.0,,,,,,11.0,1.0,,,11.0,5.0,,,,1.0,,,,,,,,,,,,1.0,,,,,,,,
cpl::Football_Player::b6e0959d70364c6b9ee5471c88682896,J. George,Scrosoppi,Forward,2021,forward,1,84,0,0,0,0,0,0,0,0,0,0,0,0,100,92.0,3,3.21,0,0,0,0,0,0,0,0,0,0,0,0,0,0,0,0,0,0,0,0,0,0,0,0,0,84.0,59.0,,,1.0,1.0,1.0,8.0,3.0,49.0,,44.0,,5.0,1.0,6.0,39.0,,,1.0,7.0,,,1.0,,,,,4.0,5.0,1.0,45.0,1.0,,22.0,2.0,13.0,14.0,,,,16.0,,,,3.0,3.0,3.0,3.0,1.0,23.0,10.0,,7.0,,,1.0,48.0,3.0,4.0,,,0.0,,,,1.0,,,2.0,,,,,,,,,,,,,,,,,,,,6.0,,,,,,,,,,,,,,,,,,,,,1.0,,,,,,,,
cpl::Football_Player::561b87875f804f3f815786e5ab7d41e0,R. Núñez,Atlético,Forward,2021,forward,25,1635,0,0,25,0,11,0,12,14,30,6,3,0,33,82.0,31,1.71,3,0,1,0,0,0,0,0,0,0,0,0,0,0,0,0,0,0,0,0,0,0,0,0,0,1635.0,902.0,,,28.0,25.0,7.0,207.0,30.0,587.0,,468.0,,208.0,,27.0,451.0,,,18.0,64.0,2.0,2.0,28.0,,30.0,,,109.0,95.0,25.0,478.0,,,258.0,31.0,203.0,111.0,14.0,9.0,3.0,58.0,,,,18.0,112.0,15.0,97.0,21.0,224.0,10.0,,186.0,,8.0,94.0,577.0,98.0,88.0,0.0,0.0,0.0,,,8.0,6.0,,14.0,21.0,,12.0,19.0,,,11.0,28.0,1.0,7.0,46.0,18.0,,14.0,16.0,25.0,,3.0,,5.0,215.0,36.0,4.0,6.0,6.0,11.0,1.0,,,12.0,11.0,,,,3.0,3.0,,,,,3.0,4.0,,,,,,,,
cpl::Football_Player::9c4a3a1059ee4e1ea9d4baaea8054cdf,O. Ramírez,York,Forward,2021,forward,18,585,1,1,7,0,5,1,4,14,3,10,2,0,40,74.0,10,1.54,0,0,0,1,0,0,0,0,0,0,0,0,0,0,0,0,0,0,0,0,0,0,0,0,0,585.0,251.0,,,4.0,18.0,20.0,101.0,7.0,152.0,,97.0,,82.0,1.0,2.0,109.0,,,4.0,16.0,,6.0,11.0,,3.0,,,41.0,34.0,18.0,111.0,1.0,,68.0,9.0,31.0,27.0,14.0,6.0,2.0,42.0,,,,3.0,67.0,2.0,30.0,50.0,44.0,10.0,,51.0,,2.0,39.0,138.0,37.0,14.0,1.0,0.0,0.0,,,4.0,4.0,2.0,30.0,2.0,,4.0,3.0,,,1.0,1.0,2.0,14.0,20.0,4.0,,2.0,,7.0,1.0,1.0,,,52.0,21.0,1.0,10.0,1.0,,1.0,1.0,1.0,1.0,5.0,1.0,,,,,,,,,,8.0,,1.0,,,,,,
cpl::Football_Player::de549c68a1d1413b862e2a8196868dc7,E. Welshman,Forge,Forward,2021,forward,11,546,0,0,11,0,3,0,1,18,4,8,1,0,14,69.0,5,0.82,0,0,1,0,0,0,0,0,0,0,0,0,0,0,0,0,0,0,0,0,0,0,0,0,0,546.0,239.0,,,5.0,11.0,2.0,70.0,5.0,135.0,,86.0,,89.0,2.0,5.0,88.0,,,6.0,15.0,,2.0,7.0,,4.0,,,42.0,16.0,11.0,93.0,,,70.0,5.0,36.0,25.0,18.0,7.0,1.0,34.0,,,1.0,4.0,54.0,5.0,36.0,14.0,25.0,10.0,,56.0,,,37.0,128.0,42.0,14.0,,,0.0,,,8.0,5.0,,12.0,5.0,,1.0,5.0,,,4.0,9.0,,5.0,20.0,8.0,1.0,8.0,1.0,11.0,,2.0,,,40.0,42.0,2.0,8.0,,1.0,,,,2.0,3.0,,,,,,,,,,,3.0,,,,,,,,
cpl::Football_Player::1ece129a4fee46d18322a9312200459f,A. Ricci,Vancouver FC,Forward,2021,forward,16,1187,5,2,27,0,14,2,9,22,24,6,4,0,26,66.0,14,1.06,0,0,0,0,0,0,0,0,0,0,0,0,0,0,0,0,0,0,0,0,0,0,0,0,0,1187.0,417.0,,,24.0,16.0,5.0,140.0,16.0,175.0,,96.0,,155.0,1.0,5.0,110.0,,,15.0,29.0,1.0,9.0,7.0,,24.0,,,60.0,69.0,16.0,115.0,,,83.0,14.0,43.0,38.0,22.0,10.0,4.0,47.0,,,,7.0,71.0,5.0,61.0,19.0,33.0,10.0,,121.0,,,55.0,154.0,57.0,64.0,3.0,2.0,1.0,,,13.0,10.0,2.0,14.0,3.0,,9.0,7.0,,,8.0,15.0,,1.0,33.0,14.0,,13.0,8.0,27.0,2.0,1.0,1.0,3.0,47.0,72.0,1.0,6.0,3.0,8.0,2.0,4.0,3.0,7.0,14.0,5.0,,,,,,2.0,,1.0,1.0,6.0,,,,1.0,,,,
cpl::Football_Player::7d39ce2d96684e53ba7bf8361aee3bac,W. Pacius,,Forward,2021,forward,20,1107,7,2,18,0,10,2,7,15,10,7,1,0,40,78.0,12,0.98,0,0,0,0,0,0,0,0,0,0,0,0,0,0,0,0,0,0,0,0,0,0,0,0,0,1107.0,382.0,,,4.0,20.0,20.0,108.0,11.0,227.0,,153.0,,111.0,2.0,3.0,172.0,,,13.0,16.0,,6.0,7.0,,10.0,,,52.0,45.0,20.0,175.0,2.0,,115.0,10.0,43.0,38.0,15.0,5.0,1.0,45.0,,,,4.0,63.0,4.0,48.0,49.0,61.0,10.0,,59.0,,,48.0,205.0,34.0,25.0,4.0,3.0,2.0,,,6.0,10.0,2.0,29.0,9.0,,7.0,9.0,,,9.0,12.0,3.0,7.0,17.0,5.0,,8.0,3.0,18.0,2.0,1.0,,,101.0,54.0,1.0,7.0,1.0,3.0,1.0,7.0,4.0,3.0,10.0,7.0,1.0,,,,,2.0,,,,8.0,,,,,,,,
cpl::Football_Player::fba3134832e445b5824410919421b981,M. Petrasso,Montréal,Forward,2021,forward,22,1518,3,5,28,0,19,5,13,15,26,13,3,0,33,80.0,24,1.42,38,0,0,0,0,0,0,0,0,0,0,0,0,0,0,0,0,0,0,0,0,0,0,0,0,1518.0,913.0,,,45.0,22.0,3.0,181.0,19.0,523.0,,405.0,,284.0,3.0,10.0,404.0,,,19.0,52.0,,3.0,8.0,,26.0,,,109.0,93.0,22.0,414.0,1.0,,318.0,23.0,152.0,172.0,15.0,7.0,3.0,103.0,,,,6.0,88.0,12.0,160.0,9.0,116.0,10.0,,172.0,,3.0,97.0,513.0,82.0,90.0,0.0,3.0,0.0,,,17.0,14.0,3.0,6.0,4.0,,13.0,29.0,,,8.0,24.0,1.0,3.0,59.0,36.0,4.0,9.0,59.0,28.0,5.0,10.0,5.0,5.0,96.0,68.0,20.0,13.0,21.0,32.0,,2.0,3.0,10.0,19.0,3.0,,,38.0,25.0,9.0,,,1.0,,6.0,,,,,,,,
cpl::Football_Player::397fbf5a532149178d3600d8bdff14f4,R. Cleary,Forge,Forward,2021,forward,5,51,0,0,1,0,1,0,1,3,0,0,0,0,0,100.0,2,3.53,0,0,0,0,0,0,0,0,0,0,0,0,0,0,0,0,0,0,0,0,0,0,0,0,0,51.0,12.0,,,,5.0,,9.0,1.0,3.0,,3.0,,3.0,,,3.0,,,,2.0,,,,,,,,,1.0,5.0,3.0,1.0,,4.0,1.0,,1.0,3.0,2.0,,,,,,,8.0,,,3.0,,10.0,,6.0,,,,3.0,5.0,1.0,,,0.0,,,1.0,,,3.0,,,1.0,1.0,,,,,,5.0,2.0,2.0,,,,1.0,,1.0,,,2.0,3.0,1.0,,,,,,,1.0,1.0,,,,,,,,,,,,,,,,,,,
cpl::Football_Player::5ef99fef251b4a4cac0986278578d481,S. Lawson,Atlético,Forward,2021,forward,8,301,0,0,0,0,0,0,0,4,5,1,1,0,46,79.0,4,1.2,0,0,0,0,0,0,0,0,0,0,0,0,0,0,0,0,0,0,0,0,0,0,0,0,0,301.0,119.0,,,2.0,8.0,6.0,39.0,1.0,80.0,,63.0,,31.0,,3.0,60.0,,,3.0,15.0,,3.0,2.0,,5.0,,,17.0,14.0,8.0,63.0,,,50.0,4.0,14.0,23.0,4.0,2.0,1.0,27.0,,,,1.0,25.0,4.0,15.0,13.0,13.0,10.0,,26.0,,1.0,13.0,80.0,18.0,8.0,0.0,0.0,0.0,,,,4.0,,7.0,3.0,,,3.0,,,2.0,2.0,,5.0,10.0,1.0,,,,,,,,,16.0,4.0,,1.0,1.0,,,,,,,,,,,,,,,,,2.0,,,,,,,,
cpl::Football_Player::3a8819a7f06c45a38e951d42d8743025,M. Shaw,Cavalry,Forward,2021,forward,28,2004,10,1,38,0,20,1,18,39,34,8,0,0,36,75.0,36,1.62,0,0,0,3,3,0,0,0,0,0,0,0,0,0,0,0,0,0,0,0,0,0,0,0,0,2004.0,760.0,,,17.0,28.0,33.0,267.0,27.0,398.0,,275.0,,236.0,6.0,12.0,284.0,,,22.0,69.0,,30.0,17.0,,34.0,,,102.0,109.0,28.0,296.0,1.0,,177.0,35.0,61.0,96.0,39.0,15.0,,113.0,,,,9.0,158.0,12.0,98.0,91.0,124.0,10.0,,176.0,,8.0,90.0,377.0,100.0,76.0,6.0,4.0,3.0,,,6.0,11.0,2.0,58.0,5.0,,18.0,12.0,,,17.0,26.0,2.0,6.0,53.0,11.0,1.0,18.0,13.0,38.0,1.0,5.0,1.0,1.0,128.0,62.0,5.0,8.0,4.0,13.0,,9.0,8.0,8.0,20.0,10.0,1.0,,,,,1.0,,1.0,4.0,8.0,3.0,3.0,,,,,,
cpl::Football_Player::697c5074a60947ab8c7cc589ade62981,Gianni dos Santos,Pacific,Forward,2021,forward,17,384,1,2,8,0,4,2,6,8,11,4,2,2,0,77.0,8,1.88,6,0,0,0,0,0,0,0,0,0,0,0,0,0,0,0,0,0,0,0,0,0,0,0,0,384.0,146.0,,,,17.0,,56.0,6.0,46.0,,30.0,,62.0,,3.0,32.0,,,3.0,11.0,,2.0,,,11.0,,,11.0,17.0,17.0,35.0,,,34.0,8.0,14.0,5.0,8.0,4.0,2.0,6.0,,,1.0,,39.0,2.0,28.0,11.0,10.0,10.0,,45.0,,2.0,9.0,41.0,28.0,17.0,1.0,0.0,0.0,,,9.0,3.0,,11.0,,,6.0,8.0,2.0,2.0,1.0,4.0,,14.0,15.0,9.0,1.0,4.0,17.0,8.0,2.0,3.0,2.0,,21.0,16.0,9.0,4.0,2.0,13.0,,1.0,1.0,3.0,4.0,1.0,,,6.0,2.0,4.0,,,,,2.0,,,,,,,,
cpl::Football_Player::c24ec664340a41c1b090dd649af7cd99,J. Ulbricht,York,Forward,2021,forward,19,1010,3,3,20,0,10,3,5,19,7,5,2,0,32,77.0,11,0.98,0,0,2,0,0,0,0,0,0,0,0,0,0,0,0,0,0,0,0,0,0,0,0,0,0,1010.0,276.0,,,3.0,19.0,15.0,107.0,9.0,148.0,,91.0,,83.0,2.0,1.0,112.0,,,14.0,21.0,,7.0,5.0,,7.0,,,35.0,34.0,19.0,113.0,1.0,,70.0,10.0,38.0,34.0,19.0,12.0,2.0,24.0,,,,4.0,73.0,4.0,33.0,46.0,44.0,10.0,,61.0,,1.0,31.0,126.0,42.0,19.0,1.0,2.0,0.0,,,1.0,12.0,,31.0,2.0,,5.0,11.0,,,8.0,15.0,1.0,5.0,17.0,10.0,,10.0,3.0,20.0,3.0,1.0,1.0,,52.0,47.0,1.0,5.0,,3.0,1.0,3.0,,5.0,10.0,3.0,1.0,,,,,2.0,,,,5.0,,,,,,,,
cpl::Football_Player::99a91175ff8e476ca86125ecab87f00b,Mo Babouli,Forge,Forward,2021,forward,22,1503,7,2,41,0,19,2,7,12,21,7,5,0,34,76.0,9,0.54,13,0,2,3,3,0,0,0,0,0,0,0,0,0,0,0,0,0,0,0,0,0,0,0,0,1503.0,851.0,,,35.0,22.0,13.0,214.0,18.0,490.0,,344.0,,282.0,4.0,35.0,336.0,,,17.0,57.0,4.0,4.0,17.0,,21.0,,,119.0,87.0,22.0,371.0,1.0,,267.0,8.0,164.0,140.0,12.0,6.0,5.0,66.0,,,,11.0,127.0,26.0,139.0,38.0,108.0,10.0,,176.0,,1.0,93.0,463.0,102.0,74.0,5.0,2.0,5.0,,,21.0,8.0,3.0,25.0,4.0,,7.0,21.0,,,15.0,36.0,1.0,5.0,69.0,31.0,,22.0,37.0,41.0,2.0,2.0,1.0,9.0,120.0,76.0,4.0,7.0,9.0,23.0,,7.0,7.0,13.0,19.0,7.0,,,13.0,7.0,1.0,,,,4.0,7.0,3.0,3.0,,,,,,
cpl::Football_Player::f89eced1f7fe40a287e2234ee0392729,N. Hamilton,York,Forward,2021,forward,15,413,0,0,8,0,4,0,0,6,1,2,0,0,12,77.0,3,0.65,1,0,0,0,0,0,0,0,0,0,0,0,0,0,0,0,0,0,0,0,0,0,0,0,0,413.0,194.0,,,8.0,15.0,1.0,45.0,1.0,118.0,,89.0,,63.0,3.0,4.0,86.0,,,3.0,21.0,,,8.0,,1.0,,,28.0,11.0,15.0,90.0,,,60.0,3.0,27.0,34.0,6.0,3.0,,29.0,,,,1.0,34.0,9.0,30.0,8.0,33.0,10.0,,37.0,,,19.0,117.0,27.0,10.0,,,0.0,,,1.0,3.0,,7.0,,,,4.0,,,4.0,9.0,,12.0,13.0,6.0,,4.0,10.0,8.0,,3.0,,,28.0,19.0,3.0,2.0,,9.0,,,,3.0,4.0,,,,1.0,,,,,,1.0,3.0,,,,,,,,
cpl::Football_Player::9d35a7c676f548c29a244a6c1c1b6153,J. Mercure,Atlético,Forward,2021,forward,5,58,0,0,0,0,0,0,0,4,1,0,0,0,0,59.0,1,1.55,0,0,0,0,0,0,0,0,0,0,0,0,0,0,0,0,0,0,0,0,0,0,0,0,0,58.0,24.0,,,1.0,5.0,,9.0,1.0,12.0,,7.0,,8.0,,,7.0,,,,3.0,,1.0,2.0,,1.0,,,5.0,3.0,5.0,7.0,,,6.0,1.0,4.0,2.0,4.0,3.0,,1.0,,,,1.0,6.0,1.0,3.0,2.0,2.0,10.0,,7.0,,,4.0,12.0,4.0,3.0,0.0,0.0,0.0,,,,,1.0,2.0,1.0,,,,,,,,,5.0,,,,,,,,1.0,,,5.0,1.0,1.0,,1.0,,,,,,,,,,,,,,,,,,,,,,,,,
cpl::Football_Player::2e4482a25fcd459a992030c983aa3254,W. Akio,Cavalry,Forward,2021,forward,28,1814,8,3,37,0,23,3,9,23,14,13,1,0,17,76.0,28,1.39,0,0,2,0,0,0,0,0,0,0,0,0,0,0,0,0,0,0,0,0,0,0,0,0,0,1814.0,569.0,,,27.0,28.0,9.0,188.0,14.0,305.0,,225.0,,185.0,3.0,10.0,220.0,,,21.0,51.0,2.0,5.0,12.0,,14.0,,1.0,75.0,64.0,28.0,230.0,4.0,,139.0,24.0,67.0,60.0,23.0,10.0,1.0,102.0,,,,5.0,124.0,7.0,72.0,52.0,93.0,10.0,,136.0,,1.0,68.0,300.0,81.0,55.0,5.0,3.0,4.0,,,13.0,10.0,2.0,43.0,7.0,,9.0,17.0,,,6.0,18.0,1.0,7.0,50.0,28.0,,14.0,9.0,37.0,3.0,2.0,2.0,1.0,76.0,84.0,2.0,13.0,3.0,9.0,1.0,7.0,7.0,5.0,23.0,8.0,,,,,,1.0,,1.0,,8.0,,,,,,,,
cpl::Football_Player::48e58b3fa72f4f24ab03510e47ad2e6b,D. Fordyce,Valour,Forward,2021,forward,26,1886,2,2,9,0,5,2,25,28,25,2,5,0,63,82.0,24,1.15,1,0,0,0,0,0,0,0,0,0,0,0,0,0,0,0,0,0,0,0,0,0,0,0,0,1886.0,1335.0,,,13.0,26.0,26.0,186.0,38.0,1091.0,,853.0,,257.0,31.0,93.0,792.0,,,22.0,105.0,6.0,20.0,54.0,,25.0,,,206.0,102.0,26.0,885.0,3.0,,376.0,21.0,244.0,405.0,28.0,21.0,5.0,273.0,,,5.0,13.0,84.0,95.0,158.0,41.0,513.0,10.0,,145.0,,,111.0,1055.0,69.0,76.0,0.0,2.0,0.0,,,3.0,9.0,1.0,15.0,21.0,,25.0,11.0,,,9.0,18.0,,4.0,21.0,9.0,,4.0,6.0,9.0,2.0,3.0,1.0,11.0,169.0,16.0,4.0,2.0,5.0,6.0,8.0,2.0,1.0,3.0,5.0,2.0,,,1.0,,1.0,,,,2.0,7.0,,,,,1.0,,,
cpl::Football_Player::df0de20d12274b3d9549323a3547572b,J. Heard,Pacific,Forward,2021,forward,26,1624,4,1,17,0,9,1,12,36,42,12,10,0,37,77.0,18,1.0,0,0,0,0,0,0,0,0,0,0,0,0,0,0,0,0,0,0,0,0,0,0,0,0,0,1624.0,730.0,,,14.0,26.0,17.0,214.0,24.0,383.0,,289.0,,242.0,10.0,7.0,286.0,,,18.0,70.0,,6.0,19.0,,42.0,,,90.0,96.0,26.0,293.0,4.0,,219.0,14.0,96.0,79.0,36.0,20.0,10.0,29.0,,,2.0,12.0,118.0,16.0,115.0,45.0,84.0,10.0,,169.0,,1.0,74.0,379.0,90.0,79.0,2.0,2.0,1.0,,,19.0,16.0,3.0,28.0,13.0,,12.0,15.0,,,12.0,35.0,,8.0,40.0,22.0,2.0,8.0,44.0,17.0,1.0,10.0,1.0,2.0,179.0,62.0,10.0,12.0,11.0,44.0,2.0,3.0,2.0,8.0,9.0,4.0,,,,,,2.0,,1.0,,4.0,,,,1.0,,,,
cpl::Football_Player::ba843603344f42e9b03b3fd297b2da9d,Álvaro Rivero,York,Forward,2021,forward,25,1313,6,2,29,0,18,2,7,17,14,1,1,1,25,87.0,20,1.37,12,0,2,2,1,0,0,0,0,0,0,0,0,0,0,0,0,0,0,0,0,0,0,0,0,1313.0,719.0,,,31.0,25.0,3.0,183.0,17.0,435.0,,361.0,,175.0,2.0,6.0,370.0,,,15.0,62.0,,8.0,9.0,,14.0,,,59.0,65.0,25.0,376.0,3.0,,226.0,17.0,126.0,104.0,17.0,8.0,1.0,85.0,,,2.0,10.0,118.0,5.0,65.0,12.0,154.0,10.0,,171.0,,3.0,54.0,420.0,109.0,62.0,1.0,5.0,1.0,,,12.0,13.0,1.0,9.0,12.0,,7.0,17.0,,1.0,12.0,21.0,,10.0,59.0,27.0,,11.0,15.0,29.0,2.0,,1.0,,120.0,52.0,4.0,1.0,7.0,3.0,1.0,5.0,5.0,14.0,18.0,6.0,,,12.0,7.0,4.0,1.0,,1.0,2.0,14.0,1.0,2.0,,,,,1.0,
cpl::Football_Player::5cfbd430bf3149adb654cadb7f68b7c2,L. Wright,TSS Rovers,Forward,2021,forward,27,1334,6,3,29,0,14,3,8,35,8,5,1,0,33,71.0,25,1.69,0,0,1,0,0,0,0,0,0,0,0,0,0,0,0,0,0,0,0,0,0,0,0,0,0,1334.0,505.0,,,23.0,27.0,20.0,198.0,16.0,240.0,,133.0,,185.0,,4.0,165.0,,,13.0,33.0,,6.0,13.0,,8.0,,,71.0,67.0,27.0,169.0,2.0,,110.0,23.0,48.0,57.0,35.0,20.0,1.0,61.0,,,,8.0,131.0,5.0,65.0,60.0,62.0,10.0,,138.0,,,66.0,204.0,91.0,47.0,4.0,2.0,3.0,,,10.0,10.0,,40.0,1.0,,8.0,9.0,,,16.0,27.0,2.0,14.0,47.0,14.0,,15.0,7.0,29.0,3.0,3.0,1.0,1.0,74.0,58.0,3.0,5.0,3.0,7.0,3.0,6.0,5.0,7.0,14.0,6.0,1.0,,,,,,,,,8.0,,,,,,,,
cpl::Football_Player::0c2b522db5ff49c4a7aad6340a469546,J. Ulloa,Valour,Forward,2021,forward,22,835,0,1,7,0,1,1,8,20,24,5,5,0,50,82.0,10,1.08,3,0,0,0,0,0,0,0,0,0,0,0,0,0,0,0,0,0,0,0,0,0,0,0,0,835.0,415.0,,,18.0,22.0,3.0,115.0,15.0,226.0,,184.0,,123.0,1.0,4.0,181.0,,,6.0,33.0,1.0,1.0,13.0,,24.0,,,41.0,60.0,22.0,185.0,2.0,,123.0,8.0,29.0,34.0,20.0,6.0,5.0,67.0,,,1.0,7.0,55.0,3.0,43.0,6.0,69.0,10.0,,109.0,,1.0,38.0,225.0,52.0,57.0,0.0,0.0,0.0,,,6.0,3.0,1.0,3.0,7.0,,8.0,12.0,,,6.0,18.0,,16.0,27.0,19.0,1.0,6.0,15.0,7.0,1.0,5.0,1.0,,96.0,27.0,7.0,5.0,5.0,15.0,,,,3.0,1.0,,,,3.0,,2.0,,,,,5.0,,,,1.0,,,,
cpl::Football_Player::31115f5131a74426969fd8573af2d8b9,B. Wright,Forge,Forward,2021,forward,23,1164,6,1,17,0,13,1,1,11,18,12,0,0,48,70.0,24,1.86,0,0,0,1,1,0,0,0,0,0,0,0,0,0,0,0,0,0,0,0,0,0,0,0,0,1164.0,374.0,,,7.0,23.0,19.0,119.0,6.0,197.0,,112.0,,138.0,1.0,3.0,133.0,,,12.0,16.0,,16.0,16.0,,18.0,,,61.0,49.0,23.0,136.0,1.0,,82.0,23.0,49.0,36.0,11.0,2.0,,34.0,,,,5.0,70.0,2.0,50.0,39.0,56.0,10.0,,80.0,,5.0,59.0,173.0,50.0,30.0,3.0,3.0,1.0,,,5.0,9.0,2.0,20.0,,,1.0,5.0,,,4.0,13.0,3.0,11.0,33.0,17.0,,4.0,5.0,17.0,1.0,2.0,1.0,3.0,78.0,45.0,2.0,12.0,2.0,5.0,1.0,6.0,4.0,2.0,13.0,6.0,1.0,,,,,1.0,,,,14.0,1.0,1.0,,2.0,,,,
cpl::Football_Player::06a7cbbdbcac4641ac0ddc55b4c05117,M. Dyer,Vancouver FC,Forward,2021,forward,27,1650,9,4,41,0,21,4,20,30,42,3,6,0,37,81.0,27,1.47,0,0,3,4,4,0,0,0,0,0,0,0,0,0,0,0,0,0,0,0,0,0,0,0,0,1650.0,969.0,,,30.0,27.0,20.0,237.0,35.0,629.0,,467.0,,219.0,2.0,36.0,469.0,,,19.0,56.0,2.0,13.0,27.0,,42.0,,,124.0,127.0,27.0,505.0,1.0,,256.0,26.0,191.0,163.0,30.0,11.0,6.0,130.0,,,2.0,15.0,110.0,29.0,107.0,53.0,249.0,10.0,,184.0,,1.0,95.0,590.0,77.0,107.0,4.0,5.0,2.0,,,8.0,12.0,3.0,33.0,21.0,,20.0,11.0,,,4.0,14.0,1.0,8.0,42.0,15.0,,20.0,10.0,41.0,4.0,,3.0,7.0,145.0,74.0,,3.0,2.0,10.0,4.0,9.0,8.0,13.0,21.0,9.0,,,,,,1.0,,,,15.0,4.0,4.0,,1.0,,,,
cpl::Football_Player::0d17a32998794c7a8e41e5eaa0edece0,Raúl Uche,Atlético,Forward,2021,forward,11,510,0,0,5,0,3,0,6,6,11,5,0,0,25,78.0,13,2.29,0,0,0,0,0,0,0,0,0,0,0,0,0,0,0,0,0,0,0,0,0,0,0,0,0,510.0,217.0,,,3.0,11.0,3.0,56.0,7.0,131.0,,89.0,,64.0,,3.0,98.0,,,7.0,18.0,,2.0,6.0,,11.0,,,30.0,24.0,11.0,101.0,,,50.0,13.0,38.0,18.0,6.0,3.0,,32.0,,,,1.0,32.0,,26.0,12.0,51.0,10.0,,44.0,,3.0,30.0,119.0,23.0,21.0,0.0,0.0,0.0,,,3.0,5.0,,9.0,1.0,,6.0,7.0,,,1.0,7.0,1.0,4.0,11.0,5.0,,2.0,2.0,5.0,,,,,43.0,26.0,,5.0,,2.0,,,,5.0,3.0,,,,,,,,,,,8.0,,,,,,,,
cpl::Football_Player::04cd976c461148d79ab8cafc0bf69c62,D. Choinière,Forge,Forward,2021,forward,23,1188,4,1,14,0,10,1,11,16,20,2,0,0,0,84.0,12,0.91,0,0,1,0,0,0,0,0,0,0,0,0,0,0,0,0,0,0,0,0,0,0,0,0,0,1188.0,678.0,,,26.0,23.0,,150.0,20.0,386.0,,320.0,,195.0,3.0,11.0,311.0,,,14.0,60.0,1.0,3.0,9.0,,20.0,,,64.0,66.0,23.0,322.0,2.0,,264.0,10.0,35.0,105.0,16.0,6.0,,89.0,,,,9.0,84.0,12.0,74.0,2.0,64.0,10.0,,148.0,,1.0,52.0,384.0,82.0,66.0,2.0,2.0,2.0,,,11.0,13.0,1.0,2.0,3.0,,11.0,16.0,,,15.0,20.0,,9.0,52.0,33.0,1.0,4.0,19.0,14.0,1.0,6.0,1.0,,157.0,72.0,6.0,2.0,4.0,19.0,1.0,4.0,3.0,12.0,10.0,4.0,,,,,,1.0,,,,2.0,,,,1.0,,,,
cpl::Football_Player::3a40cda943824387943792e6a62fee0f,R. Telfer,Wanderers,Forward,2021,forward,16,1376,3,0,17,0,8,0,7,18,35,4,4,1,55,81.0,25,1.64,20,0,0,0,0,0,0,0,0,0,0,0,0,0,0,0,0,0,0,0,0,0,0,0,0,1376.0,816.0,,,36.0,16.0,16.0,199.0,20.0,460.0,,361.0,,233.0,3.0,26.0,343.0,,,16.0,67.0,1.0,4.0,23.0,,35.0,,1.0,91.0,107.0,16.0,369.0,1.0,,214.0,24.0,101.0,125.0,18.0,11.0,4.0,120.0,,,,13.0,92.0,17.0,99.0,29.0,174.0,10.0,,170.0,,7.0,74.0,448.0,79.0,91.0,1.0,2.0,0.0,,,18.0,1.0,1.0,13.0,9.0,,7.0,23.0,1.0,1.0,12.0,24.0,,,54.0,22.0,1.0,9.0,31.0,17.0,,8.0,,2.0,114.0,44.0,19.0,4.0,9.0,17.0,3.0,2.0,1.0,13.0,8.0,3.0,1.0,,20.0,11.0,7.0,1.0,,1.0,3.0,7.0,,,,1.0,,,,
cpl::Football_Player::4677d430ee38453e9a424d4e8c1cc96b,T. Borges,Forge,Forward,2021,forward,26,1528,3,6,33,0,18,6,23,35,44,11,5,0,14,82.0,15,0.88,53,0,0,2,1,0,0,0,0,0,0,0,0,0,0,0,0,0,0,0,0,0,0,0,0,1528.0,957.0,,,34.0,26.0,2.0,270.0,40.0,510.0,,393.0,,283.0,2.0,13.0,403.0,,,20.0,89.0,,2.0,15.0,,44.0,,,94.0,120.0,26.0,416.0,2.0,,323.0,13.0,115.0,123.0,35.0,26.0,5.0,137.0,,,,17.0,150.0,11.0,123.0,14.0,109.0,10.0,,256.0,,1.0,83.0,487.0,138.0,118.0,2.0,1.0,0.0,,,18.0,18.0,2.0,12.0,10.0,,23.0,39.0,,,19.0,34.0,,6.0,81.0,39.0,,15.0,44.0,33.0,6.0,4.0,5.0,4.0,135.0,80.0,16.0,11.0,8.0,17.0,1.0,2.0,1.0,10.0,18.0,3.0,,,53.0,25.0,11.0,2.0,1.0,1.0,5.0,9.0,1.0,2.0,,3.0,,,,
cpl::Football_Player::48fe610550bc4e00a8782f2403b6ca25,A. Selemani,Cavalry,Forward,2021,forward,17,518,3,2,12,0,7,2,2,23,7,5,1,0,31,80.0,7,1.22,1,0,0,0,0,0,0,0,0,0,0,0,0,0,0,0,0,0,0,0,0,0,0,0,0,518.0,250.0,,,5.0,17.0,11.0,100.0,6.0,125.0,,92.0,,78.0,,,100.0,,,5.0,18.0,,3.0,2.0,,7.0,,,25.0,28.0,17.0,100.0,2.0,,67.0,5.0,27.0,14.0,23.0,9.0,1.0,36.0,,,,4.0,72.0,,31.0,35.0,33.0,10.0,,65.0,,1.0,25.0,115.0,48.0,17.0,0.0,3.0,1.0,,,5.0,5.0,,24.0,3.0,,2.0,4.0,,,4.0,11.0,3.0,12.0,20.0,7.0,,5.0,8.0,12.0,2.0,,1.0,1.0,48.0,36.0,,5.0,3.0,8.0,,3.0,1.0,2.0,7.0,3.0,,,1.0,,,1.0,,,,11.0,,,,,1.0,,,
cpl::Football_Player::55dd391822fa4ee9a317707f26e1ddc9,C. Nanco,Forge,Forward,2021,forward,19,813,2,0,15,0,8,0,4,13,17,5,4,0,16,85.0,5,0.55,1,0,3,0,0,0,0,0,0,0,0,0,0,0,0,0,0,0,0,0,0,0,0,0,0,813.0,394.0,,,11.0,19.0,1.0,113.0,6.0,194.0,,159.0,,126.0,1.0,13.0,150.0,,,7.0,30.0,2.0,1.0,6.0,,17.0,,,31.0,35.0,19.0,163.0,1.0,,129.0,4.0,44.0,52.0,13.0,5.0,4.0,48.0,,,1.0,2.0,78.0,7.0,36.0,6.0,36.0,10.0,,107.0,,,24.0,190.0,73.0,34.0,2.0,0.0,0.0,,,11.0,3.0,2.0,5.0,3.0,,4.0,11.0,,,2.0,11.0,,12.0,46.0,28.0,2.0,7.0,11.0,15.0,,2.0,,1.0,50.0,44.0,2.0,5.0,25.0,11.0,,2.0,1.0,6.0,8.0,2.0,,,1.0,,,1.0,,,,1.0,,,,,,,,
cpl::Football_Player::5113470034d346478fcfd237037f2971,I. Halley,York,Forward,2021,forward,15,415,0,1,3,0,1,1,2,4,19,0,1,0,50,76.0,11,2.39,0,0,0,0,0,0,0,0,0,0,0,0,0,0,0,0,0,0,0,0,0,0,0,0,0,415.0,200.0,,,9.0,15.0,3.0,60.0,5.0,104.0,,75.0,,65.0,1.0,2.0,77.0,,,3.0,31.0,,1.0,10.0,,19.0,,1.0,25.0,35.0,15.0,79.0,1.0,,49.0,10.0,14.0,35.0,4.0,3.0,1.0,33.0,,,,3.0,25.0,2.0,18.0,6.0,32.0,10.0,,54.0,,,23.0,100.0,22.0,32.0,,,0.0,,,4.0,1.0,,3.0,3.0,,2.0,4.0,,,1.0,12.0,,12.0,12.0,5.0,4.0,2.0,3.0,3.0,1.0,2.0,,,22.0,7.0,2.0,,6.0,3.0,,,,,1.0,,,,,,,,,,,1.0,,,,,,,,
cpl::Football_Player::92feba9457f14d5a9a489db700778c7d,M. Umar,Edmonton,Forward,2021,forward,1,45,0,0,0,0,0,0,1,1,2,0,0,0,0,85.0,1,2.0,0,0,0,0,0,0,0,0,0,0,0,0,0,0,0,0,0,0,0,0,0,0,0,0,0,45.0,26.0,,,,1.0,,6.0,1.0,19.0,,16.0,,5.0,,,16.0,,,,1.0,,,1.0,,2.0,,,3.0,3.0,1.0,16.0,,,8.0,1.0,5.0,2.0,1.0,1.0,,2.0,,,,,3.0,,2.0,,8.0,10.0,,6.0,,,3.0,19.0,3.0,3.0,,,0.0,,,,,,,,,1.0,1.0,,,1.0,2.0,,1.0,1.0,1.0,,,,,,,,,10.0,3.0,,,,,,,,1.0,,,,,,,,,,,,1.0,,,,,,,,
