match_id,season,date,team,side,opponent,team_attack,team_defense,team_total,coverage_rate,coverage_ok
2022_2022-04-07_York_United_vs_HFX_Wanderers,2022,2022-04-07T23:30:00Z,Wanderers,away,York,55.0,55.0,55.0,1.0,True
2022_2022-04-07_York_United_vs_HFX_Wanderers,2022,2022-04-07T23:30:00Z,York,home,Wanderers,55.0,55.0,55.0,1.0,True
2022_2022-04-09_Atlético_Ottawa_vs_Cavalry,2022,2022-04-09T19:00:00Z,Atlético,home,Cavalry,55.0,55.0,55.0,1.0,True
2022_2022-04-09_Atlético_Ottawa_vs_Cavalry,2022,2022-04-09T19:00:00Z,Cavalry,away,Atlético,55.0,55.0,55.0,1.0,True
2022_2022-04-10_Edmonton_vs_Valour,2022,2022-04-10T20:00:00Z,Edmonton,home,Valour,100500.0,100500.0,100500.0,1.0,True
2022_2022-04-10_Edmonton_vs_Valour,2022,2022-04-10T20:00:00Z,Valour,away,Edmonton,16500.0,16500.0,16500.0,1.0,True
2022_2022-04-10_Pacific_vs_Forge,2022,2022-04-10T23:00:00Z,Forge,away,Pacific,16500.0,16500.0,16500.0,1.0,True
2022_2022-04-10_Pacific_vs_Forge,2022,2022-04-10T23:00:00Z,Pacific,home,Forge,16500.0,16500.0,16500.0,1.0,True
2022_2022-04-16_Edmonton_vs_York_United,2022,2022-04-16T01:00:00Z,Edmonton,home,York,55.0,55.0,55.0,1.0,True
2022_2022-04-16_Edmonton_vs_York_United,2022,2022-04-16T01:00:00Z,York,away,Edmonton,55.0,55.0,55.0,1.0,True
2022_2022-04-16_Atlético_Ottawa_vs_HFX_Wanderers,2022,2022-04-16T17:00:00Z,Atlético,home,Wanderers,55.0,55.0,55.0,1.0,True
2022_2022-04-16_Atlético_Ottawa_vs_HFX_Wanderers,2022,2022-04-16T17:00:00Z,Wanderers,away,Atlético,55.0,55.0,55.0,1.0,True
2022_2022-04-16_Forge_vs_Cavalry,2022,2022-04-16T20:00:00Z,Cavalry,away,Forge,16500.0,16500.0,16500.0,1.0,True
2022_2022-04-16_Forge_vs_Cavalry,2022,2022-04-16T20:00:00Z,Forge,home,Cavalry,16396.2941,16396.2941,16396.2941,1.0,True
2022_2022-04-17_Pacific_vs_Valour,2022,2022-04-17T20:00:00Z,Pacific,home,Valour,16603.7059,16603.7059,16603.7059,1.0,True
2022_2022-04-17_Pacific_vs_Valour,2022,2022-04-17T20:00:00Z,Valour,away,Pacific,16515.7219,16515.7219,16515.7219,1.0,True
2022_2022-04-22_York_United_vs_Cavalry,2022,2022-04-22T23:30:00Z,Cavalry,away,York,55.0,55.0,55.0,1.0,True
2022_2022-04-22_York_United_vs_Cavalry,2022,2022-04-22T23:30:00Z,York,home,Cavalry,55.0,55.0,55.0,1.0,True
2022_2022-04-23_Forge_vs_Edmonton,2022,2022-04-23T20:00:00Z,Edmonton,away,Forge,99763.9299,99763.9299,99763.9299,1.0,True
2022_2022-04-23_Forge_vs_Edmonton,2022,2022-04-23T20:00:00Z,Forge,home,Edmonton,16383.5068,16383.5068,16383.5068,1.0,True
2022_2022-04-23_Pacific_vs_HFX_Wanderers,2022,2022-04-23T23:00:00Z,Pacific,home,Wanderers,55.0,55.0,55.0,1.0,True
2022_2022-04-23_Pacific_vs_HFX_Wanderers,2022,2022-04-23T23:00:00Z,Wanderers,away,Pacific,55.0,55.0,55.0,1.0,True
2022_2022-04-24_Atlético_Ottawa_vs_Valour,2022,2022-04-24T19:00:00Z,Atlético,home,Valour,55.0,55.0,55.0,1.0,True
2022_2022-04-24_Atlético_Ottawa_vs_Valour,2022,2022-04-24T19:00:00Z,Valour,away,Atlético,55.0,55.0,55.0,1.0,True
2022_2022-04-28_Edmonton_vs_Pacific,2022,2022-04-28T01:00:00Z,Edmonton,home,Pacific,93990.2163,93990.2163,93990.2163,1.0,True
2022_2022-04-28_Edmonton_vs_Pacific,2022,2022-04-28T01:00:00Z,Pacific,away,Edmonton,16704.6926,16704.6926,16704.6926,1.0,True
2022_2022-04-29_York_United_vs_Atlético_Ottawa,2022,2022-04-29T23:30:00Z,Atlético,away,York,55.0,55.0,55.0,1.0,True
2022_2022-04-29_York_United_vs_Atlético_Ottawa,2022,2022-04-29T23:30:00Z,York,home,Atlético,55.0,55.0,55.0,1.0,True
2022_2022-04-30_HFX_Wanderers_vs_Edmonton,2022,2022-04-30T18:00:00Z,Edmonton,away,Wanderers,55.0,55.0,55.0,1.0,True
2022_2022-04-30_HFX_Wanderers_vs_Edmonton,2022,2022-04-30T18:00:00Z,Wanderers,home,Edmonton,55.0,55.0,55.0,1.0,True
2022_2022-05-01_Cavalry_vs_Pacific,2022,2022-05-01T21:30:00Z,Cavalry,home,Pacific,16512.7873,16512.7873,16512.7873,1.0,True
2022_2022-05-01_Cavalry_vs_Pacific,2022,2022-05-01T21:30:00Z,Pacific,away,Cavalry,16690.3378,16690.3378,16690.3378,1.0,True
2022_2022-05-06_York_United_vs_Forge,2022,2022-05-06T23:00:00Z,Forge,away,York,55.0,55.0,55.0,1.0,True
2022_2022-05-06_York_United_vs_Forge,2022,2022-05-06T23:00:00Z,York,home,Forge,55.0,55.0,55.0,1.0,True
2022_2022-05-07_Edmonton_vs_Cavalry,2022,2022-05-07T02:00:00Z,Cavalry,away,Edmonton,16631.9639,16631.9639,16631.9639,1.0,True
2022_2022-05-07_Edmonton_vs_Cavalry,2022,2022-05-07T02:00:00Z,Edmonton,home,Cavalry,94662.2809,94662.2809,94662.2809,1.0,True
2022_2022-05-07_Valour_vs_HFX_Wanderers,2022,2022-05-07T19:00:00Z,Valour,home,Wanderers,55.0,55.0,55.0,1.0,True
2022_2022-05-07_Valour_vs_HFX_Wanderers,2022,2022-05-07T19:00:00Z,Wanderers,away,Valour,55.0,55.0,55.0,1.0,True
2022_2022-05-07_Atlético_Ottawa_vs_Pacific,2022,2022-05-07T22:00:00Z,Atlético,home,Pacific,55.0,55.0,55.0,1.0,True
2022_2022-05-07_Atlético_Ottawa_vs_Pacific,2022,2022-05-07T22:00:00Z,Pacific,away,Atlético,55.0,55.0,55.0,1.0,True
2022_2022-05-14_Forge_vs_Atlético_Ottawa,2022,2022-05-14T20:00:00Z,Atlético,away,Forge,55.0,55.0,55.0,1.0,True
2022_2022-05-14_Forge_vs_Atlético_Ottawa,2022,2022-05-14T20:00:00Z,Forge,home,Atlético,55.0,55.0,55.0,1.0,True
2022_2022-05-14_Pacific_vs_Edmonton,2022,2022-05-14T23:00:00Z,Edmonton,away,Pacific,88563.8178,88563.8178,88563.8178,1.0,True
2022_2022-05-14_Pacific_vs_Edmonton,2022,2022-05-14T23:00:00Z,Pacific,home,Edmonton,16571.1612,16571.1612,16571.1612,1.0,True
2022_2022-05-15_HFX_Wanderers_vs_Cavalry,2022,2022-05-15T18:00:00Z,Cavalry,away,Wanderers,55.0,55.0,55.0,1.0,True
2022_2022-05-15_HFX_Wanderers_vs_Cavalry,2022,2022-05-15T18:00:00Z,Wanderers,home,Cavalry,55.0,55.0,55.0,1.0,True
2022_2022-05-15_Valour_vs_York_United,2022,2022-05-15T21:00:00Z,Valour,home,York,55.0,55.0,55.0,1.0,True
2022_2022-05-15_Valour_vs_York_United,2022,2022-05-15T21:00:00Z,York,away,Valour,55.0,55.0,55.0,1.0,True
2022_2022-05-20_HFX_Wanderers_vs_Forge,2022,2022-05-20T22:00:00Z,Forge,away,Wanderers,55.0,55.0,55.0,1.0,True
2022_2022-05-20_HFX_Wanderers_vs_Forge,2022,2022-05-20T22:00:00Z,Wanderers,home,Forge,55.0,55.0,55.0,1.0,True
2022_2022-05-21_Pacific_vs_York_United,2022,2022-05-21T02:00:00Z,Pacific,home,York,55.0,55.0,55.0,1.0,True
2022_2022-05-21_Pacific_vs_York_United,2022,2022-05-21T02:00:00Z,York,away,Pacific,55.0,55.0,55.0,1.0,True
2022_2022-05-21_Cavalry_vs_Valour,2022,2022-05-21T19:30:00Z,Cavalry,home,Valour,16762.2224,16762.2224,16762.2224,1.0,True
2022_2022-05-21_Cavalry_vs_Valour,2022,2022-05-21T19:30:00Z,Valour,away,Cavalry,16414.7353,16414.7353,16414.7353,1.0,True
2022_2022-05-22_Edmonton_vs_Atlético_Ottawa,2022,2022-05-22T20:00:00Z,Atlético,away,Edmonton,55.0,55.0,55.0,1.0,True
2022_2022-05-22_Edmonton_vs_Atlético_Ottawa,2022,2022-05-22T20:00:00Z,Edmonton,home,Atlético,55.0,55.0,55.0,1.0,True
2022_2022-05-28_Pacific_vs_Valour,2022,2022-05-28T23:00:00Z,Pacific,home,Valour,16629.905,16629.905,16629.905,1.0,True
2022_2022-05-28_Pacific_vs_Valour,2022,2022-05-28T23:00:00Z,Valour,away,Pacific,16321.6391,16321.6391,16321.6391,1.0,True
2022_2022-05-29_York_United_vs_Cavalry,2022,2022-05-29T18:00:00Z,Cavalry,away,York,55.0,55.0,55.0,1.0,True
2022_2022-05-29_York_United_vs_Cavalry,2022,2022-05-29T18:00:00Z,York,home,Cavalry,55.0,55.0,55.0,1.0,True
2022_2022-06-01_Edmonton_vs_Forge,2022,2022-06-01T01:00:00Z,Edmonton,home,Forge,85813.5382,85813.5382,85813.5382,1.0,True
2022_2022-06-01_Edmonton_vs_Forge,2022,2022-06-01T01:00:00Z,Forge,away,Edmonton,16506.8288,16506.8288,16506.8288,1.0,True
2022_2022-06-02_Valour_vs_Atlético_Ottawa,2022,2022-06-02T00:00:00Z,Atlético,away,Valour,55.0,55.0,55.0,1.0,True
2022_2022-06-02_Valour_vs_Atlético_Ottawa,2022,2022-06-02T00:00:00Z,Valour,home,Atlético,55.0,55.0,55.0,1.0,True
2022_2022-06-04_HFX_Wanderers_vs_York_United,2022,2022-06-04T18:00:00Z,Wanderers,home,York,55.0,55.0,55.0,1.0,True
2022_2022-06-04_HFX_Wanderers_vs_York_United,2022,2022-06-04T18:00:00Z,York,away,Wanderers,55.0,55.0,55.0,1.0,True
2022_2022-06-05_Atlético_Ottawa_vs_Pacific,2022,2022-06-05T17:00:00Z,Atlético,home,Pacific,55.0,55.0,55.0,1.0,True
2022_2022-06-05_Atlético_Ottawa_vs_Pacific,2022,2022-06-05T17:00:00Z,Pacific,away,Atlético,55.0,55.0,55.0,1.0,True
2022_2022-06-05_Valour_vs_Edmonton,2022,2022-06-05T20:00:00Z,Edmonton,away,Valour,82093.2652,82093.2652,82093.2652,1.0,True
2022_2022-06-05_Valour_vs_Edmonton,2022,2022-06-05T20:00:00Z,Valour,home,Edmonton,16345.9349,16345.9349,16345.9349,1.0,True
2022_2022-06-11_Cavalry_vs_HFX_Wanderers,2022,2022-06-11T19:30:00Z,Cavalry,home,Wanderers,55.0,55.0,55.0,1.0,True
2022_2022-06-11_Cavalry_vs_HFX_Wanderers,2022,2022-06-11T19:30:00Z,Wanderers,away,Cavalry,55.0,55.0,55.0,1.0,True
2022_2022-06-12_Forge_vs_Pacific,2022,2022-06-12T20:00:00Z,Forge,home,Pacific,16586.291,16586.291,16586.291,1.0,True
2022_2022-06-12_Forge_vs_Pacific,2022,2022-06-12T20:00:00Z,Pacific,away,Forge,16605.6092,16605.6092,16605.6092,1.0,True
2022_2022-06-14_Atlético_Ottawa_vs_York_United,2022,2022-06-14T23:00:00Z,Atlético,home,York,55.0,55.0,55.0,1.0,True
2022_2022-06-14_Atlético_Ottawa_vs_York_United,2022,2022-06-14T23:00:00Z,York,away,Atlético,55.0,55.0,55.0,1.0,True
2022_2022-06-15_Edmonton_vs_HFX_Wanderers,2022,2022-06-15T02:00:00Z,Edmonton,home,Wanderers,55.0,55.0,55.0,1.0,True
2022_2022-06-15_Edmonton_vs_HFX_Wanderers,2022,2022-06-15T02:00:00Z,Wanderers,away,Edmonton,55.0,55.0,55.0,1.0,True
2022_2022-06-16_Valour_vs_Cavalry,2022,2022-06-16T00:00:00Z,Cavalry,away,Valour,16855.3185,16855.3185,16855.3185,1.0,True
2022_2022-06-16_Valour_vs_Cavalry,2022,2022-06-16T00:00:00Z,Valour,home,Cavalry,16277.3856,16277.3856,16277.3856,1.0,True
2022_2022-06-18_York_United_vs_Pacific,2022,2022-06-18T20:00:00Z,Pacific,away,York,55.0,55.0,55.0,1.0,True
2022_2022-06-18_York_United_vs_Pacific,2022,2022-06-18T20:00:00Z,York,home,Pacific,55.0,55.0,55.0,1.0,True
2022_2022-06-19_HFX_Wanderers_vs_Forge,2022,2022-06-19T18:00:00Z,Forge,away,Wanderers,55.0,55.0,55.0,1.0,True
2022_2022-06-19_HFX_Wanderers_vs_Forge,2022,2022-06-19T18:00:00Z,Wanderers,home,Forge,55.0,55.0,55.0,1.0,True
2022_2022-06-19_Edmonton_vs_Atlético_Ottawa,2022,2022-06-19T21:00:00Z,Atlético,away,Edmonton,55.0,55.0,55.0,1.0,True
2022_2022-06-19_Edmonton_vs_Atlético_Ottawa,2022,2022-06-19T21:00:00Z,Edmonton,home,Atlético,55.0,55.0,55.0,1.0,True
2022_2022-06-25_Pacific_vs_HFX_Wanderers,2022,2022-06-25T21:00:00Z,Pacific,home,Wanderers,55.0,55.0,55.0,1.0,True
2022_2022-06-25_Pacific_vs_HFX_Wanderers,2022,2022-06-25T21:00:00Z,Wanderers,away,Pacific,55.0,55.0,55.0,1.0,True
2022_2022-06-26_York_United_vs_Valour,2022,2022-06-26T16:00:00Z,Valour,away,York,55.0,55.0,55.0,1.0,True
2022_2022-06-26_York_United_vs_Valour,2022,2022-06-26T16:00:00Z,York,home,Valour,55.0,55.0,55.0,1.0,True
2022_2022-06-26_Cavalry_vs_Edmonton,2022,2022-06-26T23:00:00Z,Cavalry,home,Edmonton,16986.3537,16986.3537,16986.3537,1.0,True
2022_2022-06-26_Cavalry_vs_Edmonton,2022,2022-06-26T23:00:00Z,Edmonton,away,Cavalry,85302.6203,85302.6203,85302.6203,1.0,True
2022_2022-06-29_Forge_vs_Valour,2022,2022-06-29T23:00:00Z,Forge,home,Valour,16709.5611,16709.5611,16709.5611,1.0,True
2022_2022-06-29_Forge_vs_Valour,2022,2022-06-29T23:00:00Z,Valour,away,Forge,16146.3503,16146.3503,16146.3503,1.0,True
2022_2022-06-30_HFX_Wanderers_vs_Atlético_Ottawa,2022,2022-06-30T22:30:00Z,Atlético,away,Wanderers,55.0,55.0,55.0,1.0,True
2022_2022-06-30_HFX_Wanderers_vs_Atlético_Ottawa,2022,2022-06-30T22:30:00Z,Wanderers,home,Atlético,55.0,55.0,55.0,1.0,True
2022_2022-07-01_Pacific_vs_Cavalry,2022,2022-07-01T01:30:00Z,Cavalry,away,Pacific,17031.5559,17031.5559,17031.5559,1.0,True
2022_2022-07-01_Pacific_vs_Cavalry,2022,2022-07-01T01:30:00Z,Pacific,home,Cavalry,16482.3391,16482.3391,16482.3391,1.0,True
2022_2022-07-01_Edmonton_vs_York_United,2022,2022-07-01T22:00:00Z,Edmonton,home,York,55.0,55.0,55.0,1.0,True
2022_2022-07-01_Edmonton_vs_York_United,2022,2022-07-01T22:00:00Z,York,away,Edmonton,55.0,55.0,55.0,1.0,True
2022_2022-07-03_Forge_vs_Atlético_Ottawa,2022,2022-07-03T20:00:00Z,Atlético,away,Forge,55.0,55.0,55.0,1.0,True
2022_2022-07-03_Forge_vs_Atlético_Ottawa,2022,2022-07-03T20:00:00Z,Forge,home,Atlético,55.0,55.0,55.0,1.0,True
2022_2022-07-08_York_United_vs_Forge,2022,2022-07-08T23:30:00Z,Forge,away,York,55.0,55.0,55.0,1.0,True
2022_2022-07-08_York_United_vs_Forge,2022,2022-07-08T23:30:00Z,York,home,Forge,55.0,55.0,55.0,1.0,True
2022_2022-07-09_Edmonton_vs_Pacific,2022,2022-07-09T20:00:00Z,Edmonton,home,Pacific,83186.337,83186.337,83186.337,1.0,True
2022_2022-07-09_Edmonton_vs_Pacific,2022,2022-07-09T20:00:00Z,Pacific,away,Edmonton,16482.3165,16482.3165,16482.3165,1.0,True
2022_2022-07-09_Atlético_Ottawa_vs_Cavalry,2022,2022-07-09T23:00:00Z,Atlético,home,Cavalry,55.0,55.0,55.0,1.0,True
2022_2022-07-09_Atlético_Ottawa_vs_Cavalry,2022,2022-07-09T23:00:00Z,Cavalry,away,Atlético,55.0,55.0,55.0,1.0,True
2022_2022-07-10_Valour_vs_HFX_Wanderers,2022,2022-07-10T19:00:00Z,Valour,home,Wanderers,55.0,55.0,55.0,1.0,True
2022_2022-07-10_Valour_vs_HFX_Wanderers,2022,2022-07-10T19:00:00Z,Wanderers,away,Valour,55.0,55.0,55.0,1.0,True
2022_2022-07-15_Cavalry_vs_HFX_Wanderers,2022,2022-07-15T00:30:00Z,Cavalry,home,Wanderers,55.0,55.0,55.0,1.0,True
2022_2022-07-15_Cavalry_vs_HFX_Wanderers,2022,2022-07-15T00:30:00Z,Wanderers,away,Cavalry,55.0,55.0,55.0,1.0,True
2022_2022-07-15_York_United_vs_Pacific,2022,2022-07-15T23:30:00Z,Pacific,away,York,55.0,55.0,55.0,1.0,True
2022_2022-07-15_York_United_vs_Pacific,2022,2022-07-15T23:30:00Z,York,home,Pacific,55.0,55.0,55.0,1.0,True
2022_2022-07-19_Forge_vs_Edmonton,2022,2022-07-19T22:45:00Z,Edmonton,away,Forge,79868.5453,79868.5453,79868.5453,1.0,True
2022_2022-07-19_Forge_vs_Edmonton,2022,2022-07-19T22:45:00Z,Forge,home,Edmonton,16554.2803,16554.2803,16554.2803,1.0,True
2022_2022-07-20_Cavalry_vs_York_United,2022,2022-07-20T01:30:00Z,Cavalry,home,York,55.0,55.0,55.0,1.0,True
2022_2022-07-20_Cavalry_vs_York_United,2022,2022-07-20T01:30:00Z,York,away,Cavalry,55.0,55.0,55.0,1.0,True
2022_2022-07-20_Atlético_Ottawa_vs_Valour,2022,2022-07-20T23:00:00Z,Atlético,home,Valour,55.0,55.0,55.0,1.0,True
2022_2022-07-20_Atlético_Ottawa_vs_Valour,2022,2022-07-20T23:00:00Z,Valour,away,Atlético,55.0,55.0,55.0,1.0,True
2022_2022-07-23_Pacific_vs_Cavalry,2022,2022-07-23T02:00:00Z,Cavalry,away,Pacific,17031.5784,17031.5784,17031.5784,1.0,True
2022_2022-07-23_Pacific_vs_Cavalry,2022,2022-07-23T02:00:00Z,Pacific,home,Cavalry,16553.182,16553.182,16553.182,1.0,True
2022_2022-07-23_HFX_Wanderers_vs_Edmonton,2022,2022-07-23T17:30:00Z,Edmonton,away,Wanderers,55.0,55.0,55.0,1.0,True
2022_2022-07-23_HFX_Wanderers_vs_Edmonton,2022,2022-07-23T17:30:00Z,Wanderers,home,Edmonton,55.0,55.0,55.0,1.0,True
2022_2022-07-23_Forge_vs_Valour,2022,2022-07-23T20:30:00Z,Forge,home,Valour,16597.684,16597.684,16597.684,1.0,True
2022_2022-07-23_Forge_vs_Valour,2022,2022-07-23T20:30:00Z,Valour,away,Forge,16301.6311,16301.6311,16301.6311,1.0,True
2022_2022-07-24_York_United_vs_Atlético_Ottawa,2022,2022-07-24T18:00:00Z,Atlético,away,York,55.0,55.0,55.0,1.0,True
2022_2022-07-24_York_United_vs_Atlético_Ottawa,2022,2022-07-24T18:00:00Z,York,home,Atlético,55.0,55.0,55.0,1.0,True
2022_2022-07-28_Cavalry_vs_Forge,2022,2022-07-28T01:00:00Z,Cavalry,home,Forge,16891.2573,16891.2573,16891.2573,1.0,True
2022_2022-07-28_Cavalry_vs_Forge,2022,2022-07-28T01:00:00Z,Forge,away,Cavalry,16700.9305,16700.9305,16700.9305,1.0,True
2022_2022-07-30_Valour_vs_Pacific,2022,2022-07-30T19:00:00Z,Pacific,away,Valour,16693.5031,16693.5031,16693.5031,1.0,True
2022_2022-07-30_Valour_vs_Pacific,2022,2022-07-30T19:00:00Z,Valour,home,Pacific,16198.3846,16198.3846,16198.3846,1.0,True
2022_2022-07-30_Cavalry_vs_Edmonton,2022,2022-07-30T22:00:00Z,Cavalry,home,Edmonton,16747.107,16747.107,16747.107,1.0,True
2022_2022-07-30_Cavalry_vs_Edmonton,2022,2022-07-30T22:00:00Z,Edmonton,away,Cavalry,77836.4628,77836.4628,77836.4628,1.0,True
2022_2022-07-31_Atlético_Ottawa_vs_Forge,2022,2022-07-31T23:00:00Z,Atlético,home,Forge,55.0,55.0,55.0,1.0,True
2022_2022-07-31_Atlético_Ottawa_vs_Forge,2022,2022-07-31T23:00:00Z,Forge,away,Atlético,55.0,55.0,55.0,1.0,True
2022_2022-08-01_HFX_Wanderers_vs_York_United,2022,2022-08-01T18:00:00Z,Wanderers,home,York,55.0,55.0,55.0,1.0,True
2022_2022-08-01_HFX_Wanderers_vs_York_United,2022,2022-08-01T18:00:00Z,York,away,Wanderers,55.0,55.0,55.0,1.0,True
2022_2022-08-04_Valour_vs_Cavalry,2022,2022-08-04T00:00:00Z,Cavalry,away,Valour,16779.6992,16779.6992,16779.6992,1.0,True
2022_2022-08-04_Valour_vs_Cavalry,2022,2022-08-04T00:00:00Z,Valour,home,Cavalry,16075.6471,16075.6471,16075.6471,1.0,True
2022_2022-08-06_Forge_vs_HFX_Wanderers,2022,2022-08-06T20:00:00Z,Forge,home,Wanderers,55.0,55.0,55.0,1.0,True
2022_2022-08-06_Forge_vs_HFX_Wanderers,2022,2022-08-06T20:00:00Z,Wanderers,away,Forge,55.0,55.0,55.0,1.0,True
2022_2022-08-07_Atlético_Ottawa_vs_Edmonton,2022,2022-08-07T18:37:00Z,Atlético,home,Edmonton,55.0,55.0,55.0,1.0,True
2022_2022-08-07_Atlético_Ottawa_vs_Edmonton,2022,2022-08-07T18:37:00Z,Edmonton,away,Atlético,55.0,55.0,55.0,1.0,True
2022_2022-08-07_Valour_vs_York_United,2022,2022-08-07T21:00:00Z,Valour,home,York,55.0,55.0,55.0,1.0,True
2022_2022-08-07_Valour_vs_York_United,2022,2022-08-07T21:00:00Z,York,away,Valour,55.0,55.0,55.0,1.0,True
2022_2022-08-13_Cavalry_vs_Forge,2022,2022-08-13T01:00:00Z,Cavalry,home,Forge,16642.3813,16642.3813,16642.3813,1.0,True
2022_2022-08-13_Cavalry_vs_Forge,2022,2022-08-13T01:00:00Z,Forge,away,Cavalry,16845.0808,16845.0808,16845.0808,1.0,True
2022_2022-08-13_HFX_Wanderers_vs_Valour,2022,2022-08-13T18:00:00Z,Valour,away,Wanderers,55.0,55.0,55.0,1.0,True
2022_2022-08-13_HFX_Wanderers_vs_Valour,2022,2022-08-13T18:00:00Z,Wanderers,home,Valour,55.0,55.0,55.0,1.0,True
2022_2022-08-13_Pacific_vs_Atlético_Ottawa,2022,2022-08-13T21:00:00Z,Atlético,away,Pacific,55.0,55.0,55.0,1.0,True
2022_2022-08-13_Pacific_vs_Atlético_Ottawa,2022,2022-08-13T21:00:00Z,Pacific,home,Atlético,55.0,55.0,55.0,1.0,True
2022_2022-08-14_York_United_vs_Edmonton,2022,2022-08-14T20:00:00Z,Edmonton,away,York,55.0,55.0,55.0,1.0,True
2022_2022-08-14_York_United_vs_Edmonton,2022,2022-08-14T20:00:00Z,York,home,Edmonton,55.0,55.0,55.0,1.0,True
2022_2022-08-17_Atlético_Ottawa_vs_HFX_Wanderers,2022,2022-08-17T23:00:00Z,Atlético,home,Wanderers,55.0,55.0,55.0,1.0,True
2022_2022-08-17_Atlético_Ottawa_vs_HFX_Wanderers,2022,2022-08-17T23:00:00Z,Wanderers,away,Atlético,55.0,55.0,55.0,1.0,True
2022_2022-08-20_HFX_Wanderers_vs_Pacific,2022,2022-08-20T17:30:00Z,Pacific,away,Wanderers,55.0,55.0,55.0,1.0,True
2022_2022-08-20_HFX_Wanderers_vs_Pacific,2022,2022-08-20T17:30:00Z,Wanderers,home,Pacific,55.0,55.0,55.0,1.0,True
2022_2022-08-20_Forge_vs_York_United,2022,2022-08-20T23:00:00Z,Forge,home,York,55.0,55.0,55.0,1.0,True
2022_2022-08-20_Forge_vs_York_United,2022,2022-08-20T23:00:00Z,York,away,Forge,55.0,55.0,55.0,1.0,True
2022_2022-08-21_Valour_vs_Edmonton,2022,2022-08-21T18:30:00Z,Edmonton,away,Valour,76310.5582,76310.5582,76310.5582,1.0,True
2022_2022-08-21_Valour_vs_Edmonton,2022,2022-08-21T18:30:00Z,Valour,home,Edmonton,16212.965,16212.965,16212.965,1.0,True
2022_2022-08-21_Cavalry_vs_Atlético_Ottawa,2022,2022-08-21T21:30:00Z,Atlético,away,Cavalry,55.0,55.0,55.0,1.0,True
2022_2022-08-21_Cavalry_vs_Atlético_Ottawa,2022,2022-08-21T21:30:00Z,Cavalry,home,Atlético,55.0,55.0,55.0,1.0,True
2022_2022-08-27_Cavalry_vs_York_United,2022,2022-08-27T19:30:00Z,Cavalry,home,York,55.0,55.0,55.0,1.0,True
2022_2022-08-27_Cavalry_vs_York_United,2022,2022-08-27T19:30:00Z,York,away,Cavalry,55.0,55.0,55.0,1.0,True
2022_2022-08-27_Atlético_Ottawa_vs_Forge,2022,2022-08-27T22:30:00Z,Atlético,home,Forge,55.0,55.0,55.0,1.0,True
2022_2022-08-27_Atlético_Ottawa_vs_Forge,2022,2022-08-27T22:30:00Z,Forge,away,Atlético,55.0,55.0,55.0,1.0,True
2022_2022-08-28_Valour_vs_Pacific,2022,2022-08-28T19:00:00Z,Pacific,away,Valour,16816.2406,16816.2406,16816.2406,1.0,True
2022_2022-08-28_Valour_vs_Pacific,2022,2022-08-28T19:00:00Z,Valour,home,Pacific,16134.5904,16134.5904,16134.5904,1.0,True
2022_2022-08-28_Edmonton_vs_HFX_Wanderers,2022,2022-08-28T22:00:00Z,Edmonton,home,Wanderers,55.0,55.0,55.0,1.0,True
2022_2022-08-28_Edmonton_vs_HFX_Wanderers,2022,2022-08-28T22:00:00Z,Wanderers,away,Edmonton,55.0,55.0,55.0,1.0,True
2022_2022-09-01_Valour_vs_Forge,2022,2022-09-01T00:00:00Z,Forge,away,Valour,16735.0464,16735.0464,16735.0464,1.0,True
2022_2022-09-01_Valour_vs_Forge,2022,2022-09-01T00:00:00Z,Valour,home,Forge,16259.7569,16259.7569,16259.7569,1.0,True
2022_2022-09-02_Atlético_Ottawa_vs_Edmonton,2022,2022-09-02T23:00:00Z,Atlético,home,Edmonton,55.0,55.0,55.0,1.0,True
2022_2022-09-02_Atlético_Ottawa_vs_Edmonton,2022,2022-09-02T23:00:00Z,Edmonton,away,Atlético,55.0,55.0,55.0,1.0,True
2022_2022-09-03_Pacific_vs_York_United,2022,2022-09-03T21:00:00Z,Pacific,home,York,55.0,55.0,55.0,1.0,True
2022_2022-09-03_Pacific_vs_York_United,2022,2022-09-03T21:00:00Z,York,away,Pacific,55.0,55.0,55.0,1.0,True
2022_2022-09-04_Valour_vs_Forge,2022,2022-09-04T18:00:00Z,Forge,away,Valour,16616.4115,16616.4115,16616.4115,1.0,True
2022_2022-09-04_Valour_vs_Forge,2022,2022-09-04T18:00:00Z,Valour,home,Forge,16378.3918,16378.3918,16378.3918,1.0,True
2022_2022-09-05_HFX_Wanderers_vs_Cavalry,2022,2022-09-05T18:00:00Z,Cavalry,away,Wanderers,55.0,55.0,55.0,1.0,True
2022_2022-09-05_HFX_Wanderers_vs_Cavalry,2022,2022-09-05T18:00:00Z,Wanderers,home,Cavalry,55.0,55.0,55.0,1.0,True
2022_2022-09-09_York_United_vs_Edmonton,2022,2022-09-09T23:30:00Z,Edmonton,away,York,55.0,55.0,55.0,1.0,True
2022_2022-09-09_York_United_vs_Edmonton,2022,2022-09-09T23:30:00Z,York,home,Edmonton,55.0,55.0,55.0,1.0,True
2022_2022-09-10_HFX_Wanderers_vs_Valour,2022,2022-09-10T18:00:00Z,Valour,away,Wanderers,55.0,55.0,55.0,1.0,True
2022_2022-09-10_HFX_Wanderers_vs_Valour,2022,2022-09-10T18:00:00Z,Wanderers,home,Valour,55.0,55.0,55.0,1.0,True
2022_2022-09-10_Forge_vs_Cavalry,2022,2022-09-10T21:00:00Z,Cavalry,away,Forge,16752.4157,16752.4157,16752.4157,1.0,True
2022_2022-09-10_Forge_vs_Cavalry,2022,2022-09-10T21:00:00Z,Forge,home,Cavalry,16505.2671,16505.2671,16505.2671,1.0,True
2022_2022-09-11_Pacific_vs_Atlético_Ottawa,2022,2022-09-11T20:00:00Z,Atlético,away,Pacific,55.0,55.0,55.0,1.0,True
2022_2022-09-11_Pacific_vs_Atlético_Ottawa,2022,2022-09-11T20:00:00Z,Pacific,home,Atlético,55.0,55.0,55.0,1.0,True
2022_2022-09-16_York_United_vs_HFX_Wanderers,2022,2022-09-16T23:30:00Z,Wanderers,away,York,55.0,55.0,55.0,1.0,True
2022_2022-09-16_York_United_vs_HFX_Wanderers,2022,2022-09-16T23:30:00Z,York,home,Wanderers,55.0,55.0,55.0,1.0,True
2022_2022-09-17_Edmonton_vs_Cavalry,2022,2022-09-17T20:00:00Z,Cavalry,away,Edmonton,16640.9841,16640.9841,16640.9841,1.0,True
2022_2022-09-17_Edmonton_vs_Cavalry,2022,2022-09-17T20:00:00Z,Edmonton,home,Cavalry,79979.9152,79979.9152,79979.9152,1.0,True
2022_2022-09-18_Valour_vs_Atlético_Ottawa,2022,2022-09-18T20:00:00Z,Atlético,away,Valour,55.0,55.0,55.0,1.0,True
2022_2022-09-18_Valour_vs_Atlético_Ottawa,2022,2022-09-18T20:00:00Z,Valour,home,Atlético,55.0,55.0,55.0,1.0,True
2022_2022-09-19_Pacific_vs_Forge,2022,2022-09-19T00:00:00Z,Forge,away,Pacific,16616.6986,16616.6986,16616.6986,1.0,True
2022_2022-09-19_Pacific_vs_Forge,2022,2022-09-19T00:00:00Z,Pacific,home,Forge,16691.0741,16691.0741,16691.0741,1.0,True
2022_2022-09-23_York_United_vs_Valour,2022,2022-09-23T23:30:00Z,Valour,away,York,55.0,55.0,55.0,1.0,True
2022_2022-09-23_York_United_vs_Valour,2022,2022-09-23T23:30:00Z,York,home,Valour,55.0,55.0,55.0,1.0,True
2022_2022-09-24_Cavalry_vs_Atlético_Ottawa,2022,2022-09-24T21:30:00Z,Atlético,away,Cavalry,55.0,55.0,55.0,1.0,True
2022_2022-09-24_Cavalry_vs_Atlético_Ottawa,2022,2022-09-24T21:30:00Z,Cavalry,home,Atlético,55.0,55.0,55.0,1.0,True
2022_2022-09-25_Edmonton_vs_Forge,2022,2022-09-25T21:00:00Z,Edmonton,home,Forge,77322.8781,77322.8781,77322.8781,1.0,True
2022_2022-09-25_Edmonton_vs_Forge,2022,2022-09-25T21:00:00Z,Forge,away,Edmonton,16634.5114,16634.5114,16634.5114,1.0,True
2022_2022-09-27_HFX_Wanderers_vs_Pacific,2022,2022-09-27T22:00:00Z,Pacific,away,Wanderers,55.0,55.0,55.0,1.0,True
2022_2022-09-27_HFX_Wanderers_vs_Pacific,2022,2022-09-27T22:00:00Z,Wanderers,home,Pacific,55.0,55.0,55.0,1.0,True
2022_2022-10-01_Pacific_vs_Edmonton,2022,2022-10-01T02:00:00Z,Edmonton,away,Pacific,80370.052,80370.052,80370.052,1.0,True
2022_2022-10-01_Pacific_vs_Edmonton,2022,2022-10-01T02:00:00Z,Pacific,home,Edmonton,16673.2613,16673.2613,16673.2613,1.0,True
2022_2022-10-01_HFX_Wanderers_vs_Atlético_Ottawa,2022,2022-10-01T18:00:00Z,Atlético,away,Wanderers,55.0,55.0,55.0,1.0,True
2022_2022-10-01_HFX_Wanderers_vs_Atlético_Ottawa,2022,2022-10-01T18:00:00Z,Wanderers,home,Atlético,55.0,55.0,55.0,1.0,True
2022_2022-10-01_Forge_vs_York_United,2022,2022-10-01T21:00:00Z,Forge,home,York,55.0,55.0,55.0,1.0,True
2022_2022-10-01_Forge_vs_York_United,2022,2022-10-01T21:00:00Z,York,away,Forge,55.0,55.0,55.0,1.0,True
2022_2022-10-02_Cavalry_vs_Valour,2022,2022-10-02T19:30:00Z,Cavalry,home,Valour,16697.7364,16697.7364,16697.7364,1.0,True
2022_2022-10-02_Cavalry_vs_Valour,2022,2022-10-02T19:30:00Z,Valour,away,Cavalry,16489.5362,16489.5362,16489.5362,1.0,True
2022_2022-10-05_Forge_vs_Pacific,2022,2022-10-05T23:00:00Z,Forge,home,Pacific,16569.4261,16569.4261,16569.4261,1.0,True
2022_2022-10-05_Forge_vs_Pacific,2022,2022-10-05T23:00:00Z,Pacific,away,Forge,16709.12,16709.12,16709.12,1.0,True
2022_2022-10-08_Edmonton_vs_Valour,2022,2022-10-08T19:00:00Z,Edmonton,home,Valour,78691.212,78691.212,78691.212,1.0,True
2022_2022-10-08_Edmonton_vs_Valour,2022,2022-10-08T19:00:00Z,Valour,away,Edmonton,16392.2312,16392.2312,16392.2312,1.0,True
2022_2022-10-08_Cavalry_vs_Pacific,2022,2022-10-08T22:00:00Z,Cavalry,home,Pacific,16795.0414,16795.0414,16795.0414,1.0,True
2022_2022-10-08_Cavalry_vs_Pacific,2022,2022-10-08T22:00:00Z,Pacific,away,Cavalry,16843.0609,16843.0609,16843.0609,1.0,True
2022_2022-10-09_Forge_vs_HFX_Wanderers,2022,2022-10-09T17:00:00Z,Forge,home,Wanderers,55.0,55.0,55.0,1.0,True
2022_2022-10-09_Forge_vs_HFX_Wanderers,2022,2022-10-09T17:00:00Z,Wanderers,away,Forge,55.0,55.0,55.0,1.0,True
2022_2022-10-09_Atlético_Ottawa_vs_York_United,2022,2022-10-09T22:00:00Z,Atlético,home,York,55.0,55.0,55.0,1.0,True
2022_2022-10-09_Atlético_Ottawa_vs_York_United,2022,2022-10-09T22:00:00Z,York,away,Atlético,55.0,55.0,55.0,1.0,True
2022_2022-10-15_Cavalry_vs_Forge,2022,2022-10-15T20:00:00Z,Cavalry,home,Forge,16900.2392,16900.2392,16900.2392,1.0,True
2022_2022-10-15_Cavalry_vs_Forge,2022,2022-10-15T20:00:00Z,Forge,away,Cavalry,16435.4853,16435.4853,16435.4853,1.0,True
2022_2022-10-15_Pacific_vs_Atlético_Ottawa,2022,2022-10-15T23:00:00Z,Atlético,away,Pacific,55.0,55.0,55.0,1.0,True
2022_2022-10-15_Pacific_vs_Atlético_Ottawa,2022,2022-10-15T23:00:00Z,Pacific,home,Atlético,55.0,55.0,55.0,1.0,True
2022_2022-10-23_Atlético_Ottawa_vs_Pacific,2022,2022-10-23T18:00:00Z,Atlético,home,Pacific,55.0,55.0,55.0,1.0,True
2022_2022-10-23_Atlético_Ottawa_vs_Pacific,2022,2022-10-23T18:00:00Z,Pacific,away,Atlético,55.0,55.0,55.0,1.0,True
2022_2022-10-23_Forge_vs_Cavalry,2022,2022-10-23T21:00:00Z,Cavalry,away,Forge,16871.6998,16871.6998,16871.6998,1.0,True
2022_2022-10-23_Forge_vs_Cavalry,2022,2022-10-23T21:00:00Z,Forge,home,Cavalry,16464.0247,16464.0247,16464.0247,1.0,True
2022_2022-10-30_Atlético_Ottawa_vs_Forge,2022,2022-10-30T22:00:00Z,Atlético,home,Forge,55.0,55.0,55.0,1.0,True
2022_2022-10-30_Atlético_Ottawa_vs_Forge,2022,2022-10-30T22:00:00Z,Forge,away,Atlético,55.0,55.0,55.0,1.0,True
2023_2023-04-15_Atlético_Ottawa_vs_HFX_Wanderers,2023,2023-04-15T17:00:00Z,Atlético,home,Wanderers,55.0,55.0,55.0,1.0,True
2023_2023-04-15_Atlético_Ottawa_vs_HFX_Wanderers,2023,2023-04-15T17:00:00Z,Wanderers,away,Atlético,55.0,55.0,55.0,1.0,True
2023_2023-04-15_Forge_vs_Cavalry,2023,2023-04-15T20:00:00Z,Cavalry,away,Forge,16616.0017,16616.0017,16616.0017,1.0,True
2023_2023-04-15_Forge_vs_Cavalry,2023,2023-04-15T20:00:00Z,Forge,home,Cavalry,16552.5093,16552.5093,16552.5093,1.0,True
2023_2023-04-15_Pacific_vs_Vancouver_FC,2023,2023-04-15T23:00:00Z,Pacific,home,Vancouver,55.0,55.0,55.0,1.0,True
2023_2023-04-15_Pacific_vs_Vancouver_FC,2023,2023-04-15T23:00:00Z,Vancouver,away,Pacific,54.9994,54.9994,54.9994,1.0,True
2023_2023-04-16_York_United_vs_Valour,2023,2023-04-16T18:00:00Z,Valour,away,York,55.0,55.0,55.0,1.0,True
2023_2023-04-16_York_United_vs_Valour,2023,2023-04-16T18:00:00Z,York,home,Valour,55.0,55.0,55.0,1.0,True
2023_2023-04-22_York_United_vs_Vancouver_FC,2023,2023-04-22T17:00:00Z,Vancouver,away,York,54.9994,54.9994,54.9994,1.0,True
2023_2023-04-22_York_United_vs_Vancouver_FC,2023,2023-04-22T17:00:00Z,York,home,Vancouver,55.0,55.0,55.0,1.0,True
2023_2023-04-22_Forge_vs_HFX_Wanderers,2023,2023-04-22T20:00:00Z,Forge,home,Wanderers,55.0,55.0,55.0,1.0,True
2023_2023-04-22_Forge_vs_HFX_Wanderers,2023,2023-04-22T20:00:00Z,Wanderers,away,Forge,55.0,55.0,55.0,1.0,True
2023_2023-04-22_Valour_vs_Atlético_Ottawa,2023,2023-04-22T23:00:00Z,Atlético,away,Valour,55.0,55.0,55.0,1.0,True
2023_2023-04-22_Valour_vs_Atlético_Ottawa,2023,2023-04-22T23:00:00Z,Valour,home,Atlético,55.0,55.0,55.0,1.0,True
2023_2023-04-23_Pacific_vs_Cavalry,2023,2023-04-23T20:00:00Z,Cavalry,away,Pacific,16629.9625,16629.9625,16629.9625,1.0,True
2023_2023-04-23_Pacific_vs_Cavalry,2023,2023-04-23T20:00:00Z,Pacific,home,Cavalry,16672.9913,16672.9913,16672.9913,1.0,True
2023_2023-04-29_HFX_Wanderers_vs_Vancouver_FC,2023,2023-04-29T18:00:00Z,Vancouver,away,Wanderers,54.9994,54.9994,54.9994,1.0,True
2023_2023-04-29_HFX_Wanderers_vs_Vancouver_FC,2023,2023-04-29T18:00:00Z,Wanderers,home,Vancouver,55.0,55.0,55.0,1.0,True
2023_2023-04-29_Atlético_Ottawa_vs_York_United,2023,2023-04-29T21:00:00Z,Atlético,home,York,55.0,55.0,55.0,1.0,True
2023_2023-04-29_Atlético_Ottawa_vs_York_United,2023,2023-04-29T21:00:00Z,York,away,Atlético,55.0,55.0,55.0,1.0,True
2023_2023-04-30_Cavalry_vs_Valour,2023,2023-04-30T21:00:00Z,Cavalry,home,Valour,16646.8956,16646.8956,16646.8956,1.0,True
2023_2023-04-30_Cavalry_vs_Valour,2023,2023-04-30T21:00:00Z,Valour,away,Cavalry,16332.0963,16332.0963,16332.0963,1.0,True
2023_2023-05-01_Pacific_vs_Forge,2023,2023-05-01T00:00:00Z,Forge,away,Pacific,16538.5484,16538.5484,16538.5484,1.0,True
2023_2023-05-01_Pacific_vs_Forge,2023,2023-05-01T00:00:00Z,Pacific,home,Forge,16656.0583,16656.0583,16656.0583,1.0,True
2023_2023-05-05_York_United_vs_Forge,2023,2023-05-05T23:30:00Z,Forge,away,York,55.0,55.0,55.0,1.0,True
2023_2023-05-05_York_United_vs_Forge,2023,2023-05-05T23:30:00Z,York,home,Forge,55.0,55.0,55.0,1.0,True
2023_2023-05-06_Valour_vs_HFX_Wanderers,2023,2023-05-06T20:00:00Z,Valour,home,Wanderers,55.0,55.0,55.0,1.0,True
2023_2023-05-06_Valour_vs_HFX_Wanderers,2023,2023-05-06T20:00:00Z,Wanderers,away,Valour,55.0,55.0,55.0,1.0,True
2023_2023-05-06_Atlético_Ottawa_vs_Pacific,2023,2023-05-06T23:00:00Z,Atlético,home,Pacific,55.0,55.0,55.0,1.0,True
2023_2023-05-06_Atlético_Ottawa_vs_Pacific,2023,2023-05-06T23:00:00Z,Pacific,away,Atlético,55.0,55.0,55.0,1.0,True
2023_2023-05-07_Vancouver_FC_vs_Cavalry,2023,2023-05-07T23:00:00Z,Cavalry,away,Vancouver,55.0,55.0,55.0,1.0,True
2023_2023-05-07_Vancouver_FC_vs_Cavalry,2023,2023-05-07T23:00:00Z,Vancouver,home,Cavalry,54.9994,54.9994,54.9994,1.0,True
2023_2023-05-13_Forge_vs_Valour,2023,2023-05-13T20:00:00Z,Forge,home,Valour,16680.4339,16680.4339,16680.4339,1.0,True
2023_2023-05-13_Forge_vs_Valour,2023,2023-05-13T20:00:00Z,Valour,away,Forge,16356.571,16356.571,16356.571,1.0,True
2023_2023-05-13_Cavalry_vs_HFX_Wanderers,2023,2023-05-13T23:00:00Z,Cavalry,home,Wanderers,55.0,55.0,55.0,1.0,True
2023_2023-05-13_Cavalry_vs_HFX_Wanderers,2023,2023-05-13T23:00:00Z,Wanderers,away,Cavalry,55.0,55.0,55.0,1.0,True
2023_2023-05-14_Vancouver_FC_vs_Atlético_Ottawa,2023,2023-05-14T01:30:00Z,Atlético,away,Vancouver,55.0,55.0,55.0,1.0,True
2023_2023-05-14_Vancouver_FC_vs_Atlético_Ottawa,2023,2023-05-14T01:30:00Z,Vancouver,home,Atlético,54.9994,54.9994,54.9994,1.0,True
2023_2023-05-14_Pacific_vs_York_United,2023,2023-05-14T22:00:00Z,Pacific,home,York,55.0,55.0,55.0,1.0,True
2023_2023-05-14_Pacific_vs_York_United,2023,2023-05-14T22:00:00Z,York,away,Pacific,55.0,55.0,55.0,1.0,True
2023_2023-05-19_Forge_vs_Vancouver_FC,2023,2023-05-19T23:00:00Z,Forge,home,Vancouver,55.0,55.0,55.0,1.0,True
2023_2023-05-19_Forge_vs_Vancouver_FC,2023,2023-05-19T23:00:00Z,Vancouver,away,Forge,54.9994,54.9994,54.9994,1.0,True
2023_2023-05-20_HFX_Wanderers_vs_York_United,2023,2023-05-20T18:00:00Z,Wanderers,home,York,55.0,55.0,55.0,1.0,True
2023_2023-05-20_HFX_Wanderers_vs_York_United,2023,2023-05-20T18:00:00Z,York,away,Wanderers,55.0,55.0,55.0,1.0,True
2023_2023-05-20_Valour_vs_Pacific,2023,2023-05-20T21:00:00Z,Pacific,away,Valour,16514.1728,16514.1728,16514.1728,1.0,True
2023_2023-05-20_Valour_vs_Pacific,2023,2023-05-20T21:00:00Z,Valour,home,Pacific,16262.8009,16262.8009,16262.8009,1.0,True
2023_2023-05-21_Cavalry_vs_Atlético_Ottawa,2023,2023-05-21T23:00:00Z,Atlético,away,Cavalry,55.0,55.0,55.0,1.0,True
2023_2023-05-21_Cavalry_vs_Atlético_Ottawa,2023,2023-05-21T23:00:00Z,Cavalry,home,Atlético,55.0,55.0,55.0,1.0,True
2023_2023-05-27_Atlético_Ottawa_vs_Forge,2023,2023-05-27T18:00:00Z,Atlético,home,Forge,55.0,55.0,55.0,1.0,True
2023_2023-05-27_Atlético_Ottawa_vs_Forge,2023,2023-05-27T18:00:00Z,Forge,away,Atlético,55.0,55.0,55.0,1.0,True
2023_2023-05-28_Pacific_vs_HFX_Wanderers,2023,2023-05-28T02:00:00Z,Pacific,home,Wanderers,55.0,55.0,55.0,1.0,True
2023_2023-05-28_Pacific_vs_HFX_Wanderers,2023,2023-05-28T02:00:00Z,Wanderers,away,Pacific,55.0,55.0,55.0,1.0,True
2023_2023-05-28_York_United_vs_Cavalry,2023,2023-05-28T21:00:00Z,Cavalry,away,York,55.0,55.0,55.0,1.0,True
2023_2023-05-28_York_United_vs_Cavalry,2023,2023-05-28T21:00:00Z,York,home,Cavalry,55.0,55.0,55.0,1.0,True
2023_2023-05-29_Vancouver_FC_vs_Valour,2023,2023-05-29T00:00:00Z,Valour,away,Vancouver,55.0,55.0,55.0,1.0,True
2023_2023-05-29_Vancouver_FC_vs_Valour,2023,2023-05-29T00:00:00Z,Vancouver,home,Valour,54.9994,54.9994,54.9994,1.0,True
2023_2023-05-31_Forge_vs_York_United,2023,2023-05-31T23:00:00Z,Forge,home,York,55.0,55.0,55.0,1.0,True
2023_2023-05-31_Forge_vs_York_United,2023,2023-05-31T23:00:00Z,York,away,Forge,55.0,55.0,55.0,1.0,True
2023_2023-06-03_Vancouver_FC_vs_Pacific,2023,2023-06-03T02:00:00Z,Pacific,away,Vancouver,55.0,55.0,55.0,1.0,True
2023_2023-06-03_Vancouver_FC_vs_Pacific,2023,2023-06-03T02:00:00Z,Vancouver,home,Pacific,54.9994,54.9994,54.9994,1.0,True
2023_2023-06-03_Cavalry_vs_Forge,2023,2023-06-03T20:00:00Z,Cavalry,home,Forge,16622.421,16622.421,16622.421,1.0,True
2023_2023-06-03_Cavalry_vs_Forge,2023,2023-06-03T20:00:00Z,Forge,away,Cavalry,16774.204,16774.204,16774.204,1.0,True
2023_2023-06-03_Atlético_Ottawa_vs_HFX_Wanderers,2023,2023-06-03T23:00:00Z,Atlético,home,Wanderers,55.0,55.0,55.0,1.0,True
2023_2023-06-03_Atlético_Ottawa_vs_HFX_Wanderers,2023,2023-06-03T23:00:00Z,Wanderers,away,Atlético,55.0,55.0,55.0,1.0,True
2023_2023-06-04_Valour_vs_York_United,2023,2023-06-04T19:00:00Z,Valour,home,York,55.0,55.0,55.0,1.0,True
2023_2023-06-04_Valour_vs_York_United,2023,2023-06-04T19:00:00Z,York,away,Valour,55.0,55.0,55.0,1.0,True
2023_2023-06-09_York_United_vs_Atlético_Ottawa,2023,2023-06-09T23:30:00Z,Atlético,away,York,55.0,55.0,55.0,1.0,True
2023_2023-06-09_York_United_vs_Atlético_Ottawa,2023,2023-06-09T23:30:00Z,York,home,Atlético,55.0,55.0,55.0,1.0,True
2023_2023-06-10_HFX_Wanderers_vs_Valour,2023,2023-06-10T17:00:00Z,Valour,away,Wanderers,55.0,55.0,55.0,1.0,True
2023_2023-06-10_HFX_Wanderers_vs_Valour,2023,2023-06-10T17:00:00Z,Wanderers,home,Valour,55.0,55.0,55.0,1.0,True
2023_2023-06-10_Forge_vs_Pacific,2023,2023-06-10T23:00:00Z,Forge,home,Pacific,16785.5909,16785.5909,16785.5909,1.0,True
2023_2023-06-10_Forge_vs_Pacific,2023,2023-06-10T23:00:00Z,Pacific,away,Forge,16522.7506,16522.7506,16522.7506,1.0,True
2023_2023-06-11_Cavalry_vs_Vancouver_FC,2023,2023-06-11T21:00:00Z,Cavalry,home,Vancouver,55.0,55.0,55.0,1.0,True
2023_2023-06-11_Cavalry_vs_Vancouver_FC,2023,2023-06-11T21:00:00Z,Vancouver,away,Cavalry,54.9994,54.9994,54.9994,1.0,True
2023_2023-06-17_Valour_vs_Forge,2023,2023-06-17T00:00:00Z,Forge,away,Valour,16639.2017,16639.2017,16639.2017,1.0,True
2023_2023-06-17_Valour_vs_Forge,2023,2023-06-17T00:00:00Z,Valour,home,Forge,16254.2231,16254.2231,16254.2231,1.0,True
2023_2023-06-17_Atlético_Ottawa_vs_Vancouver_FC,2023,2023-06-17T18:00:00Z,Atlético,home,Vancouver,55.0,55.0,55.0,1.0,True
2023_2023-06-17_Atlético_Ottawa_vs_Vancouver_FC,2023,2023-06-17T18:00:00Z,Vancouver,away,Atlético,54.9994,54.9994,54.9994,1.0,True
2023_2023-06-17_HFX_Wanderers_vs_Cavalry,2023,2023-06-17T18:00:00Z,Cavalry,away,Wanderers,55.0,55.0,55.0,1.0,True
2023_2023-06-17_HFX_Wanderers_vs_Cavalry,2023,2023-06-17T18:00:00Z,Wanderers,home,Cavalry,55.0,55.0,55.0,1.0,True
2023_2023-06-18_Pacific_vs_York_United,2023,2023-06-18T20:00:00Z,Pacific,home,York,55.0,55.0,55.0,1.0,True
2023_2023-06-18_Pacific_vs_York_United,2023,2023-06-18T20:00:00Z,York,away,Pacific,55.0,55.0,55.0,1.0,True
2023_2023-06-21_Vancouver_FC_vs_Forge,2023,2023-06-21T02:00:00Z,Forge,away,Vancouver,55.0,55.0,55.0,1.0,True
2023_2023-06-21_Vancouver_FC_vs_Forge,2023,2023-06-21T02:00:00Z,Vancouver,home,Forge,54.9994,54.9994,54.9994,1.0,True
2023_2023-06-21_York_United_vs_HFX_Wanderers,2023,2023-06-21T23:00:00Z,Wanderers,away,York,55.0,55.0,55.0,1.0,True
2023_2023-06-21_York_United_vs_HFX_Wanderers,2023,2023-06-21T23:00:00Z,York,home,Wanderers,55.0,55.0,55.0,1.0,True
2023_2023-06-22_Pacific_vs_Valour,2023,2023-06-22T02:00:00Z,Pacific,home,Valour,16669.1399,16669.1399,16669.1399,1.0,True
2023_2023-06-22_Pacific_vs_Valour,2023,2023-06-22T02:00:00Z,Valour,away,Pacific,16380.5674,16380.5674,16380.5674,1.0,True
2023_2023-06-24_Cavalry_vs_York_United,2023,2023-06-24T21:00:00Z,Cavalry,home,York,55.0,55.0,55.0,1.0,True
2023_2023-06-24_Cavalry_vs_York_United,2023,2023-06-24T21:00:00Z,York,away,Cavalry,55.0,55.0,55.0,1.0,True
2023_2023-06-25_Valour_vs_Vancouver_FC,2023,2023-06-25T19:00:00Z,Valour,home,Vancouver,55.0,55.0,55.0,1.0,True
2023_2023-06-25_Valour_vs_Vancouver_FC,2023,2023-06-25T19:00:00Z,Vancouver,away,Valour,54.9994,54.9994,54.9994,1.0,True
2023_2023-06-25_Forge_vs_Atlético_Ottawa,2023,2023-06-25T22:00:00Z,Atlético,away,Forge,55.0,55.0,55.0,1.0,True
2023_2023-06-25_Forge_vs_Atlético_Ottawa,2023,2023-06-25T22:00:00Z,Forge,home,Atlético,55.0,55.0,55.0,1.0,True
2023_2023-06-30_HFX_Wanderers_vs_Forge,2023,2023-06-30T22:00:00Z,Forge,away,Wanderers,55.0,55.0,55.0,1.0,True
2023_2023-06-30_HFX_Wanderers_vs_Forge,2023,2023-06-30T22:00:00Z,Wanderers,home,Forge,55.0,55.0,55.0,1.0,True
2023_2023-07-01_Pacific_vs_Atlético_Ottawa,2023,2023-07-01T01:30:00Z,Atlético,away,Pacific,55.0,55.0,55.0,1.0,True
2023_2023-07-01_Pacific_vs_Atlético_Ottawa,2023,2023-07-01T01:30:00Z,Pacific,home,Atlético,55.0,55.0,55.0,1.0,True
2023_2023-07-01_Valour_vs_Cavalry,2023,2023-07-01T19:00:00Z,Cavalry,away,Valour,16611.034,16611.034,16611.034,1.0,True
2023_2023-07-01_Valour_vs_Cavalry,2023,2023-07-01T19:00:00Z,Valour,home,Cavalry,16285.699,16285.699,16285.699,1.0,True
2023_2023-07-02_Vancouver_FC_vs_York_United,2023,2023-07-02T20:30:00Z,Vancouver,home,York,54.9994,54.9994,54.9994,1.0,True
2023_2023-07-02_Vancouver_FC_vs_York_United,2023,2023-07-02T20:30:00Z,York,away,Vancouver,55.0,55.0,55.0,1.0,True
2023_2023-07-08_Vancouver_FC_vs_HFX_Wanderers,2023,2023-07-08T02:00:00Z,Vancouver,home,Wanderers,54.9994,54.9994,54.9994,1.0,True
2023_2023-07-08_Vancouver_FC_vs_HFX_Wanderers,2023,2023-07-08T02:00:00Z,Wanderers,away,Vancouver,55.0,55.0,55.0,1.0,True
2023_2023-07-09_Pacific_vs_Cavalry,2023,2023-07-09T01:00:00Z,Cavalry,away,Pacific,16750.7848,16750.7848,16750.7848,1.0,True
2023_2023-07-09_Pacific_vs_Cavalry,2023,2023-07-09T01:00:00Z,Pacific,home,Cavalry,16764.0082,16764.0082,16764.0082,1.0,True
2023_2023-07-09_Atlético_Ottawa_vs_Valour,2023,2023-07-09T19:00:00Z,Atlético,home,Valour,55.0,55.0,55.0,1.0,True
2023_2023-07-09_Atlético_Ottawa_vs_Valour,2023,2023-07-09T19:00:00Z,Valour,away,Atlético,55.0,55.0,55.0,1.0,True
2023_2023-07-09_York_United_vs_Forge,2023,2023-07-09T23:30:00Z,Forge,away,York,55.0,55.0,55.0,1.0,True
2023_2023-07-09_York_United_vs_Forge,2023,2023-07-09T23:30:00Z,York,home,Forge,55.0,55.0,55.0,1.0,True
2023_2023-07-11_HFX_Wanderers_vs_Pacific,2023,2023-07-11T23:00:00Z,Pacific,away,Wanderers,55.0,55.0,55.0,1.0,True
2023_2023-07-11_HFX_Wanderers_vs_Pacific,2023,2023-07-11T23:00:00Z,Wanderers,home,Pacific,55.0,55.0,55.0,1.0,True
2023_2023-07-13_Cavalry_vs_Atlético_Ottawa,2023,2023-07-13T00:30:00Z,Atlético,away,Cavalry,55.0,55.0,55.0,1.0,True
2023_2023-07-13_Cavalry_vs_Atlético_Ottawa,2023,2023-07-13T00:30:00Z,Cavalry,home,Atlético,55.0,55.0,55.0,1.0,True
2023_2023-07-14_York_United_vs_Pacific,2023,2023-07-14T23:30:00Z,Pacific,away,York,55.0,55.0,55.0,1.0,True
2023_2023-07-14_York_United_vs_Pacific,2023,2023-07-14T23:30:00Z,York,home,Pacific,55.0,55.0,55.0,1.0,True
2023_2023-07-15_Cavalry_vs_HFX_Wanderers,2023,2023-07-15T20:00:00Z,Cavalry,home,Wanderers,55.0,55.0,55.0,1.0,True
2023_2023-07-15_Cavalry_vs_HFX_Wanderers,2023,2023-07-15T20:00:00Z,Wanderers,away,Cavalry,55.0,55.0,55.0,1.0,True
2023_2023-07-15_Forge_vs_Valour,2023,2023-07-15T23:00:00Z,Forge,home,Valour,16512.8574,16512.8574,16512.8574,1.0,True
2023_2023-07-15_Forge_vs_Valour,2023,2023-07-15T23:00:00Z,Valour,away,Forge,16145.9483,16145.9483,16145.9483,1.0,True
2023_2023-07-16_Atlético_Ottawa_vs_Vancouver_FC,2023,2023-07-16T18:00:00Z,Atlético,home,Vancouver,55.0,55.0,55.0,1.0,True
2023_2023-07-16_Atlético_Ottawa_vs_Vancouver_FC,2023,2023-07-16T18:00:00Z,Vancouver,away,Atlético,54.9994,54.9994,54.9994,1.0,True
2023_2023-07-22_Pacific_vs_Forge,2023,2023-07-22T02:00:00Z,Forge,away,Pacific,16486.9297,16486.9297,16486.9297,1.0,True
2023_2023-07-22_Pacific_vs_Forge,2023,2023-07-22T02:00:00Z,Pacific,home,Forge,16625.3042,16625.3042,16625.3042,1.0,True
2023_2023-07-22_Vancouver_FC_vs_Cavalry,2023,2023-07-22T23:00:00Z,Cavalry,away,Vancouver,55.0,55.0,55.0,1.0,True
2023_2023-07-22_Vancouver_FC_vs_Cavalry,2023,2023-07-22T23:00:00Z,Vancouver,home,Cavalry,54.9994,54.9994,54.9994,1.0,True
2023_2023-07-23_HFX_Wanderers_vs_Atlético_Ottawa,2023,2023-07-23T20:00:00Z,Atlético,away,Wanderers,55.0,55.0,55.0,1.0,True
2023_2023-07-23_HFX_Wanderers_vs_Atlético_Ottawa,2023,2023-07-23T20:00:00Z,Wanderers,home,Atlético,55.0,55.0,55.0,1.0,True
2023_2023-07-23_Valour_vs_York_United,2023,2023-07-23T23:00:00Z,Valour,home,York,55.0,55.0,55.0,1.0,True
2023_2023-07-23_Valour_vs_York_United,2023,2023-07-23T23:00:00Z,York,away,Valour,55.0,55.0,55.0,1.0,True
2023_2023-07-28_Forge_vs_Vancouver_FC,2023,2023-07-28T23:00:00Z,Forge,home,Vancouver,55.0,55.0,55.0,1.0,True
2023_2023-07-28_Forge_vs_Vancouver_FC,2023,2023-07-28T23:00:00Z,Vancouver,away,Forge,54.9994,54.9994,54.9994,1.0,True
2023_2023-07-29_Valour_vs_Pacific,2023,2023-07-29T20:00:00Z,Pacific,away,Valour,16469.8216,16469.8216,16469.8216,1.0,True
2023_2023-07-29_Valour_vs_Pacific,2023,2023-07-29T20:00:00Z,Valour,home,Pacific,16171.8759,16171.8759,16171.8759,1.0,True
2023_2023-07-29_Atlético_Ottawa_vs_Cavalry,2023,2023-07-29T23:00:00Z,Atlético,home,Cavalry,55.0,55.0,55.0,1.0,True
2023_2023-07-29_Atlético_Ottawa_vs_Cavalry,2023,2023-07-29T23:00:00Z,Cavalry,away,Atlético,55.0,55.0,55.0,1.0,True
2023_2023-07-30_York_United_vs_HFX_Wanderers,2023,2023-07-30T18:00:00Z,Wanderers,away,York,55.0,55.0,55.0,1.0,True
2023_2023-07-30_York_United_vs_HFX_Wanderers,2023,2023-07-30T18:00:00Z,York,home,Wanderers,55.0,55.0,55.0,1.0,True
2023_2023-08-05_Cavalry_vs_Forge,2023,2023-08-05T01:00:00Z,Cavalry,home,Forge,16889.4887,16889.4887,16889.4887,1.0,True
2023_2023-08-05_Cavalry_vs_Forge,2023,2023-08-05T01:00:00Z,Forge,away,Cavalry,16642.4124,16642.4124,16642.4124,1.0,True
2023_2023-08-05_Atlético_Ottawa_vs_York_United,2023,2023-08-05T23:00:00Z,Atlético,home,York,55.0,55.0,55.0,1.0,True
2023_2023-08-05_Atlético_Ottawa_vs_York_United,2023,2023-08-05T23:00:00Z,York,away,Atlético,55.0,55.0,55.0,1.0,True
2023_2023-08-06_Vancouver_FC_vs_Valour,2023,2023-08-06T21:00:00Z,Valour,away,Vancouver,55.0,55.0,55.0,1.0,True
2023_2023-08-06_Vancouver_FC_vs_Valour,2023,2023-08-06T21:00:00Z,Vancouver,home,Valour,54.9994,54.9994,54.9994,1.0,True
2023_2023-08-07_HFX_Wanderers_vs_Pacific,2023,2023-08-07T18:00:00Z,Pacific,away,Wanderers,55.0,55.0,55.0,1.0,True
2023_2023-08-07_HFX_Wanderers_vs_Pacific,2023,2023-08-07T18:00:00Z,Wanderers,home,Pacific,55.0,55.0,55.0,1.0,True
2023_2023-08-12_Valour_vs_Cavalry,2023,2023-08-12T00:00:00Z,Cavalry,away,Valour,17003.1315,17003.1315,17003.1315,1.0,True
2023_2023-08-12_Valour_vs_Cavalry,2023,2023-08-12T00:00:00Z,Valour,home,Cavalry,16019.4585,16019.4585,16019.4585,1.0,True
2023_2023-08-12_HFX_Wanderers_vs_Vancouver_FC,2023,2023-08-12T19:00:00Z,Vancouver,away,Wanderers,54.9994,54.9994,54.9994,1.0,True
2023_2023-08-12_HFX_Wanderers_vs_Vancouver_FC,2023,2023-08-12T19:00:00Z,Wanderers,home,Vancouver,55.0,55.0,55.0,1.0,True
2023_2023-08-12_Forge_vs_York_United,2023,2023-08-12T23:00:00Z,Forge,home,York,55.0,55.0,55.0,1.0,True
2023_2023-08-12_Forge_vs_York_United,2023,2023-08-12T23:00:00Z,York,away,Forge,55.0,55.0,55.0,1.0,True
2023_2023-08-13_Pacific_vs_Atlético_Ottawa,2023,2023-08-13T20:30:00Z,Atlético,away,Pacific,55.0,55.0,55.0,1.0,True
2023_2023-08-13_Pacific_vs_Atlético_Ottawa,2023,2023-08-13T20:30:00Z,Pacific,home,Atlético,55.0,55.0,55.0,1.0,True
2023_2023-08-19_Valour_vs_Atlético_Ottawa,2023,2023-08-19T00:00:00Z,Atlético,away,Valour,55.0,55.0,55.0,1.0,True
2023_2023-08-19_Valour_vs_Atlético_Ottawa,2023,2023-08-19T00:00:00Z,Valour,home,Atlético,55.0,55.0,55.0,1.0,True
2023_2023-08-19_Vancouver_FC_vs_Pacific,2023,2023-08-19T20:00:00Z,Pacific,away,Vancouver,55.0,55.0,55.0,1.0,True
2023_2023-08-19_Vancouver_FC_vs_Pacific,2023,2023-08-19T20:00:00Z,Vancouver,home,Pacific,54.9994,54.9994,54.9994,1.0,True
2023_2023-08-19_Forge_vs_HFX_Wanderers,2023,2023-08-19T23:00:00Z,Forge,home,Wanderers,55.0,55.0,55.0,1.0,True
2023_2023-08-19_Forge_vs_HFX_Wanderers,2023,2023-08-19T23:00:00Z,Wanderers,away,Forge,55.0,55.0,55.0,1.0,True
2023_2023-08-20_Cavalry_vs_York_United,2023,2023-08-20T21:00:00Z,Cavalry,home,York,55.0,55.0,55.0,1.0,True
2023_2023-08-20_Cavalry_vs_York_United,2023,2023-08-20T21:00:00Z,York,away,Cavalry,55.0,55.0,55.0,1.0,True
2023_2023-08-25_York_United_vs_Vancouver_FC,2023,2023-08-25T23:30:00Z,Vancouver,away,York,54.9994,54.9994,54.9994,1.0,True
2023_2023-08-25_York_United_vs_Vancouver_FC,2023,2023-08-25T23:30:00Z,York,home,Vancouver,55.0,55.0,55.0,1.0,True
2023_2023-08-26_HFX_Wanderers_vs_Valour,2023,2023-08-26T19:00:00Z,Valour,away,Wanderers,55.0,55.0,55.0,1.0,True
2023_2023-08-26_HFX_Wanderers_vs_Valour,2023,2023-08-26T19:00:00Z,Wanderers,home,Valour,55.0,55.0,55.0,1.0,True
2023_2023-08-26_Atlético_Ottawa_vs_Forge,2023,2023-08-26T23:00:00Z,Atlético,home,Forge,55.0,55.0,55.0,1.0,True
2023_2023-08-26_Atlético_Ottawa_vs_Forge,2023,2023-08-26T23:00:00Z,Forge,away,Atlético,55.0,55.0,55.0,1.0,True
2023_2023-08-27_Cavalry_vs_Pacific,2023,2023-08-27T21:00:00Z,Cavalry,home,Pacific,16868.4598,16868.4598,16868.4598,1.0,True
2023_2023-08-27_Cavalry_vs_Pacific,2023,2023-08-27T21:00:00Z,Pacific,away,Cavalry,16622.2391,16622.2391,16622.2391,1.0,True
2023_2023-09-02_Pacific_vs_Valour,2023,2023-09-02T20:00:00Z,Pacific,home,Valour,16526.0894,16526.0894,16526.0894,1.0,True
2023_2023-09-02_Pacific_vs_Valour,2023,2023-09-02T20:00:00Z,Valour,away,Pacific,16154.1302,16154.1302,16154.1302,1.0,True
2023_2023-09-02_Atlético_Ottawa_vs_Cavalry,2023,2023-09-02T23:00:00Z,Atlético,home,Cavalry,55.0,55.0,55.0,1.0,True
2023_2023-09-02_Atlético_Ottawa_vs_Cavalry,2023,2023-09-02T23:00:00Z,Cavalry,away,Atlético,55.0,55.0,55.0,1.0,True
2023_2023-09-03_Vancouver_FC_vs_Forge,2023,2023-09-03T21:00:00Z,Forge,away,Vancouver,55.0,55.0,55.0,1.0,True
2023_2023-09-03_Vancouver_FC_vs_Forge,2023,2023-09-03T21:00:00Z,Vancouver,home,Forge,54.9994,54.9994,54.9994,1.0,True
2023_2023-09-04_HFX_Wanderers_vs_York_United,2023,2023-09-04T18:00:00Z,Wanderers,home,York,55.0,55.0,55.0,1.0,True
2023_2023-09-04_HFX_Wanderers_vs_York_United,2023,2023-09-04T18:00:00Z,York,away,Wanderers,55.0,55.0,55.0,1.0,True
2023_2023-09-08_York_United_vs_Valour,2023,2023-09-08T23:00:00Z,Valour,away,York,55.0,55.0,55.0,1.0,True
2023_2023-09-08_York_United_vs_Valour,2023,2023-09-08T23:00:00Z,York,home,Valour,55.0,55.0,55.0,1.0,True
2023_2023-09-09_Pacific_vs_HFX_Wanderers,2023,2023-09-09T02:00:00Z,Pacific,home,Wanderers,55.0,55.0,55.0,1.0,True
2023_2023-09-09_Pacific_vs_HFX_Wanderers,2023,2023-09-09T02:00:00Z,Wanderers,away,Pacific,55.0,55.0,55.0,1.0,True
2023_2023-09-09_Forge_vs_Cavalry,2023,2023-09-09T23:00:00Z,Cavalry,away,Forge,16964.6096,16964.6096,16964.6096,1.0,True
2023_2023-09-09_Forge_vs_Cavalry,2023,2023-09-09T23:00:00Z,Forge,home,Cavalry,16528.7696,16528.7696,16528.7696,1.0,True
2023_2023-09-10_Vancouver_FC_vs_Atlético_Ottawa,2023,2023-09-10T02:00:00Z,Atlético,away,Vancouver,55.0,55.0,55.0,1.0,True
2023_2023-09-10_Vancouver_FC_vs_Atlético_Ottawa,2023,2023-09-10T02:00:00Z,Vancouver,home,Atlético,54.9994,54.9994,54.9994,1.0,True
2023_2023-09-12_HFX_Wanderers_vs_Cavalry,2023,2023-09-12T22:00:00Z,Cavalry,away,Wanderers,55.0,55.0,55.0,1.0,True
2023_2023-09-12_HFX_Wanderers_vs_Cavalry,2023,2023-09-12T22:00:00Z,Wanderers,home,Cavalry,55.0,55.0,55.0,1.0,True
2023_2023-09-13_Atlético_Ottawa_vs_Pacific,2023,2023-09-13T21:30:00Z,Atlético,home,Pacific,55.0,55.0,55.0,1.0,True
2023_2023-09-13_Atlético_Ottawa_vs_Pacific,2023,2023-09-13T21:30:00Z,Pacific,away,Atlético,55.0,55.0,55.0,1.0,True
2023_2023-09-16_Cavalry_vs_Vancouver_FC,2023,2023-09-16T21:00:00Z,Cavalry,home,Vancouver,55.0,55.0,55.0,1.0,True
2023_2023-09-16_Cavalry_vs_Vancouver_FC,2023,2023-09-16T21:00:00Z,Vancouver,away,Cavalry,54.9994,54.9994,54.9994,1.0,True
2023_2023-09-17_Valour_vs_Forge,2023,2023-09-17T18:00:00Z,Forge,away,Valour,16525.4511,16525.4511,16525.4511,1.0,True
2023_2023-09-17_Valour_vs_Forge,2023,2023-09-17T18:00:00Z,Valour,home,Forge,16061.7665,16061.7665,16061.7665,1.0,True
2023_2023-09-17_York_United_vs_Pacific,2023,2023-09-17T21:00:00Z,Pacific,away,York,55.0,55.0,55.0,1.0,True
2023_2023-09-17_York_United_vs_Pacific,2023,2023-09-17T21:00:00Z,York,home,Pacific,55.0,55.0,55.0,1.0,True
2023_2023-09-18_HFX_Wanderers_vs_Atlético_Ottawa,2023,2023-09-18T22:00:00Z,Atlético,away,Wanderers,55.0,55.0,55.0,1.0,True
2023_2023-09-18_HFX_Wanderers_vs_Atlético_Ottawa,2023,2023-09-18T22:00:00Z,Wanderers,home,Atlético,55.0,55.0,55.0,1.0,True
2023_2023-09-21_Valour_vs_Vancouver_FC,2023,2023-09-21T00:00:00Z,Valour,home,Vancouver,55.0,55.0,55.0,1.0,True
2023_2023-09-21_Valour_vs_Vancouver_FC,2023,2023-09-21T00:00:00Z,Vancouver,away,Valour,54.9994,54.9994,54.9994,1.0,True
2023_2023-09-23_York_United_vs_Cavalry,2023,2023-09-23T17:00:00Z,Cavalry,away,York,55.0,55.0,55.0,1.0,True
2023_2023-09-23_York_United_vs_Cavalry,2023,2023-09-23T17:00:00Z,York,home,Cavalry,55.0,55.0,55.0,1.0,True
2023_2023-09-23_Vancouver_FC_vs_HFX_Wanderers,2023,2023-09-23T20:00:00Z,Vancouver,home,Wanderers,54.9994,54.9994,54.9994,1.0,True
2023_2023-09-23_Vancouver_FC_vs_HFX_Wanderers,2023,2023-09-23T20:00:00Z,Wanderers,away,Vancouver,55.0,55.0,55.0,1.0,True
2023_2023-09-23_Forge_vs_Pacific,2023,2023-09-23T23:00:00Z,Forge,home,Pacific,16649.1463,16649.1463,16649.1463,1.0,True
2023_2023-09-23_Forge_vs_Pacific,2023,2023-09-23T23:00:00Z,Pacific,away,Forge,16618.453,16618.453,16618.453,1.0,True
2023_2023-09-24_Atlético_Ottawa_vs_Valour,2023,2023-09-24T18:00:00Z,Atlético,home,Valour,55.0,55.0,55.0,1.0,True
2023_2023-09-24_Atlético_Ottawa_vs_Valour,2023,2023-09-24T18:00:00Z,Valour,away,Atlético,55.0,55.0,55.0,1.0,True
2023_2023-09-30_Cavalry_vs_Valour,2023,2023-09-30T01:00:00Z,Cavalry,home,Valour,16967.928,16967.928,16967.928,1.0,True
2023_2023-09-30_Cavalry_vs_Valour,2023,2023-09-30T01:00:00Z,Valour,away,Cavalry,15938.0713,15938.0713,15938.0713,1.0,True
2023_2023-09-30_HFX_Wanderers_vs_Forge,2023,2023-09-30T18:00:00Z,Forge,away,Wanderers,55.0,55.0,55.0,1.0,True
2023_2023-09-30_HFX_Wanderers_vs_Forge,2023,2023-09-30T18:00:00Z,Wanderers,home,Forge,55.0,55.0,55.0,1.0,True
2023_2023-09-30_Pacific_vs_Vancouver_FC,2023,2023-09-30T21:00:00Z,Pacific,home,Vancouver,55.0,55.0,55.0,1.0,True
2023_2023-09-30_Pacific_vs_Vancouver_FC,2023,2023-09-30T21:00:00Z,Vancouver,away,Pacific,54.9994,54.9994,54.9994,1.0,True
2023_2023-10-01_York_United_vs_Atlético_Ottawa,2023,2023-10-01T17:00:00Z,Atlético,away,York,55.0,55.0,55.0,1.0,True
2023_2023-10-01_York_United_vs_Atlético_Ottawa,2023,2023-10-01T17:00:00Z,York,home,Atlético,55.0,55.0,55.0,1.0,True
2023_2023-10-06_Valour_vs_HFX_Wanderers,2023,2023-10-06T23:30:00Z,Valour,home,Wanderers,55.0,55.0,55.0,1.0,True
2023_2023-10-06_Valour_vs_HFX_Wanderers,2023,2023-10-06T23:30:00Z,Wanderers,away,Valour,55.0,55.0,55.0,1.0,True
2023_2023-10-07_Vancouver_FC_vs_York_United,2023,2023-10-07T02:30:00Z,Vancouver,home,York,54.9994,54.9994,54.9994,1.0,True
2023_2023-10-07_Vancouver_FC_vs_York_United,2023,2023-10-07T02:30:00Z,York,away,Vancouver,55.0,55.0,55.0,1.0,True
2023_2023-10-07_Cavalry_vs_Pacific,2023,2023-10-07T21:00:00Z,Cavalry,home,Pacific,17041.5759,17041.5759,17041.5759,1.0,True
2023_2023-10-07_Cavalry_vs_Pacific,2023,2023-10-07T21:00:00Z,Pacific,away,Cavalry,16506.396,16506.396,16506.396,1.0,True
2023_2023-10-07_Forge_vs_Atlético_Ottawa,2023,2023-10-07T21:00:00Z,Atlético,away,Forge,55.0,55.0,55.0,1.0,True
2023_2023-10-07_Forge_vs_Atlético_Ottawa,2023,2023-10-07T21:00:00Z,Forge,home,Atlético,55.0,55.0,55.0,1.0,True
2023_2023-10-12_Pacific_vs_York_United,2023,2023-10-12T02:00:00Z,Pacific,home,York,55.0,55.0,55.0,1.0,True
2023_2023-10-12_Pacific_vs_York_United,2023,2023-10-12T02:00:00Z,York,away,Pacific,55.0,55.0,55.0,1.0,True
2023_2023-10-14_HFX_Wanderers_vs_Pacific,2023,2023-10-14T18:00:00Z,Pacific,away,Wanderers,55.0,55.0,55.0,1.0,True
2023_2023-10-14_HFX_Wanderers_vs_Pacific,2023,2023-10-14T18:00:00Z,Wanderers,home,Pacific,55.0,55.0,55.0,1.0,True
2023_2023-10-14_Cavalry_vs_Forge,2023,2023-10-14T21:00:00Z,Cavalry,home,Forge,17145.0289,17145.0289,17145.0289,1.0,True
2023_2023-10-14_Cavalry_vs_Forge,2023,2023-10-14T21:00:00Z,Forge,away,Cavalry,16761.2033,16761.2033,16761.2033,1.0,True
2023_2023-10-21_Cavalry_vs_Pacific,2023,2023-10-21T20:00:00Z,Cavalry,home,Pacific,16995.0731,16995.0731,16995.0731,1.0,True
2023_2023-10-21_Cavalry_vs_Pacific,2023,2023-10-21T20:00:00Z,Pacific,away,Cavalry,16402.9431,16402.9431,16402.9431,1.0,True
2023_2023-10-28_Forge_vs_Cavalry,2023,2023-10-28T22:00:00Z,Cavalry,away,Forge,17080.952,17080.952,17080.952,1.0,True
2023_2023-10-28_Forge_vs_Cavalry,2023,2023-10-28T22:00:00Z,Forge,home,Cavalry,16911.1591,16911.1591,16911.1591,1.0,True
2024_2024-04-13_Atlético_Ottawa_vs_York_United,2024,2024-04-13T17:00:00Z,Atlético,home,York,55.0,55.0,55.0,1.0,True
2024_2024-04-13_Atlético_Ottawa_vs_York_United,2024,2024-04-13T17:00:00Z,York,away,Atlético,55.0,55.0,55.0,1.0,True
2024_2024-04-13_Forge_vs_Cavalry,2024,2024-04-13T20:00:00Z,Cavalry,away,Forge,16865.738,16865.738,16865.738,1.0,True
2024_2024-04-13_Forge_vs_Cavalry,2024,2024-04-13T20:00:00Z,Forge,home,Cavalry,16823.1809,16823.1809,16823.1809,1.0,True
2024_2024-04-13_Pacific_vs_HFX_Wanderers,2024,2024-04-13T23:00:00Z,Pacific,home,Wanderers,54.9994,54.9994,54.9994,1.0,True
2024_2024-04-13_Pacific_vs_HFX_Wanderers,2024,2024-04-13T23:00:00Z,Wanderers,away,Pacific,55.0,55.0,55.0,1.0,True
2024_2024-04-14_Vancouver_FC_vs_Valour,2024,2024-04-14T23:00:00Z,Valour,away,Vancouver,55.0,55.0,55.0,1.0,True
2024_2024-04-14_Vancouver_FC_vs_Valour,2024,2024-04-14T23:00:00Z,Vancouver,home,Valour,55.0,55.0,55.0,1.0,True
2024_2024-04-19_Vancouver_FC_vs_HFX_Wanderers,2024,2024-04-19T02:00:00Z,Vancouver,home,Wanderers,55.0,55.0,55.0,1.0,True
2024_2024-04-19_Vancouver_FC_vs_HFX_Wanderers,2024,2024-04-19T02:00:00Z,Wanderers,away,Vancouver,55.0,55.0,55.0,1.0,True
2024_2024-04-20_Pacific_vs_Valour,2024,2024-04-20T02:00:00Z,Pacific,home,Valour,16444.2678,16444.2678,16444.2678,1.0,True
2024_2024-04-20_Pacific_vs_Valour,2024,2024-04-20T02:00:00Z,Valour,away,Pacific,16175.4856,16175.4856,16175.4856,1.0,True
2024_2024-04-20_Atlético_Ottawa_vs_Cavalry,2024,2024-04-20T18:00:00Z,Atlético,home,Cavalry,55.0,55.0,55.0,1.0,True
2024_2024-04-20_Atlético_Ottawa_vs_Cavalry,2024,2024-04-20T18:00:00Z,Cavalry,away,Atlético,55.0,55.0,55.0,1.0,True
2024_2024-04-21_York_United_vs_Forge,2024,2024-04-21T20:00:00Z,Forge,away,York,55.0006,55.0006,55.0006,1.0,True
2024_2024-04-21_York_United_vs_Forge,2024,2024-04-21T20:00:00Z,York,home,Forge,55.0,55.0,55.0,1.0,True
2024_2024-04-26_York_United_vs_Vancouver_FC,2024,2024-04-26T23:00:00Z,Vancouver,away,York,55.0,55.0,55.0,1.0,True
2024_2024-04-26_York_United_vs_Vancouver_FC,2024,2024-04-26T23:00:00Z,York,home,Vancouver,55.0,55.0,55.0,1.0,True
2024_2024-04-27_HFX_Wanderers_vs_Atlético_Ottawa,2024,2024-04-27T17:00:00Z,Atlético,away,Wanderers,55.0,55.0,55.0,1.0,True
2024_2024-04-27_HFX_Wanderers_vs_Atlético_Ottawa,2024,2024-04-27T17:00:00Z,Wanderers,home,Atlético,55.0,55.0,55.0,1.0,True
2024_2024-04-27_Forge_vs_Valour,2024,2024-04-27T20:00:00Z,Forge,home,Valour,16928.3166,16928.3166,16928.3166,1.0,True
2024_2024-04-27_Forge_vs_Valour,2024,2024-04-27T20:00:00Z,Valour,away,Forge,16071.5562,16071.5562,16071.5562,1.0,True
2024_2024-04-28_Cavalry_vs_Pacific,2024,2024-04-28T21:00:00Z,Cavalry,home,Pacific,16760.6033,16760.6033,16760.6033,1.0,True
2024_2024-04-28_Cavalry_vs_Pacific,2024,2024-04-28T21:00:00Z,Pacific,away,Cavalry,16548.1961,16548.1961,16548.1961,1.0,True
2024_2024-05-04_Cavalry_vs_Vancouver_FC,2024,2024-05-04T01:00:00Z,Cavalry,home,Vancouver,55.0,55.0,55.0,1.0,True
2024_2024-05-04_Cavalry_vs_Vancouver_FC,2024,2024-05-04T01:00:00Z,Vancouver,away,Cavalry,55.0,55.0,55.0,1.0,True
2024_2024-05-04_Pacific_vs_York_United,2024,2024-05-04T23:00:00Z,Pacific,home,York,54.9994,54.9994,54.9994,1.0,True
2024_2024-05-04_Pacific_vs_York_United,2024,2024-05-04T23:00:00Z,York,away,Pacific,55.0,55.0,55.0,1.0,True
2024_2024-05-05_Atlético_Ottawa_vs_Valour,2024,2024-05-05T18:00:00Z,Atlético,home,Valour,55.0,55.0,55.0,1.0,True
2024_2024-05-05_Atlético_Ottawa_vs_Valour,2024,2024-05-05T18:00:00Z,Valour,away,Atlético,55.0,55.0,55.0,1.0,True
2024_2024-05-10_York_United_vs_Valour,2024,2024-05-10T23:00:00Z,Valour,away,York,55.0,55.0,55.0,1.0,True
2024_2024-05-10_York_United_vs_Valour,2024,2024-05-10T23:00:00Z,York,home,Valour,55.0,55.0,55.0,1.0,True
2024_2024-05-11_HFX_Wanderers_vs_Cavalry,2024,2024-05-11T18:00:00Z,Cavalry,away,Wanderers,55.0,55.0,55.0,1.0,True
2024_2024-05-11_HFX_Wanderers_vs_Cavalry,2024,2024-05-11T18:00:00Z,Wanderers,home,Cavalry,55.0,55.0,55.0,1.0,True
2024_2024-05-11_Pacific_vs_Forge,2024,2024-05-11T21:00:00Z,Forge,away,Pacific,17006.7821,17006.7821,17006.7821,1.0,True
2024_2024-05-11_Pacific_vs_Forge,2024,2024-05-11T21:00:00Z,Pacific,home,Forge,16569.6722,16569.6722,16569.6722,1.0,True
2024_2024-05-12_Vancouver_FC_vs_Atlético_Ottawa,2024,2024-05-12T23:00:00Z,Atlético,away,Vancouver,55.0,55.0,55.0,1.0,True
2024_2024-05-12_Vancouver_FC_vs_Atlético_Ottawa,2024,2024-05-12T23:00:00Z,Vancouver,home,Atlético,55.0,55.0,55.0,1.0,True
2024_2024-05-18_Pacific_vs_Atlético_Ottawa,2024,2024-05-18T02:00:00Z,Atlético,away,Pacific,55.0,55.0,55.0,1.0,True
2024_2024-05-18_Pacific_vs_Atlético_Ottawa,2024,2024-05-18T02:00:00Z,Pacific,home,Atlético,54.9994,54.9994,54.9994,1.0,True
2024_2024-05-18_Forge_vs_Vancouver_FC,2024,2024-05-18T20:00:00Z,Forge,home,Vancouver,55.0006,55.0006,55.0006,1.0,True
2024_2024-05-18_Forge_vs_Vancouver_FC,2024,2024-05-18T20:00:00Z,Vancouver,away,Forge,55.0,55.0,55.0,1.0,True
2024_2024-05-18_Cavalry_vs_York_United,2024,2024-05-18T23:00:00Z,Cavalry,home,York,55.0,55.0,55.0,1.0,True
2024_2024-05-18_Cavalry_vs_York_United,2024,2024-05-18T23:00:00Z,York,away,Cavalry,55.0,55.0,55.0,1.0,True
2024_2024-05-20_HFX_Wanderers_vs_Valour,2024,2024-05-20T19:00:00Z,Valour,away,Wanderers,55.0,55.0,55.0,1.0,True
2024_2024-05-20_HFX_Wanderers_vs_Valour,2024,2024-05-20T19:00:00Z,Wanderers,home,Valour,55.0,55.0,55.0,1.0,True
2024_2024-05-24_York_United_vs_HFX_Wanderers,2024,2024-05-24T23:00:00Z,Wanderers,away,York,55.0,55.0,55.0,1.0,True
2024_2024-05-24_York_United_vs_HFX_Wanderers,2024,2024-05-24T23:00:00Z,York,home,Wanderers,55.0,55.0,55.0,1.0,True
2024_2024-05-25_Atlético_Ottawa_vs_Forge,2024,2024-05-25T19:00:00Z,Atlético,home,Forge,55.0,55.0,55.0,1.0,True
2024_2024-05-25_Atlético_Ottawa_vs_Forge,2024,2024-05-25T19:00:00Z,Forge,away,Atlético,55.0006,55.0006,55.0006,1.0,True
2024_2024-05-25_Vancouver_FC_vs_Pacific,2024,2024-05-25T22:00:00Z,Pacific,away,Vancouver,54.9994,54.9994,54.9994,1.0,True
2024_2024-05-25_Vancouver_FC_vs_Pacific,2024,2024-05-25T22:00:00Z,Vancouver,home,Pacific,55.0,55.0,55.0,1.0,True
2024_2024-05-26_Cavalry_vs_Valour,2024,2024-05-26T21:00:00Z,Cavalry,home,Valour,16739.127,16739.127,16739.127,1.0,True
2024_2024-05-26_Cavalry_vs_Valour,2024,2024-05-26T21:00:00Z,Valour,away,Cavalry,15993.0915,15993.0915,15993.0915,1.0,True
2024_2024-06-01_Forge_vs_York_United,2024,2024-06-01T20:00:00Z,Forge,home,York,55.0006,55.0006,55.0006,1.0,True
2024_2024-06-01_Forge_vs_York_United,2024,2024-06-01T20:00:00Z,York,away,Forge,55.0,55.0,55.0,1.0,True
2024_2024-06-01_Pacific_vs_Cavalry,2024,2024-06-01T23:00:00Z,Cavalry,away,Pacific,16703.1912,16703.1912,16703.1912,1.0,True
2024_2024-06-01_Pacific_vs_Cavalry,2024,2024-06-01T23:00:00Z,Pacific,home,Cavalry,16566.1371,16566.1371,16566.1371,1.0,True
2024_2024-06-02_Atlético_Ottawa_vs_HFX_Wanderers,2024,2024-06-02T18:00:00Z,Atlético,home,Wanderers,55.0,55.0,55.0,1.0,True
2024_2024-06-02_Atlético_Ottawa_vs_HFX_Wanderers,2024,2024-06-02T18:00:00Z,Wanderers,away,Atlético,55.0,55.0,55.0,1.0,True
2024_2024-06-02_Valour_vs_Vancouver_FC,2024,2024-06-02T22:55:00Z,Valour,home,Vancouver,55.0,55.0,55.0,1.0,True
2024_2024-06-02_Valour_vs_Vancouver_FC,2024,2024-06-02T22:55:00Z,Vancouver,away,Valour,55.0,55.0,55.0,1.0,True
2024_2024-06-08_HFX_Wanderers_vs_Pacific,2024,2024-06-08T18:00:00Z,Pacific,away,Wanderers,54.9994,54.9994,54.9994,1.0,True
2024_2024-06-08_HFX_Wanderers_vs_Pacific,2024,2024-06-08T18:00:00Z,Wanderers,home,Pacific,55.0,55.0,55.0,1.0,True
2024_2024-06-08_Cavalry_vs_Forge,2024,2024-06-08T21:00:00Z,Cavalry,home,Forge,16715.2167,16715.2167,16715.2167,1.0,True
2024_2024-06-08_Cavalry_vs_Forge,2024,2024-06-08T21:00:00Z,Forge,away,Cavalry,17010.3173,17010.3173,17010.3173,1.0,True
2024_2024-06-09_Valour_vs_Atlético_Ottawa,2024,2024-06-09T17:30:00Z,Atlético,away,Valour,55.0,55.0,55.0,1.0,True
2024_2024-06-09_Valour_vs_Atlético_Ottawa,2024,2024-06-09T17:30:00Z,Valour,home,Atlético,55.0,55.0,55.0,1.0,True
2024_2024-06-09_York_United_vs_Vancouver_FC,2024,2024-06-09T22:00:00Z,Vancouver,away,York,55.0,55.0,55.0,1.0,True
2024_2024-06-09_York_United_vs_Vancouver_FC,2024,2024-06-09T22:00:00Z,York,home,Vancouver,55.0,55.0,55.0,1.0,True
2024_2024-06-15_Valour_vs_Pacific,2024,2024-06-15T00:00:00Z,Pacific,away,Valour,16554.1117,16554.1117,16554.1117,1.0,True
2024_2024-06-15_Valour_vs_Pacific,2024,2024-06-15T00:00:00Z,Valour,home,Pacific,16029.0273,16029.0273,16029.0273,1.0,True
2024_2024-06-15_Atlético_Ottawa_vs_York_United,2024,2024-06-15T17:00:00Z,Atlético,home,York,55.0,55.0,55.0,1.0,True
2024_2024-06-15_Atlético_Ottawa_vs_York_United,2024,2024-06-15T17:00:00Z,York,away,Atlético,55.0,55.0,55.0,1.0,True
2024_2024-06-15_HFX_Wanderers_vs_Forge,2024,2024-06-15T20:00:00Z,Forge,away,Wanderers,55.0006,55.0006,55.0006,1.0,True
2024_2024-06-15_HFX_Wanderers_vs_Forge,2024,2024-06-15T20:00:00Z,Wanderers,home,Forge,55.0,55.0,55.0,1.0,True
2024_2024-06-16_Vancouver_FC_vs_Cavalry,2024,2024-06-16T21:00:00Z,Cavalry,away,Vancouver,55.0,55.0,55.0,1.0,True
2024_2024-06-16_Vancouver_FC_vs_Cavalry,2024,2024-06-16T21:00:00Z,Vancouver,home,Cavalry,55.0,55.0,55.0,1.0,True
2024_2024-06-19_York_United_vs_Pacific,2024,2024-06-19T23:00:00Z,Pacific,away,York,54.9994,54.9994,54.9994,1.0,True
2024_2024-06-19_York_United_vs_Pacific,2024,2024-06-19T23:00:00Z,York,home,Pacific,55.0,55.0,55.0,1.0,True
2024_2024-06-22_Cavalry_vs_Atlético_Ottawa,2024,2024-06-22T01:00:00Z,Atlético,away,Cavalry,55.0,55.0,55.0,1.0,True
2024_2024-06-22_Cavalry_vs_Atlético_Ottawa,2024,2024-06-22T01:00:00Z,Cavalry,home,Atlético,55.0,55.0,55.0,1.0,True
2024_2024-06-23_Forge_vs_Valour,2024,2024-06-23T20:00:00Z,Forge,home,Valour,16897.4828,16897.4828,16897.4828,1.0,True
2024_2024-06-23_Forge_vs_Valour,2024,2024-06-23T20:00:00Z,Valour,away,Forge,15907.4455,15907.4455,15907.4455,1.0,True
2024_2024-06-23_Vancouver_FC_vs_HFX_Wanderers,2024,2024-06-23T23:00:00Z,Vancouver,home,Wanderers,55.0,55.0,55.0,1.0,True
2024_2024-06-23_Vancouver_FC_vs_HFX_Wanderers,2024,2024-06-23T23:00:00Z,Wanderers,away,Vancouver,55.0,55.0,55.0,1.0,True
2024_2024-06-27_Valour_vs_York_United,2024,2024-06-27T23:30:00Z,Valour,home,York,55.0,55.0,55.0,1.0,True
2024_2024-06-27_Valour_vs_York_United,2024,2024-06-27T23:30:00Z,York,away,Valour,55.0,55.0,55.0,1.0,True
2024_2024-06-28_Pacific_vs_Vancouver_FC,2024,2024-06-28T02:30:00Z,Pacific,home,Vancouver,54.9994,54.9994,54.9994,1.0,True
2024_2024-06-28_Pacific_vs_Vancouver_FC,2024,2024-06-28T02:30:00Z,Vancouver,away,Pacific,55.0,55.0,55.0,1.0,True
2024_2024-06-28_Atlético_Ottawa_vs_Forge,2024,2024-06-28T23:00:00Z,Atlético,home,Forge,55.0,55.0,55.0,1.0,True
2024_2024-06-28_Atlético_Ottawa_vs_Forge,2024,2024-06-28T23:00:00Z,Forge,away,Atlético,55.0006,55.0006,55.0006,1.0,True
2024_2024-07-01_HFX_Wanderers_vs_Cavalry,2024,2024-07-01T20:00:00Z,Cavalry,away,Wanderers,55.0,55.0,55.0,1.0,True
2024_2024-07-01_HFX_Wanderers_vs_Cavalry,2024,2024-07-01T20:00:00Z,Wanderers,home,Cavalry,55.0,55.0,55.0,1.0,True
2024_2024-07-05_Forge_vs_Vancouver_FC,2024,2024-07-05T23:00:00Z,Forge,home,Vancouver,55.0006,55.0006,55.0006,1.0,True
2024_2024-07-05_Forge_vs_Vancouver_FC,2024,2024-07-05T23:00:00Z,Vancouver,away,Forge,55.0,55.0,55.0,1.0,True
2024_2024-07-06_York_United_vs_HFX_Wanderers,2024,2024-07-06T20:00:00Z,Wanderers,away,York,55.0,55.0,55.0,1.0,True
2024_2024-07-06_York_United_vs_HFX_Wanderers,2024,2024-07-06T20:00:00Z,York,home,Wanderers,55.0,55.0,55.0,1.0,True
2024_2024-07-07_Atlético_Ottawa_vs_Pacific,2024,2024-07-07T17:00:00Z,Atlético,home,Pacific,55.0,55.0,55.0,1.0,True
2024_2024-07-07_Atlético_Ottawa_vs_Pacific,2024,2024-07-07T17:00:00Z,Pacific,away,Atlético,54.9994,54.9994,54.9994,1.0,True
2024_2024-07-07_Valour_vs_Cavalry,2024,2024-07-07T21:00:00Z,Cavalry,away,Valour,16828.0501,16828.0501,16828.0501,1.0,True
2024_2024-07-07_Valour_vs_Cavalry,2024,2024-07-07T21:00:00Z,Valour,home,Cavalry,15832.6328,15832.6328,15832.6328,1.0,True
2024_2024-07-13_Vancouver_FC_vs_Atlético_Ottawa,2024,2024-07-13T02:00:00Z,Atlético,away,Vancouver,55.0,55.0,55.0,1.0,True
2024_2024-07-13_Vancouver_FC_vs_Atlético_Ottawa,2024,2024-07-13T02:00:00Z,Vancouver,home,Atlético,55.0,55.0,55.0,1.0,True
2024_2024-07-13_Cavalry_vs_York_United,2024,2024-07-13T20:00:00Z,Cavalry,home,York,55.0,55.0,55.0,1.0,True
2024_2024-07-13_Cavalry_vs_York_United,2024,2024-07-13T20:00:00Z,York,away,Cavalry,55.0,55.0,55.0,1.0,True
2024_2024-07-14_Forge_vs_Pacific,2024,2024-07-14T23:00:00Z,Forge,home,Pacific,16972.2963,16972.2963,16972.2963,1.0,True
2024_2024-07-14_Forge_vs_Pacific,2024,2024-07-14T23:00:00Z,Pacific,away,Forge,16675.6922,16675.6922,16675.6922,1.0,True
2024_2024-07-18_HFX_Wanderers_vs_Valour,2024,2024-07-18T22:00:00Z,Valour,away,Wanderers,55.0,55.0,55.0,1.0,True
2024_2024-07-18_HFX_Wanderers_vs_Valour,2024,2024-07-18T22:00:00Z,Wanderers,home,Valour,55.0,55.0,55.0,1.0,True
2024_2024-07-20_Vancouver_FC_vs_York_United,2024,2024-07-20T22:00:00Z,Vancouver,home,York,55.0,55.0,55.0,1.0,True
2024_2024-07-20_Vancouver_FC_vs_York_United,2024,2024-07-20T22:00:00Z,York,away,Vancouver,55.0,55.0,55.0,1.0,True
2024_2024-07-21_Atlético_Ottawa_vs_Valour,2024,2024-07-21T18:00:00Z,Atlético,home,Valour,55.0,55.0,55.0,1.0,True
2024_2024-07-21_Atlético_Ottawa_vs_Valour,2024,2024-07-21T18:00:00Z,Valour,away,Atlético,55.0,55.0,55.0,1.0,True
2024_2024-07-21_Cavalry_vs_Forge,2024,2024-07-21T21:00:00Z,Cavalry,home,Forge,16935.0114,16935.0114,16935.0114,1.0,True
2024_2024-07-21_Cavalry_vs_Forge,2024,2024-07-21T21:00:00Z,Forge,away,Cavalry,17067.2244,17067.2244,17067.2244,1.0,True
2024_2024-07-26_York_United_vs_Atlético_Ottawa,2024,2024-07-26T23:00:00Z,Atlético,away,York,55.0,55.0,55.0,1.0,True
2024_2024-07-26_York_United_vs_Atlético_Ottawa,2024,2024-07-26T23:00:00Z,York,home,Atlético,55.0,55.0,55.0,1.0,True
2024_2024-07-27_Vancouver_FC_vs_Cavalry,2024,2024-07-27T02:00:00Z,Cavalry,away,Vancouver,55.0,55.0,55.0,1.0,True
2024_2024-07-27_Vancouver_FC_vs_Cavalry,2024,2024-07-27T02:00:00Z,Vancouver,home,Cavalry,55.0,55.0,55.0,1.0,True
2024_2024-07-27_Forge_vs_HFX_Wanderers,2024,2024-07-27T23:00:00Z,Forge,home,Wanderers,55.0006,55.0006,55.0006,1.0,True
2024_2024-07-27_Forge_vs_HFX_Wanderers,2024,2024-07-27T23:00:00Z,Wanderers,away,Forge,55.0,55.0,55.0,1.0,True
2024_2024-07-28_Pacific_vs_Valour,2024,2024-07-28T21:00:00Z,Pacific,home,Valour,16580.7661,16580.7661,16580.7661,1.0,True
2024_2024-07-28_Pacific_vs_Valour,2024,2024-07-28T21:00:00Z,Valour,away,Pacific,15725.6714,15725.6714,15725.6714,1.0,True
2024_2024-08-03_Pacific_vs_York_United,2024,2024-08-03T02:00:00Z,Pacific,home,York,54.9994,54.9994,54.9994,1.0,True
2024_2024-08-03_Pacific_vs_York_United,2024,2024-08-03T02:00:00Z,York,away,Pacific,55.0,55.0,55.0,1.0,True
2024_2024-08-03_Atlético_Ottawa_vs_Cavalry,2024,2024-08-03T23:00:00Z,Atlético,home,Cavalry,55.0,55.0,55.0,1.0,True
2024_2024-08-03_Atlético_Ottawa_vs_Cavalry,2024,2024-08-03T23:00:00Z,Cavalry,away,Atlético,55.0,55.0,55.0,1.0,True
2024_2024-08-04_Valour_vs_Forge,2024,2024-08-04T19:00:00Z,Forge,away,Valour,17079.2995,17079.2995,17079.2995,1.0,True
2024_2024-08-04_Valour_vs_Forge,2024,2024-08-04T19:00:00Z,Valour,home,Forge,15919.2128,15919.2128,15919.2128,1.0,True
2024_2024-08-05_HFX_Wanderers_vs_Vancouver_FC,2024,2024-08-05T19:00:00Z,Vancouver,away,Wanderers,55.0,55.0,55.0,1.0,True
2024_2024-08-05_HFX_Wanderers_vs_Vancouver_FC,2024,2024-08-05T19:00:00Z,Wanderers,home,Vancouver,55.0,55.0,55.0,1.0,True
2024_2024-08-10_Cavalry_vs_HFX_Wanderers,2024,2024-08-10T20:00:00Z,Cavalry,home,Wanderers,55.0,55.0,55.0,1.0,True
2024_2024-08-10_Cavalry_vs_HFX_Wanderers,2024,2024-08-10T20:00:00Z,Wanderers,away,Cavalry,55.0,55.0,55.0,1.0,True
2024_2024-08-10_Forge_vs_Atlético_Ottawa,2024,2024-08-10T23:00:00Z,Atlético,away,Forge,55.0,55.0,55.0,1.0,True
2024_2024-08-10_Forge_vs_Atlético_Ottawa,2024,2024-08-10T23:00:00Z,Forge,home,Atlético,55.0006,55.0006,55.0006,1.0,True
2024_2024-08-11_Vancouver_FC_vs_Pacific,2024,2024-08-11T21:15:00Z,Pacific,away,Vancouver,54.9994,54.9994,54.9994,1.0,True
2024_2024-08-11_Vancouver_FC_vs_Pacific,2024,2024-08-11T21:15:00Z,Vancouver,home,Pacific,55.0,55.0,55.0,1.0,True
2024_2024-08-12_Valour_vs_York_United,2024,2024-08-12T00:00:00Z,Valour,home,York,55.0,55.0,55.0,1.0,True
2024_2024-08-12_Valour_vs_York_United,2024,2024-08-12T00:00:00Z,York,away,Valour,55.0,55.0,55.0,1.0,True
2024_2024-08-14_Forge_vs_HFX_Wanderers,2024,2024-08-14T23:00:00Z,Forge,home,Wanderers,55.0006,55.0006,55.0006,1.0,True
2024_2024-08-14_Forge_vs_HFX_Wanderers,2024,2024-08-14T23:00:00Z,Wanderers,away,Forge,55.0,55.0,55.0,1.0,True
2024_2024-08-17_York_United_vs_Cavalry,2024,2024-08-17T00:00:00Z,Cavalry,away,York,55.0,55.0,55.0,1.0,True
2024_2024-08-17_York_United_vs_Cavalry,2024,2024-08-17T00:00:00Z,York,home,Cavalry,55.0,55.0,55.0,1.0,True
2024_2024-08-17_Pacific_vs_Atlético_Ottawa,2024,2024-08-17T22:00:00Z,Atlético,away,Pacific,55.0,55.0,55.0,1.0,True
2024_2024-08-17_Pacific_vs_Atlético_Ottawa,2024,2024-08-17T22:00:00Z,Pacific,home,Atlético,54.9994,54.9994,54.9994,1.0,True
2024_2024-08-18_Valour_vs_HFX_Wanderers,2024,2024-08-18T00:30:00Z,Valour,home,Wanderers,55.0,55.0,55.0,1.0,True
2024_2024-08-18_Valour_vs_HFX_Wanderers,2024,2024-08-18T00:30:00Z,Wanderers,away,Valour,55.0,55.0,55.0,1.0,True
2024_2024-08-18_Vancouver_FC_vs_Forge,2024,2024-08-18T23:00:00Z,Forge,away,Vancouver,55.0006,55.0006,55.0006,1.0,True
2024_2024-08-18_Vancouver_FC_vs_Forge,2024,2024-08-18T23:00:00Z,Vancouver,home,Forge,55.0,55.0,55.0,1.0,True
2024_2024-08-24_York_United_vs_Forge,2024,2024-08-24T00:00:00Z,Forge,away,York,55.0006,55.0006,55.0006,1.0,True
2024_2024-08-24_York_United_vs_Forge,2024,2024-08-24T00:00:00Z,York,home,Forge,55.0,55.0,55.0,1.0,True
2024_2024-08-24_HFX_Wanderers_vs_Atlético_Ottawa,2024,2024-08-24T18:00:00Z,Atlético,away,Wanderers,55.0,55.0,55.0,1.0,True
2024_2024-08-24_HFX_Wanderers_vs_Atlético_Ottawa,2024,2024-08-24T18:00:00Z,Wanderers,home,Atlético,55.0,55.0,55.0,1.0,True
2024_2024-08-24_Cavalry_vs_Pacific,2024,2024-08-24T21:00:00Z,Cavalry,home,Pacific,16922.9364,16922.9364,16922.9364,1.0,True
2024_2024-08-24_Cavalry_vs_Pacific,2024,2024-08-24T21:00:00Z,Pacific,away,Cavalry,16387.2267,16387.2267,16387.2267,1.0,True
2024_2024-08-25_Valour_vs_Vancouver_FC,2024,2024-08-25T19:00:00Z,Valour,home,Vancouver,55.0,55.0,55.0,1.0,True
2024_2024-08-25_Valour_vs_Vancouver_FC,2024,2024-08-25T19:00:00Z,Vancouver,away,Valour,55.0,55.0,55.0,1.0,True
2024_2024-08-30_Forge_vs_Pacific,2024,2024-08-30T23:00:00Z,Forge,home,Pacific,16939.2509,16939.2509,16939.2509,1.0,True
2024_2024-08-30_Forge_vs_Pacific,2024,2024-08-30T23:00:00Z,Pacific,away,Forge,16299.5147,16299.5147,16299.5147,1.0,True
2024_2024-08-31_Cavalry_vs_Valour,2024,2024-08-31T01:30:00Z,Cavalry,home,Valour,17010.6493,17010.6493,17010.6493,1.0,True
2024_2024-08-31_Cavalry_vs_Valour,2024,2024-08-31T01:30:00Z,Valour,away,Cavalry,16059.2599,16059.2599,16059.2599,1.0,True
2024_2024-08-31_Atlético_Ottawa_vs_Vancouver_FC,2024,2024-08-31T23:00:00Z,Atlético,home,Vancouver,55.0,55.0,55.0,1.0,True
2024_2024-08-31_Atlético_Ottawa_vs_Vancouver_FC,2024,2024-08-31T23:00:00Z,Vancouver,away,Atlético,55.0,55.0,55.0,1.0,True
2024_2024-09-02_HFX_Wanderers_vs_York_United,2024,2024-09-02T19:00:00Z,Wanderers,home,York,55.0,55.0,55.0,1.0,True
2024_2024-09-02_HFX_Wanderers_vs_York_United,2024,2024-09-02T19:00:00Z,York,away,Wanderers,55.0,55.0,55.0,1.0,True
2024_2024-09-07_Vancouver_FC_vs_York_United,2024,2024-09-07T02:00:00Z,Vancouver,home,York,55.0,55.0,55.0,1.0,True
2024_2024-09-07_Vancouver_FC_vs_York_United,2024,2024-09-07T02:00:00Z,York,away,Vancouver,55.0,55.0,55.0,1.0,True
2024_2024-09-07_Forge_vs_Cavalry,2024,2024-09-07T23:00:00Z,Cavalry,away,Forge,16969.5298,16969.5298,16969.5298,1.0,True
2024_2024-09-07_Forge_vs_Cavalry,2024,2024-09-07T23:00:00Z,Forge,home,Cavalry,17031.7511,17031.7511,17031.7511,1.0,True
2024_2024-09-08_Pacific_vs_HFX_Wanderers,2024,2024-09-08T02:00:00Z,Pacific,home,Wanderers,54.9994,54.9994,54.9994,1.0,True
2024_2024-09-08_Pacific_vs_HFX_Wanderers,2024,2024-09-08T02:00:00Z,Wanderers,away,Pacific,55.0,55.0,55.0,1.0,True
2024_2024-09-10_Valour_vs_Atlético_Ottawa,2024,2024-09-10T00:00:00Z,Atlético,away,Valour,55.0,55.0,55.0,1.0,True
2024_2024-09-10_Valour_vs_Atlético_Ottawa,2024,2024-09-10T00:00:00Z,Valour,home,Atlético,55.0,55.0,55.0,1.0,True
2024_2024-09-14_York_United_vs_Valour,2024,2024-09-14T00:00:00Z,Valour,away,York,55.0,55.0,55.0,1.0,True
2024_2024-09-14_York_United_vs_Valour,2024,2024-09-14T00:00:00Z,York,home,Valour,55.0,55.0,55.0,1.0,True
2024_2024-09-14_HFX_Wanderers_vs_Forge,2024,2024-09-14T18:00:00Z,Forge,away,Wanderers,55.0006,55.0006,55.0006,1.0,True
2024_2024-09-14_HFX_Wanderers_vs_Forge,2024,2024-09-14T18:00:00Z,Wanderers,home,Forge,55.0,55.0,55.0,1.0,True
2024_2024-09-14_Pacific_vs_Vancouver_FC,2024,2024-09-14T21:00:00Z,Pacific,home,Vancouver,54.9994,54.9994,54.9994,1.0,True
2024_2024-09-14_Pacific_vs_Vancouver_FC,2024,2024-09-14T21:00:00Z,Vancouver,away,Pacific,55.0,55.0,55.0,1.0,True
2024_2024-09-15_Cavalry_vs_Atlético_Ottawa,2024,2024-09-15T21:00:00Z,Atlético,away,Cavalry,55.0,55.0,55.0,1.0,True
2024_2024-09-15_Cavalry_vs_Atlético_Ottawa,2024,2024-09-15T21:00:00Z,Cavalry,home,Atlético,55.0,55.0,55.0,1.0,True
2024_2024-09-18_HFX_Wanderers_vs_Pacific,2024,2024-09-18T22:00:00Z,Pacific,away,Wanderers,54.9994,54.9994,54.9994,1.0,True
2024_2024-09-18_HFX_Wanderers_vs_Pacific,2024,2024-09-18T22:00:00Z,Wanderers,home,Pacific,55.0,55.0,55.0,1.0,True
2024_2024-09-21_York_United_vs_Cavalry,2024,2024-09-21T00:00:00Z,Cavalry,away,York,55.0,55.0,55.0,1.0,True
2024_2024-09-21_York_United_vs_Cavalry,2024,2024-09-21T00:00:00Z,York,home,Cavalry,55.0,55.0,55.0,1.0,True
2024_2024-09-21_Valour_vs_HFX_Wanderers,2024,2024-09-21T19:00:00Z,Valour,home,Wanderers,55.0,55.0,55.0,1.0,True
2024_2024-09-21_Valour_vs_HFX_Wanderers,2024,2024-09-21T19:00:00Z,Wanderers,away,Valour,55.0,55.0,55.0,1.0,True
2024_2024-09-21_Vancouver_FC_vs_Forge,2024,2024-09-21T22:00:00Z,Forge,away,Vancouver,55.0006,55.0006,55.0006,1.0,True
2024_2024-09-21_Vancouver_FC_vs_Forge,2024,2024-09-21T22:00:00Z,Vancouver,home,Forge,55.0,55.0,55.0,1.0,True
2024_2024-09-22_Atlético_Ottawa_vs_Pacific,2024,2024-09-22T18:00:00Z,Atlético,home,Pacific,55.0,55.0,55.0,1.0,True
2024_2024-09-22_Atlético_Ottawa_vs_Pacific,2024,2024-09-22T18:00:00Z,Pacific,away,Atlético,54.9994,54.9994,54.9994,1.0,True
2024_2024-09-28_Forge_vs_York_United,2024,2024-09-28T20:00:00Z,Forge,home,York,55.0006,55.0006,55.0006,1.0,True
2024_2024-09-28_Forge_vs_York_United,2024,2024-09-28T20:00:00Z,York,away,Forge,55.0,55.0,55.0,1.0,True
2024_2024-09-28_Cavalry_vs_Vancouver_FC,2024,2024-09-28T23:00:00Z,Cavalry,home,Vancouver,55.0,55.0,55.0,1.0,True
2024_2024-09-28_Cavalry_vs_Vancouver_FC,2024,2024-09-28T23:00:00Z,Vancouver,away,Cavalry,55.0,55.0,55.0,1.0,True
2024_2024-09-29_Atlético_Ottawa_vs_HFX_Wanderers,2024,2024-09-29T18:00:00Z,Atlético,home,Wanderers,55.0,55.0,55.0,1.0,True
2024_2024-09-29_Atlético_Ottawa_vs_HFX_Wanderers,2024,2024-09-29T18:00:00Z,Wanderers,away,Atlético,55.0,55.0,55.0,1.0,True
2024_2024-10-01_Valour_vs_Pacific,2024,2024-10-01T00:00:00Z,Pacific,away,Valour,16207.0164,16207.0164,16207.0164,1.0,True
2024_2024-10-01_Valour_vs_Pacific,2024,2024-10-01T00:00:00Z,Valour,home,Pacific,16100.3795,16100.3795,16100.3795,1.0,True
2024_2024-10-05_HFX_Wanderers_vs_Vancouver_FC,2024,2024-10-05T18:00:00Z,Vancouver,away,Wanderers,55.0,55.0,55.0,1.0,True
2024_2024-10-05_HFX_Wanderers_vs_Vancouver_FC,2024,2024-10-05T18:00:00Z,Wanderers,home,Vancouver,55.0,55.0,55.0,1.0,True
2024_2024-10-05_Pacific_vs_Cavalry,2024,2024-10-05T21:00:00Z,Cavalry,away,Pacific,16867.6428,16867.6428,16867.6428,1.0,True
2024_2024-10-05_Pacific_vs_Cavalry,2024,2024-10-05T21:00:00Z,Pacific,home,Cavalry,16099.7877,16099.7877,16099.7877,1.0,True
2024_2024-10-06_Valour_vs_Forge,2024,2024-10-06T18:00:00Z,Forge,away,Valour,17133.6391,17133.6391,17133.6391,1.0,True
2024_2024-10-06_Valour_vs_Forge,2024,2024-10-06T18:00:00Z,Valour,home,Forge,16207.6092,16207.6092,16207.6092,1.0,True
2024_2024-10-06_York_United_vs_Atlético_Ottawa,2024,2024-10-06T21:00:00Z,Atlético,away,York,55.0,55.0,55.0,1.0,True
2024_2024-10-06_York_United_vs_Atlético_Ottawa,2024,2024-10-06T21:00:00Z,York,home,Atlético,55.0,55.0,55.0,1.0,True
2024_2024-10-11_York_United_vs_Pacific,2024,2024-10-11T00:00:00Z,Pacific,away,York,54.9994,54.9994,54.9994,1.0,True
2024_2024-10-11_York_United_vs_Pacific,2024,2024-10-11T00:00:00Z,York,home,Pacific,55.0,55.0,55.0,1.0,True
2024_2024-10-12_Forge_vs_Atlético_Ottawa,2024,2024-10-12T20:00:00Z,Atlético,away,Forge,55.0,55.0,55.0,1.0,True
2024_2024-10-12_Forge_vs_Atlético_Ottawa,2024,2024-10-12T20:00:00Z,Forge,home,Atlético,55.0006,55.0006,55.0006,1.0,True
2024_2024-10-12_Cavalry_vs_HFX_Wanderers,2024,2024-10-12T23:00:00Z,Cavalry,home,Wanderers,55.0,55.0,55.0,1.0,True
2024_2024-10-12_Cavalry_vs_HFX_Wanderers,2024,2024-10-12T23:00:00Z,Wanderers,away,Cavalry,55.0,55.0,55.0,1.0,True
2024_2024-10-13_Vancouver_FC_vs_Valour,2024,2024-10-13T21:00:00Z,Valour,away,Vancouver,55.0,55.0,55.0,1.0,True
2024_2024-10-13_Vancouver_FC_vs_Valour,2024,2024-10-13T21:00:00Z,Vancouver,home,Valour,55.0,55.0,55.0,1.0,True
2024_2024-10-19_Atlético_Ottawa_vs_Vancouver_FC,2024,2024-10-19T20:00:00Z,Atlético,home,Vancouver,55.0,55.0,55.0,1.0,True
2024_2024-10-19_Atlético_Ottawa_vs_Vancouver_FC,2024,2024-10-19T20:00:00Z,Vancouver,away,Atlético,55.0,55.0,55.0,1.0,True
2024_2024-10-19_HFX_Wanderers_vs_York_United,2024,2024-10-19T20:00:00Z,Wanderers,home,York,55.0,55.0,55.0,1.0,True
2024_2024-10-19_HFX_Wanderers_vs_York_United,2024,2024-10-19T20:00:00Z,York,away,Wanderers,55.0,55.0,55.0,1.0,True
2024_2024-10-19_Pacific_vs_Forge,2024,2024-10-19T20:00:00Z,Forge,away,Pacific,17242.881,17242.881,17242.881,1.0,True
2024_2024-10-19_Pacific_vs_Forge,2024,2024-10-19T20:00:00Z,Pacific,home,Forge,15964.688,15964.688,15964.688,1.0,True
2024_2024-10-19_Valour_vs_Cavalry,2024,2024-10-19T20:00:00Z,Cavalry,away,Valour,17002.7439,17002.7439,17002.7439,1.0,True
2024_2024-10-19_Valour_vs_Cavalry,2024,2024-10-19T20:00:00Z,Valour,home,Cavalry,16098.3685,16098.3685,16098.3685,1.0,True
2024_2024-10-23_York_United_vs_Pacific,2024,2024-10-23T23:30:00Z,Pacific,away,York,54.9994,54.9994,54.9994,1.0,True
2024_2024-10-23_York_United_vs_Pacific,2024,2024-10-23T23:30:00Z,York,home,Pacific,55.0,55.0,55.0,1.0,True
2024_2024-10-27_Atlético_Ottawa_vs_York_United,2024,2024-10-27T17:00:00Z,Atlético,home,York,55.0,55.0,55.0,1.0,True
2024_2024-10-27_Atlético_Ottawa_vs_York_United,2024,2024-10-27T17:00:00Z,York,away,Atlético,55.0,55.0,55.0,1.0,True
2024_2024-10-27_Forge_vs_Cavalry,2024,2024-10-27T20:15:00Z,Cavalry,away,Forge,17112.5562,17112.5562,17112.5562,1.0,True
2024_2024-10-27_Forge_vs_Cavalry,2024,2024-10-27T20:15:00Z,Forge,home,Cavalry,17099.4042,17099.4042,17099.4042,1.0,True
2024_2024-11-02_Forge_vs_Atlético_Ottawa,2024,2024-11-02T20:00:00Z,Atlético,away,Forge,55.0,55.0,55.0,1.0,True
2024_2024-11-02_Forge_vs_Atlético_Ottawa,2024,2024-11-02T20:00:00Z,Forge,home,Atlético,55.0006,55.0006,55.0006,1.0,True
2024_2024-11-09_Cavalry_vs_Forge,2024,2024-11-09T20:00:00Z,Cavalry,home,Forge,17250.3355,17250.3355,17250.3355,1.0,True
2024_2024-11-09_Cavalry_vs_Forge,2024,2024-11-09T20:00:00Z,Forge,away,Cavalry,16961.6236,16961.6236,16961.6236,1.0,True
2025_2025-04-05_Atlético_Ottawa_vs_HFX_Wanderers,2025,2025-04-05T18:00:00Z,Atlético,home,Wanderers,55.0,55.0,55.0,1.0,True
2025_2025-04-05_Atlético_Ottawa_vs_HFX_Wanderers,2025,2025-04-05T18:00:00Z,Wanderers,away,Atlético,55.0,55.0,55.0,1.0,True
2025_2025-04-05_Forge_vs_Cavalry,2025,2025-04-05T21:30:00Z,Cavalry,away,Forge,17027.2964,17027.2964,17027.2964,1.0,True
2025_2025-04-05_Forge_vs_Cavalry,2025,2025-04-05T21:30:00Z,Forge,home,Cavalry,16857.9995,16857.9995,16857.9995,1.0,True
2025_2025-04-06_Pacific_vs_Valour,2025,2025-04-06T00:00:00Z,Pacific,home,Valour,16309.1016,16309.1016,16309.1016,1.0,True
2025_2025-04-06_Pacific_vs_Valour,2025,2025-04-06T00:00:00Z,Valour,away,Pacific,16280.383,16280.383,16280.383,1.0,True
2025_2025-04-06_Vancouver_FC_vs_York_United,2025,2025-04-06T23:00:00Z,Vancouver,home,York,55.0,55.0,55.0,1.0,True
2025_2025-04-06_Vancouver_FC_vs_York_United,2025,2025-04-06T23:00:00Z,York,away,Vancouver,55.0006,55.0006,55.0006,1.0,True
2025_2025-04-12_Pacific_vs_Forge,2025,2025-04-12T21:00:00Z,Forge,away,Pacific,16966.986,16966.986,16966.986,1.0,True
2025_2025-04-12_Pacific_vs_Forge,2025,2025-04-12T21:00:00Z,Pacific,home,Forge,16420.3141,16420.3141,16420.3141,1.0,True
2025_2025-04-13_York_United_vs_HFX_Wanderers,2025,2025-04-13T19:00:00Z,Wanderers,away,York,55.0,55.0,55.0,1.0,True
2025_2025-04-13_York_United_vs_HFX_Wanderers,2025,2025-04-13T19:00:00Z,York,home,Wanderers,55.0006,55.0006,55.0006,1.0,True
2025_2025-04-13_Vancouver_FC_vs_Atlético_Ottawa,2025,2025-04-13T22:00:00Z,Atlético,away,Vancouver,55.0,55.0,55.0,1.0,True
2025_2025-04-13_Vancouver_FC_vs_Atlético_Ottawa,2025,2025-04-13T22:00:00Z,Vancouver,home,Atlético,55.0,55.0,55.0,1.0,True
2025_2025-04-18_Cavalry_vs_Vancouver_FC,2025,2025-04-18T23:00:00Z,Cavalry,home,Vancouver,55.0,55.0,55.0,1.0,True
2025_2025-04-18_Cavalry_vs_Vancouver_FC,2025,2025-04-18T23:00:00Z,Vancouver,away,Cavalry,55.0,55.0,55.0,1.0,True
2025_2025-04-19_Atlético_Ottawa_vs_York_United,2025,2025-04-19T17:00:00Z,Atlético,home,York,55.0,55.0,55.0,1.0,True
2025_2025-04-19_Atlético_Ottawa_vs_York_United,2025,2025-04-19T17:00:00Z,York,away,Atlético,55.0006,55.0006,55.0006,1.0,True
2025_2025-04-19_HFX_Wanderers_vs_Pacific,2025,2025-04-19T19:30:00Z,Pacific,away,Wanderers,55.0,55.0,55.0,1.0,True
2025_2025-04-19_HFX_Wanderers_vs_Pacific,2025,2025-04-19T19:30:00Z,Wanderers,home,Pacific,55.0,55.0,55.0,1.0,True
2025_2025-04-19_Forge_vs_Valour,2025,2025-04-19T22:00:00Z,Forge,home,Valour,17099.0817,17099.0817,17099.0817,1.0,True
2025_2025-04-19_Forge_vs_Valour,2025,2025-04-19T22:00:00Z,Valour,away,Forge,16169.1716,16169.1716,16169.1716,1.0,True
2025_2025-04-26_Valour_vs_HFX_Wanderers,2025,2025-04-26T00:00:00Z,Valour,home,Wanderers,54.9994,54.9994,54.9994,1.0,True
2025_2025-04-26_Valour_vs_HFX_Wanderers,2025,2025-04-26T00:00:00Z,Wanderers,away,Valour,55.0,55.0,55.0,1.0,True
2025_2025-04-26_Cavalry_vs_Atlético_Ottawa,2025,2025-04-26T21:00:00Z,Atlético,away,Cavalry,55.0,55.0,55.0,1.0,True
2025_2025-04-26_Cavalry_vs_Atlético_Ottawa,2025,2025-04-26T21:00:00Z,Cavalry,home,Atlético,55.0,55.0,55.0,1.0,True
2025_2025-04-27_Vancouver_FC_vs_Pacific,2025,2025-04-27T00:00:00Z,Pacific,away,Vancouver,55.0,55.0,55.0,1.0,True
2025_2025-04-27_Vancouver_FC_vs_Pacific,2025,2025-04-27T00:00:00Z,Vancouver,home,Pacific,55.0,55.0,55.0,1.0,True
2025_2025-04-27_York_United_vs_Forge,2025,2025-04-27T18:00:00Z,Forge,away,York,55.0,55.0,55.0,1.0,True
2025_2025-04-27_York_United_vs_Forge,2025,2025-04-27T18:00:00Z,York,home,Forge,55.0006,55.0006,55.0006,1.0,True
2025_2025-05-03_York_United_vs_Cavalry,2025,2025-05-03T00:00:00Z,Cavalry,away,York,55.0,55.0,55.0,1.0,True
2025_2025-05-03_York_United_vs_Cavalry,2025,2025-05-03T00:00:00Z,York,home,Cavalry,55.0006,55.0006,55.0006,1.0,True
2025_2025-05-03_Atlético_Ottawa_vs_Pacific,2025,2025-05-03T17:00:00Z,Atlético,home,Pacific,55.0,55.0,55.0,1.0,True
2025_2025-05-03_Atlético_Ottawa_vs_Pacific,2025,2025-05-03T17:00:00Z,Pacific,away,Atlético,55.0,55.0,55.0,1.0,True
2025_2025-05-03_HFX_Wanderers_vs_Forge,2025,2025-05-03T20:00:00Z,Forge,away,Wanderers,55.0,55.0,55.0,1.0,True
2025_2025-05-03_HFX_Wanderers_vs_Forge,2025,2025-05-03T20:00:00Z,Wanderers,home,Forge,55.0,55.0,55.0,1.0,True
2025_2025-05-03_Valour_vs_Vancouver_FC,2025,2025-05-03T23:00:00Z,Valour,home,Vancouver,54.9994,54.9994,54.9994,1.0,True
2025_2025-05-03_Valour_vs_Vancouver_FC,2025,2025-05-03T23:00:00Z,Vancouver,away,Valour,55.0,55.0,55.0,1.0,True
2025_2025-05-10_Atlético_Ottawa_vs_Valour,2025,2025-05-10T18:00:00Z,Atlético,home,Valour,55.0,55.0,55.0,1.0,True
2025_2025-05-10_Atlético_Ottawa_vs_Valour,2025,2025-05-10T18:00:00Z,Valour,away,Atlético,54.9994,54.9994,54.9994,1.0,True
2025_2025-05-10_HFX_Wanderers_vs_Cavalry,2025,2025-05-10T21:30:00Z,Cavalry,away,Wanderers,55.0,55.0,55.0,1.0,True
2025_2025-05-10_HFX_Wanderers_vs_Cavalry,2025,2025-05-10T21:30:00Z,Wanderers,home,Cavalry,55.0,55.0,55.0,1.0,True
2025_2025-05-11_Pacific_vs_York_United,2025,2025-05-11T00:00:00Z,Pacific,home,York,55.0,55.0,55.0,1.0,True
2025_2025-05-11_Pacific_vs_York_United,2025,2025-05-11T00:00:00Z,York,away,Pacific,55.0006,55.0006,55.0006,1.0,True
2025_2025-05-13_Forge_vs_Atlético_Ottawa,2025,2025-05-13T15:00:00Z,Atlético,away,Forge,55.0,55.0,55.0,1.0,True
2025_2025-05-13_Forge_vs_Atlético_Ottawa,2025,2025-05-13T15:00:00Z,Forge,home,Atlético,55.0,55.0,55.0,1.0,True
2025_2025-05-17_Valour_vs_York_United,2025,2025-05-17T00:00:00Z,Valour,home,York,54.9994,54.9994,54.9994,1.0,True
2025_2025-05-17_Valour_vs_York_United,2025,2025-05-17T00:00:00Z,York,away,Valour,55.0006,55.0006,55.0006,1.0,True
2025_2025-05-17_Cavalry_vs_Pacific,2025,2025-05-17T21:30:00Z,Cavalry,home,Pacific,16918.31,16918.31,16918.31,1.0,True
2025_2025-05-17_Cavalry_vs_Pacific,2025,2025-05-17T21:30:00Z,Pacific,away,Cavalry,16288.2184,16288.2184,16288.2184,1.0,True
2025_2025-05-18_Vancouver_FC_vs_HFX_Wanderers,2025,2025-05-18T00:00:00Z,Vancouver,home,Wanderers,55.0,55.0,55.0,1.0,True
2025_2025-05-18_Vancouver_FC_vs_HFX_Wanderers,2025,2025-05-18T00:00:00Z,Wanderers,away,Vancouver,55.0,55.0,55.0,1.0,True
2025_2025-05-24_HFX_Wanderers_vs_Atlético_Ottawa,2025,2025-05-24T18:00:00Z,Atlético,away,Wanderers,55.0,55.0,55.0,1.0,True
2025_2025-05-24_HFX_Wanderers_vs_Atlético_Ottawa,2025,2025-05-24T18:00:00Z,Wanderers,home,Atlético,55.0,55.0,55.0,1.0,True
2025_2025-05-24_Pacific_vs_Forge,2025,2025-05-24T21:00:00Z,Forge,away,Pacific,17057.7822,17057.7822,17057.7822,1.0,True
2025_2025-05-24_Pacific_vs_Forge,2025,2025-05-24T21:00:00Z,Pacific,home,Forge,16188.041,16188.041,16188.041,1.0,True
2025_2025-05-25_York_United_vs_Vancouver_FC,2025,2025-05-25T18:00:00Z,Vancouver,away,York,55.0,55.0,55.0,1.0,True
2025_2025-05-25_York_United_vs_Vancouver_FC,2025,2025-05-25T18:00:00Z,York,home,Vancouver,55.0006,55.0006,55.0006,1.0,True
2025_2025-05-25_Cavalry_vs_Valour,2025,2025-05-25T21:00:00Z,Cavalry,home,Valour,17018.4874,17018.4874,17018.4874,1.0,True
2025_2025-05-25_Cavalry_vs_Valour,2025,2025-05-25T21:00:00Z,Valour,away,Cavalry,16210.4707,16210.4707,16210.4707,1.0,True
2025_2025-05-31_Vancouver_FC_vs_Atlético_Ottawa,2025,2025-05-31T02:00:00Z,Atlético,away,Vancouver,55.0,55.0,55.0,1.0,True
2025_2025-05-31_Vancouver_FC_vs_Atlético_Ottawa,2025,2025-05-31T02:00:00Z,Vancouver,home,Atlético,55.0,55.0,55.0,1.0,True
2025_2025-05-31_Forge_vs_Cavalry,2025,2025-05-31T21:00:00Z,Cavalry,away,Forge,17111.7622,17111.7622,17111.7622,1.0,True
2025_2025-05-31_Forge_vs_Cavalry,2025,2025-05-31T21:00:00Z,Forge,home,Cavalry,17168.6651,17168.6651,17168.6651,1.0,True
2025_2025-05-31_York_United_vs_HFX_Wanderers,2025,2025-05-31T23:00:00Z,Wanderers,away,York,55.0,55.0,55.0,1.0,True
2025_2025-05-31_York_United_vs_HFX_Wanderers,2025,2025-05-31T23:00:00Z,York,home,Wanderers,55.0006,55.0006,55.0006,1.0,True
2025_2025-06-01_Valour_vs_Pacific,2025,2025-06-01T22:00:00Z,Pacific,away,Valour,16077.1582,16077.1582,16077.1582,1.0,True
2025_2025-06-01_Valour_vs_Pacific,2025,2025-06-01T22:00:00Z,Valour,home,Pacific,16117.1968,16117.1968,16117.1968,1.0,True
2025_2025-06-04_Valour_vs_Vancouver_FC,2025,2025-06-04T16:25:00Z,Valour,home,Vancouver,54.9994,54.9994,54.9994,1.0,True
2025_2025-06-04_Valour_vs_Vancouver_FC,2025,2025-06-04T16:25:00Z,Vancouver,away,Valour,55.0,55.0,55.0,1.0,True
2025_2025-06-07_Pacific_vs_Atlético_Ottawa,2025,2025-06-07T22:00:00Z,Atlético,away,Pacific,55.0,55.0,55.0,1.0,True
2025_2025-06-07_Pacific_vs_Atlético_Ottawa,2025,2025-06-07T22:00:00Z,Pacific,home,Atlético,55.0,55.0,55.0,1.0,True
2025_2025-06-08_Forge_vs_HFX_Wanderers,2025,2025-06-08T19:30:00Z,Forge,home,Wanderers,55.0,55.0,55.0,1.0,True
2025_2025-06-08_Forge_vs_HFX_Wanderers,2025,2025-06-08T19:30:00Z,Wanderers,away,Forge,55.0,55.0,55.0,1.0,True
2025_2025-06-08_Cavalry_vs_York_United,2025,2025-06-08T22:00:00Z,Cavalry,home,York,55.0,55.0,55.0,1.0,True
2025_2025-06-08_Cavalry_vs_York_United,2025,2025-06-08T22:00:00Z,York,away,Cavalry,55.0006,55.0006,55.0006,1.0,True
2025_2025-06-14_HFX_Wanderers_vs_Cavalry,2025,2025-06-14T19:00:00Z,Cavalry,away,Wanderers,55.0,55.0,55.0,1.0,True
2025_2025-06-14_HFX_Wanderers_vs_Cavalry,2025,2025-06-14T19:00:00Z,Wanderers,home,Cavalry,55.0,55.0,55.0,1.0,True
2025_2025-06-14_Pacific_vs_York_United,2025,2025-06-14T22:00:00Z,Pacific,home,York,55.0,55.0,55.0,1.0,True
2025_2025-06-14_Pacific_vs_York_United,2025,2025-06-14T22:00:00Z,York,away,Pacific,55.0006,55.0006,55.0006,1.0,True
2025_2025-06-15_Vancouver_FC_vs_Forge,2025,2025-06-15T20:00:00Z,Forge,away,Vancouver,55.0,55.0,55.0,1.0,True
2025_2025-06-15_Vancouver_FC_vs_Forge,2025,2025-06-15T20:00:00Z,Vancouver,home,Forge,55.0,55.0,55.0,1.0,True
2025_2025-06-15_Atlético_Ottawa_vs_Valour,2025,2025-06-15T23:00:00Z,Atlético,home,Valour,55.0,55.0,55.0,1.0,True
2025_2025-06-15_Atlético_Ottawa_vs_Valour,2025,2025-06-15T23:00:00Z,Valour,away,Atlético,54.9994,54.9994,54.9994,1.0,True
2025_2025-06-21_HFX_Wanderers_vs_Vancouver_FC,2025,2025-06-21T18:00:00Z,Vancouver,away,Wanderers,55.0,55.0,55.0,1.0,True
2025_2025-06-21_HFX_Wanderers_vs_Vancouver_FC,2025,2025-06-21T18:00:00Z,Wanderers,home,Vancouver,55.0,55.0,55.0,1.0,True
2025_2025-06-22_York_United_vs_Atlético_Ottawa,2025,2025-06-22T17:00:00Z,Atlético,away,York,55.0,55.0,55.0,1.0,True
2025_2025-06-22_York_United_vs_Atlético_Ottawa,2025,2025-06-22T17:00:00Z,York,home,Atlético,55.0006,55.0006,55.0006,1.0,True
2025_2025-06-22_Valour_vs_Forge,2025,2025-06-22T21:13:00Z,Forge,away,Valour,17151.3424,17151.3424,17151.3424,1.0,True
2025_2025-06-22_Valour_vs_Forge,2025,2025-06-22T21:13:00Z,Valour,home,Forge,16101.1413,16101.1413,16101.1413,1.0,True
2025_2025-06-22_Cavalry_vs_Pacific,2025,2025-06-22T23:00:00Z,Cavalry,home,Pacific,17129.0849,17129.0849,17129.0849,1.0,True
2025_2025-06-22_Cavalry_vs_Pacific,2025,2025-06-22T23:00:00Z,Pacific,away,Cavalry,16093.2138,16093.2138,16093.2138,1.0,True
2025_2025-06-28_Pacific_vs_Vancouver_FC,2025,2025-06-28T02:00:00Z,Pacific,home,Vancouver,55.0,55.0,55.0,1.0,True
2025_2025-06-28_Pacific_vs_Vancouver_FC,2025,2025-06-28T02:00:00Z,Vancouver,away,Pacific,55.0,55.0,55.0,1.0,True
2025_2025-06-28_Cavalry_vs_Atlético_Ottawa,2025,2025-06-28T22:00:00Z,Atlético,away,Cavalry,55.0,55.0,55.0,1.0,True
2025_2025-06-28_Cavalry_vs_Atlético_Ottawa,2025,2025-06-28T22:00:00Z,Cavalry,home,Atlético,55.0,55.0,55.0,1.0,True
2025_2025-06-29_Forge_vs_York_United,2025,2025-06-29T20:00:00Z,Forge,home,York,55.0,55.0,55.0,1.0,True
2025_2025-06-29_Forge_vs_York_United,2025,2025-06-29T20:00:00Z,York,away,Forge,55.0006,55.0006,55.0006,1.0,True
2025_2025-07-01_HFX_Wanderers_vs_Valour,2025,2025-07-01T19:00:00Z,Valour,away,Wanderers,54.9994,54.9994,54.9994,1.0,True
2025_2025-07-01_HFX_Wanderers_vs_Valour,2025,2025-07-01T19:00:00Z,Wanderers,home,Valour,55.0,55.0,55.0,1.0,True
2025_2025-07-05_Forge_vs_Vancouver_FC,2025,2025-07-05T21:00:00Z,Forge,home,Vancouver,55.0,55.0,55.0,1.0,True
2025_2025-07-05_Forge_vs_Vancouver_FC,2025,2025-07-05T21:00:00Z,Vancouver,away,Forge,55.0,55.0,55.0,1.0,True
2025_2025-07-12_Atlético_Ottawa_vs_Forge,2025,2025-07-12T19:00:00Z,Atlético,home,Forge,55.0,55.0,55.0,1.0,True
2025_2025-07-12_Atlético_Ottawa_vs_Forge,2025,2025-07-12T19:00:00Z,Forge,away,Atlético,55.0,55.0,55.0,1.0,True
2025_2025-07-12_Pacific_vs_HFX_Wanderers,2025,2025-07-12T22:00:00Z,Pacific,home,Wanderers,55.0,55.0,55.0,1.0,True
2025_2025-07-12_Pacific_vs_HFX_Wanderers,2025,2025-07-12T22:00:00Z,Wanderers,away,Pacific,55.0,55.0,55.0,1.0,True
2025_2025-07-13_York_United_vs_Valour,2025,2025-07-13T22:00:00Z,Valour,away,York,54.9994,54.9994,54.9994,1.0,True
2025_2025-07-13_York_United_vs_Valour,2025,2025-07-13T22:00:00Z,York,home,Valour,55.0006,55.0006,55.0006,1.0,True
2025_2025-07-14_Vancouver_FC_vs_Cavalry,2025,2025-07-14T01:00:00Z,Cavalry,away,Vancouver,55.0,55.0,55.0,1.0,True
2025_2025-07-14_Vancouver_FC_vs_Cavalry,2025,2025-07-14T01:00:00Z,Vancouver,home,Cavalry,55.0,55.0,55.0,1.0,True
2025_2025-07-18_Atlético_Ottawa_vs_HFX_Wanderers,2025,2025-07-18T23:00:00Z,Atlético,home,Wanderers,55.0,55.0,55.0,1.0,True
2025_2025-07-18_Atlético_Ottawa_vs_HFX_Wanderers,2025,2025-07-18T23:00:00Z,Wanderers,away,Atlético,55.0,55.0,55.0,1.0,True
2025_2025-07-18_Forge_vs_Pacific,2025,2025-07-18T23:00:00Z,Forge,home,Pacific,17274.676,17274.676,17274.676,1.0,True
2025_2025-07-18_Forge_vs_Pacific,2025,2025-07-18T23:00:00Z,Pacific,away,Forge,16019.742,16019.742,16019.742,1.0,True
2025_2025-07-19_York_United_vs_Vancouver_FC,2025,2025-07-19T20:00:00Z,Vancouver,away,York,55.0,55.0,55.0,1.0,True
2025_2025-07-19_York_United_vs_Vancouver_FC,2025,2025-07-19T20:00:00Z,York,home,Vancouver,55.0006,55.0006,55.0006,1.0,True
2025_2025-07-20_Valour_vs_Cavalry,2025,2025-07-20T19:00:00Z,Cavalry,away,Valour,17202.5567,17202.5567,17202.5567,1.0,True
2025_2025-07-20_Valour_vs_Cavalry,2025,2025-07-20T19:00:00Z,Valour,home,Cavalry,15977.8089,15977.8089,15977.8089,1.0,True
2025_2025-07-25_HFX_Wanderers_vs_Forge,2025,2025-07-25T22:00:00Z,Forge,away,Wanderers,55.0,55.0,55.0,1.0,True
2025_2025-07-25_HFX_Wanderers_vs_Forge,2025,2025-07-25T22:00:00Z,Wanderers,home,Forge,55.0,55.0,55.0,1.0,True
2025_2025-07-26_Vancouver_FC_vs_Valour,2025,2025-07-26T02:00:00Z,Valour,away,Vancouver,54.9994,54.9994,54.9994,1.0,True
2025_2025-07-26_Vancouver_FC_vs_Valour,2025,2025-07-26T02:00:00Z,Vancouver,home,Valour,55.0,55.0,55.0,1.0,True
2025_2025-07-26_Cavalry_vs_York_United,2025,2025-07-26T21:00:00Z,Cavalry,home,York,55.0,55.0,55.0,1.0,True
2025_2025-07-26_Cavalry_vs_York_United,2025,2025-07-26T21:00:00Z,York,away,Cavalry,55.0006,55.0006,55.0006,1.0,True
2025_2025-07-27_Pacific_vs_Atlético_Ottawa,2025,2025-07-27T00:00:00Z,Atlético,away,Pacific,55.0,55.0,55.0,1.0,True
2025_2025-07-27_Pacific_vs_Atlético_Ottawa,2025,2025-07-27T00:00:00Z,Pacific,home,Atlético,55.0,55.0,55.0,1.0,True
2025_2025-07-30_Valour_vs_Cavalry,2025,2025-07-30T00:00:00Z,Cavalry,away,Valour,17301.5317,17301.5317,17301.5317,1.0,True
2025_2025-07-30_Valour_vs_Cavalry,2025,2025-07-30T00:00:00Z,Valour,home,Cavalry,15878.8349,15878.8349,15878.8349,1.0,True
2025_2025-08-02_Forge_vs_Valour,2025,2025-08-02T23:00:00Z,Forge,home,Valour,17348.5759,17348.5759,17348.5759,1.0,True
2025_2025-08-02_Forge_vs_Valour,2025,2025-08-02T23:00:00Z,Valour,away,Forge,16027.856,16027.856,16027.856,1.0,True
2025_2025-08-03_Atlético_Ottawa_vs_York_United,2025,2025-08-03T20:00:00Z,Atlético,home,York,55.0,55.0,55.0,1.0,True
2025_2025-08-03_Atlético_Ottawa_vs_York_United,2025,2025-08-03T20:00:00Z,York,away,Atlético,55.0006,55.0006,55.0006,1.0,True
2025_2025-08-04_HFX_Wanderers_vs_Vancouver_FC,2025,2025-08-04T19:00:00Z,Vancouver,away,Wanderers,55.0,55.0,55.0,1.0,True
2025_2025-08-04_HFX_Wanderers_vs_Vancouver_FC,2025,2025-08-04T19:00:00Z,Wanderers,home,Vancouver,55.0,55.0,55.0,1.0,True
2025_2025-08-04_Pacific_vs_Cavalry,2025,2025-08-04T22:00:00Z,Cavalry,away,Pacific,17152.5091,17152.5091,17152.5091,1.0,True
2025_2025-08-04_Pacific_vs_Cavalry,2025,2025-08-04T22:00:00Z,Pacific,home,Cavalry,15945.8421,15945.8421,15945.8421,1.0,True
2025_2025-08-09_York_United_vs_Forge,2025,2025-08-09T17:00:00Z,Forge,away,York,55.0,55.0,55.0,1.0,True
2025_2025-08-09_York_United_vs_Forge,2025,2025-08-09T17:00:00Z,York,home,Forge,55.0006,55.0006,55.0006,1.0,True
2025_2025-08-09_Cavalry_vs_HFX_Wanderers,2025,2025-08-09T21:00:00Z,Cavalry,home,Wanderers,55.0,55.0,55.0,1.0,True
2025_2025-08-09_Cavalry_vs_HFX_Wanderers,2025,2025-08-09T21:00:00Z,Wanderers,away,Cavalry,55.0,55.0,55.0,1.0,True
2025_2025-08-10_Valour_vs_Atlético_Ottawa,2025,2025-08-10T19:00:00Z,Atlético,away,Valour,55.0,55.0,55.0,1.0,True
2025_2025-08-10_Valour_vs_Atlético_Ottawa,2025,2025-08-10T19:00:00Z,Valour,home,Atlético,54.9994,54.9994,54.9994,1.0,True
2025_2025-08-10_Vancouver_FC_vs_Pacific,2025,2025-08-10T22:00:00Z,Pacific,away,Vancouver,55.0,55.0,55.0,1.0,True
2025_2025-08-10_Vancouver_FC_vs_Pacific,2025,2025-08-10T22:00:00Z,Vancouver,home,Pacific,55.0,55.0,55.0,1.0,True
2025_2025-08-16_Pacific_vs_HFX_Wanderers,2025,2025-08-16T22:00:00Z,Pacific,home,Wanderers,55.0,55.0,55.0,1.0,True
2025_2025-08-16_Pacific_vs_HFX_Wanderers,2025,2025-08-16T22:00:00Z,Wanderers,away,Pacific,55.0,55.0,55.0,1.0,True
2025_2025-08-17_Valour_vs_York_United,2025,2025-08-17T17:30:00Z,Valour,home,York,54.9994,54.9994,54.9994,1.0,True
2025_2025-08-17_Valour_vs_York_United,2025,2025-08-17T17:30:00Z,York,away,Valour,55.0006,55.0006,55.0006,1.0,True
2025_2025-08-17_Forge_vs_Atlético_Ottawa,2025,2025-08-17T20:00:00Z,Atlético,away,Forge,55.0,55.0,55.0,1.0,True
2025_2025-08-17_Forge_vs_Atlético_Ottawa,2025,2025-08-17T20:00:00Z,Forge,home,Atlético,55.0,55.0,55.0,1.0,True
2025_2025-08-17_Cavalry_vs_Vancouver_FC,2025,2025-08-17T23:00:00Z,Cavalry,home,Vancouver,55.0,55.0,55.0,1.0,True
2025_2025-08-17_Cavalry_vs_Vancouver_FC,2025,2025-08-17T23:00:00Z,Vancouver,away,Cavalry,55.0,55.0,55.0,1.0,True
2025_2025-08-22_HFX_Wanderers_vs_Valour,2025,2025-08-22T22:00:00Z,Valour,away,Wanderers,54.9994,54.9994,54.9994,1.0,True
2025_2025-08-22_HFX_Wanderers_vs_Valour,2025,2025-08-22T22:00:00Z,Wanderers,home,Valour,55.0,55.0,55.0,1.0,True
2025_2025-08-23_Vancouver_FC_vs_Forge,2025,2025-08-23T02:00:00Z,Forge,away,Vancouver,55.0,55.0,55.0,1.0,True
2025_2025-08-23_Vancouver_FC_vs_Forge,2025,2025-08-23T02:00:00Z,Vancouver,home,Forge,55.0,55.0,55.0,1.0,True
2025_2025-08-23_Atlético_Ottawa_vs_Cavalry,2025,2025-08-23T23:00:00Z,Atlético,home,Cavalry,55.0,55.0,55.0,1.0,True
2025_2025-08-23_Atlético_Ottawa_vs_Cavalry,2025,2025-08-23T23:00:00Z,Cavalry,away,Atlético,55.0,55.0,55.0,1.0,True
2025_2025-08-24_York_United_vs_Pacific,2025,2025-08-24T20:00:00Z,Pacific,away,York,55.0,55.0,55.0,1.0,True
2025_2025-08-24_York_United_vs_Pacific,2025,2025-08-24T20:00:00Z,York,home,Pacific,55.0006,55.0006,55.0006,1.0,True
2025_2025-08-30_Cavalry_vs_Forge,2025,2025-08-30T20:00:00Z,Cavalry,home,Forge,17010.9037,17010.9037,17010.9037,1.0,True
2025_2025-08-30_Cavalry_vs_Forge,2025,2025-08-30T20:00:00Z,Forge,away,Cavalry,17425.8298,17425.8298,17425.8298,1.0,True
2025_2025-08-30_Atlético_Ottawa_vs_Vancouver_FC,2025,2025-08-30T23:00:00Z,Atlético,home,Vancouver,55.0,55.0,55.0,1.0,True
2025_2025-08-30_Atlético_Ottawa_vs_Vancouver_FC,2025,2025-08-30T23:00:00Z,Vancouver,away,Atlético,55.0,55.0,55.0,1.0,True
2025_2025-08-31_Valour_vs_Pacific,2025,2025-08-31T19:00:00Z,Pacific,away,Valour,16087.4475,16087.4475,16087.4475,1.0,True
2025_2025-08-31_Valour_vs_Pacific,2025,2025-08-31T19:00:00Z,Valour,home,Pacific,15950.6029,15950.6029,15950.6029,1.0,True
2025_2025-09-01_HFX_Wanderers_vs_York_United,2025,2025-09-01T19:00:00Z,Wanderers,home,York,55.0,55.0,55.0,1.0,True
2025_2025-09-01_HFX_Wanderers_vs_York_United,2025,2025-09-01T19:00:00Z,York,away,Wanderers,55.0006,55.0006,55.0006,1.0,True
2025_2025-09-05_York_United_vs_Cavalry,2025,2025-09-05T23:30:00Z,Cavalry,away,York,55.0,55.0,55.0,1.0,True
2025_2025-09-05_York_United_vs_Cavalry,2025,2025-09-05T23:30:00Z,York,home,Cavalry,55.0006,55.0006,55.0006,1.0,True
2025_2025-09-06_Vancouver_FC_vs_Valour,2025,2025-09-06T02:30:00Z,Valour,away,Vancouver,54.9994,54.9994,54.9994,1.0,True
2025_2025-09-06_Vancouver_FC_vs_Valour,2025,2025-09-06T02:30:00Z,Vancouver,home,Valour,55.0,55.0,55.0,1.0,True
2025_2025-09-06_Forge_vs_HFX_Wanderers,2025,2025-09-06T20:00:00Z,Forge,home,Wanderers,55.0,55.0,55.0,1.0,True
2025_2025-09-06_Forge_vs_HFX_Wanderers,2025,2025-09-06T20:00:00Z,Wanderers,away,Forge,55.0,55.0,55.0,1.0,True
2025_2025-09-06_Atlético_Ottawa_vs_Pacific,2025,2025-09-06T23:00:00Z,Atlético,home,Pacific,55.0,55.0,55.0,1.0,True
2025_2025-09-06_Atlético_Ottawa_vs_Pacific,2025,2025-09-06T23:00:00Z,Pacific,away,Atlético,55.0,55.0,55.0,1.0,True
2025_2025-09-12_Valour_vs_Forge,2025,2025-09-12T00:00:00Z,Forge,away,Valour,17287.8817,17287.8817,17287.8817,1.0,True
2025_2025-09-12_Valour_vs_Forge,2025,2025-09-12T00:00:00Z,Valour,home,Forge,15939.5603,15939.5603,15939.5603,1.0,True
2025_2025-09-13_Cavalry_vs_HFX_Wanderers,2025,2025-09-13T20:00:00Z,Cavalry,home,Wanderers,55.0,55.0,55.0,1.0,True
2025_2025-09-13_Cavalry_vs_HFX_Wanderers,2025,2025-09-13T20:00:00Z,Wanderers,away,Cavalry,55.0,55.0,55.0,1.0,True
2025_2025-09-13_Pacific_vs_Vancouver_FC,2025,2025-09-13T23:00:00Z,Pacific,home,Vancouver,55.0,55.0,55.0,1.0,True
2025_2025-09-13_Pacific_vs_Vancouver_FC,2025,2025-09-13T23:00:00Z,Vancouver,away,Pacific,55.0,55.0,55.0,1.0,True
2025_2025-09-14_York_United_vs_Atlético_Ottawa,2025,2025-09-14T18:00:00Z,Atlético,away,York,55.0,55.0,55.0,1.0,True
2025_2025-09-14_York_United_vs_Atlético_Ottawa,2025,2025-09-14T18:00:00Z,York,home,Atlético,55.0006,55.0006,55.0006,1.0,True
2025_2025-09-20_HFX_Wanderers_vs_Pacific,2025,2025-09-20T19:00:00Z,Pacific,away,Wanderers,55.0,55.0,55.0,1.0,True
2025_2025-09-20_HFX_Wanderers_vs_Pacific,2025,2025-09-20T19:00:00Z,Wanderers,home,Pacific,55.0,55.0,55.0,1.0,True
2025_2025-09-20_Cavalry_vs_Valour,2025,2025-09-20T22:00:00Z,Cavalry,home,Valour,17148.8518,17148.8518,17148.8518,1.0,True
2025_2025-09-20_Cavalry_vs_Valour,2025,2025-09-20T22:00:00Z,Valour,away,Cavalry,16086.3432,16086.3432,16086.3432,1.0,True
2025_2025-09-21_Atlético_Ottawa_vs_Forge,2025,2025-09-21T19:00:00Z,Atlético,home,Forge,55.0,55.0,55.0,1.0,True
2025_2025-09-21_Atlético_Ottawa_vs_Forge,2025,2025-09-21T19:00:00Z,Forge,away,Atlético,55.0,55.0,55.0,1.0,True
2025_2025-09-21_Vancouver_FC_vs_York_United,2025,2025-09-21T22:00:00Z,Vancouver,home,York,55.0,55.0,55.0,1.0,True
2025_2025-09-21_Vancouver_FC_vs_York_United,2025,2025-09-21T22:00:00Z,York,away,Vancouver,55.0006,55.0006,55.0006,1.0,True
2025_2025-09-27_Atlético_Ottawa_vs_Cavalry,2025,2025-09-27T17:00:00Z,Atlético,home,Cavalry,55.0,55.0,55.0,1.0,True
2025_2025-09-27_Atlético_Ottawa_vs_Cavalry,2025,2025-09-27T17:00:00Z,Cavalry,away,Atlético,55.0,55.0,55.0,1.0,True
2025_2025-09-27_Forge_vs_Pacific,2025,2025-09-27T20:00:00Z,Forge,home,Pacific,17141.0974,17141.0974,17141.0974,1.0,True
2025_2025-09-27_Forge_vs_Pacific,2025,2025-09-27T20:00:00Z,Pacific,away,Forge,16098.4902,16098.4902,16098.4902,1.0,True
2025_2025-09-28_York_United_vs_Valour,2025,2025-09-28T19:00:00Z,Valour,away,York,54.9994,54.9994,54.9994,1.0,True
2025_2025-09-28_York_United_vs_Valour,2025,2025-09-28T19:00:00Z,York,home,Valour,55.0006,55.0006,55.0006,1.0,True
2025_2025-09-28_Vancouver_FC_vs_HFX_Wanderers,2025,2025-09-28T22:00:00Z,Vancouver,home,Wanderers,55.0,55.0,55.0,1.0,True
2025_2025-09-28_Vancouver_FC_vs_HFX_Wanderers,2025,2025-09-28T22:00:00Z,Wanderers,away,Vancouver,55.0,55.0,55.0,1.0,True
2025_2025-10-04_HFX_Wanderers_vs_York_United,2025,2025-10-04T18:00:00Z,Wanderers,home,York,55.0,55.0,55.0,1.0,True
2025_2025-10-04_HFX_Wanderers_vs_York_United,2025,2025-10-04T18:00:00Z,York,away,Wanderers,55.0006,55.0006,55.0006,1.0,True
2025_2025-10-04_Forge_vs_Vancouver_FC,2025,2025-10-04T20:30:00Z,Forge,home,Vancouver,55.0,55.0,55.0,1.0,True
2025_2025-10-04_Forge_vs_Vancouver_FC,2025,2025-10-04T20:30:00Z,Vancouver,away,Forge,55.0,55.0,55.0,1.0,True
2025_2025-10-05_Valour_vs_Atlético_Ottawa,2025,2025-10-05T19:00:00Z,Atlético,away,Valour,55.0,55.0,55.0,1.0,True
2025_2025-10-05_Valour_vs_Atlético_Ottawa,2025,2025-10-05T19:00:00Z,Valour,home,Atlético,54.9994,54.9994,54.9994,1.0,True
2025_2025-10-05_Pacific_vs_Cavalry,2025,2025-10-05T22:00:00Z,Cavalry,away,Pacific,17233.9568,17233.9568,17233.9568,1.0,True
2025_2025-10-05_Pacific_vs_Cavalry,2025,2025-10-05T22:00:00Z,Pacific,home,Cavalry,16011.8729,16011.8729,16011.8729,1.0,True
2025_2025-10-09_York_United_vs_Pacific,2025,2025-10-09T23:30:00Z,Pacific,away,York,55.0,55.0,55.0,1.0,True
2025_2025-10-09_York_United_vs_Pacific,2025,2025-10-09T23:30:00Z,York,home,Pacific,55.0006,55.0006,55.0006,1.0,True
2025_2025-10-11_Cavalry_vs_Forge,2025,2025-10-11T01:30:00Z,Cavalry,home,Forge,17214.7942,17214.7942,17214.7942,1.0,True
2025_2025-10-11_Cavalry_vs_Forge,2025,2025-10-11T01:30:00Z,Forge,away,Cavalry,17227.7147,17227.7147,17227.7147,1.0,True
2025_2025-10-11_Valour_vs_HFX_Wanderers,2025,2025-10-11T19:00:00Z,Valour,home,Wanderers,54.9994,54.9994,54.9994,1.0,True
2025_2025-10-11_Valour_vs_HFX_Wanderers,2025,2025-10-11T19:00:00Z,Wanderers,away,Valour,55.0,55.0,55.0,1.0,True
2025_2025-10-12_Atlético_Ottawa_vs_Vancouver_FC,2025,2025-10-12T19:00:00Z,Atlético,home,Vancouver,55.0,55.0,55.0,1.0,True
2025_2025-10-12_Atlético_Ottawa_vs_Vancouver_FC,2025,2025-10-12T19:00:00Z,Vancouver,away,Atlético,55.0,55.0,55.0,1.0,True
2025_2025-10-18_Forge_vs_York_United,2025,2025-10-18T20:00:00Z,Forge,home,York,55.0,55.0,55.0,1.0,True
2025_2025-10-18_Forge_vs_York_United,2025,2025-10-18T20:00:00Z,York,away,Forge,55.0006,55.0006,55.0006,1.0,True
2025_2025-10-18_HFX_Wanderers_vs_Atlético_Ottawa,2025,2025-10-18T20:00:00Z,Atlético,away,Wanderers,55.0,55.0,55.0,1.0,True
2025_2025-10-18_HFX_Wanderers_vs_Atlético_Ottawa,2025,2025-10-18T20:00:00Z,Wanderers,home,Atlético,55.0,55.0,55.0,1.0,True
2025_2025-10-18_Pacific_vs_Valour,2025,2025-10-18T20:00:00Z,Pacific,home,Valour,16031.0355,16031.0355,16031.0355,1.0,True
2025_2025-10-18_Pacific_vs_Valour,2025,2025-10-18T20:00:00Z,Valour,away,Pacific,16001.239,16001.239,16001.239,1.0,True
2025_2025-10-18_Vancouver_FC_vs_Cavalry,2025,2025-10-18T20:00:00Z,Cavalry,away,Vancouver,55.0,55.0,55.0,1.0,True
2025_2025-10-18_Vancouver_FC_vs_Cavalry,2025,2025-10-18T20:00:00Z,Vancouver,home,Cavalry,55.0,55.0,55.0,1.0,True
2025_2025-10-22_HFX_Wanderers_vs_York_United,2025,2025-10-22T22:30:00Z,Wanderers,home,York,55.0,55.0,55.0,1.0,True
2025_2025-10-22_HFX_Wanderers_vs_York_United,2025,2025-10-22T22:30:00Z,York,away,Wanderers,55.0006,55.0006,55.0006,1.0,True
2025_2025-10-26_Forge_vs_Atlético_Ottawa,2025,2025-10-26T18:00:00Z,Atlético,away,Forge,55.0,55.0,55.0,1.0,True
2025_2025-10-26_Forge_vs_Atlético_Ottawa,2025,2025-10-26T18:00:00Z,Forge,home,Atlético,55.0,55.0,55.0,1.0,True
2025_2025-10-26_Cavalry_vs_York_United,2025,2025-10-26T22:00:00Z,Cavalry,home,York,55.0,55.0,55.0,1.0,True
2025_2025-10-26_Cavalry_vs_York_United,2025,2025-10-26T22:00:00Z,York,away,Cavalry,55.0006,55.0006,55.0006,1.0,True
2025_2025-11-02_Forge_vs_Cavalry,2025,2025-11-02T21:00:00Z,Cavalry,away,Forge,17199.4367,17199.4367,17199.4367,1.0,True
2025_2025-11-02_Forge_vs_Cavalry,2025,2025-11-02T21:00:00Z,Forge,home,Cavalry,17243.0721,17243.0721,17243.0721,1.0,True
2025_2025-11-09_Atlético_Ottawa_vs_Cavalry,2025,2025-11-09T22:20:00Z,Atlético,home,Cavalry,55.0,55.0,55.0,1.0,True
2025_2025-11-09_Atlético_Ottawa_vs_Cavalry,2025,2025-11-09T22:20:00Z,Cavalry,away,Atlético,55.0,55.0,55.0,1.0,True
