Team,Historical Prior for 2024 Season
Cavalry,35.57947474708429
Forge,29.710234845068154
Pacific,27.863571435286747
HFX Wanderers,4.509494158734011
Inter Toronto,-1.3503628008885487
Valour,-9.999542958077276
Atlético Ottawa,-29.33532578797109
Vancouver FC,-49.549516537314936
