Team,Historical Prior for 2025 Season
Forge,38.755579650641344
Cavalry,31.631683554467006
York United,5.863565338445562
Atlético Ottawa,5.473042344702902
Pacific,-4.316804211404961
HFX Wanderers,-9.797909851297598
Valour,-31.00054781500993
Vancouver FC,-33.2717555040507
