Team,Historical Prior for 2025 Season
Forge,36.6764819229101
Cavalry,33.20082585113164
Atlético Ottawa,8.689927971453963
Inter Toronto,6.898952919480004
Pacific,-5.1030806836710205
HFX Wanderers,-11.528472431125193
Vancouver FC,-31.619926593055588
Valour,-35.35952681086053
