Team,Historical Prior for 2026 Season
Cavalry,28.49265697416102
Forge,27.535414832143026
Atlético Ottawa,21.35745598626531
York United,5.637307422972335
HFX Wanderers,4.685080401196405
Pacific,-23.302914435452507
Vancouver FC,-33.950832971522885
FC Supra du Québec,-37.74408176170159
