Team,Historical Prior for 2026 Season
Forge,26.22314201105705
Atlético Ottawa,23.267611654309984
Cavalry,22.01651963881099
HFX Wanderers,4.256977198010437
York United,3.3133711708341105
FC Supra du Québec,-5.012179308303369
Pacific,-21.631698075007247
Vancouver FC,-29.962413127235177
