Team,Historical Prior for 2024 Season
Forge,34.60079185329847
Cavalry,30.698547049495307
Pacific,19.311221696895966
HFX Wanderers,1.2959653513768625
York United,-1.1440909405932824
Valour,-12.477209760155766
Atlético Ottawa,-19.55095074178628
Vancouver FC,-41.50628820602468
