Team,Historical Prior for 2026 Season
Atlético Ottawa,31.723058423099165
Forge,31.293630420319687
Cavalry,28.284000488279588
HFX Wanderers,10.02334879501937
Inter Toronto,6.322433176005461
Pacific,-33.796405183949815
Vancouver FC,-38.84442199672383
FC Supra du Québec,-39.4723271031028
